facility_id,facility_name,primary_sector,emissions_2023,label
1007227,James H Miller Jr,Power Plants,16558380.818,James H Miller Jr [1007227] -- Power Plants
1000192,Labadie,Power Plants,15388715.198,Labadie [1000192] -- Power Plants
1001194,Gen J M Gavin,Power Plants,13451174.216,Gen J M Gavin [1001194] -- Power Plants
1007504,Martin Lake,Power Plants,12787948.834,Martin Lake [1007504] -- Power Plants
1007505,Oak Grove,Power Plants,12278593.594,Oak Grove [1007505] -- Power Plants
1007793,Harrison Power Station,Power Plants,11179958.466,Harrison Power Station [1007793] -- Power Plants
1001020,Colstrip,Power Plants,10967111.138,Colstrip [1001020] -- Power Plants
1001505,Bowen,Power Plants,10223192.838,Bowen [1001505] -- Power Plants
1006868,W A Parish,Power Plants,10110960.572,W A Parish [1006868] -- Power Plants
1006512,Ghent,Power Plants,9677872.494,Ghent [1006512] -- Power Plants
1002301,"CF INDUSTRIES NITROGEN, LLC - DONALDSONVILLE NITROGEN COMPLEX",Chemicals,9475265.746,"CF INDUSTRIES NITROGEN, LLC - DONALDSONVILLE NITROGEN COMPLEX [1002301] -- Chemicals"
1007639,Cumberland,Power Plants,9455486.083,Cumberland [1007639] -- Power Plants
1000839,Cardinal,Power Plants,9267970.754,Cardinal [1000839] -- Power Plants
1001487,Crystal River Power Plant,Power Plants,8392686.334,Crystal River Power Plant [1001487] -- Power Plants
1007429,Coal Creek,Power Plants,7716347.05,Coal Creek [1007429] -- Power Plants
1003962,Cleveland-Cliffs Burns Harbor LLC,Metals,7644163.344,Cleveland-Cliffs Burns Harbor LLC [1003962] -- Metals
1006510,Mill Creek,Power Plants,7214107.236,Mill Creek [1006510] -- Power Plants
1006589,Gerald Gentleman Station,Power Plants,7190319.97,Gerald Gentleman Station [1006589] -- Power Plants
1007171,West County Energy Center,Power Plants,7147923.976,West County Energy Center [1007171] -- Power Plants
1001196,Springerville Generating Station,Power Plants,7022189.542,Springerville Generating Station [1001196] -- Power Plants
1006542,Trimble County,Power Plants,6994442.332,Trimble County [1006542] -- Power Plants
1001462,Comanche (470),Power Plants,6991405.874,Comanche (470) [1001462] -- Power Plants
1000670,J H Campbell,Power Plants,6673593.492,J H Campbell [1000670] -- Power Plants
1005585,Galveston Bay Refinery,Other,6633324.474,Galveston Bay Refinery [1005585] -- Other
1005713,Limestone,Power Plants,6616810.576,Limestone [1005713] -- Power Plants
1006627,Los Angeles Refinery (LAR),Chemicals,6118906.276,Los Angeles Refinery (LAR) [1006627] -- Chemicals
1000581,Jeffrey Energy Center,Power Plants,6117108.56,Jeffrey Energy Center [1000581] -- Power Plants
1007959,Exxonmobil Beaumont Refinery,Chemicals,5979836.674,Exxonmobil Beaumont Refinery [1007959] -- Chemicals
1007643,EXXONMOBIL BATON ROUGE REFINERY AND CHEMICAL PLANT,Chemicals,5914861.886,EXXONMOBIL BATON ROUGE REFINERY AND CHEMICAL PLANT [1007643] -- Chemicals
1000084,Seminole (136),Power Plants,5902849.636,Seminole (136) [1000084] -- Power Plants
1001598,Shawnee,Power Plants,5828807.123,Shawnee [1001598] -- Power Plants
1001011,Belle River,Power Plants,5816275.892,Belle River [1001011] -- Power Plants
1000156,Cleveland-Cliffs Steel LLC,Metals,5783020.53,Cleveland-Cliffs Steel LLC [1000156] -- Metals
1001551,Walter Scott Jr. Energy Center,Power Plants,5752623.556,Walter Scott Jr. Energy Center [1001551] -- Power Plants
1007376,J K Spruce,Power Plants,5604407.604303374,J K Spruce [1007376] -- Power Plants
1001531,Clifty Creek,Power Plants,5302010.932,Clifty Creek [1001531] -- Power Plants
1007339,BP Whiting Business Unit,Chemicals,5220291.312,BP Whiting Business Unit [1007339] -- Chemicals
1000687,Boswell Energy Center,Power Plants,5196645.978,Boswell Energy Center [1000687] -- Power Plants
1001163,Plant H. Allen Franklin,Power Plants,5078422.232,Plant H. Allen Franklin [1001163] -- Power Plants
1007370,Daniel Electric Generating Plant,Power Plants,5076457.858,Daniel Electric Generating Plant [1007370] -- Power Plants
1000837,Milton R Young,Power Plants,4993025.17,Milton R Young [1000837] -- Power Plants
1000853,Kyger Creek,Power Plants,4880396.406,Kyger Creek [1000853] -- Power Plants
1001052,Mountaineer (1301),Power Plants,4870114.652,Mountaineer (1301) [1001052] -- Power Plants
1001877,ALCOA INC - WARRICK OPERATIONS,Metals,4867518.536,ALCOA INC - WARRICK OPERATIONS [1001877] -- Metals
1003286,Chevron Pascagoula Refinery,Chemicals,4784595.208,Chevron Pascagoula Refinery [1003286] -- Chemicals
1000347,Midland Cogeneration Venture,Power Plants,4609329.62,Midland Cogeneration Venture [1000347] -- Power Plants
1001001,Pleasants Power Station,Power Plants,4583459.554,Pleasants Power Station [1001001] -- Power Plants
1002389,CITGO PETROLEUM CORP - LAKE CHARLES MANUFACTURING COMPLEX,Petroleum Product Suppliers,4476975.576,CITGO PETROLEUM CORP - LAKE CHARLES MANUFACTURING COMPLEX [1002389] -- Petroleum Product Suppliers
1003610,CHEVRON PRODS.CO. RICHMOND REFY,Chemicals,4366328.768,CHEVRON PRODS.CO. RICHMOND REFY [1003610] -- Chemicals
1001112,Hines Energy Complex,Power Plants,4241786.628,Hines Energy Complex [1001112] -- Power Plants
1003043,Garyville Refinery,Petroleum Product Suppliers,4207065.072,Garyville Refinery [1003043] -- Petroleum Product Suppliers
1007518,WRB Refining LP Wood River Refinery,Chemicals,4197007.536,WRB Refining LP Wood River Refinery [1007518] -- Chemicals
1001540,Cayuga,Power Plants,4188339.98,Cayuga [1001540] -- Power Plants
1000153,"Hanging Rock Power Company, LLC",Power Plants,4157061.744,"Hanging Rock Power Company, LLC [1000153] -- Power Plants"
1005911,Norco Manufacturing Complex,Chemicals,4143881.274,Norco Manufacturing Complex [1005911] -- Chemicals
1000787,Roxboro Steam Electric Plant,Power Plants,4122411.542,Roxboro Steam Electric Plant [1000787] -- Power Plants
1006085,FORNEY POWER PLANT,Power Plants,4107995.776,FORNEY POWER PLANT [1006085] -- Power Plants
1000097,Gila River Power Station,Power Plants,4049874.344,Gila River Power Station [1000097] -- Power Plants
1000982,South Oak Creek,Power Plants,3951884.978,South Oak Creek [1000982] -- Power Plants
1006985,Flint Hills Resources Pine Bend Refinery,Chemicals,3945753.32,Flint Hills Resources Pine Bend Refinery [1006985] -- Chemicals
1005661,Archer Daniels Midland Co.,Injection of CO2,3819217.302,Archer Daniels Midland Co. [1005661] -- Injection of CO2
1000836,Leland Olds,Power Plants,3785799.85,Leland Olds [1000836] -- Power Plants
1000232,Eastman Chemical Company,Chemicals,3679916.236,Eastman Chemical Company [1000232] -- Chemicals
1000825,Deer Park Energy Center,Power Plants,3664604.12,Deer Park Energy Center [1000825] -- Power Plants
1000233,US Steel (Edgar Thomson),Metals,3576537.488,US Steel (Edgar Thomson) [1000233] -- Metals
1001149,Bonanza,Power Plants,3535786.57,Bonanza [1001149] -- Power Plants
1000460,McIntosh Combined Cycle Facility,Power Plants,3478991.696,McIntosh Combined Cycle Facility [1000460] -- Power Plants
1001042,Harrington Station,Power Plants,3465956.924,Harrington Station [1001042] -- Power Plants
1000801,Thomas A. Smith Energy Facility,Power Plants,3432994.128,Thomas A. Smith Energy Facility [1000801] -- Power Plants
1001050,Ottumwa,Power Plants,3426759.316,Ottumwa [1001050] -- Power Plants
1000539,Plum Point Energy Station,Power Plants,3376312.124,Plum Point Energy Station [1000539] -- Power Plants
1006695,Dearborn Industrial Generation,Power Plants,3294867.668,Dearborn Industrial Generation [1006695] -- Power Plants
1007978,"CHEVRON PRODUCTS, EL SEGUNDO REFINERY",Chemicals,3250629.394,"CHEVRON PRODUCTS, EL SEGUNDO REFINERY [1007978] -- Chemicals"
1007202,Sioux,Power Plants,3233284.61,Sioux [1007202] -- Power Plants
1006005,"CF Industries Nitrogen, LLC-Port Neal Nitrogen Complex",Chemicals,3191236.552,"CF Industries Nitrogen, LLC-Port Neal Nitrogen Complex [1006005] -- Chemicals"
1005310,AES - PUERTO RICO COGENERATION PLANT,Power Plants,3170977.366,AES - PUERTO RICO COGENERATION PLANT [1005310] -- Power Plants
1006935,Red Hills Generation Facility,Power Plants,3159040.484,Red Hills Generation Facility [1006935] -- Power Plants
1006630,Port Washington Generating Station,Power Plants,3154314.36,Port Washington Generating Station [1006630] -- Power Plants
1001048,Pawnee,Power Plants,3099895.384,Pawnee [1001048] -- Power Plants
1000986,Weston,Power Plants,3030740.21,Weston [1000986] -- Power Plants
1006802,Sanford,Power Plants,3027145.88,Sanford [1006802] -- Power Plants
1008504,VALERO REFINING CO - CALI FORNIA BENICIA REFINERY,Chemicals,2996794.128,VALERO REFINING CO - CALI FORNIA BENICIA REFINERY [1008504] -- Chemicals
1001414,E C Gaston,Power Plants,2996029.536,E C Gaston [1001414] -- Power Plants
1001407,"Fairless Energy, LLC",Power Plants,2995199.4,"Fairless Energy, LLC [1001407] -- Power Plants"
1007563,HOLCIM (US) INC STE GENEVIEVE PLANT,Minerals,2967850.702,HOLCIM (US) INC STE GENEVIEVE PLANT [1007563] -- Minerals
1005871,Kingston,Power Plants,2925736.939,Kingston [1005871] -- Power Plants
1001649,CENTRAL COMPRESSOR PLANT,Petroleum and Natural Gas Systems,2918099.212,CENTRAL COMPRESSOR PLANT [1001649] -- Petroleum and Natural Gas Systems
1007323,Channelview Cogeneration Facility,Power Plants,2890021.192,Channelview Cogeneration Facility [1007323] -- Power Plants
1001372,Freestone Power Generation,Power Plants,2859464.8,Freestone Power Generation [1001372] -- Power Plants
1005761,Bailey Mine-Crabapple Portal,Other,2817632.218,Bailey Mine-Crabapple Portal [1005761] -- Other
1001232,Linden Cogeneration Facility,Power Plants,2812086.604,Linden Cogeneration Facility [1001232] -- Power Plants
1000150,Chuck Lenzie Generating Station,Power Plants,2778085.456,Chuck Lenzie Generating Station [1000150] -- Power Plants
1001038,Coleto Creek,Power Plants,2755586.288,Coleto Creek [1001038] -- Power Plants
1008110,VALERO CORPUS CHRISTI REFINERY,Chemicals,2752817.918,VALERO CORPUS CHRISTI REFINERY [1008110] -- Chemicals
1006047,ADM CORN PROCESSING,Other,2746519.158,ADM CORN PROCESSING [1006047] -- Other
1006386,Mont Belvieu Complex,Petroleum and Natural Gas Systems,2719638.418,Mont Belvieu Complex [1006386] -- Petroleum and Natural Gas Systems
1000816,Plaquemine Cogen Facility,Power Plants,2717564.99,Plaquemine Cogen Facility [1000816] -- Power Plants
1001489,P L Bartow Power Plant,Power Plants,2699795.332,P L Bartow Power Plant [1001489] -- Power Plants
1008459,Westlake US 2 LLC,Chemicals,2689617.184,Westlake US 2 LLC [1008459] -- Chemicals
1001466,Hayden,Power Plants,2668816.256,Hayden [1001466] -- Power Plants
1001158,John S. Rainey Generating Station,Power Plants,2632605.22,John S. Rainey Generating Station [1001158] -- Power Plants
1001142,Chouteau Power Plant,Power Plants,2606111.048,Chouteau Power Plant [1001142] -- Power Plants
1006068,EXXONMOBIL OIL JOLIET REFINERY,Petroleum Product Suppliers,2601421.15,EXXONMOBIL OIL JOLIET REFINERY [1006068] -- Petroleum Product Suppliers
1001709,OCCIDENTAL CHEMICAL CORPORATION - Taft Facility,Power Plants,2557973.872,OCCIDENTAL CHEMICAL CORPORATION - Taft Facility [1001709] -- Power Plants
1004386,MISSISSIPPI LIME COMPANY,Minerals,2525594.148,MISSISSIPPI LIME COMPANY [1004386] -- Minerals
1004368,INEOS CHOCOLATE BAYOU PLANT,Chemicals,2510015.376,INEOS CHOCOLATE BAYOU PLANT [1004368] -- Chemicals
1004183,"CF Industries Nitrogen, LLC - Yazoo City Facility",Chemicals,2433916.714,"CF Industries Nitrogen, LLC - Yazoo City Facility [1004183] -- Chemicals"
1007303,Cottonwood Energy Project,Power Plants,2384097.516,Cottonwood Energy Project [1007303] -- Power Plants
1001520,"Kincaid Generation, LLC",Power Plants,2381916.638,"Kincaid Generation, LLC [1001520] -- Power Plants"
1006402,Air Products Port Arthur Facility,Chemicals,2335031.274,Air Products Port Arthur Facility [1006402] -- Chemicals
1001347,Acadia Power Station,Power Plants,2330334.516,Acadia Power Station [1001347] -- Power Plants
1000250,Santan,Power Plants,2329386.74,Santan [1000250] -- Power Plants
1000821,Magnolia Facility,Power Plants,2321855.171,Magnolia Facility [1000821] -- Power Plants
1008757,Enlow Fork Mine,Other,2312526.476,Enlow Fork Mine [1008757] -- Other
1001174,Seward Generation LLC,Power Plants,2279070.452,Seward Generation LLC [1001174] -- Power Plants
1007913,"Catlettsburg Refining, LLC",Petroleum Product Suppliers,2238477.634,"Catlettsburg Refining, LLC [1007913] -- Petroleum Product Suppliers"
1001028,Wyodak,Power Plants,2233043.048,Wyodak [1001028] -- Power Plants
1007438,Eastman Chemical - Texas Operations,Chemicals,2220077.858,Eastman Chemical - Texas Operations [1007438] -- Chemicals
1000059,Tenaska Kiamichi Generating Station,Power Plants,2201472.592,Tenaska Kiamichi Generating Station [1000059] -- Power Plants
1001309,Midlothian Energy,Power Plants,2196477.86,Midlothian Energy [1001309] -- Power Plants
1001308,Zeeland Generating Station,Power Plants,2181723.516,Zeeland Generating Station [1001308] -- Power Plants
1006468,BP CHERRY POINT REFINERY,Chemicals,2179352.242,BP CHERRY POINT REFINERY [1006468] -- Chemicals
1000255,"Odyssey Energy Altura Cogen, LLC",Power Plants,2163677.836,"Odyssey Energy Altura Cogen, LLC [1000255] -- Power Plants"
1008938,VALERO REFINING TEXAS CITY REFINERY,Petroleum Product Suppliers,2159862.93,VALERO REFINING TEXAS CITY REFINERY [1008938] -- Petroleum Product Suppliers
1001338,Lake Road Generating Company,Power Plants,2159025.448,Lake Road Generating Company [1001338] -- Power Plants
1006721,Sabine,Power Plants,2137865.376,Sabine [1006721] -- Power Plants
1004305,Phillips 66 BAYWAY REFINERY,Chemicals,2112076.454,Phillips 66 BAYWAY REFINERY [1004305] -- Chemicals
1000265,Fayette Energy Facility,Power Plants,2111450.276,Fayette Energy Facility [1000265] -- Power Plants
1006983,Baytown Energy Center,Power Plants,2104515.048,Baytown Energy Center [1006983] -- Power Plants
1001209,Louisiana 1,Power Plants,2080245.092,Louisiana 1 [1001209] -- Power Plants
1001104,V H Braunig,Power Plants,2077177.4237328025,V H Braunig [1001104] -- Power Plants
1001650,CENTRAL GAS FACILITY,Petroleum and Natural Gas Systems,2076855.438,CENTRAL GAS FACILITY [1001650] -- Petroleum and Natural Gas Systems
1000168,Washington Power Generation LLC,Power Plants,2074696.212,Washington Power Generation LLC [1000168] -- Power Plants
1008761,Marshall County Mine,Other,2055846.216,Marshall County Mine [1008761] -- Other
1000277,Jasper County Generating Facility,Power Plants,2054257.01,Jasper County Generating Facility [1000277] -- Power Plants
1000912,Williams,Petroleum and Natural Gas Systems,2024627.708,Williams [1000912] -- Petroleum and Natural Gas Systems
1000346,Bayou Cogeneration Plant,Chemicals,2017198.162,Bayou Cogeneration Plant [1000346] -- Chemicals
1000761,East River,Power Plants,1995500.784,East River [1000761] -- Power Plants
1005992,SWEENY REFINERY,Petroleum Product Suppliers,1967424.934,SWEENY REFINERY [1005992] -- Petroleum Product Suppliers
1006208,ADM CORN PROCESSING,Other,1945776.984,ADM CORN PROCESSING [1006208] -- Other
1004130,HOUSTON REFINING,Petroleum Product Suppliers,1930871.36,HOUSTON REFINING [1004130] -- Petroleum Product Suppliers
1001027,Big Stone,Power Plants,1919343.406,Big Stone [1001027] -- Power Plants
1000819,Central Alabama Generating Station,Power Plants,1918312.84,Central Alabama Generating Station [1000819] -- Power Plants
1001044,John Twitty,Power Plants,1915921.772,John Twitty [1001044] -- Power Plants
1004211,HF Sinclair Puget Sound Refining LLC,Petroleum Product Suppliers,1900998.896,HF Sinclair Puget Sound Refining LLC [1004211] -- Petroleum Product Suppliers
1001920,Phillips 66 Ponca City Refinery,Chemicals,1899802.276,Phillips 66 Ponca City Refinery [1001920] -- Chemicals
1007330,Linden Generating Station,Power Plants,1861722.014,Linden Generating Station [1007330] -- Power Plants
1005743,"TotalEnergies Petrochemicals & Refining USA, Inc. - Port Arthur Refinery",Petroleum Product Suppliers,1860674.7,"TotalEnergies Petrochemicals & Refining USA, Inc. - Port Arthur Refinery [1005743] -- Petroleum Product Suppliers"
1000343,Lemont Refinery,Chemicals,1857829.404,Lemont Refinery [1000343] -- Chemicals
1004291,HF SINCLAIR EL DORADO REFINING LLC,Chemicals,1851451.162,HF SINCLAIR EL DORADO REFINING LLC [1004291] -- Chemicals
1003649,PREPA San Juan Steam Power Plant,Power Plants,1837314.654,PREPA San Juan Steam Power Plant [1003649] -- Power Plants
1000099,Robinson Refinery,Petroleum Product Suppliers,1826459.498,Robinson Refinery [1000099] -- Petroleum Product Suppliers
1006843,Phillips 66 Los Angeles Refinery - Wilmington Plant,Chemicals,1825648.184,Phillips 66 Los Angeles Refinery - Wilmington Plant [1006843] -- Chemicals
1006324,Genesis Alkali Westvaco,Minerals,1824844.072,Genesis Alkali Westvaco [1006324] -- Minerals
1000582,Lawrence Energy Center,Power Plants,1824439.596,Lawrence Energy Center [1000582] -- Power Plants
1001705,OCCIDENTAL CHEMICAL CORPORATION INGLESIDE PLANT,Chemicals,1803754.27,OCCIDENTAL CHEMICAL CORPORATION INGLESIDE PLANT [1001705] -- Chemicals
1000133,Pastoria Energy Facility,Power Plants,1800309.128,Pastoria Energy Facility [1000133] -- Power Plants
1005874,HOLCIM (US) INC. D/B/A LAFARGE ALPENA,Minerals,1769012.8,HOLCIM (US) INC. D/B/A LAFARGE ALPENA [1005874] -- Minerals
1001167,Brandy Branch,Power Plants,1760425.322,Brandy Branch [1001167] -- Power Plants
1001521,Powerton,Power Plants,1701459.082,Powerton [1001521] -- Power Plants
1006012,PHILLIPS 66 CO - LAKE CHARLES REFINERY,Petroleum Product Suppliers,1694915.17,PHILLIPS 66 CO - LAKE CHARLES REFINERY [1006012] -- Petroleum Product Suppliers
1005831,Southaven Combined Cycle,Power Plants,1681841.868,Southaven Combined Cycle [1005831] -- Power Plants
1001333,"Rio Nogales Power Project, LP",Power Plants,1676705.094348,"Rio Nogales Power Project, LP [1001333] -- Power Plants"
1001029,Fort St. Vrain,Power Plants,1673244,Fort St. Vrain [1001029] -- Power Plants
1003489,PCS NITROGEN FERTILIZER LP - GEISMAR AGRICULTURAL NITROGEN & PHOSPHATE PLANT,Chemicals,1666091.196,PCS NITROGEN FERTILIZER LP - GEISMAR AGRICULTURAL NITROGEN & PHOSPHATE PLANT [1003489] -- Chemicals
1006966,Newman,Power Plants,1655901.112,Newman [1006966] -- Power Plants
1000421,Fox Energy Center,Power Plants,1625577.232,Fox Energy Center [1000421] -- Power Plants
1001098,Cane Island,Power Plants,1625344.576,Cane Island [1001098] -- Power Plants
1000813,Hillabee Energy Center,Power Plants,1621452.34,Hillabee Energy Center [1000813] -- Power Plants
1007328,Hobbs Generating Station,Power Plants,1600256.52,Hobbs Generating Station [1007328] -- Power Plants
1001376,Liberty Electric Power Plant,Power Plants,1591349.952,Liberty Electric Power Plant [1001376] -- Power Plants
1006069,North Omaha Station,Power Plants,1588042.778,North Omaha Station [1006069] -- Power Plants
1001356,Ontelaunee Energy Center,Power Plants,1578806.3,Ontelaunee Energy Center [1001356] -- Power Plants
1001119,Coyote Springs,Power Plants,1576674.128,Coyote Springs [1001119] -- Power Plants
1007625,CHALMETTE REFINING LLC - CHALMETTE REFINERY,Petroleum Product Suppliers,1568512.014,CHALMETTE REFINING LLC - CHALMETTE REFINERY [1007625] -- Petroleum Product Suppliers
1004340,"PCS NITROGEN FERTILIZER, L.P.",Chemicals,1566702.416,"PCS NITROGEN FERTILIZER, L.P. [1004340] -- Chemicals"
1000995,J P Madgett,Power Plants,1546537.778,J P Madgett [1000995] -- Power Plants
1007207,Cherokee,Power Plants,1514356.584,Cherokee [1007207] -- Power Plants
1001357,Caledonia,Power Plants,1499073.671,Caledonia [1001357] -- Power Plants
1000828,L V Sutton Steam Electric Plant,Power Plants,1495648.708,L V Sutton Steam Electric Plant [1000828] -- Power Plants
1001056,Toledo Refining Company,Petroleum Product Suppliers,1470013.824,Toledo Refining Company [1001056] -- Petroleum Product Suppliers
1001063,Sikeston,Power Plants,1466563.046,Sikeston [1001063] -- Power Plants
1005949,Apache Station,Power Plants,1458091.254,Apache Station [1005949] -- Power Plants
1005308,Searles Valley Minerals,Other,1429567.708,Searles Valley Minerals [1005308] -- Other
1007307,Milford Power Company LLC,Power Plants,1425972.916,Milford Power Company LLC [1007307] -- Power Plants
1005629,St Marys Cement INC,Minerals,1425742.296,St Marys Cement INC [1005629] -- Minerals
1007927,CalPortland Company Oro Grande Plant,Minerals,1424150.09,CalPortland Company Oro Grande Plant [1007927] -- Minerals
1005110,Carville Energy Center,Power Plants,1422172.78,Carville Energy Center [1005110] -- Power Plants
1002229,"PCS Nitrogen Ohio, L.P.",Chemicals,1370574.774,"PCS Nitrogen Ohio, L.P. [1002229] -- Chemicals"
1001363,Corpus Christi Energy Center,Power Plants,1366344.332,Corpus Christi Energy Center [1001363] -- Power Plants
1007936,"Diamond Shamrock Refining Company, L.P.",Chemicals,1366131.162,"Diamond Shamrock Refining Company, L.P. [1007936] -- Chemicals"
1001315,Rhode Island State Energy Center,Power Plants,1361847.604,Rhode Island State Energy Center [1001315] -- Power Plants
1000795,Luna Energy Facility,Power Plants,1350498.144,Luna Energy Facility [1000795] -- Power Plants
1007792,"MARTIN MARIETTA NORTH TEXAS CEMENT, LLC",Minerals,1321287.27,"MARTIN MARIETTA NORTH TEXAS CEMENT, LLC [1007792] -- Minerals"
1007997,KOSMOS CEMENT CO,Minerals,1320866.448,KOSMOS CEMENT CO [1007997] -- Minerals
1002758,EQUISTAR CHEMICALS LAPORTE COMPLEX,Chemicals,1315541.208,EQUISTAR CHEMICALS LAPORTE COMPLEX [1002758] -- Chemicals
1004097,"MARTIN MARIETTA MAGNESIA SPECIALTIES, LLC",Minerals,1314749.77,"MARTIN MARIETTA MAGNESIA SPECIALTIES, LLC [1004097] -- Minerals"
1001178,Chattahoochee Energy Facility,Power Plants,1310709.292,Chattahoochee Energy Facility [1001178] -- Power Plants
1001621,US STEEL - Minntac,Metals,1305689.084,US STEEL - Minntac [1001621] -- Metals
1002665,ASH GROVE CEMENT CO-CHANUTE PLANT,Minerals,1299989.504,ASH GROVE CEMENT CO-CHANUTE PLANT [1002665] -- Minerals
1000764,Ravenswood Generating Station,Power Plants,1286200.612,Ravenswood Generating Station [1000764] -- Power Plants
1001331,Tenaska Gateway Generating Station,Power Plants,1262932.12,Tenaska Gateway Generating Station [1001331] -- Power Plants
1007942,CHS MCPHERSON REFINERY INC.,Chemicals,1248855.472,CHS MCPHERSON REFINERY INC. [1007942] -- Chemicals
1006933,"Pleasants Energy, LLC",Power Plants,1241583.138,"Pleasants Energy, LLC [1006933] -- Power Plants"
1001329,Desert Basin Generating Station,Power Plants,1240576.252,Desert Basin Generating Station [1001329] -- Power Plants
1001713,OXY VINYLS LP - LA PORTE VCM PLANT,Chemicals,1231290.848,OXY VINYLS LP - LA PORTE VCM PLANT [1001713] -- Chemicals
1000630,ADVANSIX INCORPORATED - HOPEWELL,Chemicals,1227774.444,ADVANSIX INCORPORATED - HOPEWELL [1000630] -- Chemicals
1007469,PG&E GATEWAY GENERATING STATION,Power Plants,1219864.08,PG&E GATEWAY GENERATING STATION [1007469] -- Power Plants
1007457,Lagoon Creek,Power Plants,1215209.038,Lagoon Creek [1007457] -- Power Plants
1007909,Indorama Ventures Oxides LLC,Chemicals,1210394.684,Indorama Ventures Oxides LLC [1007909] -- Chemicals
1006815,HOLCIM (US) INC.,Minerals,1205311.276,HOLCIM (US) INC. [1006815] -- Minerals
1000411,Lima Refinery,Petroleum Product Suppliers,1205035.274,Lima Refinery [1000411] -- Petroleum Product Suppliers
1003904,TESORO CORPORATION-ANACORTES REFINERY,Petroleum Product Suppliers,1202266.938,TESORO CORPORATION-ANACORTES REFINERY [1003904] -- Petroleum Product Suppliers
1008271,"VALERO REFINING CO. (PREV. PREMCOR REFINING, PREV. WILLIAMS REFINING LLC)",Chemicals,1201210.154,"VALERO REFINING CO. (PREV. PREMCOR REFINING, PREV. WILLIAMS REFINING LLC) [1008271] -- Chemicals"
1005788,TERRA INTERNATIONAL (OKLAHOMA) LLC,Chemicals,1190499.648,TERRA INTERNATIONAL (OKLAHOMA) LLC [1005788] -- Chemicals
1005662,Mitsubishi Cement Corp Cushenbury Cement Plant,Minerals,1178981.544,Mitsubishi Cement Corp Cushenbury Cement Plant [1005662] -- Minerals
1002350,"Westlake Chemicals and Vinyls, LLC",Chemicals,1167601.176,"Westlake Chemicals and Vinyls, LLC [1002350] -- Chemicals"
1007173,PG&E COLUSA GENERATING STATION,Power Plants,1165329.08,PG&E COLUSA GENERATING STATION [1007173] -- Power Plants
1001314,Klamath Cogeneration Project,Power Plants,1145631.892,Klamath Cogeneration Project [1001314] -- Power Plants
1001325,Magic Valley Generating Station,Power Plants,1136191.64,Magic Valley Generating Station [1001325] -- Power Plants
1001282,St. Nicholas Cogeneration Project,Power Plants,1133244.744,St. Nicholas Cogeneration Project [1001282] -- Power Plants
1006891,Motiva Port Arthur Chemicals,Chemicals,1131434.222,Motiva Port Arthur Chemicals [1006891] -- Chemicals
1000323,Cosumnes Power Plant,Power Plants,1117202.15,Cosumnes Power Plant [1000323] -- Power Plants
1002916,ARCHER DANIEL MIDLAND COMPANY,Other,1115108.488,ARCHER DANIEL MIDLAND COMPANY [1002916] -- Other
1000483,Colorado Bend I,Power Plants,1112844.024,Colorado Bend I [1000483] -- Power Plants
1002461,ULTRAMAR INC WILMINGTON REFINERY,Petroleum Product Suppliers,1106672.62,ULTRAMAR INC WILMINGTON REFINERY [1002461] -- Petroleum Product Suppliers
1006654,Gerald Whelan Energy Center,Power Plants,1097680.574,Gerald Whelan Energy Center [1006654] -- Power Plants
1000446,TS Power Plant,Power Plants,1088648.234,TS Power Plant [1000446] -- Power Plants
1006097,Haynes Generating Station,Power Plants,1075069.896,Haynes Generating Station [1006097] -- Power Plants
1000271,Rocky Mountain Energy Center,Power Plants,1074429.868,Rocky Mountain Energy Center [1000271] -- Power Plants
1001936,SHELL CHEMICAL CO - GEISMAR PLANT,Chemicals,1069814.486,SHELL CHEMICAL CO - GEISMAR PLANT [1001936] -- Chemicals
1001195,Ray D Nixon,Power Plants,1069477.774,Ray D Nixon [1001195] -- Power Plants
1006959,VALERO CORPUS CHRISTI REFINERY EAST PLANT,Chemicals,1066775.996,VALERO CORPUS CHRISTI REFINERY EAST PLANT [1006959] -- Chemicals
1007287,Indiana Harbor Coke Company,Metals,1065051.89,Indiana Harbor Coke Company [1007287] -- Metals
1007965,CITGO CORPUS CHRISTI REFINERY EAST PLANT,Petroleum Product Suppliers,1063388.136,CITGO CORPUS CHRISTI REFINERY EAST PLANT [1007965] -- Petroleum Product Suppliers
1001451,Mountainview Generating Station,Power Plants,1056295.236,Mountainview Generating Station [1001451] -- Power Plants
1001351,Dogwood Energy Facility,Power Plants,1048315.716,Dogwood Energy Facility [1001351] -- Power Plants
1005302,LONE STAR INDUSTRIES INC,Minerals,1028904.308,LONE STAR INDUSTRIES INC [1005302] -- Minerals
1000703,Moselle Generating Plant,Power Plants,1027892.588,Moselle Generating Plant [1000703] -- Power Plants
1003993,EL DORADO CHEMICAL COMPANY,Chemicals,1027771.684,EL DORADO CHEMICAL COMPANY [1003993] -- Chemicals
1007046,"Koch Fertilizer Ft. Dodge, LLC",Chemicals,1025232.728,"Koch Fertilizer Ft. Dodge, LLC [1007046] -- Chemicals"
1002802,KLEEN ENERGY SYSTEMS POWER PLANT,Power Plants,1014344.376,KLEEN ENERGY SYSTEMS POWER PLANT [1002802] -- Power Plants
1000404,Silverhawk,Power Plants,1013339.044,Silverhawk [1000404] -- Power Plants
1001299,Bridgeport Energy,Power Plants,1012876.096,Bridgeport Energy [1001299] -- Power Plants
1003403,CLEVELAND-CLIFFS STEEL CORPORATION DEARBORN WORKS,Metals,1006822.77,CLEVELAND-CLIFFS STEEL CORPORATION DEARBORN WORKS [1003403] -- Metals
1006967,CHEVRON PHILLIPS - SWEENY COMPLEX,Chemicals,1002445.798,CHEVRON PHILLIPS - SWEENY COMPLEX [1006967] -- Chemicals
1004381,"Coffeyville Resources Refining & Marketing, LLC",Chemicals,1000741.05,"Coffeyville Resources Refining & Marketing, LLC [1004381] -- Chemicals"
1000811,Bobby C. Smith Jr. Energy Facility,Power Plants,998081.152,Bobby C. Smith Jr. Energy Facility [1000811] -- Power Plants
1006842,CalPortland Company Mojave Plant,Minerals,991489.096,CalPortland Company Mojave Plant [1006842] -- Minerals
1005584,STEEL DYNAMICS INC,Metals,982503.42,STEEL DYNAMICS INC [1005584] -- Metals
1002598,Lhoist North America - MONTEVALLO PLANT,Minerals,975733.832,Lhoist North America - MONTEVALLO PLANT [1002598] -- Minerals
1000256,"WestRock Virginia, Covington",Pulp and Paper,970083.588,"WestRock Virginia, Covington [1000256] -- Pulp and Paper"
1001092,Cope Station,Power Plants,968629.962,Cope Station [1001092] -- Power Plants
1007506,PHILLIPS 66 BILLINGS REFINERY,Chemicals,967044.838,PHILLIPS 66 BILLINGS REFINERY [1007506] -- Chemicals
1001117,George Neal South,Power Plants,963694.71,George Neal South [1001117] -- Power Plants
1000870,Brooklyn Navy Yard Cogeneration Project,Power Plants,955560.872,Brooklyn Navy Yard Cogeneration Project [1000870] -- Power Plants
1005822,Blackhawk Station,Power Plants,948824.6,Blackhawk Station [1005822] -- Power Plants
1001964,Phillips 66 Los Angeles Refinery - Carson Plant,Chemicals,948505.494,Phillips 66 Los Angeles Refinery - Carson Plant [1001964] -- Chemicals
1001701,MONARCH CEMENT COMPANY (THE),Minerals,939681.096,MONARCH CEMENT COMPANY (THE) [1001701] -- Minerals
1000806,Metcalf Energy Center,Power Plants,930078.052,Metcalf Energy Center [1000806] -- Power Plants
1006388,DETROIT REFINERY,Petroleum Product Suppliers,928748.286,DETROIT REFINERY [1006388] -- Petroleum Product Suppliers
1002777,"HAVERHILL COKE COMPANY, LLC",Metals,921343.314,"HAVERHILL COKE COMPANY, LLC [1002777] -- Metals"
1006671,CHS INC LAUREL REFINERY,Chemicals,918021.03,CHS INC LAUREL REFINERY [1006671] -- Chemicals
1004586,"Air Products and Chemicals, Inc. - BR SMR",Chemicals,916362.4,"Air Products and Chemicals, Inc. - BR SMR [1004586] -- Chemicals"
1003382,SABINE RIVER OPERATIONS,Chemicals,908295.706,SABINE RIVER OPERATIONS [1003382] -- Chemicals
1007019,Nearman Creek,Power Plants,901802.094,Nearman Creek [1007019] -- Power Plants
1000450,Caithness Long Island Energy Center,Power Plants,898317.24,Caithness Long Island Energy Center [1000450] -- Power Plants
1005879,HUNT REFINING COMPANY,Chemicals,896528.29,HUNT REFINING COMPANY [1005879] -- Chemicals
1004187,"Carmeuse Lime, Inc. Buffington",Minerals,896322.774,"Carmeuse Lime, Inc. Buffington [1004187] -- Minerals"
1007985,NATIONAL CEMENT COMPANY INC.,Minerals,895357.12,NATIONAL CEMENT COMPANY INC. [1007985] -- Minerals
1001305,Mustang Station,Power Plants,891156.92,Mustang Station [1001305] -- Power Plants
1003005,CARMEUSE LIME BLACK RIVER OPERATION,Minerals,886781.38,CARMEUSE LIME BLACK RIVER OPERATION [1003005] -- Minerals
1002027,"St. Paul Park Refining Company, LLC",Chemicals,883679.804,"St. Paul Park Refining Company, LLC [1002027] -- Chemicals"
1007786,VALERO REFINING CO -OKLAHOMA VALERO ARDMORE REFINERY,Chemicals,879101.142,VALERO REFINING CO -OKLAHOMA VALERO ARDMORE REFINERY [1007786] -- Chemicals
1001203,"John B. Rich Memorial Power Station, Gilberton Power Company",Power Plants,875724.292,"John B. Rich Memorial Power Station, Gilberton Power Company [1001203] -- Power Plants"
1000528,Wygen III,Power Plants,874717.462,Wygen III [1000528] -- Power Plants
1000910,Urquhart,Power Plants,871163.014,Urquhart [1000910] -- Power Plants
1000278,Walter M. Higgins III Generating Station,Power Plants,871130.788,Walter M. Higgins III Generating Station [1000278] -- Power Plants
1006112,LONE STAR INDUSTRIES,Minerals,866805.38,LONE STAR INDUSTRIES [1006112] -- Minerals
1000755,Cunningham,Power Plants,866328.288,Cunningham [1000755] -- Power Plants
1002146,"CHEVRON PHILLIPS CHEMICAL COMPANY, LP PORT ARTHUR PLANT",Chemicals,861803.136,"CHEVRON PHILLIPS CHEMICAL COMPANY, LP PORT ARTHUR PLANT [1002146] -- Chemicals"
1000107,Osprey Energy Center,Power Plants,847667.108,Osprey Energy Center [1000107] -- Power Plants
1002620,LHOIST NORTH AMERICA,Minerals,845891.584,LHOIST NORTH AMERICA [1002620] -- Minerals
1006077,Davenport Plant,Minerals,841277.028,Davenport Plant [1006077] -- Minerals
1001125,Neil Simpson II,Power Plants,835893.12,Neil Simpson II [1001125] -- Power Plants
1007803,YELLOWSTONE ENERGY LIMITED PARTNERSHIP,Power Plants,830004.704,YELLOWSTONE ENERGY LIMITED PARTNERSHIP [1007803] -- Power Plants
1008764,Harrison County Mine,Other,828474.392,Harrison County Mine [1008764] -- Other
1002435,AIR PRODUCTS WILMINGTON HYDROGEN PLANT,Chemicals,827473.79,AIR PRODUCTS WILMINGTON HYDROGEN PLANT [1002435] -- Chemicals
1001436,GOLDENDALE GENERATING STATION,Power Plants,826171.788,GOLDENDALE GENERATING STATION [1001436] -- Power Plants
1003748,AIR LIQUIDE LARGE INDUSTRIES US LP - RODEO HYDROGEN PLANT,Chemicals,821122.3,AIR LIQUIDE LARGE INDUSTRIES US LP - RODEO HYDROGEN PLANT [1003748] -- Chemicals
1005621,Sisecam Wyoming LLC,Minerals,815087.468,Sisecam Wyoming LLC [1005621] -- Minerals
1000247,SIGNAL MOUNTAIN CEMENT CO,Minerals,814742.644,SIGNAL MOUNTAIN CEMENT CO [1000247] -- Minerals
1009795,Tampa Port Services,Chemicals,813068.506,Tampa Port Services [1009795] -- Chemicals
1000465,Wygen II,Power Plants,810956.74,Wygen II [1000465] -- Power Plants
1001651,CENTRAL POWER STATION,Petroleum and Natural Gas Systems,809717.412,CENTRAL POWER STATION [1001651] -- Petroleum and Natural Gas Systems
1005502,"East Dubuque Nitrogen Fertilizers, LLC",Chemicals,807616.216,"East Dubuque Nitrogen Fertilizers, LLC [1005502] -- Chemicals"
1007929,"ATLANTIC ALUMINA, GRAMERCY OPERATIONS",Metals,802950.076,"ATLANTIC ALUMINA, GRAMERCY OPERATIONS [1007929] -- Metals"
1000050,Wygen I,Power Plants,799204.982,Wygen I [1000050] -- Power Plants
1001435,Mint Farm Generation Station,Power Plants,798750.44,Mint Farm Generation Station [1001435] -- Power Plants
1000696,Chevron Cogenerating Station,Power Plants,792226.382,Chevron Cogenerating Station [1000696] -- Power Plants
1000657,Kendall Green Energy,Power Plants,788059.912,Kendall Green Energy [1000657] -- Power Plants
1006911,LHOIST NORTH AMERICA,Minerals,787419.8,LHOIST NORTH AMERICA [1006911] -- Minerals
1007208,Alamo San Antonio Cement Plant,Minerals,787291.84,Alamo San Antonio Cement Plant [1007208] -- Minerals
1002928,GRAYMONT WESTERN US INC. CRICKET MOUNTAIN,Minerals,785085.32,GRAYMONT WESTERN US INC. CRICKET MOUNTAIN [1002928] -- Minerals
1002176,CHEMOURS WASHINGTON WORKS,Chemicals,782337.882675,CHEMOURS WASHINGTON WORKS [1002176] -- Chemicals
1007972,"NAVAJO REFINING COMPANY, LLC - Artesia Refinery",Chemicals,777338.8,"NAVAJO REFINING COMPANY, LLC - Artesia Refinery [1007972] -- Chemicals"
1001962,AMERICAS STYRENICS LLC - ST JAMES PLANT,Chemicals,771321.482,AMERICAS STYRENICS LLC - ST JAMES PLANT [1001962] -- Chemicals
1003643,PHOENIX CEMENT COMPANY\S CLARKDALE FACILITY,Minerals,768127.186,PHOENIX CEMENT COMPANY\S CLARKDALE FACILITY [1003643] -- Minerals
1006738,ILLINOIS CEMENT CO,Minerals,761560.736,ILLINOIS CEMENT CO [1006738] -- Minerals
1001425,Irvington Generating Station,Power Plants,751195.952,Irvington Generating Station [1001425] -- Power Plants
1001140,Theodore Cogeneration,Power Plants,748923.624,Theodore Cogeneration [1001140] -- Power Plants
1004385,Central Plains Cement Company LLC,Minerals,745107.296,Central Plains Cement Company LLC [1004385] -- Minerals
1002910,GRAYMONT PA INC/PLEASANT GAP PLT,Minerals,742586.648,GRAYMONT PA INC/PLEASANT GAP PLT [1002910] -- Minerals
1009872,Samsung Austin Semiconductor,Other,739024.497615,Samsung Austin Semiconductor [1009872] -- Other
1002046,NOVA CHEMICALS OLEFINS LLC,Chemicals,737597.516,NOVA CHEMICALS OLEFINS LLC [1002046] -- Chemicals
1001884,PINELLAS COUNTY RESOURCE RECOVERY,Waste,737404.51,PINELLAS COUNTY RESOURCE RECOVERY [1001884] -- Waste
1000251,Grant Town Power Plant,Power Plants,731995.132,Grant Town Power Plant [1000251] -- Power Plants
1005198,TPC GROUP LLC,Chemicals,730010.352,TPC GROUP LLC [1005198] -- Chemicals
1003058,Oaktown Fuels Mine No.1,Other,728930.85,Oaktown Fuels Mine No.1 [1003058] -- Other
1007000,"Par Montana, LLC Billings Refinery",Chemicals,719769.222,"Par Montana, LLC Billings Refinery [1007000] -- Chemicals"
1002818,TREASURE COAST ENERGY CENTER,Power Plants,716181.296,TREASURE COAST ENERGY CENTER [1002818] -- Power Plants
1007861,LION OIL CO-EL DORADO REFINERY,Chemicals,712845.006,LION OIL CO-EL DORADO REFINERY [1007861] -- Chemicals
1001628,LISBURNE PRODUCTION CENTER,Petroleum and Natural Gas Systems,712809.204,LISBURNE PRODUCTION CENTER [1001628] -- Petroleum and Natural Gas Systems
1007189,Arvah B Hopkins,Power Plants,703691.078,Arvah B Hopkins [1007189] -- Power Plants
1001133,River Road,Power Plants,700249.804,River Road [1001133] -- Power Plants
1001285,Grays Ferry Cogen Partnership,Power Plants,698236.244,Grays Ferry Cogen Partnership [1001285] -- Power Plants
1001352,"Rathdrum Power, LLC",Power Plants,695632.172,"Rathdrum Power, LLC [1001352] -- Power Plants"
1001244,Procter & Gamble Paper Products,Pulp and Paper,685922.578,Procter & Gamble Paper Products [1001244] -- Pulp and Paper
1005622,KEYSTONE CEMENT COMPANY,Minerals,684874.088,KEYSTONE CEMENT COMPANY [1005622] -- Minerals
1005966,Marathon Mandan Refinery,Petroleum Product Suppliers,682315.766,Marathon Mandan Refinery [1005966] -- Petroleum Product Suppliers
1007025,Pine Bluff Energy Center,Power Plants,676304.692,Pine Bluff Energy Center [1007025] -- Power Plants
1001405,Blythe Energy,Power Plants,674910.248,Blythe Energy [1001405] -- Power Plants
1005023,BREVARD CO BOARD OF COUNTY COMMISSIONERS,Waste,671663.178,BREVARD CO BOARD OF COUNTY COMMISSIONERS [1005023] -- Waste
1005738,International Paper - Mansfield Mill,Pulp and Paper,671632.066,International Paper - Mansfield Mill [1005738] -- Pulp and Paper
1008310,DIAMOND SHAMROCK REFINING VALERO,Petroleum Product Suppliers,668325.568,DIAMOND SHAMROCK REFINING VALERO [1008310] -- Petroleum Product Suppliers
1002257,AIR PRODUCTS CARSON HYDROGEN PLANT,Chemicals,657457.5,AIR PRODUCTS CARSON HYDROGEN PLANT [1002257] -- Chemicals
1000025,PLACID REFINING CO LLC - PORT ALLEN REFINERY,Petroleum Product Suppliers,655592.234,PLACID REFINING CO LLC - PORT ALLEN REFINERY [1000025] -- Petroleum Product Suppliers
1001934,BASF FREEPORT SITE,Chemicals,646435.412,BASF FREEPORT SITE [1001934] -- Chemicals
1001835,HEIDELBERG MATERIALS US CEMENT LLC/ NAZARETH,Minerals,646387.056,HEIDELBERG MATERIALS US CEMENT LLC/ NAZARETH [1001835] -- Minerals
1002421,ASH GROVE CEMENT COMPANY,Minerals,642168.488,ASH GROVE CEMENT COMPANY [1002421] -- Minerals
1005062,DAIKIN AMERICA INC.,Chemicals,625970.8067,DAIKIN AMERICA INC. [1005062] -- Chemicals
1007008,United Refining Company,Chemicals,625205.838,United Refining Company [1007008] -- Chemicals
1006932,REFINERY KAPOLEI,Chemicals,620476.324,REFINERY KAPOLEI [1006932] -- Chemicals
1001012,Greenwood,Power Plants,619200.548,Greenwood [1001012] -- Power Plants
1006430,"AIR LIQUID LARGE INDUSTRIES US, LP",Chemicals,617757.2,"AIR LIQUID LARGE INDUSTRIES US, LP [1006430] -- Chemicals"
1002750,Argos Cement LLC - Harleyville Plant,Minerals,617387.27,Argos Cement LLC - Harleyville Plant [1002750] -- Minerals
1000398,Hog Bayou Energy Center,Power Plants,615891.968,Hog Bayou Energy Center [1000398] -- Power Plants
1001737,ENDICOTT PRODUCTION FACILITY,Petroleum and Natural Gas Systems,613604.796,ENDICOTT PRODUCTION FACILITY [1001737] -- Petroleum and Natural Gas Systems
1007552,ASH GROVE CEMENT COMPANY-Louisville,Minerals,612374.98,ASH GROVE CEMENT COMPANY-Louisville [1007552] -- Minerals
1000457,Magnolia,Power Plants,611157.036,Magnolia [1000457] -- Power Plants
1002121,AIR PRODUCTS & CHEMICALS INC MARTINEZ WATERFRONT ROAD,Chemicals,609352.7,AIR PRODUCTS & CHEMICALS INC MARTINEZ WATERFRONT ROAD [1002121] -- Chemicals
1007068,GOLDEN VALLEY ELECTRIC ASSOCIATION INC - HEALY POWER PLANT,Power Plants,607685.744,GOLDEN VALLEY ELECTRIC ASSOCIATION INC - HEALY POWER PLANT [1007068] -- Power Plants
1000254,Eagle Natrium LLC - Natrium Plant,Chemicals,598986.364,Eagle Natrium LLC - Natrium Plant [1000254] -- Chemicals
1005579,"WestRock CP, LLC - West Point Mill",Pulp and Paper,587189.196,"WestRock CP, LLC - West Point Mill [1005579] -- Pulp and Paper"
1002551,Lhoist North America APEX PLANT,Minerals,585504.172,Lhoist North America APEX PLANT [1002551] -- Minerals
1001913,Georgia Pacific Muskogee LLC,Pulp and Paper,571973.792,Georgia Pacific Muskogee LLC [1001913] -- Pulp and Paper
1001457,Valley Generating Station,Power Plants,571225.256,Valley Generating Station [1001457] -- Power Plants
1001495,Deerhaven,Power Plants,562600.746,Deerhaven [1001495] -- Power Plants
1007511,"SABIC INNOVATIVE PLASTICS MT. VERNON, LLC",Other,557714.5,"SABIC INNOVATIVE PLASTICS MT. VERNON, LLC [1007511] -- Other"
1002190,ASCEND PERFORMANCE MATERIALS CHOCOLATE BAYOU FACILITY,Chemicals,553627.712,ASCEND PERFORMANCE MATERIALS CHOCOLATE BAYOU FACILITY [1002190] -- Chemicals
1010198,Pond Creek No. 1 Mine,Other,553181.5,Pond Creek No. 1 Mine [1010198] -- Other
1006798,SOUTH CHESTER CO2 REMOVAL FACILITY,Petroleum and Natural Gas Systems,551607.85,SOUTH CHESTER CO2 REMOVAL FACILITY [1006798] -- Petroleum and Natural Gas Systems
1007741,TESORO ALASKA PETROLEUM CO,Chemicals,545281.144,TESORO ALASKA PETROLEUM CO [1007741] -- Chemicals
1005948,GEORGIA-PACIFIC BREWTON LLC,Pulp and Paper,544666.836,GEORGIA-PACIFIC BREWTON LLC [1005948] -- Pulp and Paper
1006037,"KOCH FERTILIZER DODGE CITY, LLC",Chemicals,541912.484,"KOCH FERTILIZER DODGE CITY, LLC [1006037] -- Chemicals"
1005390,Canton Refinery,Petroleum Product Suppliers,536090.068,Canton Refinery [1005390] -- Petroleum Product Suppliers
1007825,Michigan Power Limited Partnership,Power Plants,535226.644,Michigan Power Limited Partnership [1007825] -- Power Plants
1003945,TEXAS INSTRUMENTS NORTH CAMPUS,Other,535084.1103083,TEXAS INSTRUMENTS NORTH CAMPUS [1003945] -- Other
1009067,FLINT HILLS RESOURCES CORPUS CHRISTI EAST PLANT,Refineries,535019.174,FLINT HILLS RESOURCES CORPUS CHRISTI EAST PLANT [1009067] -- Refineries
1000752,Rio Grande,Power Plants,532931.224,Rio Grande [1000752] -- Power Plants
1000865,Anadarko,Power Plants,527566.816,Anadarko [1000865] -- Power Plants
1007098,SOUTHERN MINNESOTA BEET SUGAR COOPERATIVE,Minerals,522588.828,SOUTHERN MINNESOTA BEET SUGAR COOPERATIVE [1007098] -- Minerals
1006234,HM Cement Southeast LLC,Minerals,522543.224,HM Cement Southeast LLC [1006234] -- Minerals
1005978,MOUNTAIN CEMENT CO,Minerals,522258.23,MOUNTAIN CEMENT CO [1005978] -- Minerals
1002919,GRAYMONT (WI) LLC,Minerals,521550.87,GRAYMONT (WI) LLC [1002919] -- Minerals
1000780,Bowline Generating Station LLC,Power Plants,516749.84,Bowline Generating Station LLC [1000780] -- Power Plants
1003770,GIANT CEMENT COMPANY,Minerals,499783.106,GIANT CEMENT COMPANY [1003770] -- Minerals
1001806,SEMINOLE GAS PROCESSING PLANT,Petroleum and Natural Gas Systems,499208.472,SEMINOLE GAS PROCESSING PLANT [1001806] -- Petroleum and Natural Gas Systems
1004616,"Steel Dynamics Columbus, LLC",Metals,498161.676,"Steel Dynamics Columbus, LLC [1004616] -- Metals"
1004571,Cheney Lime and Cement Company,Minerals,494756.588,Cheney Lime and Cement Company [1004571] -- Minerals
1005789,ConocoPhillips Alaska Inc - KRU CPF1,Petroleum Product Suppliers,492539.018,ConocoPhillips Alaska Inc - KRU CPF1 [1005789] -- Petroleum Product Suppliers
1004270,CAPITOL CEMENT PLANT,Minerals,492032.354,CAPITOL CEMENT PLANT [1004270] -- Minerals
1006189,CHEVRON PRODUCTS CO - SALT LAKE REFINERY,Refineries,491480.394,CHEVRON PRODUCTS CO - SALT LAKE REFINERY [1006189] -- Refineries
1007216,Central Plains Cement Company,Minerals,490541.666,Central Plains Cement Company [1007216] -- Minerals
1006621,WESTLAKE VINYLS INC,Chemicals,489940.974,WESTLAKE VINYLS INC [1006621] -- Chemicals
1005753,AMERICAN CRYSTAL SUGAR - HILLSBORO,Minerals,488892.74,AMERICAN CRYSTAL SUGAR - HILLSBORO [1005753] -- Minerals
1004020,CARMEUSE OHIO INC - MAPLEGROVE LIME PLANT,Minerals,485543.888,CARMEUSE OHIO INC - MAPLEGROVE LIME PLANT [1004020] -- Minerals
1007770,CHEROKEE NITROGEN,Chemicals,485513.118,CHEROKEE NITROGEN [1007770] -- Chemicals
1003910,AIR LIQUIDE AMERICA CORP,Chemicals,481525,AIR LIQUIDE AMERICA CORP [1003910] -- Chemicals
1002305,"WESTROCK TEXAS, L.P.",Pulp and Paper,477024.284,"WESTROCK TEXAS, L.P. [1002305] -- Pulp and Paper"
1002026,HF SINCLAIR TULSA REFINING LLC - WEST,Petroleum Product Suppliers,476936.366,HF SINCLAIR TULSA REFINING LLC - WEST [1002026] -- Petroleum Product Suppliers
1006715,"Troy Energy, LLC",Power Plants,476085.119,"Troy Energy, LLC [1006715] -- Power Plants"
1002395,Texas Lime Company,Minerals,472656.084,Texas Lime Company [1002395] -- Minerals
1003204,GATEWAY ENERGY & COKE CO LLC,Metals,472576.632,GATEWAY ENERGY & COKE CO LLC [1003204] -- Metals
1001161,Ladysmith Combustion Turbine Sta,Power Plants,471193.78,Ladysmith Combustion Turbine Sta [1001161] -- Power Plants
1001438,MAUI ELECTRIC CO (MECO) - MAALAEA GENERATING STATION,Power Plants,464012.148,MAUI ELECTRIC CO (MECO) - MAALAEA GENERATING STATION [1001438] -- Power Plants
1003479,MISSISSIPPI LIME CO - CALERA PLANT,Minerals,463623.774,MISSISSIPPI LIME CO - CALERA PLANT [1003479] -- Minerals
1005493,EBR NORTH LANDFILL,Waste,456059.25,EBR NORTH LANDFILL [1005493] -- Waste
1007562,LYONDELL CHEMICAL CHANNELVIEW,Chemicals,449254.156,LYONDELL CHEMICAL CHANNELVIEW [1007562] -- Chemicals
1000753,Maddox,Power Plants,448162.58,Maddox [1000753] -- Power Plants
1000922,Nueces Bay,Power Plants,447760.64,Nueces Bay [1000922] -- Power Plants
1005352,LEHIGH CEMENT CO LLC,Minerals,446400.136,LEHIGH CEMENT CO LLC [1005352] -- Minerals
1007597,Platte,Power Plants,444107.698,Platte [1007597] -- Power Plants
1001135,Washington County Cogen (Olin),Power Plants,442377.612,Washington County Cogen (Olin) [1001135] -- Power Plants
1002044,Matheson - LEMONT PLANT,Chemicals,440482,Matheson - LEMONT PLANT [1002044] -- Chemicals
1006444,"Delek Refining, Ltd",Petroleum Product Suppliers,440270.728,"Delek Refining, Ltd [1006444] -- Petroleum Product Suppliers"
1000262,"WestRock Coated Board, LLC",Pulp and Paper,437314.564,"WestRock Coated Board, LLC [1000262] -- Pulp and Paper"
1001276,Orlando CoGen,Power Plants,436566.732,Orlando CoGen [1001276] -- Power Plants
1002678,SACROC CO2 TREATMENT,Petroleum and Natural Gas Systems,435406.81,SACROC CO2 TREATMENT [1002678] -- Petroleum and Natural Gas Systems
1006776,International Paper - Valliant Mill,Pulp and Paper,432836.48,International Paper - Valliant Mill [1006776] -- Pulp and Paper
1007739,"Calumet Montana Refining, LLC",Chemicals,427371.346,"Calumet Montana Refining, LLC [1007739] -- Chemicals"
1006859,Polk County - North Central Landfill,Waste,426064.848,Polk County - North Central Landfill [1006859] -- Waste
1002970,CITGO CORPUS CHRISTI REFINERY - WEST PLANT,Petroleum Product Suppliers,420042.984,CITGO CORPUS CHRISTI REFINERY - WEST PLANT [1002970] -- Petroleum Product Suppliers
1002209,ARKANSAS LIME COMPANY,Minerals,419337.866,ARKANSAS LIME COMPANY [1002209] -- Minerals
1000263,Gordonsville Power Station,Power Plants,417745.738,Gordonsville Power Station [1000263] -- Power Plants
1001908,APACHE NITROGEN PRODUCTS - PLANT,Chemicals,415928.616,APACHE NITROGEN PRODUCTS - PLANT [1001908] -- Chemicals
1007979,"Morris Cogeneration, LLC",Power Plants,415911.436,"Morris Cogeneration, LLC [1007979] -- Power Plants"
1006146,EIELSON AIR FORCE BASE,Other,413806.382,EIELSON AIR FORCE BASE [1006146] -- Other
1000924,Victoria Power Station,Power Plants,413303.468,Victoria Power Station [1000924] -- Power Plants
1005994,DOMTAR AW LLC ASHDOWN MILL,Pulp and Paper,408170.852,DOMTAR AW LLC ASHDOWN MILL [1005994] -- Pulp and Paper
1003589,VERTEX REFINING ALABAMA LLC,Petroleum Product Suppliers,407719.716,VERTEX REFINING ALABAMA LLC [1003589] -- Petroleum Product Suppliers
1011451,Marianas Energy Company,Power Plants,407086.018,Marianas Energy Company [1011451] -- Power Plants
1006892,International Paper-Prattville Mill,Pulp and Paper,406514.328,International Paper-Prattville Mill [1006892] -- Pulp and Paper
1007868,TICONA POLYMERS INCORPORATED,Chemicals,404796.204,TICONA POLYMERS INCORPORATED [1007868] -- Chemicals
1002532,Ignacio Gas Plant,Natural Gas and Natural Gas Liquids Suppliers,403629.102,Ignacio Gas Plant [1002532] -- Natural Gas and Natural Gas Liquids Suppliers
1004953,SUNNYSIDE COGENERATION ASSOCIATES,Power Plants,401048.15,SUNNYSIDE COGENERATION ASSOCIATES [1004953] -- Power Plants
1005294,UNITED TACONITE LLC - FAIRLANE PLANT,Metals,398435.458,UNITED TACONITE LLC - FAIRLANE PLANT [1005294] -- Metals
1008013,Ebensburg Power Company,Power Plants,397401.8,Ebensburg Power Company [1008013] -- Power Plants
1006319,MINN DAK FARMERS COOPERATIVE,Minerals,396446.786,MINN DAK FARMERS COOPERATIVE [1006319] -- Minerals
1004750,Cedar Trails Class III,Waste,395109.1,Cedar Trails Class III [1004750] -- Waste
1002623,"Copano Energy Houston Central Plant, TX",Natural Gas and Natural Gas Liquids Suppliers,394026.072,"Copano Energy Houston Central Plant, TX [1002623] -- Natural Gas and Natural Gas Liquids Suppliers"
1006577,Plant X,Power Plants,387462.212,Plant X [1006577] -- Power Plants
1000401,"Primary Products Ingredients Americas, LLC",Other,385278.728,"Primary Products Ingredients Americas, LLC [1000401] -- Other"
1004174,NEVADA CEMENT COMPANY,Minerals,385164.99,NEVADA CEMENT COMPANY [1004174] -- Minerals
1000892,Martins Creek,Power Plants,384285.84,Martins Creek [1000892] -- Power Plants
1005924,Cheyenne Plant,Chemicals,383736.302,Cheyenne Plant [1005924] -- Chemicals
1000173,DTE East China,Power Plants,383362.88,DTE East China [1000173] -- Power Plants
1002239,Echo Springs Gas Plant,Petroleum and Natural Gas Systems,381668.818,Echo Springs Gas Plant [1002239] -- Petroleum and Natural Gas Systems
1002272,"WestRock CP, LLC - Fernandina Beach Mill (Formerly Smurfit-Stone)",Pulp and Paper,380267.592,"WestRock CP, LLC - Fernandina Beach Mill (Formerly Smurfit-Stone) [1002272] -- Pulp and Paper"
1006890,OQ CORP BAY CITY PLANT,Chemicals,377709.752,OQ CORP BAY CITY PLANT [1006890] -- Chemicals
1006038,Delaware Valley Resource Recovery Facility,Waste,377550.334,Delaware Valley Resource Recovery Facility [1006038] -- Waste
1005598,JEWELL COAL & COKE,Metals,376576.398,JEWELL COAL & COKE [1005598] -- Metals
1007642,NUCOR-YAMATO STEEL CO,Metals,375416.836,NUCOR-YAMATO STEEL CO [1007642] -- Metals
1005125,CALUMET SHREVPORT REFINING LLC,Chemicals,375379.984,CALUMET SHREVPORT REFINING LLC [1005125] -- Chemicals
1005012,"WESTROCK CP, LLC - HODGE MILL",Pulp and Paper,372720.518,"WESTROCK CP, LLC - HODGE MILL [1005012] -- Pulp and Paper"
1006115,AIR LIQUIDE AMERICA CORP.,Chemicals,370412.856,AIR LIQUIDE AMERICA CORP. [1006115] -- Chemicals
1006878,American Crystal Sugar Company - Drayton,Minerals,370074.47,American Crystal Sugar Company - Drayton [1006878] -- Minerals
1002537,ASH GROVE CEMENT COMPANY-SEATTLE,Minerals,367650.9,ASH GROVE CEMENT COMPANY-SEATTLE [1002537] -- Minerals
1004612,CalPortland Redding Cement Plant,Minerals,365332.298,CalPortland Redding Cement Plant [1004612] -- Minerals
1004822,Meeker Gas Plant,Petroleum and Natural Gas Systems,361197.82,Meeker Gas Plant [1004822] -- Petroleum and Natural Gas Systems
1006435,CABOT CORP - CANAL PLANT,Chemicals,357660.6,CABOT CORP - CANAL PLANT [1006435] -- Chemicals
1004850,NOBLE ROAD LANDFILL (0370000134),Waste,357602.5,NOBLE ROAD LANDFILL (0370000134) [1004850] -- Waste
1006869,Black Mountain Facility,Power Plants,355806.612,Black Mountain Facility [1006869] -- Power Plants
1000293,COVANTA ENERGY,Waste,355034.284,COVANTA ENERGY [1000293] -- Waste
1005638,SEMINOLE ROAD MSW LANDFILL,Waste,353121.82,SEMINOLE ROAD MSW LANDFILL [1005638] -- Waste
1004521,OXBOW CALCINING LLC,Petroleum and Natural Gas Systems,352611.478,OXBOW CALCINING LLC [1004521] -- Petroleum and Natural Gas Systems
1007308,Rockgen Energy Center,Power Plants,349879.494,Rockgen Energy Center [1007308] -- Power Plants
1003490,U.S. BORAX INC.,Other,339372.572,U.S. BORAX INC. [1003490] -- Other
1004998,ConocoPhillips Alaska Inc - KRU CPF3,Petroleum and Natural Gas Systems,337420.78,ConocoPhillips Alaska Inc - KRU CPF3 [1004998] -- Petroleum and Natural Gas Systems
1004055,GEORGIA-PACIFIC TOLEDO LLC,Pulp and Paper,336730.862,GEORGIA-PACIFIC TOLEDO LLC [1004055] -- Pulp and Paper
1005283,SSAB ALABAMA INCORPORATED,Metals,335796.532,SSAB ALABAMA INCORPORATED [1005283] -- Metals
1004499,Chaco Gas Plant,Petroleum and Natural Gas Systems,335243.11,Chaco Gas Plant [1004499] -- Petroleum and Natural Gas Systems
1001760,Arkansas Loop & Simpson Treating Plants,Petroleum and Natural Gas Systems,333442.368,Arkansas Loop & Simpson Treating Plants [1001760] -- Petroleum and Natural Gas Systems
1002076,ROHM AND HAAS TEXAS DEER PARK PLANT,Chemicals,332103.128,ROHM AND HAAS TEXAS DEER PARK PLANT [1002076] -- Chemicals
1001496,J R Kelly,Power Plants,328371.984,J R Kelly [1001496] -- Power Plants
1005602,"STEEL DYNAMICS. INC. (SDI), STRUCTUAL AND RAIL DIVISION",Metals,328102.768,"STEEL DYNAMICS. INC. (SDI), STRUCTUAL AND RAIL DIVISION [1005602] -- Metals"
1005751,AMERICAN CRYSTAL SUGAR - E GRAND FORKS,Minerals,327865.604,AMERICAN CRYSTAL SUGAR - E GRAND FORKS [1005751] -- Minerals
1003899,GREEN LAKE PLANT,Chemicals,325989.75,GREEN LAKE PLANT [1003899] -- Chemicals
1006682,Robeline Plant,Petroleum and Natural Gas Systems,325451.066,Robeline Plant [1006682] -- Petroleum and Natural Gas Systems
1004815,BEECH HOLLOW SANITARY LANDFILL *,Waste,325170.4,BEECH HOLLOW SANITARY LANDFILL * [1004815] -- Waste
1002531,ASH GROVE CEMENT COMPANY-MONTANA CITY,Minerals,323957.688,ASH GROVE CEMENT COMPANY-MONTANA CITY [1002531] -- Minerals
1004517,MISSISSIPPI LIME CO - VERONA PLANT,Minerals,322597.484,MISSISSIPPI LIME CO - VERONA PLANT [1004517] -- Minerals
1006247,Riverton Facility,Minerals,318256.89,Riverton Facility [1006247] -- Minerals
1008180,Cowlitz County Headquarters Landfill,Waste,317648.034,Cowlitz County Headquarters Landfill [1008180] -- Waste
1001129,Procter & Gamble Power Plant,Power Plants,316934.776,Procter & Gamble Power Plant [1001129] -- Power Plants
1002398,REWORLD HEMPSTEAD,Waste,316905.22,REWORLD HEMPSTEAD [1002398] -- Waste
1003048,"Sappi North America, Inc. - Somerset Operations",Pulp and Paper,316253.638,"Sappi North America, Inc. - Somerset Operations [1003048] -- Pulp and Paper"
1006877,AMERICAN CRYSTAL SUGAR - MOORHEAD,Minerals,312833.746,AMERICAN CRYSTAL SUGAR - MOORHEAD [1006877] -- Minerals
1006565,"Cos-Mar Company, Styrene Monomer Plant",Chemicals,311662.848,"Cos-Mar Company, Styrene Monomer Plant [1006565] -- Chemicals"
1009840,Battlefield Gas Plant,Petroleum and Natural Gas Systems,311053.936,Battlefield Gas Plant [1009840] -- Petroleum and Natural Gas Systems
1004283,Wheelabrator Bridgeport L.P.,Waste,309543.362,Wheelabrator Bridgeport L.P. [1004283] -- Waste
1006131,MEWBOURN GAS PLANT,Petroleum and Natural Gas Systems,308326.724,MEWBOURN GAS PLANT [1006131] -- Petroleum and Natural Gas Systems
1006354,AMERICAN CRYSTAL SUGAR - CROOKSTON,Minerals,304856.036,AMERICAN CRYSTAL SUGAR - CROOKSTON [1006354] -- Minerals
1004239,UTILITY PLANTS SECTION,Power Plants,304842.338,UTILITY PLANTS SECTION [1004239] -- Power Plants
1001250,MICHIGAN STATE UNIVERSITY,Other,298938.1,MICHIGAN STATE UNIVERSITY [1001250] -- Other
1000086,Chemours Johnsonville Site,Chemicals,298109.642,Chemours Johnsonville Site [1000086] -- Chemicals
1004244,WHEELABRATOR WESTCHESTER LP,Waste,297789.814,WHEELABRATOR WESTCHESTER LP [1004244] -- Waste
1004705,CLEARWATER PAPER CORP,Pulp and Paper,294660.32,CLEARWATER PAPER CORP [1004705] -- Pulp and Paper
1006473,Ferroglobe USA Metallurgical Inc. FKA-GLOBE METALLURGICAL INC. (0684000105),Metals,293877.09,Ferroglobe USA Metallurgical Inc. FKA-GLOBE METALLURGICAL INC. (0684000105) [1006473] -- Metals
1002319,WILLOW CREEK GAS PLANT,Petroleum and Natural Gas Systems,292396.226,WILLOW CREEK GAS PLANT [1002319] -- Petroleum and Natural Gas Systems
1003752,"ADA Carbon Solutions (Red River), LLC",Chemicals,292347.774,"ADA Carbon Solutions (Red River), LLC [1003752] -- Chemicals"
1007867,Packaging Corporation of America,Pulp and Paper,291173.138,Packaging Corporation of America [1007867] -- Pulp and Paper
1005770,AUX SABLE LIQUID PRODUCTS INC,Natural Gas and Natural Gas Liquids Suppliers,290345.67,AUX SABLE LIQUID PRODUCTS INC [1005770] -- Natural Gas and Natural Gas Liquids Suppliers
1004531,"WHEELABRATOR SOUTH BROWARD, INC - RESOURCE RECOVERY FACILITY",Waste,289415.078,"WHEELABRATOR SOUTH BROWARD, INC - RESOURCE RECOVERY FACILITY [1004531] -- Waste"
1000237,Sundance Power Plant,Power Plants,287951.432,Sundance Power Plant [1000237] -- Power Plants
1001762,McKinley Paper WI Company,Power Plants,287870.944,McKinley Paper WI Company [1001762] -- Power Plants
1003740,DEANS BRIDGE RD MSW LANDFILL,Waste,287480.75,DEANS BRIDGE RD MSW LANDFILL [1003740] -- Waste
1005116,Hibbing Taconite Company,Metals,286265.224,Hibbing Taconite Company [1005116] -- Metals
1006412,AMALGAMATED SUGAR CO LLC,Minerals,282864.03,AMALGAMATED SUGAR CO LLC [1006412] -- Minerals
1004094,WHEELABRATOR BALTIMORE LP,Waste,282460.834,WHEELABRATOR BALTIMORE LP [1004094] -- Waste
1004491,CHARLES M HINTON JR REGIONAL LANDFILL,Waste,282235.45,CHARLES M HINTON JR REGIONAL LANDFILL [1004491] -- Waste
1006578,OXBOW CALCINING,Petroleum and Natural Gas Systems,282034.274,OXBOW CALCINING [1006578] -- Petroleum and Natural Gas Systems
1000603,Addis Carbon Black Plant,Chemicals,280794.636,Addis Carbon Black Plant [1000603] -- Chemicals
1006800,GOLDSMITH GAS PLANT,Petroleum and Natural Gas Systems,279409.49,GOLDSMITH GAS PLANT [1006800] -- Petroleum and Natural Gas Systems
1002994,"PETE LIEN & SONS, INC.",Minerals,278549.214,"PETE LIEN & SONS, INC. [1002994] -- Minerals"
1002152,PROCTER & GAMBLE PAPER PRODUCTS,Pulp and Paper,276308.208,PROCTER & GAMBLE PAPER PRODUCTS [1002152] -- Pulp and Paper
1003902,CF & I STEEL L P/ DBA ROCKY MOUNTAIN STEEL MILLS,Metals,275194.204,CF & I STEEL L P/ DBA ROCKY MOUNTAIN STEEL MILLS [1003902] -- Metals
1005344,CHAPARRAL STEEL MIDLOTHIAN PLANT,Metals,272960.996,CHAPARRAL STEEL MIDLOTHIAN PLANT [1005344] -- Metals
1000408,University of Michigan,Other,272741.22,University of Michigan [1000408] -- Other
1000141,Blue Spruce Energy Center,Power Plants,269797.034,Blue Spruce Energy Center [1000141] -- Power Plants
1007937,Arconic US LLC,Metals,269182.836,Arconic US LLC [1007937] -- Metals
1001810,GOLDEN VALLEY ELECTRIC ASSOC NORTH POLE POWER PLANT,Power Plants,269151.47,GOLDEN VALLEY ELECTRIC ASSOC NORTH POLE POWER PLANT [1001810] -- Power Plants
1005848,Rain CII CARBON LLC - LAKE CHARLES CALCINING PLANT,Petroleum and Natural Gas Systems,267285.636,Rain CII CARBON LLC - LAKE CHARLES CALCINING PLANT [1005848] -- Petroleum and Natural Gas Systems
1011449,BKK Corporation,Waste,266287,BKK Corporation [1011449] -- Waste
1000246,Frank M Tait Station,Power Plants,263255.416,Frank M Tait Station [1000246] -- Power Plants
1000580,MEDICAL AREA TOTAL ENERGY PLANT,Power Plants,263147.694,MEDICAL AREA TOTAL ENERGY PLANT [1000580] -- Power Plants
1000901,Hunlock Creek Energy Center,Power Plants,262323.728,Hunlock Creek Energy Center [1000901] -- Power Plants
1007989,WASTE MANAGEMENT DISPOSAL SERVICES OF OREGON,Waste,260629.244,WASTE MANAGEMENT DISPOSAL SERVICES OF OREGON [1007989] -- Waste
1006256,PACKAGING CORPORATION OF AMERICA,Pulp and Paper,260455.616,PACKAGING CORPORATION OF AMERICA [1006256] -- Pulp and Paper
1007875,BALDWIN COUNTY SOLID WASTE,Waste,259617.75,BALDWIN COUNTY SOLID WASTE [1007875] -- Waste
1000165,Purdue University-Wade Utility,Other,259287.628,Purdue University-Wade Utility [1000165] -- Other
1000325,"Indorama Ventures, Xylenes and PTA, LLC",Chemicals,258727.234,"Indorama Ventures, Xylenes and PTA, LLC [1000325] -- Chemicals"
1004233,"Atlantis, MMS Platform ID 02481, Complex ID 1223-1",Petroleum and Natural Gas Systems,256467.728,"Atlantis, MMS Platform ID 02481, Complex ID 1223-1 [1004233] -- Petroleum and Natural Gas Systems"
1000166,"WestRock Kraft Paper, LLC",Pulp and Paper,255718.376,"WestRock Kraft Paper, LLC [1000166] -- Pulp and Paper"
1002521,King Ranch Gas Plant,Natural Gas and Natural Gas Liquids Suppliers,254984.188,King Ranch Gas Plant [1002521] -- Natural Gas and Natural Gas Liquids Suppliers
1000605,Borger Carbon Black Plant,Chemicals,254319.144,Borger Carbon Black Plant [1000605] -- Chemicals
1000682,Eckert Station,Power Plants,254165.808,Eckert Station [1000682] -- Power Plants
1008037,GULFSTREAM STATION 410 (a.k.a. STATION 100),Petroleum and Natural Gas Systems,254120.568,GULFSTREAM STATION 410 (a.k.a. STATION 100) [1008037] -- Petroleum and Natural Gas Systems
1003555,"Thunder Horse, MMS Platform ID 02481, Complex ID 1101-1",Petroleum and Natural Gas Systems,251340.33,"Thunder Horse, MMS Platform ID 02481, Complex ID 1101-1 [1003555] -- Petroleum and Natural Gas Systems"
1006185,Trident,Minerals,250489.474,Trident [1006185] -- Minerals
1005114,COLUMBIAN CHEMICALS CO - NORTH BEND PLANT,Chemicals,249372.008,COLUMBIAN CHEMICALS CO - NORTH BEND PLANT [1005114] -- Chemicals
1002251,"Big Escambia Creek Gas Production, Treating and Processing Facility (BEC)",Natural Gas and Natural Gas Liquids Suppliers,248983.27,"Big Escambia Creek Gas Production, Treating and Processing Facility (BEC) [1002251] -- Natural Gas and Natural Gas Liquids Suppliers"
1002730,Rhea County Landfill,Waste,248100.5,Rhea County Landfill [1002730] -- Waste
1008001,"VI WATER AND POWER AUTHORITY, Richmond Plant",Power Plants,245183.984,"VI WATER AND POWER AUTHORITY, Richmond Plant [1008001] -- Power Plants"
1002708,CLEARWATER PAPER CORP-CYPRESS BEND MILL,Pulp and Paper,244831.91,CLEARWATER PAPER CORP-CYPRESS BEND MILL [1002708] -- Pulp and Paper
1005777,NUCOR STEEL - UTAH,Metals,243502.736,NUCOR STEEL - UTAH [1005777] -- Metals
1009805,"Micron Technology, Inc.",Other,243398.1534487,"Micron Technology, Inc. [1009805] -- Other"
1006287,CONTINENTAL CARBON Ponca City Plant,Chemicals,242044.924,CONTINENTAL CARBON Ponca City Plant [1006287] -- Chemicals
1002268,LEE COUNTY SOLID WASTE RESOURCE RECOVERY FACILITY,Waste,241749.482,LEE COUNTY SOLID WASTE RESOURCE RECOVERY FACILITY [1002268] -- Waste
1009709,Mosaic New Wales Facility,Chemicals,241417.776,Mosaic New Wales Facility [1009709] -- Chemicals
1001807,"RAYONIER PERFORMANCE FIBERS LLC, JESUP MILL",Pulp and Paper,239187.204,"RAYONIER PERFORMANCE FIBERS LLC, JESUP MILL [1001807] -- Pulp and Paper"
1003669,Cleveland-Cliffs Minorca Mine,Metals,238238.308,Cleveland-Cliffs Minorca Mine [1003669] -- Metals
1000604,Big Spring Carbon Black Plant,Chemicals,237338.688,Big Spring Carbon Black Plant [1000604] -- Chemicals
1001262,Merck Sharp & Dohme LLC,Chemicals,236624.858,Merck Sharp & Dohme LLC [1001262] -- Chemicals
1005784,Port Jefferson Energy Center,Power Plants,236516.784,Port Jefferson Energy Center [1005784] -- Power Plants
1004014,Jefferson County Landfill No.1,Waste,236177.25,Jefferson County Landfill No.1 [1004014] -- Waste
1003676,ROOSEVELT REGIONAL LANDFILL,Waste,235650.15,ROOSEVELT REGIONAL LANDFILL [1003676] -- Waste
1002725,Port Inland Plant,Minerals,235535.632,Port Inland Plant [1002725] -- Minerals
1005179,COVANTA HAVERHILL INC,Waste,235182.938,COVANTA HAVERHILL INC [1005179] -- Waste
1006844,Aera Energy Anderson Fitzgerald,Petroleum and Natural Gas Systems,234803.316,Aera Energy Anderson Fitzgerald [1006844] -- Petroleum and Natural Gas Systems
1002264,SAN JUAN GAS PLANT,Petroleum and Natural Gas Systems,233828.766,SAN JUAN GAS PLANT [1002264] -- Petroleum and Natural Gas Systems
1000273,"GP Big Island, LLC",Pulp and Paper,233196.34310193267,"GP Big Island, LLC [1000273] -- Pulp and Paper"
1006885,Sylvamo Ticonderoga Mill,Pulp and Paper,231764.438,Sylvamo Ticonderoga Mill [1006885] -- Pulp and Paper
1002771,LOGAN ALUMINUM INC,Metals,230179.684,LOGAN ALUMINUM INC [1002771] -- Metals
1004640,GRAIN PROCESSING CORP,Other,229632.908,GRAIN PROCESSING CORP [1004640] -- Other
1007856,Monarch Hill,Waste,227425.158,Monarch Hill [1007856] -- Waste
1001243,Indeck-Corinth Energy Center,Power Plants,226907.66,Indeck-Corinth Energy Center [1001243] -- Power Plants
1001268,KIAC Cogeneration,Power Plants,223890.168,KIAC Cogeneration [1001268] -- Power Plants
1005641,LINAM RANCH GAS PLANT,Injection of CO2,222121.942,LINAM RANCH GAS PLANT [1005641] -- Injection of CO2
1006978,CITY OF GREENSBORO WHITE STREET LANDFILL,Waste,220459.75,CITY OF GREENSBORO WHITE STREET LANDFILL [1006978] -- Waste
1003508,SANDERS LEAD COMPANY INCORPORATED,Metals,219877.02,SANDERS LEAD COMPANY INCORPORATED [1003508] -- Metals
1000623,MONTGOMERY COUNTY RESOURCE RECOVERY FACILITY,Waste,219463.264,MONTGOMERY COUNTY RESOURCE RECOVERY FACILITY [1000623] -- Waste
1002958,NUCOR STEEL HERTFORD COUNTY,Metals,216464.492,NUCOR STEEL HERTFORD COUNTY [1002958] -- Metals
1002761,KERN RIVER GAS TRANSMISSION COMPANY: MUDDY CREEK COMPRESSOR STATION,Petroleum and Natural Gas Systems,215565.596,KERN RIVER GAS TRANSMISSION COMPANY: MUDDY CREEK COMPRESSOR STATION [1002761] -- Petroleum and Natural Gas Systems
1002943,"BARGATH, INC.- PARACHUTE",Petroleum and Natural Gas Systems,215169.31,"BARGATH, INC.- PARACHUTE [1002943] -- Petroleum and Natural Gas Systems"
1006267,WHEELABRATOR MILLBURY INC,Waste,215001.77,WHEELABRATOR MILLBURY INC [1006267] -- Waste
1005002,SHOUP GAS PROCESSING AND FRACTIONATION PLANT,Natural Gas and Natural Gas Liquids Suppliers,214027.554,SHOUP GAS PROCESSING AND FRACTIONATION PLANT [1005002] -- Natural Gas and Natural Gas Liquids Suppliers
1005928,LARIMER COUNTY LANDFILL,Waste,213903.498,LARIMER COUNTY LANDFILL [1005928] -- Waste
1004259,STRUCTURAL METALS INC,Metals,213757.176,STRUCTURAL METALS INC [1004259] -- Metals
1006899,MCCARTY ROAD LANDFILL TX,Waste,210801.75,MCCARTY ROAD LANDFILL TX [1006899] -- Waste
1002756,"Waupaca Foundry, Inc.",Metals,210470.59,"Waupaca Foundry, Inc. [1002756] -- Metals"
1005338,STEEL DUST RECYCLING LLC,Metals,209664.228,STEEL DUST RECYCLING LLC [1005338] -- Metals
1006282,WHEELABRATOR FALLS,Waste,209656.1,WHEELABRATOR FALLS [1006282] -- Waste
1002795,ARCONIC TENNESSEE OPERATIONS,Metals,208741.964,ARCONIC TENNESSEE OPERATIONS [1002795] -- Metals
1005938,"New-Indy Ontario, LLC",Pulp and Paper,207409.82,"New-Indy Ontario, LLC [1005938] -- Pulp and Paper"
1001589,Cana Gas Plant,Petroleum and Natural Gas Systems,207285.244,Cana Gas Plant [1001589] -- Petroleum and Natural Gas Systems
1002078,Opal Gas Plant,Natural Gas and Natural Gas Liquids Suppliers,206701.572,Opal Gas Plant [1002078] -- Natural Gas and Natural Gas Liquids Suppliers
1005501,"University of California, Los Angeles",Other,204920.628,"University of California, Los Angeles [1005501] -- Other"
1000402,University of Florida Cogeneration Plant,Power Plants,203558.444,University of Florida Cogeneration Plant [1000402] -- Power Plants
1010661,Decatur-Morgan County Regional MSW Landfill,Waste,203107.75,Decatur-Morgan County Regional MSW Landfill [1010661] -- Waste
1003819,UNIVERSITY OF MN - TWIN CITIES,Other,202750.912,UNIVERSITY OF MN - TWIN CITIES [1003819] -- Other
1001967,Valero Renewable Fuels LLC Charles City,Other,201940.04,Valero Renewable Fuels LLC Charles City [1001967] -- Other
1003779,VALERO RENEWABLE FUELS LLC,Other,201939.44,VALERO RENEWABLE FUELS LLC [1003779] -- Other
1007273,Ahlstrom Mosinee LLC,Pulp and Paper,201414.518,Ahlstrom Mosinee LLC [1007273] -- Pulp and Paper
1006397,Vitro Flat Glass LLC,Minerals,200574.376,Vitro Flat Glass LLC [1006397] -- Minerals
1007874,NIKISKI CO-GENERATION,Power Plants,200394.796,NIKISKI CO-GENERATION [1007874] -- Power Plants
1005920,HILLSBOROUGH COUNTY RESOURCE RECOVERY FACILITY,Waste,200218.128,HILLSBOROUGH COUNTY RESOURCE RECOVERY FACILITY [1005920] -- Waste
1000282,"DTE Calvert City, LLC",Power Plants,199368.2,"DTE Calvert City, LLC [1000282] -- Power Plants"
1002471,Tessman Road Landfill,Waste,198476,Tessman Road Landfill [1002471] -- Waste
1007411,PG&E HUMBOLDT BAY,Power Plants,198006.494,PG&E HUMBOLDT BAY [1007411] -- Power Plants
1005353,ABERDEEN ENERGY LLC,Other,197928.404,ABERDEEN ENERGY LLC [1005353] -- Other
1000035,THE ANDERSONS MARATHON HOLDINGS LLC,Other,197846.056,THE ANDERSONS MARATHON HOLDINGS LLC [1000035] -- Other
1002989,Valero Bloominburg Plant,Other,196763.96,Valero Bloominburg Plant [1002989] -- Other
1004085,Fuyao Glass Illinois Inc.,Minerals,196678.496,Fuyao Glass Illinois Inc. [1004085] -- Minerals
1005899,COUNTRYMARK REFINING & LOGISTICS LLC,Petroleum Product Suppliers,196503.088,COUNTRYMARK REFINING & LOGISTICS LLC [1005899] -- Petroleum Product Suppliers
1004079,Poet Biorefining Fairbank LLC,Other,196145.312,Poet Biorefining Fairbank LLC [1004079] -- Other
1003223,Florida River Gas Processing Facility,Petroleum and Natural Gas Systems,196109.25,Florida River Gas Processing Facility [1003223] -- Petroleum and Natural Gas Systems
1001684,Francisco Underground Mine,Other,195940.45,Francisco Underground Mine [1001684] -- Other
1002379,Valero Fort Dodge Plant,Other,195687.464,Valero Fort Dodge Plant [1002379] -- Other
1005090,WEST DAVIES COUNTY LANDFILL,Waste,195321.75,WEST DAVIES COUNTY LANDFILL [1005090] -- Waste
1000463,Bluffview Power Plant,Power Plants,195224.276,Bluffview Power Plant [1000463] -- Power Plants
1007396,Venice Gas Plant,Petroleum and Natural Gas Systems,194855.23997796973,Venice Gas Plant [1007396] -- Petroleum and Natural Gas Systems
1002679,MC 807 A,Petroleum and Natural Gas Systems,194360.752,MC 807 A [1002679] -- Petroleum and Natural Gas Systems
1002995,"LITTLE SIOUX CORN PROCESSORS, LLC",Other,193903.82,"LITTLE SIOUX CORN PROCESSORS, LLC [1002995] -- Other"
1003533,Borger Carbon Black Plant,Chemicals,193500.624,Borger Carbon Black Plant [1003533] -- Chemicals
1004276,CHS-Rochelle,Other,192859.218,CHS-Rochelle [1004276] -- Other
1000236,Portside Energy,Power Plants,192858.224,Portside Energy [1000236] -- Power Plants
1002690,Valero Hartley Plant,Other,192779.224,Valero Hartley Plant [1002690] -- Other
1005969,THE ANDERSONS MARATHON HOLDINGS LLC,Other,191801.328,THE ANDERSONS MARATHON HOLDINGS LLC [1005969] -- Other
1002583,NOVELIS CORPORATION,Metals,191768.192,NOVELIS CORPORATION [1002583] -- Metals
1005766,Dyno Nobel,Chemicals,190239.436,Dyno Nobel [1005766] -- Chemicals
1007695,NUCOR STEEL NEBRASKA,Metals,190236.48,NUCOR STEEL NEBRASKA [1007695] -- Metals
1006646,US PUBLIC HEALTH SERVICE NATIONAL INSTITUTES OF HEALTH,Other,189740.416,US PUBLIC HEALTH SERVICE NATIONAL INSTITUTES OF HEALTH [1006646] -- Other
1005990,CATERPILLAR INC.-MAPLETON,Metals,189158.328,CATERPILLAR INC.-MAPLETON [1005990] -- Metals
1001275,Mulberry Cogeneration Facility,Power Plants,188772.9,Mulberry Cogeneration Facility [1001275] -- Power Plants
1003150,"Valero Renewable Fuels Campany LLC, dba Valero Albion Plant",Other,188635.24,"Valero Renewable Fuels Campany LLC, dba Valero Albion Plant [1003150] -- Other"
1006946,VALERO WELCOME PLANT,Other,188618.14,VALERO WELCOME PLANT [1006946] -- Other
1001113,Richard M Flynn (Holtsville),Power Plants,188446.808,Richard M Flynn (Holtsville) [1001113] -- Power Plants
1007605,BROOKS LANDFILL,Waste,187249.05,BROOKS LANDFILL [1007605] -- Waste
1004702,"Hankinson Renewable Energy, LLC",Other,186974.096,"Hankinson Renewable Energy, LLC [1004702] -- Other"
1003688,"STEEL DYNAMICS, INC. (SDI)",Metals,186944.324,"STEEL DYNAMICS, INC. (SDI) [1003688] -- Metals"
1009792,Microchip Technology,Other,186821.152537,Microchip Technology [1009792] -- Other
1002499,"Pilkington North America, Inc.",Minerals,186764.348,"Pilkington North America, Inc. [1002499] -- Minerals"
1002547,"THREE RIVERS SOLID WASTE MANAGEMENT AUTHORITY, THREE RIVERS REGIONAL LANDFILL",Waste,186480.25,"THREE RIVERS SOLID WASTE MANAGEMENT AUTHORITY, THREE RIVERS REGIONAL LANDFILL [1002547] -- Waste"
1007946,NUCOR STEEL DARLINGTON,Metals,185444.564,NUCOR STEEL DARLINGTON [1007946] -- Metals
1000872,GUARDIAN ENERGY LLC,Other,184615.104,GUARDIAN ENERGY LLC [1000872] -- Other
1006785,ARMSTRONG CEMENT & SUPPLY,Minerals,184560.81,ARMSTRONG CEMENT & SUPPLY [1006785] -- Minerals
1002356,ONE EARTH ENERGY LLC,Other,184415.256,ONE EARTH ENERGY LLC [1002356] -- Other
1005386,Glacial Lakes Energy,Other,183158.16,Glacial Lakes Energy [1005386] -- Other
1005832,NUCOR STEEL-TEXAS,Metals,181047.508,NUCOR STEEL-TEXAS [1005832] -- Metals
1006469,PATRIOT RENEWABLE FUELS LLC,Other,180858.968,PATRIOT RENEWABLE FUELS LLC [1006469] -- Other
1003834,"POET Biorefining- Menlo, LLC",Other,180626.02,"POET Biorefining- Menlo, LLC [1003834] -- Other"
1004946,Gulf South Pipeline - Tallulah Station,Petroleum and Natural Gas Systems,180040.038,Gulf South Pipeline - Tallulah Station [1004946] -- Petroleum and Natural Gas Systems
1002067,AGP SOY/CORN PROCESSING,Other,179938.462,AGP SOY/CORN PROCESSING [1002067] -- Other
1006045,Commonwealth Rolled Products,Metals,179883.072,Commonwealth Rolled Products [1006045] -- Metals
1006772,ONONDAGA CO RESOURCE RECOVERY FACILITY,Waste,179377.916,ONONDAGA CO RESOURCE RECOVERY FACILITY [1006772] -- Waste
1005758,MICHIGAN SUGAR COMPANY - Bay City,Minerals,179043.442,MICHIGAN SUGAR COMPANY - Bay City [1005758] -- Minerals
1006307,CALCASIEU REFINING COMPANY,Petroleum Product Suppliers,177038.456,CALCASIEU REFINING COMPANY [1006307] -- Petroleum Product Suppliers
1007341,ANCHORAGE REGIONAL LANDFILL,Waste,175759.3,ANCHORAGE REGIONAL LANDFILL [1007341] -- Waste
1000766,59th Street,Power Plants,174671.338,59th Street [1000766] -- Power Plants
1002098,GREEN BAY PACKAGING/ARK KRAFT,Pulp and Paper,174441.756,GREEN BAY PACKAGING/ARK KRAFT [1002098] -- Pulp and Paper
1003970,"POET Biorefining Shell Rock, LLC.",Other,174101.044,"POET Biorefining Shell Rock, LLC. [1003970] -- Other"
1005626,BIG RIVER UNITED ENERGY LLC,Other,174051.244,BIG RIVER UNITED ENERGY LLC [1005626] -- Other
1003781,Orange Carbon Black Plant,Chemicals,173739.456,Orange Carbon Black Plant [1003781] -- Chemicals
1001046,Empire District Elec Co Energy Ctr,Power Plants,173513.962,Empire District Elec Co Energy Ctr [1001046] -- Power Plants
1007884,COVANTA PLYMOUTH RENEWABLE ENERGY LLC,Waste,173114.784,COVANTA PLYMOUTH RENEWABLE ENERGY LLC [1007884] -- Waste
1002041,Linde Inc.,Chemicals,172965.6,Linde Inc. [1002041] -- Chemicals
1001718,GALLO GLASS COMPANY,Minerals,172272.508,GALLO GLASS COMPANY [1001718] -- Minerals
1006647,YORK COUNTY RESOURCE RECOVERY,Waste,171809.556,YORK COUNTY RESOURCE RECOVERY [1006647] -- Waste
1006787,BIG RIVER RESOURCES GALVA LLC,Other,171304.904,BIG RIVER RESOURCES GALVA LLC [1006787] -- Other
1007887,Richland Peaking Station,Power Plants,170328.368,Richland Peaking Station [1007887] -- Power Plants
1001270,Nissequogue Cogen,Power Plants,169743.418,Nissequogue Cogen [1001270] -- Power Plants
1005327,AMERICAN CAST IRON PIPE CO,Metals,169389.734,AMERICAN CAST IRON PIPE CO [1005327] -- Metals
1004036,CARPENTER TECHNOLOGY,Metals,168154.952,CARPENTER TECHNOLOGY [1004036] -- Metals
1001863,"WAUPACA FOUNDRY, INC-PLANTS 2 & 3",Metals,167495.51,"WAUPACA FOUNDRY, INC-PLANTS 2 & 3 [1001863] -- Metals"
1002882,"CARDINAL ETHANOL, LLC",Other,166670.372,"CARDINAL ETHANOL, LLC [1002882] -- Other"
1002548,DOW SILICONES CORPORATION,Chemicals,166597.174,DOW SILICONES CORPORATION [1002548] -- Chemicals
1005564,WESTLAKE STYRENE LLC - STYRENE MONOMER PRODUCTION FACILITY,Chemicals,166186.924,WESTLAKE STYRENE LLC - STYRENE MONOMER PRODUCTION FACILITY [1005564] -- Chemicals
1004795,Hennepin Energy Recovery Center,Waste,166043.388,Hennepin Energy Recovery Center [1004795] -- Waste
1001945,ARCHER DANIELS MIDLAND,Other,165658.676,ARCHER DANIELS MIDLAND [1001945] -- Other
1005706,"Domtar Paper Company, LLC",Pulp and Paper,165410.37,"Domtar Paper Company, LLC [1005706] -- Pulp and Paper"
1004274,FutureFuel Chemical Company,Chemicals,164909.444,FutureFuel Chemical Company [1004274] -- Chemicals
1002443,BIG RIVER RESOURCES WEST BURLINGTON LLC,Other,164882.98,BIG RIVER RESOURCES WEST BURLINGTON LLC [1002443] -- Other
1002073,"POET- Biorefining Fairmont, LLC",Other,164763.08,"POET- Biorefining Fairmont, LLC [1002073] -- Other"
1004861,"Alto ICP, LLC",Other,163962.286,"Alto ICP, LLC [1004861] -- Other"
1003855,LOUIS DREYFUS COMMODITIES GRAND JUNCTION LLC,Other,163738.684,LOUIS DREYFUS COMMODITIES GRAND JUNCTION LLC [1003855] -- Other
1006637,CARGILL INCORPORATED,Other,163392.826,CARGILL INCORPORATED [1006637] -- Other
1003380,Cleveland-Cliffs Warren,Metals,162965.476,Cleveland-Cliffs Warren [1003380] -- Metals
1003943,GREIF RIVERVILLE LLC,Pulp and Paper,162500.74,GREIF RIVERVILLE LLC [1003943] -- Pulp and Paper
1007325,"Emery Oleochemicals, LLC",Chemicals,162084.04,"Emery Oleochemicals, LLC [1007325] -- Chemicals"
1002612,UNIVERSITY OF CALIFORNIA SAN DIEGO,Other,161282.544,UNIVERSITY OF CALIFORNIA SAN DIEGO [1002612] -- Other
1007677,Lancaster Waste to Energy Facility,Waste,160651.186,Lancaster Waste to Energy Facility [1007677] -- Waste
1004442,Air Products LLC - Corpus Christi,Chemicals,160648,Air Products LLC - Corpus Christi [1004442] -- Chemicals
1000595,LAS VEGAS GENERATING STATION,Power Plants,160582.704,LAS VEGAS GENERATING STATION [1000595] -- Power Plants
1002628,DISCOVERY PRODUCER SERVICES LLC - LAROSE GAS PROCESSING PLANT,Petroleum and Natural Gas Systems,160416.162,DISCOVERY PRODUCER SERVICES LLC - LAROSE GAS PROCESSING PLANT [1002628] -- Petroleum and Natural Gas Systems
1004375,CARMEUSE LIME & STONE ROCKWELL OPERATION,Minerals,160190.21,CARMEUSE LIME & STONE ROCKWELL OPERATION [1004375] -- Minerals
1004511,ABC COKE,Metals,159778.754,ABC COKE [1004511] -- Metals
1000089,AdvanSix Resins & Chemicals LLC,Chemicals,159664.5,AdvanSix Resins & Chemicals LLC [1000089] -- Chemicals
1006534,"POET Biorefining- Arthur, LLC",Other,159569.9,"POET Biorefining- Arthur, LLC [1006534] -- Other"
1001437,MAUI ELECTRIC CO (MECO) - KAHULUI GENERATING STATION,Power Plants,159451.61,MAUI ELECTRIC CO (MECO) - KAHULUI GENERATING STATION [1001437] -- Power Plants
1004041,TWIN CHIMNEYS LANDFILL,Waste,159378.28,TWIN CHIMNEYS LANDFILL [1004041] -- Waste
1002863,DALTON WHITFIELD REGIONAL SW MANAGEMENT,Waste,159268,DALTON WHITFIELD REGIONAL SW MANAGEMENT [1002863] -- Waste
1003716,"Ferroglobe USA Bridgeport, LLC, FKA-TENNESSEE ALLOYS CORPORATION",Metals,158997.676,"Ferroglobe USA Bridgeport, LLC, FKA-TENNESSEE ALLOYS CORPORATION [1003716] -- Metals"
1007440,Matlock Bend Landfill,Waste,158421.5,Matlock Bend Landfill [1007440] -- Waste
1002674,PROCTER & GAMBLE PAPER PRODUCTS CO,Pulp and Paper,157540.756,PROCTER & GAMBLE PAPER PRODUCTS CO [1002674] -- Pulp and Paper
1002452,Vicinity Energy Kansas City,Power Plants,156989.608,Vicinity Energy Kansas City [1002452] -- Power Plants
1004459,WYOMING REFINING COMPANY,Petroleum Product Suppliers,156346.336,WYOMING REFINING COMPANY [1004459] -- Petroleum Product Suppliers
1002478,PINE RIDGE LANDFIL,Waste,155632.25,PINE RIDGE LANDFIL [1002478] -- Waste
1001981,"EPNG Station 6312 Cornudas, TX",Petroleum and Natural Gas Systems,155359.618,"EPNG Station 6312 Cornudas, TX [1001981] -- Petroleum and Natural Gas Systems"
1005693,WEST BISTINEAU FACILITY,Petroleum and Natural Gas Systems,155328.952,WEST BISTINEAU FACILITY [1005693] -- Petroleum and Natural Gas Systems
1004071,CONTINENTAL CARBON Sunray Plant,Chemicals,155210.972,CONTINENTAL CARBON Sunray Plant [1004071] -- Chemicals
1004749,"P4 Production, LLC",Petroleum and Natural Gas Systems,154569.774,"P4 Production, LLC [1004749] -- Petroleum and Natural Gas Systems"
1000507,Salinas River Cogeneration Facility,Other,154020.98,Salinas River Cogeneration Facility [1000507] -- Other
1007994,BOISE WHITE PAPER LLC,Pulp and Paper,153116.758,BOISE WHITE PAPER LLC [1007994] -- Pulp and Paper
1006364,GREEN PLAINS OBION LLC,Other,152666.976,GREEN PLAINS OBION LLC [1006364] -- Other
1004544,"ROLLING MEADOWS LANDFILL, INC.",Waste,151944,"ROLLING MEADOWS LANDFILL, INC. [1004544] -- Waste"
1002964,City of Wichita Falls Landfill,Waste,151475.5,City of Wichita Falls Landfill [1002964] -- Waste
1002627,ABSOLUTE ENERGY LLC,Other,151260.98,ABSOLUTE ENERGY LLC [1002627] -- Other
1000298,Sylvarena Generating Plant,Power Plants,151232.588,Sylvarena Generating Plant [1000298] -- Power Plants
1003691,NEWTON COUNTY LANDFILL,Waste,150743.248,NEWTON COUNTY LANDFILL [1003691] -- Waste
1003865,CITY OF MIDLAND MUNICIPAL SOLID WASTE FACILITY,Waste,149628.24,CITY OF MIDLAND MUNICIPAL SOLID WASTE FACILITY [1003865] -- Waste
1001535,C. C. Perry K Steam Plant,Power Plants,149323.204,C. C. Perry K Steam Plant [1001535] -- Power Plants
1002011,KIMBERLY CLARK CORPORATION,Pulp and Paper,148672.338,KIMBERLY CLARK CORPORATION [1002011] -- Pulp and Paper
1007232,Cornell University Ithaca Campus,Other,148239.89,Cornell University Ithaca Campus [1007232] -- Other
1004790,UNIV OF IOWA MAIN PWR PLANT,Other,148015.812,UNIV OF IOWA MAIN PWR PLANT [1004790] -- Other
1007658,US OIL & REFINING TACOMA,Petroleum Product Suppliers,148011.92,US OIL & REFINING TACOMA [1007658] -- Petroleum Product Suppliers
1006325,CLEVELAND-CLIFFS RIVERDALE LLC,Metals,147555.848,CLEVELAND-CLIFFS RIVERDALE LLC [1006325] -- Metals
1000869,KIMBERLY CLARK PA LLC/CHESTER OPR,Pulp and Paper,147528.944,KIMBERLY CLARK PA LLC/CHESTER OPR [1000869] -- Pulp and Paper
1006463,RED DOG OPERATIONS MINE FACILITY,Other,146931.594,RED DOG OPERATIONS MINE FACILITY [1006463] -- Other
1006223,BIG RIVER LANDFILL,Waste,146861.25,BIG RIVER LANDFILL [1006223] -- Waste
1006957,MONTGOMERY CITY OF,Waste,146547,MONTGOMERY CITY OF [1006957] -- Waste
1006634,City of Irving/ Hunter Ferrell Landfill,Waste,146358,City of Irving/ Hunter Ferrell Landfill [1006634] -- Waste
1001865,SOUTHWEST IOWA RENEWABLE ENERGY,Other,145412.952,SOUTHWEST IOWA RENEWABLE ENERGY [1001865] -- Other
1000362,CAMDEN CNTY RESOURCE RECOVERY ASSOC,Waste,145410.472,CAMDEN CNTY RESOURCE RECOVERY ASSOC [1000362] -- Waste
1002611,ENERGY TRANSFER MARKETING & TERMINALS L.P. - MARCUS HOOK TERMINAL,Petroleum and Natural Gas Systems,144779.844,ENERGY TRANSFER MARKETING & TERMINALS L.P. - MARCUS HOOK TERMINAL [1002611] -- Petroleum and Natural Gas Systems
1002905,GUARDIAN INDUSTRIES CARLETON FACILITY,Minerals,144570.572,GUARDIAN INDUSTRIES CARLETON FACILITY [1002905] -- Minerals
1006608,FINCH PAPER LLC,Pulp and Paper,143973.836,FINCH PAPER LLC [1006608] -- Pulp and Paper
1000904,MORNING STAR PACKING CO (Williams),Other,143703.36,MORNING STAR PACKING CO (Williams) [1000904] -- Other
1002509,Charter Waste Landfill,Waste,143487.5,Charter Waste Landfill [1002509] -- Waste
1005825,CLEVELAND COUNTY LANDFILL,Waste,143437,CLEVELAND COUNTY LANDFILL [1005825] -- Waste
1006901,CHARTER STEEL,Metals,143250.74,CHARTER STEEL [1006901] -- Metals
1002223,SABINE PARISH LANDFILL,Waste,143248,SABINE PARISH LANDFILL [1002223] -- Waste
1004328,JANESVILLE CITY/ROCK COUNTY LANDFILL,Waste,143192.5,JANESVILLE CITY/ROCK COUNTY LANDFILL [1004328] -- Waste
1002029,WILCOX GAS PLANT,Natural Gas and Natural Gas Liquids Suppliers,142961.772,WILCOX GAS PLANT [1002029] -- Natural Gas and Natural Gas Liquids Suppliers
1005314,SAVANNAH-DEAN FOREST ROAD LANDFILL,Waste,142461.25,SAVANNAH-DEAN FOREST ROAD LANDFILL [1005314] -- Waste
1003573,"POET Biorefining- Iowa Falls, LLC",Other,142204.964,"POET Biorefining- Iowa Falls, LLC [1003573] -- Other"
1003243,PCSW RESOURCE RECOVERY FACILITY,Waste,142155.544,PCSW RESOURCE RECOVERY FACILITY [1003243] -- Waste
1007785,Raleigh County Solid Waste Authority Landfill,Waste,141992,Raleigh County Solid Waste Authority Landfill [1007785] -- Waste
1004485,UNION COUNTY REGIONAL MSW LANDFILL,Waste,141816,UNION COUNTY REGIONAL MSW LANDFILL [1004485] -- Waste
1007694,Chevron Oronite Oak Point,Chemicals,141735.316,Chevron Oronite Oak Point [1007694] -- Chemicals
1006799,Rock Creek Gas Plant,Petroleum and Natural Gas Systems,139443.338,Rock Creek Gas Plant [1006799] -- Petroleum and Natural Gas Systems
1008708,"WestRock CP, LLC--Hopewell Mill (Formerly RockTenn)",Pulp and Paper,139393.986,"WestRock CP, LLC--Hopewell Mill (Formerly RockTenn) [1008708] -- Pulp and Paper"
1006065,KIMBERLY-CLARK TISSUE MILL,Pulp and Paper,139054.776,KIMBERLY-CLARK TISSUE MILL [1006065] -- Pulp and Paper
1003035,Coastal Regional Solid Waste Management Authority,Waste,138924.75,Coastal Regional Solid Waste Management Authority [1003035] -- Waste
1001882,SAVANNAH SUGAR REFINERY,Other,138896.67,SAVANNAH SUGAR REFINERY [1001882] -- Other
1002249,LIVINGSTON LANDFILL,Waste,138715.85,LIVINGSTON LANDFILL [1002249] -- Waste
1001154,Itafos Conda LLC,Chemicals,138624.812,Itafos Conda LLC [1001154] -- Chemicals
1006703,International Paper - Columbus Mill,Pulp and Paper,138624.596,International Paper - Columbus Mill [1006703] -- Pulp and Paper
1004781,Gas Transmission Northwest Pipeline Athol CS#5,Petroleum and Natural Gas Systems,138499.992,Gas Transmission Northwest Pipeline Athol CS#5 [1004781] -- Petroleum and Natural Gas Systems
1005480,West Texas Region Disposal Facility,Waste,137591.5,West Texas Region Disposal Facility [1005480] -- Waste
1003455,Eastern Gas Transmission and Storage - Leidy and Finnefrock Stations (Stor and Tran),Petroleum and Natural Gas Systems,137147.764,Eastern Gas Transmission and Storage - Leidy and Finnefrock Stations (Stor and Tran) [1003455] -- Petroleum and Natural Gas Systems
1002629,WASSON CO2 REMOVAL PLANT,Petroleum and Natural Gas Systems,137043.592,WASSON CO2 REMOVAL PLANT [1002629] -- Petroleum and Natural Gas Systems
1000085,Hartwell Energy Facility,Power Plants,136583.844,Hartwell Energy Facility [1000085] -- Power Plants
1008553,"WestRock CP, LLC - Stevenson Mill",Pulp and Paper,136438.49,"WestRock CP, LLC - Stevenson Mill [1008553] -- Pulp and Paper"
1002214,WILLIAMS MOBILE BAY GAS PROCESSING FACILITY,Petroleum and Natural Gas Systems,136213.548,WILLIAMS MOBILE BAY GAS PROCESSING FACILITY [1002214] -- Petroleum and Natural Gas Systems
1010632,Mississippi Lime Company - Bonne Terre,Minerals,136129.372,Mississippi Lime Company - Bonne Terre [1010632] -- Minerals
1005051,"Marquis Energy - Wisconsin, LLC",Other,136084.388,"Marquis Energy - Wisconsin, LLC [1005051] -- Other"
1004011,KELLER CANYON LANDFILL,Waste,135702,KELLER CANYON LANDFILL [1004011] -- Waste
1007527,ON Semiconductor,Other,135613.947665,ON Semiconductor [1007527] -- Other
1000783,Pickles Butte Sanitary Landfill,Waste,135518.5,Pickles Butte Sanitary Landfill [1000783] -- Waste
1005665,City of Port Arthur Landfill,Waste,134980.75,City of Port Arthur Landfill [1005665] -- Waste
1000396,The Ohio State University,Other,134702.296,The Ohio State University [1000396] -- Other
1005138,Alamance County Landfill,Waste,134681.75,Alamance County Landfill [1005138] -- Waste
1002538,City of Midland MSW Landfill,Waste,134071.25,City of Midland MSW Landfill [1002538] -- Waste
1006264,INEOS POLYETHYLENE,Other,134064.124,INEOS POLYETHYLENE [1006264] -- Other
1003377,Green Plains Mount Vernon LLC,Other,133620.796,Green Plains Mount Vernon LLC [1003377] -- Other
1003695,WILLIAMS COUNTY LANDFILL,Waste,133403.3,WILLIAMS COUNTY LANDFILL [1003695] -- Waste
1002235,DISCOVERY PRODUCER SERVICES LLC - DISCOVERY PARADIS FRACTIONATION PLANT,Natural Gas and Natural Gas Liquids Suppliers,133205.686,DISCOVERY PRODUCER SERVICES LLC - DISCOVERY PARADIS FRACTIONATION PLANT [1002235] -- Natural Gas and Natural Gas Liquids Suppliers
1003474,CHARTER STEEL CLEVELAND *,Metals,130935.032,CHARTER STEEL CLEVELAND * [1003474] -- Metals
1004916,YAKIMA COUNTY TERRACE HTS LANDFILL,Waste,130876.25,YAKIMA COUNTY TERRACE HTS LANDFILL [1004916] -- Waste
1011217,"Athens-Hocking Landfill, Inc.",Waste,129003,"Athens-Hocking Landfill, Inc. [1011217] -- Waste"
1000017,BASF CORPORATION,Chemicals,128734.616,BASF CORPORATION [1000017] -- Chemicals
1002512,ROYAL OAKS LANDFILL,Waste,128466.5,ROYAL OAKS LANDFILL [1002512] -- Waste
1003339,IESI Buffalo Creek Landfill,Waste,128420.25,IESI Buffalo Creek Landfill [1003339] -- Waste
1002720,GRANGER Grand River Avenue Landfill,Waste,128213.5,GRANGER Grand River Avenue Landfill [1002720] -- Waste
1007730,"POET BIOREFINING LEIPSIC, LLC",Other,127984.868,"POET BIOREFINING LEIPSIC, LLC [1007730] -- Other"
1003481,ROBESON COUNTY LANDFILL,Waste,127840.25,ROBESON COUNTY LANDFILL [1003481] -- Waste
1004300,Onsemi East Fishkill Facility,Other,127631.3529204,Onsemi East Fishkill Facility [1004300] -- Other
1007176,Hood Container Corporation,Pulp and Paper,126940.36,Hood Container Corporation [1007176] -- Pulp and Paper
1004572,MCKAY BAY FACILITY,Waste,126880.668,MCKAY BAY FACILITY [1004572] -- Waste
1004365,TROPICANA MANUFACTURING CO INC,Other,126879.382,TROPICANA MANUFACTURING CO INC [1004365] -- Other
1002400,REWORLD HUNTINGTON,Waste,126565.348,REWORLD HUNTINGTON [1002400] -- Waste
1006814,Equistar Chemicals LP,Other,126419.972,Equistar Chemicals LP [1006814] -- Other
1004811,KEYSTONE STEEL & WIRE CO,Metals,126064.376,KEYSTONE STEEL & WIRE CO [1004811] -- Metals
1006652,Antelope Station,Power Plants,125720.276,Antelope Station [1006652] -- Power Plants
1010957,City of Dothan Sanitary Landfill,Waste,125369.75,City of Dothan Sanitary Landfill [1010957] -- Waste
1002056,Kaiser Aluminum Washington,Metals,124834.28,Kaiser Aluminum Washington [1002056] -- Metals
1001182,Roseton Generating Facility,Power Plants,124823.84,Roseton Generating Facility [1001182] -- Power Plants
1001675,TATE & LYLE SAGAMORE,Other,124457.26,TATE & LYLE SAGAMORE [1001675] -- Other
1005358,CARDINAL FG,Minerals,124207.156,CARDINAL FG [1005358] -- Minerals
1005322,PINE LAKE CORN PROCESSORS,Other,124046.332,PINE LAKE CORN PROCESSORS [1005322] -- Other
1004884,Brownsville Municipal Landfill,Waste,123646.25,Brownsville Municipal Landfill [1004884] -- Waste
1004995,Delhi (SESH) Compressor Station,Petroleum and Natural Gas Systems,123033.248,Delhi (SESH) Compressor Station [1004995] -- Petroleum and Natural Gas Systems
1007525,"POET Biorefining - North Manchester, LLC",Other,123004.936,"POET Biorefining - North Manchester, LLC [1007525] -- Other"
1001783,WESTERN SUGAR COOPERATIVE,Minerals,122995.764,WESTERN SUGAR COOPERATIVE [1001783] -- Minerals
1007193,"Constellium Rolled Products Ravenswood, LLC",Metals,122967.336,"Constellium Rolled Products Ravenswood, LLC [1007193] -- Metals"
1004099,CHARLESTON COUNTY LANDFILL,Waste,122935.25,CHARLESTON COUNTY LANDFILL [1004099] -- Waste
1004756,UNIVERSITY OF ILLINOIS AT CHICAGO,Other,122904.836,UNIVERSITY OF ILLINOIS AT CHICAGO [1004756] -- Other
1006048,New-Indy Oxnard LLC,Pulp and Paper,122731.988,New-Indy Oxnard LLC [1006048] -- Pulp and Paper
1004373,UNIVERSITY OF NOTRE DAME,Other,122566.19,UNIVERSITY OF NOTRE DAME [1004373] -- Other
1005590,AMERICAN REFINING GROUP INC,Petroleum Product Suppliers,122544.272,AMERICAN REFINING GROUP INC [1005590] -- Petroleum Product Suppliers
1003134,PAMPA PLANT,Chemicals,122111.848,PAMPA PLANT [1003134] -- Chemicals
1002163,University of Rochester,Other,121809.74,University of Rochester [1002163] -- Other
1006757,Southeast,Petroleum and Natural Gas Systems,121778.75,Southeast [1006757] -- Petroleum and Natural Gas Systems
1005003,BRACKENRIDGE PLANT,Metals,121703.668,BRACKENRIDGE PLANT [1005003] -- Metals
1005295,CENTRAL SANITARY LANDFILL,Waste,121694.75,CENTRAL SANITARY LANDFILL [1005295] -- Waste
1000372,CITY OF DENTON LANDFILL,Waste,120371.5,CITY OF DENTON LANDFILL [1000372] -- Waste
1006028,"NEW GEORGIA LANDFILL, BIRMINGHAM",Waste,120324.75,"NEW GEORGIA LANDFILL, BIRMINGHAM [1006028] -- Waste"
1005640,ELEMENTIS CHROMIUM,Chemicals,120282.924,ELEMENTIS CHROMIUM [1005640] -- Chemicals
1006912,POET BIOREFINING,Other,120279.648,POET BIOREFINING [1006912] -- Other
1002621,"NUCOR STEEL KANKAKEE, INC.",Metals,120039.208,"NUCOR STEEL KANKAKEE, INC. [1002621] -- Metals"
1006453,SHINTECH INCORPORATED,Other,119146.352,SHINTECH INCORPORATED [1006453] -- Other
1003337,IESI East Texas Regional Landfill,Waste,119009.25,IESI East Texas Regional Landfill [1003337] -- Waste
1004168,COLUMBIA GULF TRANSMISSION CO - DELHI COMPRESSOR STATION,Petroleum and Natural Gas Systems,118953.224,COLUMBIA GULF TRANSMISSION CO - DELHI COMPRESSOR STATION [1004168] -- Petroleum and Natural Gas Systems
1000624,WestRock Tacoma Mill,Pulp and Paper,118773.75,WestRock Tacoma Mill [1000624] -- Pulp and Paper
1003340,Southeast Resource Recovery Facility (SERRF),Waste,118603.96,Southeast Resource Recovery Facility (SERRF) [1003340] -- Waste
1002962,E ENERGY ADAMS,Other,118294.204,E ENERGY ADAMS [1002962] -- Other
1001108,Paris,Power Plants,118092.314,Paris [1001108] -- Power Plants
1002955,INEOS NITRILES USA LLC,Chemicals,118078.804,INEOS NITRILES USA LLC [1002955] -- Chemicals
1004102,VANDERBILT UNIVERSITY,Other,117988.304,VANDERBILT UNIVERSITY [1004102] -- Other
1002334,Jameson Gas Plant,Natural Gas and Natural Gas Liquids Suppliers,117775.644,Jameson Gas Plant [1002334] -- Natural Gas and Natural Gas Liquids Suppliers
1002263,Advancion Corporation,Chemicals,117619.236,Advancion Corporation [1002263] -- Chemicals
1001892,Billerud Quinnesec LLC,Pulp and Paper,117240.844,Billerud Quinnesec LLC [1001892] -- Pulp and Paper
1002066,GIDDINGS GAS PLANT,Petroleum and Natural Gas Systems,117232.85,GIDDINGS GAS PLANT [1002066] -- Petroleum and Natural Gas Systems
1004119,HAROLD J LANDRY LANDFILL,Waste,117053.5,HAROLD J LANDRY LANDFILL [1004119] -- Waste
1006176,PRAIRIE VIEW RECYCLING & DISPOSAL FAC,Waste,117004.696,PRAIRIE VIEW RECYCLING & DISPOSAL FAC [1006176] -- Waste
1000002,Ardagh Glass Inc. (Dunkirk),Minerals,116955.04,Ardagh Glass Inc. (Dunkirk) [1000002] -- Minerals
1011696,white oak landfill,Waste,116671.25,white oak landfill [1011696] -- Waste
1004753,KELCO,Other,116483.512,KELCO [1004753] -- Other
1002556,CONESTOGA LANDFILL,Waste,116327.6,CONESTOGA LANDFILL [1002556] -- Waste
1000329,CARDINAL GLASS PLT,Minerals,115984.292,CARDINAL GLASS PLT [1000329] -- Minerals
1005853,POET BIOREFINING - PORTLAND,Other,115876.062,POET BIOREFINING - PORTLAND [1005853] -- Other
1003379,Arconic US LLC,Metals,115844.064,Arconic US LLC [1003379] -- Metals
1001710,"Oxy Vinyls, LP- Pasadena Facility",Other,115123.516,"Oxy Vinyls, LP- Pasadena Facility [1001710] -- Other"
1005868,UNIVERSITY OF CHICAGO,Other,115065.716,UNIVERSITY OF CHICAGO [1005868] -- Other
1005558,CARDINAL FG COMPANY,Minerals,114972.84,CARDINAL FG COMPANY [1005558] -- Minerals
1000088,GSA Central Heating,Power Plants,114503.02,GSA Central Heating [1000088] -- Power Plants
1004773,Gas Transmission Northwest Pipeline Rosalia CS#6,Petroleum and Natural Gas Systems,113466.928,Gas Transmission Northwest Pipeline Rosalia CS#6 [1004773] -- Petroleum and Natural Gas Systems
1001952,WEST KENTUCKY LANDFILL,Waste,113432.4,WEST KENTUCKY LANDFILL [1001952] -- Waste
1009794,Mosaic Uncle Sam Facility,Chemicals,113357.25,Mosaic Uncle Sam Facility [1009794] -- Chemicals
1003837,BUSHMILLS ETHANOL INC.,Other,113085.224,BUSHMILLS ETHANOL INC. [1003837] -- Other
1003570,Ketjen Bayport Plant,Chemicals,112892.674,Ketjen Bayport Plant [1003570] -- Chemicals
1002643,MALOY SOLID WASTE LANDFILL,Waste,112808.5,MALOY SOLID WASTE LANDFILL [1002643] -- Waste
1005699,NCSU CENTRAL HEAT PLANT,Other,112758.352,NCSU CENTRAL HEAT PLANT [1005699] -- Other
1005140,Gwinville (SESH) Compressor Station,Petroleum and Natural Gas Systems,112732.978,Gwinville (SESH) Compressor Station [1005140] -- Petroleum and Natural Gas Systems
1004551,Blacks Fork Gas Plant,Natural Gas and Natural Gas Liquids Suppliers,112470.88,Blacks Fork Gas Plant [1004551] -- Natural Gas and Natural Gas Liquids Suppliers
1007402,Bunge,Other,112309.328,Bunge [1007402] -- Other
1000214,Cleveland-Cliffs Steel Corporation,Metals,112151.428,Cleveland-Cliffs Steel Corporation [1000214] -- Metals
1003498,POET BIOREFINING,Other,111870.028,POET BIOREFINING [1003498] -- Other
1007298,Middlesex County Landfill,Waste,111752.65,Middlesex County Landfill [1007298] -- Waste
1006228,Salinas Landfill,Waste,111658.5,Salinas Landfill [1006228] -- Waste
1007968,JOHNS MANVILLE,Minerals,111610.916,JOHNS MANVILLE [1007968] -- Minerals
1005008,Gas Transmission Northwest Pipeline Sandpoint CS#4,Petroleum and Natural Gas Systems,111439.036,Gas Transmission Northwest Pipeline Sandpoint CS#4 [1005008] -- Petroleum and Natural Gas Systems
1002032,BADGER STATE ETHANOL,Other,111350.88,BADGER STATE ETHANOL [1002032] -- Other
1001765,KAUAI ISLAND UTILITY COOPERATIVE - KAPAIA POWER STATION,Power Plants,111260.996,KAUAI ISLAND UTILITY COOPERATIVE - KAPAIA POWER STATION [1001765] -- Power Plants
1008002,Linde Decatur,Chemicals,111219.632,Linde Decatur [1008002] -- Chemicals
1008262,"Jireh Semiconductor, Inc.",Other,110902.096019,"Jireh Semiconductor, Inc. [1008262] -- Other"
1002149,International Paper - Springfield Mill,Pulp and Paper,110744.556,International Paper - Springfield Mill [1002149] -- Pulp and Paper
1001620,US Steel - Midwest Plant,Metals,110193.036,US Steel - Midwest Plant [1001620] -- Metals
1008027,"US NAVY, NAVY STATION, NORFOLK",Other,110166.698,"US NAVY, NAVY STATION, NORFOLK [1008027] -- Other"
1006611,MGM RESORTS INTERNATIONAL,Other,110103.336,MGM RESORTS INTERNATIONAL [1006611] -- Other
1004288,PINNACLE ETHANOL LLC d/b/a POET BIOREFINING - CORNING,Other,110032.736,PINNACLE ETHANOL LLC d/b/a POET BIOREFINING - CORNING [1004288] -- Other
1002561,SUSQUEHANNA RESOURCE MGMT COMPLEX,Waste,109850.868,SUSQUEHANNA RESOURCE MGMT COMPLEX [1002561] -- Waste
1006046,GRACE,Chemicals,109751.936,GRACE [1006046] -- Chemicals
1007724,DEKALB COUNTY LANDFILL,Waste,109707.04,DEKALB COUNTY LANDFILL [1007724] -- Waste
1004631,Cardinal FG - Spring Hill Plant,Minerals,109188,Cardinal FG - Spring Hill Plant [1004631] -- Minerals
1002615,PRYOR SOLAE,Other,108774.34,PRYOR SOLAE [1002615] -- Other
1006148,Onshore Treating Facility,Petroleum and Natural Gas Systems,108635.3,Onshore Treating Facility [1006148] -- Petroleum and Natural Gas Systems
1001859,"American Sugar Refining, Inc. - Baltimore Refinery",Other,108611.74,"American Sugar Refining, Inc. - Baltimore Refinery [1001859] -- Other"
1004901,International Paper-Port Wentworth,Pulp and Paper,108096.91,International Paper-Port Wentworth [1004901] -- Pulp and Paper
1005727,"POET BIOREFINING - GOWRIE, LLC",Other,107850.544,"POET BIOREFINING - GOWRIE, LLC [1005727] -- Other"
1002804,J R SIMPLOT CO,Other,107816.9,J R SIMPLOT CO [1002804] -- Other
1006672,"POET Biorefining Mitchell, LLC",Other,107747.944,"POET Biorefining Mitchell, LLC [1006672] -- Other"
1004225,Cardinal FG Company,Minerals,107117.576,Cardinal FG Company [1004225] -- Minerals
1001841,"Honda Development & Manufacturing of America, LLC",Other,106936.484,"Honda Development & Manufacturing of America, LLC [1001841] -- Other"
1000365,Kersey Valley MSW Landfill,Waste,106752.75,Kersey Valley MSW Landfill [1000365] -- Waste
1004858,Northern Border Pipeline Zeeland CS#8,Petroleum and Natural Gas Systems,106706.204,Northern Border Pipeline Zeeland CS#8 [1004858] -- Petroleum and Natural Gas Systems
1009505,"Flint Hills Resources Joliet, LLC",Chemicals,106697.716,"Flint Hills Resources Joliet, LLC [1009505] -- Chemicals"
1001704,Occidental Chemical Corporation,Chemicals,106678.148,Occidental Chemical Corporation [1001704] -- Chemicals
1002085,Cefe Valenzuela Landfill,Waste,106575.3,Cefe Valenzuela Landfill [1002085] -- Waste
1005915,CARDINAL FG FLAT GLASS PLANT,Minerals,106520.328,CARDINAL FG FLAT GLASS PLANT [1005915] -- Minerals
1004922,Northern Border Pipeline Wetonka CS#9,Petroleum and Natural Gas Systems,106505.15,Northern Border Pipeline Wetonka CS#9 [1004922] -- Petroleum and Natural Gas Systems
1004912,Northern Border Pipeline Glen Ullin CS#6,Petroleum and Natural Gas Systems,106376.302,Northern Border Pipeline Glen Ullin CS#6 [1004912] -- Petroleum and Natural Gas Systems
1005964,GOLDEN TRIANGLE REGIONAL SOLID WASTE MANAGEMENT AUTHORITY,Waste,106328.862,GOLDEN TRIANGLE REGIONAL SOLID WASTE MANAGEMENT AUTHORITY [1005964] -- Waste
1005035,JR SIMPLOT COMPANY DON SIDING COMPLEX,Chemicals,105807.044,JR SIMPLOT COMPANY DON SIDING COMPLEX [1005035] -- Chemicals
1004584,"POET Biorefining - Caro, LLC",Other,105803.852,"POET Biorefining - Caro, LLC [1004584] -- Other"
1002106,PRIMA DESHECHA LANDFILL,Waste,105693.25,PRIMA DESHECHA LANDFILL [1002106] -- Waste
1006994,Pratt Industries,Pulp and Paper,105570.25,Pratt Industries [1006994] -- Pulp and Paper
1005126,"BIRLA CARBON USA, Inc.",Chemicals,105506.248,"BIRLA CARBON USA, Inc. [1005126] -- Chemicals"
1004799,WE HEREFORD LLC,Other,105274.504,WE HEREFORD LLC [1004799] -- Other
1007885,BASF CORP ATTAPULGUS OPS,Minerals,105243.554,BASF CORP ATTAPULGUS OPS [1007885] -- Minerals
1005814,Befesa Zinc US INC,Metals,105187.384,Befesa Zinc US INC [1005814] -- Metals
1005683,"SIOUXLAND ETHANOL, LLC",Other,105129.63,"SIOUXLAND ETHANOL, LLC [1005683] -- Other"
1006203,ARKALON ETHANOL LLC,Other,104536.156,ARKALON ETHANOL LLC [1006203] -- Other
1002567,WHITESIDE COUNTY LANDFILL,Waste,104451.598,WHITESIDE COUNTY LANDFILL [1002567] -- Waste
1004906,Northern Border Pipeline Clark CS#10,Petroleum and Natural Gas Systems,104212.56,Northern Border Pipeline Clark CS#10 [1004906] -- Petroleum and Natural Gas Systems
1006344,AUGUSTA COUNTY SVC AUTHORITY LANDFILL,Waste,104082.55,AUGUSTA COUNTY SVC AUTHORITY LANDFILL [1006344] -- Waste
1002744,SOUTHEASTERN CT RESOURCE RECOVERY FACILITY,Waste,103872.84,SOUTHEASTERN CT RESOURCE RECOVERY FACILITY [1002744] -- Waste
1005136,UMASS PHYSICAL PLANT BUILDING,Other,103468.332,UMASS PHYSICAL PLANT BUILDING [1005136] -- Other
1004917,Northern Border Pipeline Trimont CS#13,Petroleum and Natural Gas Systems,103199.914,Northern Border Pipeline Trimont CS#13 [1004917] -- Petroleum and Natural Gas Systems
1006774,Red Wing Plant,Power Plants,102824.296,Red Wing Plant [1006774] -- Power Plants
1007668,REDWOOD LANDFILL,Waste,102635.472,REDWOOD LANDFILL [1007668] -- Waste
1000324,Marlboro Paper Mill,Pulp and Paper,102527.196,Marlboro Paper Mill [1000324] -- Pulp and Paper
1006007,POET Biorefining - Hanlontown LLC,Other,102352.064,POET Biorefining - Hanlontown LLC [1006007] -- Other
1000620,LUBRIZOL DEER PARK PLANT,Chemicals,102177.916,LUBRIZOL DEER PARK PLANT [1000620] -- Chemicals
1000240,"SP Fiber Technologies Southeast, LLC",Pulp and Paper,102077.588,"SP Fiber Technologies Southeast, LLC [1000240] -- Pulp and Paper"
1001975,OWENS-BROCKWAY GLASS CONTAINER INC PLANT 28,Minerals,101575.792,OWENS-BROCKWAY GLASS CONTAINER INC PLANT 28 [1001975] -- Minerals
1005312,PMC BIOGENIX INC,Chemicals,101463.268,PMC BIOGENIX INC [1005312] -- Chemicals
1005011,Northern Border Pipeline Manning CS#5,Petroleum and Natural Gas Systems,101287.176,Northern Border Pipeline Manning CS#5 [1005011] -- Petroleum and Natural Gas Systems
1004908,Northern Border Pipeline Estelline CS#11,Petroleum and Natural Gas Systems,101253.37,Northern Border Pipeline Estelline CS#11 [1004908] -- Petroleum and Natural Gas Systems
1004332,GREEN PLAINS SHENANDOAH LLC,Other,101170.12,GREEN PLAINS SHENANDOAH LLC [1004332] -- Other
1005653,INTERNATIONAL PAPER - BOGALUSA MILL,Pulp and Paper,101018.304,INTERNATIONAL PAPER - BOGALUSA MILL [1005653] -- Pulp and Paper
1007114,SPIRIT AEROSYSTEMS INC,Other,100998.62,SPIRIT AEROSYSTEMS INC [1007114] -- Other
1003933,Camden County SR 110 MSW Landfill,Waste,100992.5,Camden County SR 110 MSW Landfill [1003933] -- Waste
1002160,GUARDIAN INDUSTRIES LLC,Minerals,100891.63,GUARDIAN INDUSTRIES LLC [1002160] -- Minerals
1001047,Roland C. Dansby Power Plant,Power Plants,100845.076,Roland C. Dansby Power Plant [1001047] -- Power Plants
1002789,Deltech Monomers OpCo,Chemicals,100626.572,Deltech Monomers OpCo [1002789] -- Chemicals
1004053,City of Spokane Waste-to-Energy,Waste,100598.634,City of Spokane Waste-to-Energy [1004053] -- Waste
1007348,Optimus Steel LLC,Metals,100347.992,Optimus Steel LLC [1007348] -- Metals
1001715,DU PONT PONTCHARTRAIN WORKS,Chemicals,100340.372,DU PONT PONTCHARTRAIN WORKS [1001715] -- Chemicals
1006368,Northern Border Pipeline Garvin CS#12,Petroleum and Natural Gas Systems,100320.974,Northern Border Pipeline Garvin CS#12 [1006368] -- Petroleum and Natural Gas Systems
1005369,HUSKER AG L L C,Other,99896.724,HUSKER AG L L C [1005369] -- Other
1006030,POET Biorefining - Hudson,Other,99740.824,POET Biorefining - Hudson [1006030] -- Other
1007866,NLMK INDIANA,Metals,99614.244,NLMK INDIANA [1007866] -- Metals
1006505,TOWNER COMPRESSOR STATION,Petroleum and Natural Gas Systems,99483.026,TOWNER COMPRESSOR STATION [1006505] -- Petroleum and Natural Gas Systems
1002181,Anchor Glass Container - Plant 41,Minerals,99283.828,Anchor Glass Container - Plant 41 [1002181] -- Minerals
1003581,Cleveland-Cliffs Tek Inc. and Cleveland-Cliffs Kote Inc.,Metals,98928.028,Cleveland-Cliffs Tek Inc. and Cleveland-Cliffs Kote Inc. [1003581] -- Metals
1004252,JOHNSTON COUNTY MSW LANDFILL,Waste,98907.25,JOHNSTON COUNTY MSW LANDFILL [1004252] -- Waste
1004132,CITY OF FLAGSTAFF - CINDER LAKE LANDFILL,Waste,98814,CITY OF FLAGSTAFF - CINDER LAKE LANDFILL [1004132] -- Waste
1004800,YALE UNIVERSITY - SCHOOL OF MEDICINE,Other,98780.96,YALE UNIVERSITY - SCHOOL OF MEDICINE [1004800] -- Other
1007916,Chemours Belle Plant,Chemicals,98684.536,Chemours Belle Plant [1007916] -- Chemicals
1004771,Northern Border Pipeline Saint Anthony CS#7,Petroleum and Natural Gas Systems,98676.33,Northern Border Pipeline Saint Anthony CS#7 [1004771] -- Petroleum and Natural Gas Systems
1006025,WALKER MOUNTAIN LANDFILL-ROME-FLOYD SW COMMISSION,Waste,98379,WALKER MOUNTAIN LANDFILL-ROME-FLOYD SW COMMISSION [1006025] -- Waste
1002864,GUARDIAN INDUSTRIES - DeWitt,Minerals,98145.74,GUARDIAN INDUSTRIES - DeWitt [1002864] -- Minerals
1006775,"Milford Power, LLC",Power Plants,97706.688,"Milford Power, LLC [1006775] -- Power Plants"
1004987,"Tyson Farms, Inc/ Cuthbert Plant",Other,97465.84,"Tyson Farms, Inc/ Cuthbert Plant [1004987] -- Other"
1002270,University of Maryland,Other,97315.41,University of Maryland [1002270] -- Other
1006209,International Paper - Flint River Mill,Pulp and Paper,97188.456,International Paper - Flint River Mill [1006209] -- Pulp and Paper
1002746,Rock Prairie Road Landfill,Waste,97187,Rock Prairie Road Landfill [1002746] -- Waste
1003863,Columbus Pine Grove MSWLF,Waste,97037.5,Columbus Pine Grove MSWLF [1003863] -- Waste
1003544,"DISPOSAL SERVICE, INC. SANITARY LANDFILL",Waste,97036.848,"DISPOSAL SERVICE, INC. SANITARY LANDFILL [1003544] -- Waste"
1001943,BLACKBURN SANITARY LANDFILL,Waste,96948.5,BLACKBURN SANITARY LANDFILL [1001943] -- Waste
1002696,TYSON FOODS-RIVER VALLEY,Other,96754.886,TYSON FOODS-RIVER VALLEY [1002696] -- Other
1004713,Poet Biorefining-Big Stone,Other,96557.536,Poet Biorefining-Big Stone [1004713] -- Other
1006138,"UNITED ETHANOL, LLC",Other,96346.488,"UNITED ETHANOL, LLC [1006138] -- Other"
1002216,CMC Steel Florida,Metals,96116.996,CMC Steel Florida [1002216] -- Metals
1006417,BAYVIEW LANDFILL,Waste,96105.95,BAYVIEW LANDFILL [1006417] -- Waste
1004480,MISSISSIPPI COUNTY LANDFILL,Waste,95717.45,MISSISSIPPI COUNTY LANDFILL [1004480] -- Waste
1004835,YALE UNIVERSITY CENTRAL POWER PLANT,Other,95583.674,YALE UNIVERSITY CENTRAL POWER PLANT [1004835] -- Other
1005318,CITY OF CONWAY LANDFILL & MRF,Waste,95578.25,CITY OF CONWAY LANDFILL & MRF [1005318] -- Waste
1003981,SMI STEEL LLC,Metals,95472.52,SMI STEEL LLC [1003981] -- Metals
1004266,UNIVERSITY OF CONNECTICUT,Other,95455.93,UNIVERSITY OF CONNECTICUT [1004266] -- Other
1005074,Anchor Glass Container Corporation - Plant 15,Minerals,95412.048,Anchor Glass Container Corporation - Plant 15 [1005074] -- Minerals
1000045,TYSON POULTRY INC.-SEDALIA,Other,94794.952,TYSON POULTRY INC.-SEDALIA [1000045] -- Other
1001663,MORTON SALT,Other,94768.268,MORTON SALT [1001663] -- Other
1005319,NORTHEAST ARKANSAS REGIONAL SOLID WASTE MANAGEMENT DISTRICT,Waste,94592.25,NORTHEAST ARKANSAS REGIONAL SOLID WASTE MANAGEMENT DISTRICT [1005319] -- Waste
1007394,COLUMBIA GULF TRANSMISSION LLC - RAYNE COMPRESSOR STATION,Petroleum and Natural Gas Systems,93439.784,COLUMBIA GULF TRANSMISSION LLC - RAYNE COMPRESSOR STATION [1007394] -- Petroleum and Natural Gas Systems
1004357,Columbia Gas Transmission LLC Lost River CS,Petroleum and Natural Gas Systems,93242.72,Columbia Gas Transmission LLC Lost River CS [1004357] -- Petroleum and Natural Gas Systems
1006274,EXXONMOBIL CHEMICAL MONT BELVIEU PLASTICS PLANT,Other,93204.2,EXXONMOBIL CHEMICAL MONT BELVIEU PLASTICS PLANT [1006274] -- Other
1001656,"SNG Station 5222 Enterprise, MS",Petroleum and Natural Gas Systems,92963.492,"SNG Station 5222 Enterprise, MS [1001656] -- Petroleum and Natural Gas Systems"
1001840,Evraz Oregon Steel,Metals,92843,Evraz Oregon Steel [1001840] -- Metals
1003101,EAST CAROLINA REGIONAL LANDFILL,Waste,92680,EAST CAROLINA REGIONAL LANDFILL [1003101] -- Waste
1004504,ISP LIMA LLC,Chemicals,92551.402,ISP LIMA LLC [1004504] -- Chemicals
1006818,EAST PENN LYONS SMELTER & BATTERY PLT,Metals,92499.824,EAST PENN LYONS SMELTER & BATTERY PLT [1006818] -- Metals
1002579,Georgia-Pacific Gypsum LLC - Cumberland,Minerals,92313.7237582068,Georgia-Pacific Gypsum LLC - Cumberland [1002579] -- Minerals
1003488,RAND-WHITNEY CONTAINERBOARD LP,Pulp and Paper,92176.752,RAND-WHITNEY CONTAINERBOARD LP [1003488] -- Pulp and Paper
1006525,CARGILL INC-CEDAR RAPIDS,Other,92119.004,CARGILL INC-CEDAR RAPIDS [1006525] -- Other
1003297,DUKE UNIVERSITY,Other,91985.848,DUKE UNIVERSITY [1003297] -- Other
1002762,KERN RIVER GAS TRANSMISSION COMPANY: GOODSPRINGS COMPRESSOR STATION,Petroleum and Natural Gas Systems,91759.858,KERN RIVER GAS TRANSMISSION COMPANY: GOODSPRINGS COMPRESSOR STATION [1002762] -- Petroleum and Natural Gas Systems
1005870,"COVANTA BABYLON, INC.",Waste,91755.248,"COVANTA BABYLON, INC. [1005870] -- Waste"
1002988,LOUIS DREYFUS COMPANY AGRICULTURAL INDUSTRIES LL,Other,91741.304,LOUIS DREYFUS COMPANY AGRICULTURAL INDUSTRIES LL [1002988] -- Other
1005097,L P GILL LANDFILL,Waste,91739.35,L P GILL LANDFILL [1005097] -- Waste
1003147,ALCOA-MARYVILLE-BLOUNT COUNTY LANDFILL,Waste,91614.5,ALCOA-MARYVILLE-BLOUNT COUNTY LANDFILL [1003147] -- Waste
1002788,ENID CITY LNDFLL,Waste,91541.5,ENID CITY LNDFLL [1002788] -- Waste
1006499,CALUMET LUBRICANTS CO LP CALUMET COTTON VALLEY,Chemicals,91427.794,CALUMET LUBRICANTS CO LP CALUMET COTTON VALLEY [1006499] -- Chemicals
1000069,"Wallingford Energy, LLC",Power Plants,91363.26,"Wallingford Energy, LLC [1000069] -- Power Plants"
1002064,"EPNG Station 6796 Window Rock, AZ",Petroleum and Natural Gas Systems,91295.702,"EPNG Station 6796 Window Rock, AZ [1002064] -- Petroleum and Natural Gas Systems"
1002139,MC 736 A-Thunder Hawk (Complex ID # 2045),Petroleum and Natural Gas Systems,91117.594,MC 736 A-Thunder Hawk (Complex ID # 2045) [1002139] -- Petroleum and Natural Gas Systems
1000245,"ALLIANCE PIPELINE, L.P.-FAIRMOUNT COMPRESSOR STATION",Petroleum and Natural Gas Systems,90855.258,"ALLIANCE PIPELINE, L.P.-FAIRMOUNT COMPRESSOR STATION [1000245] -- Petroleum and Natural Gas Systems"
1007333,AGC FLAT GLASS N AMERICA INC,Minerals,90785.904,AGC FLAT GLASS N AMERICA INC [1007333] -- Minerals
1001960,Grand Island Regional Landfill,Waste,90514.55,Grand Island Regional Landfill [1001960] -- Waste
1004626,"PRATT PAPER (NY), INC.",Pulp and Paper,90468.66,"PRATT PAPER (NY), INC. [1004626] -- Pulp and Paper"
1006306,PERRY RIDGE LANDFILL INC,Waste,90415.7,PERRY RIDGE LANDFILL INC [1006306] -- Waste
1002052,US GYPSUM - BRIDGEPORT PLANT,Minerals,90231.36,US GYPSUM - BRIDGEPORT PLANT [1002052] -- Minerals
1004585,Georgetown Facility,Minerals,90034.76,Georgetown Facility [1004585] -- Minerals
1001948,Steelhead Platform,Petroleum and Natural Gas Systems,90005.892,Steelhead Platform [1001948] -- Petroleum and Natural Gas Systems
1002606,"PHARMACIA & UPJOHN COMPANY, LLC",Chemicals,89979.212,"PHARMACIA & UPJOHN COMPANY, LLC [1002606] -- Chemicals"
1001257,Carr Street Generating Station,Power Plants,89736.668,Carr Street Generating Station [1001257] -- Power Plants
1003422,ADKINS ENERGY LLC,Other,89423.364,ADKINS ENERGY LLC [1003422] -- Other
1006060,Ardagh Glass Inc. (Winchester),Minerals,89035.704,Ardagh Glass Inc. (Winchester) [1006060] -- Minerals
1007018,"EASTERN AREA LANDFILL, BIRMINGHAM",Waste,89002,"EASTERN AREA LANDFILL, BIRMINGHAM [1007018] -- Waste"
1001071,DIDION ETHANOL LLC,Other,88974.364,DIDION ETHANOL LLC [1001071] -- Other
1006941,Pfizer,Other,88454.382,Pfizer [1006941] -- Other
1003261,MERCK SHARP & DOHME LLC - RAHWAY,Chemicals,88290.156,MERCK SHARP & DOHME LLC - RAHWAY [1003261] -- Chemicals
1006905,DCP MIDSTREAM LP/OKARCHE GAS PLT,Petroleum and Natural Gas Systems,88164.24,DCP MIDSTREAM LP/OKARCHE GAS PLT [1006905] -- Petroleum and Natural Gas Systems
1007638,TWIN BRIDGES RDF,Waste,88132.5,TWIN BRIDGES RDF [1007638] -- Waste
1004493,GERDAU AMERISTEEL,Metals,88005.124,GERDAU AMERISTEEL [1004493] -- Metals
1007063,POET Biorefining - Groton,Other,87869.72,POET Biorefining - Groton [1007063] -- Other
1000478,Sandoval County Landfill,Waste,87788.25,Sandoval County Landfill [1000478] -- Waste
1004887,LANDFILL 33 LTD,Waste,87639.5,LANDFILL 33 LTD [1004887] -- Waste
1003713,INDIANA UNIVERSITY,Other,87562.882,INDIANA UNIVERSITY [1003713] -- Other
1002132,LA SALLE/GRANT PARISH SANITARY LANDFILL,Waste,87375,LA SALLE/GRANT PARISH SANITARY LANDFILL [1002132] -- Waste
1006022,"Big River Resources Boyceville, LLC",Other,87265.472,"Big River Resources Boyceville, LLC [1006022] -- Other"
1000591,ENERGY CENTER MINNEAPOLIS,Power Plants,87180.02,ENERGY CENTER MINNEAPOLIS [1000591] -- Power Plants
1002197,PHELPS DODGE REFINING CORPORATION,Metals,87140.972,PHELPS DODGE REFINING CORPORATION [1002197] -- Metals
1002662,UNITED WISCONSIN GRAIN PRODUCERS LLC,Other,86983.472,UNITED WISCONSIN GRAIN PRODUCERS LLC [1002662] -- Other
1002565,SAN JOAQUIN REFINING CO INC,Chemicals,86934.868,SAN JOAQUIN REFINING CO INC [1002565] -- Chemicals
1001780,Auriga Polymers Inc.,Other,86690.824,Auriga Polymers Inc. [1001780] -- Other
1006694,Green Plains York LLC,Other,86449.424,Green Plains York LLC [1006694] -- Other
1007799,WILLIAMSON COUNTY LANDFILL HUTTO,Waste,86287.75,WILLIAMSON COUNTY LANDFILL HUTTO [1007799] -- Waste
1004656,CHS MANKATO,Other,86253.976,CHS MANKATO [1004656] -- Other
1001103,GERDAU AMERISTEEL CARTERSVILLE STEEL MILL,Metals,86209.26,GERDAU AMERISTEEL CARTERSVILLE STEEL MILL [1001103] -- Metals
1003267,Hoover Diana Platform (AC25-HA),Petroleum and Natural Gas Systems,86192.468,Hoover Diana Platform (AC25-HA) [1003267] -- Petroleum and Natural Gas Systems
1005705,ALLIANCE PIPELINE - OLIVIA 23-A,Petroleum and Natural Gas Systems,86135.976,ALLIANCE PIPELINE - OLIVIA 23-A [1005705] -- Petroleum and Natural Gas Systems
1006902,UMASS MEDICAL SCHOOL,Other,86068.908,UMASS MEDICAL SCHOOL [1006902] -- Other
1007437,"EPNG Station 6794 Williams, AZ",Petroleum and Natural Gas Systems,86047.142,"EPNG Station 6794 Williams, AZ [1007437] -- Petroleum and Natural Gas Systems"
1007546,NNSWC LANDFILL,Waste,85908.35,NNSWC LANDFILL [1007546] -- Waste
1007128,JOHNSON CANYON SANITARY LANDFILL,Waste,85788.25,JOHNSON CANYON SANITARY LANDFILL [1007128] -- Waste
1003033,AVA LANDFILL,Waste,85639.898,AVA LANDFILL [1003033] -- Waste
1007593,HUNTINGTON ALLOYS CORPORATION,Metals,85534.728,HUNTINGTON ALLOYS CORPORATION [1007593] -- Metals
1006269,STERLING STEEL COMPANY LLC,Metals,85048.448,STERLING STEEL COMPANY LLC [1006269] -- Metals
1005172,"COVANTA BRISTOL, INC",Waste,85035.586,"COVANTA BRISTOL, INC [1005172] -- Waste"
1004062,US MARINE CORPS BASE CAMP LEJEUNE,Waste,84379.872,US MARINE CORPS BASE CAMP LEJEUNE [1004062] -- Waste
1002007,OWENS-BROCKWAY GLASS CONTAINER INC.,Minerals,84374.556,OWENS-BROCKWAY GLASS CONTAINER INC. [1002007] -- Minerals
1005905,"E F Kenilworth, Inc.",Power Plants,84346.932,"E F Kenilworth, Inc. [1005905] -- Power Plants"
1006947,FREEPORT-MCMORAN MIAMI INC,Metals,84247.73,FREEPORT-MCMORAN MIAMI INC [1006947] -- Metals
1005812,GreenAmerica Biofuels Ord LLC,Other,84242.732,GreenAmerica Biofuels Ord LLC [1005812] -- Other
1005075,BUNGE NORTH AMERICA INC,Other,84066.532,BUNGE NORTH AMERICA INC [1005075] -- Other
1001809,MARYSVILLE ETHANOL LLC,Other,83938.532,MARYSVILLE ETHANOL LLC [1001809] -- Other
1002200,Waupaca Foundry INC. - PLT 1,Metals,83654.052,Waupaca Foundry INC. - PLT 1 [1002200] -- Metals
1002644,CSC DISPOSAL AND LANDFILL,Waste,83604,CSC DISPOSAL AND LANDFILL [1002644] -- Waste
1006225,Tilden Gas Plant,Injection of CO2,83498.742,Tilden Gas Plant [1006225] -- Injection of CO2
1000186,Procter & Gamble Company - Ivorydale,Chemicals,83142.288,Procter & Gamble Company - Ivorydale [1000186] -- Chemicals
1000615,Lamb Weston Twin Falls,Other,83139.25,Lamb Weston Twin Falls [1000615] -- Other
1004829,TRECORA HYDROCARBONS LLC,Chemicals,83079.088,TRECORA HYDROCARBONS LLC [1004829] -- Chemicals
1001559,ALLIANCE PIPELINE L.P. - MANCHESTER,Petroleum and Natural Gas Systems,82854.688,ALLIANCE PIPELINE L.P. - MANCHESTER [1001559] -- Petroleum and Natural Gas Systems
1005217,WESTERN NEW YORK ENERGY LLC,Other,82821.588,WESTERN NEW YORK ENERGY LLC [1005217] -- Other
1002042,Matheson - LIMA I PLANT,Chemicals,82793.9,Matheson - LIMA I PLANT [1002042] -- Chemicals
1005440,Upper Southwest Regional Soild Waste Management District,Waste,82702,Upper Southwest Regional Soild Waste Management District [1005440] -- Waste
1006806,SOUTH CUSHMAN LANDFILL,Waste,82673.394,SOUTH CUSHMAN LANDFILL [1006806] -- Waste
1006455,STARRETT CITY POWER PLANT,Other,82611.274,STARRETT CITY POWER PLANT [1006455] -- Other
1000198,LEHIGH WHITE CEMENT CO LLC,Minerals,82526.03,LEHIGH WHITE CEMENT CO LLC [1000198] -- Minerals
1000272,UCC South Charleston Plant,Chemicals,82514.84,UCC South Charleston Plant [1000272] -- Chemicals
1010134,Texas Instruments - Sherman,Other,82454.77794,Texas Instruments - Sherman [1010134] -- Other
1004382,Carthage,Petroleum and Natural Gas Systems,82000.654,Carthage [1004382] -- Petroleum and Natural Gas Systems
1006797,ARKEMA INC CLEAR LAKE,Chemicals,81832.892,ARKEMA INC CLEAR LAKE [1006797] -- Chemicals
1006965,United States Gypsum Company of Sweetwater,Minerals,81737.892,United States Gypsum Company of Sweetwater [1006965] -- Minerals
1005020,"Poet Biorefining Lake Crystal, LLC",Other,81703.39,"Poet Biorefining Lake Crystal, LLC [1005020] -- Other"
1007540,NEVADA GOLD MINES LLC - CARLIN SOUTH AREA,Other,81695.282,NEVADA GOLD MINES LLC - CARLIN SOUTH AREA [1007540] -- Other
1003482,Streetman Plant,Minerals,81653.962,Streetman Plant [1003482] -- Minerals
1002550,SALINA MUNICIPAL SOLID WASTE LANDFILL,Waste,81644.1,SALINA MUNICIPAL SOLID WASTE LANDFILL [1002550] -- Waste
1005586,HIGHWATER ETHANOL LLC,Other,81610.292,HIGHWATER ETHANOL LLC [1005586] -- Other
1007847,MID-MISSOURI ENERGY LLC,Other,81534.192,MID-MISSOURI ENERGY LLC [1007847] -- Other
1007548,FIRESTONE POLYMERS - LAKE CHARLES FACILITY,Other,81288.544,FIRESTONE POLYMERS - LAKE CHARLES FACILITY [1007548] -- Other
1002682,University of Washington Seattle Campus,Other,80935.838,University of Washington Seattle Campus [1002682] -- Other
1003714,Iroquois Bio Energy Company,Other,80935.446,Iroquois Bio Energy Company [1003714] -- Other
1002226,OWENS-BROCKWAY GLASS CONTAINER INC PLANT NO 12,Minerals,80883.784,OWENS-BROCKWAY GLASS CONTAINER INC PLANT NO 12 [1002226] -- Minerals
1003749,INGEVITY VIRGINIA CORPORATION - CARBON PLANT,Chemicals,80867.896,INGEVITY VIRGINIA CORPORATION - CARBON PLANT [1003749] -- Chemicals
1008025,LEAF RIVER CELLULOSE LLC,Pulp and Paper,80704.164,LEAF RIVER CELLULOSE LLC [1008025] -- Pulp and Paper
1004761,ACE ETHANOL LLC,Other,80642.396,ACE ETHANOL LLC [1004761] -- Other
1003135,CARBON GREEN BIOENERGY,Other,80617.642,CARBON GREEN BIOENERGY [1003135] -- Other
1006321,HENDERSON GAS PLANT,Petroleum and Natural Gas Systems,80178.2,HENDERSON GAS PLANT [1006321] -- Petroleum and Natural Gas Systems
1002173,GRANITE FALLS ENERGY LLC,Other,80142.548,GRANITE FALLS ENERGY LLC [1002173] -- Other
1003276,SAFETY-KLEEN SYSTEMS,Petroleum and Natural Gas Systems,80092.836,SAFETY-KLEEN SYSTEMS [1003276] -- Petroleum and Natural Gas Systems
1006663,DOVER MUNICIPAL LIGHT PLANT (0679010146),Power Plants,79990.788,DOVER MUNICIPAL LIGHT PLANT (0679010146) [1006663] -- Power Plants
1004942,Anchor Glass Container Corporation. - Plant 12,Minerals,79975.744,Anchor Glass Container Corporation. - Plant 12 [1004942] -- Minerals
1003893,HAYES LANDFILL,Waste,79904.9,HAYES LANDFILL [1003893] -- Waste
1003516,Knox County Landfill,Waste,79811.1,Knox County Landfill [1003516] -- Waste
1000105,Ardagh Glass Inc. (Dolton),Minerals,79743.744,Ardagh Glass Inc. (Dolton) [1000105] -- Minerals
1002256,MARKHAM GAS PROCESSING PLANT,Petroleum and Natural Gas Systems,79632.816,MARKHAM GAS PROCESSING PLANT [1002256] -- Petroleum and Natural Gas Systems
1005337,"DECORATIVE PANELS INTERNATIONAL, INC.",Other,79610.356,"DECORATIVE PANELS INTERNATIONAL, INC. [1005337] -- Other"
1000656,The President and Fellows of Harvard University (Cambridge Allston Blackstone),Other,79476.042,The President and Fellows of Harvard University (Cambridge Allston Blackstone) [1000656] -- Other
1007810,SUMNER LANDFILL,Waste,79474.198,SUMNER LANDFILL [1007810] -- Waste
1004254,CAMPBELL SOUP COMPANY (0335010105),Other,79401.452,CAMPBELL SOUP COMPANY (0335010105) [1004254] -- Other
1002045,THIELE KAOLIN SANDERSVILLE,Other,79377.15,THIELE KAOLIN SANDERSVILLE [1002045] -- Other
1001770,MOCCASIN MIKE SANITARY LANDFILL,Waste,79332.25,MOCCASIN MIKE SANITARY LANDFILL [1001770] -- Waste
1005929,HERON LAKE BIOENERGY LLC,Other,79209.552,HERON LAKE BIOENERGY LLC [1005929] -- Other
1006446,University of Arizona,Other,79182.052,University of Arizona [1006446] -- Other
1003574,EGAN,Petroleum and Natural Gas Systems,79181.422,EGAN [1003574] -- Petroleum and Natural Gas Systems
1000201,UNIVERSITY OF TENNESSEE STEAM PLANT,Other,79077.452,UNIVERSITY OF TENNESSEE STEAM PLANT [1000201] -- Other
1004152,NUCOR STEEL BIRMINGHAM INC,Metals,78877.922,NUCOR STEEL BIRMINGHAM INC [1004152] -- Metals
1008750,"Solvay Specialty Polymers USA, L.L.C.",Other,78715.504,"Solvay Specialty Polymers USA, L.L.C. [1008750] -- Other"
1002626,FORD MOTOR COMPANY - FORD KENTUCKY TRUCK PLANT,Other,78715.304,FORD MOTOR COMPANY - FORD KENTUCKY TRUCK PLANT [1002626] -- Other
1006459,Nelson County Solid Waste Disposal Facility,Waste,78580.75,Nelson County Solid Waste Disposal Facility [1006459] -- Waste
1002167,BARTHOLOMEW COUNTY LANDFILL II,Waste,78387.9,BARTHOLOMEW COUNTY LANDFILL II [1002167] -- Waste
1001224,Brush Power Projects,Power Plants,78196.372,Brush Power Projects [1001224] -- Power Plants
1006883,Armstrong World Industries Inc,Other,78086.356,Armstrong World Industries Inc [1006883] -- Other
1000028,Ardagh Glass Inc. (Pevely),Minerals,77742.556,Ardagh Glass Inc. (Pevely) [1000028] -- Minerals
1006954,TRANSCO STATION 105,Petroleum and Natural Gas Systems,77693.316,TRANSCO STATION 105 [1006954] -- Petroleum and Natural Gas Systems
1005849,U S SALT - WATKINS GLEN REFINERY,Other,77690.308,U S SALT - WATKINS GLEN REFINERY [1005849] -- Other
1004230,"POET Biorefining - Preston, LLC",Other,77680.608,"POET Biorefining - Preston, LLC [1004230] -- Other"
1008768,Microchip Technology Inc.,Other,77656.722351,Microchip Technology Inc. [1008768] -- Other
1005031,Port Allen Complex,Natural Gas and Natural Gas Liquids Suppliers,77628.138,Port Allen Complex [1005031] -- Natural Gas and Natural Gas Liquids Suppliers
1000003,Ardagh Glass Inc. (Henderson),Minerals,77625.44,Ardagh Glass Inc. (Henderson) [1000003] -- Minerals
1010066,NXP Semiconductors - EB site,Other,77528.052339,NXP Semiconductors - EB site [1010066] -- Other
1011302,Tucker County Landfill,Waste,77276.75,Tucker County Landfill [1011302] -- Waste
1001664,McWane Ductile - Ohio,Metals,77169.49,McWane Ductile - Ohio [1001664] -- Metals
1005997,PETRO STAR VALDEZ REFINERY,Chemicals,76997.524,PETRO STAR VALDEZ REFINERY [1005997] -- Chemicals
1006351,THREE RIVERS REGIONAL MSW LANDFILL,Waste,76925.5,THREE RIVERS REGIONAL MSW LANDFILL [1006351] -- Waste
1000857,POET BIOREFINING GLENVILLE LLC,Other,76914.56,POET BIOREFINING GLENVILLE LLC [1000857] -- Other
1002179,KIMBERLY-CLARK CORP.,Pulp and Paper,76893.86,KIMBERLY-CLARK CORP. [1002179] -- Pulp and Paper
1001069,REPUBLIC PAPERBOARD CO,Pulp and Paper,76876.06,REPUBLIC PAPERBOARD CO [1001069] -- Pulp and Paper
1005551,FCA JEFFERSON NORTH ASSEMBLY PLANT,Other,76753.86,FCA JEFFERSON NORTH ASSEMBLY PLANT [1005551] -- Other
1011220,Prairie Eagle Mine,Other,76639,Prairie Eagle Mine [1011220] -- Other
1006749,LANDFILL OF NORTH IOWA,Waste,76499.3,LANDFILL OF NORTH IOWA [1006749] -- Waste
1002285,MCCAIN FOODS USA INC,Other,76423.204,MCCAIN FOODS USA INC [1002285] -- Other
1001978,OWENS BROCKWAY GLASS CONTAINER INC. PLT 19,Minerals,76400.856,OWENS BROCKWAY GLASS CONTAINER INC. PLT 19 [1001978] -- Minerals
1006504,UNIVERSITY OF UTAH,Other,76305.412,UNIVERSITY OF UTAH [1006504] -- Other
1003052,GERDAU - FORT SMITH MILL,Metals,76305.292,GERDAU - FORT SMITH MILL [1003052] -- Metals
1005977,Ardagh Glass Inc. (Burlington),Minerals,76121.098,Ardagh Glass Inc. (Burlington) [1005977] -- Minerals
1007876,SHAW INDUSTRIES GROUP INC. P LANT 8S,Other,75900.164,SHAW INDUSTRIES GROUP INC. P LANT 8S [1007876] -- Other
1001861,"American Sugar Refining, Inc. - Yonkers Refinery",Other,75865.106,"American Sugar Refining, Inc. - Yonkers Refinery [1001861] -- Other"
1003385,HEXCEL CORPORATION,Other,75694.764,HEXCEL CORPORATION [1003385] -- Other
1006708,CMC Steel New Jersey,Metals,75626.996,CMC Steel New Jersey [1006708] -- Metals
1004540,Wheelabrator Lisbon Inc.,Waste,75615.104,Wheelabrator Lisbon Inc. [1004540] -- Waste
1006876,ORCHARD RIDGE LANDFILL & MRF,Waste,75485.524,ORCHARD RIDGE LANDFILL & MRF [1006876] -- Waste
1007220,CARGILL MEAT SOLUTIONS,Other,75427.764,CARGILL MEAT SOLUTIONS [1007220] -- Other
1001929,UNIVERSITY OF VIRGINIA,Other,75337.936,UNIVERSITY OF VIRGINIA [1001929] -- Other
1005755,CASCADE STEEL ROLLING MILLS INC,Metals,75234.72,CASCADE STEEL ROLLING MILLS INC [1005755] -- Metals
1001627,CUMBERLAND COUNTY ANN STREET LANDFILL,Waste,75195.5,CUMBERLAND COUNTY ANN STREET LANDFILL [1001627] -- Waste
1002203,"MORTON SALT, INC.",Chemicals,75129.968,"MORTON SALT, INC. [1002203] -- Chemicals"
1003465,ROCKY MOUNTAIN BOTTLE COMPANY,Minerals,75102.608,ROCKY MOUNTAIN BOTTLE COMPANY [1003465] -- Minerals
1005024,FORD MOTOR COMPANY - FORD KANSAS CITY ASSEMBLY PLANT,Other,75073.968,FORD MOTOR COMPANY - FORD KANSAS CITY ASSEMBLY PLANT [1005024] -- Other
1004833,EVONIK CORPORATION TIPPECANOE LABORATORIES,Chemicals,75021.268,EVONIK CORPORATION TIPPECANOE LABORATORIES [1004833] -- Chemicals
1007404,AMERICAN GYPSUM COMPANY,Minerals,74893.268,AMERICAN GYPSUM COMPANY [1007404] -- Minerals
1010141,Cypress Semiconductor,Other,74831.493784,Cypress Semiconductor [1010141] -- Other
1002526,BUNGE NORTH AMERICA,Other,74719.568,BUNGE NORTH AMERICA [1002526] -- Other
1004520,NORTHWESTERN UNIVERSITY,Other,74623.42,NORTHWESTERN UNIVERSITY [1004520] -- Other
1002313,US GYPSUM - SPERRY PLANT,Minerals,74569.82,US GYPSUM - SPERRY PLANT [1002313] -- Minerals
1004687,NESTLE PURINA PET CARE CO,Other,74473.144,NESTLE PURINA PET CARE CO [1004687] -- Other
1003484,EXXONMOBIL CHEMICAL CO - BATON ROUGE PLASTICS PLANT,Other,74312.72,EXXONMOBIL CHEMICAL CO - BATON ROUGE PLASTICS PLANT [1003484] -- Other
1002246,Bayer CropScience LP,Chemicals,73943.572,Bayer CropScience LP [1002246] -- Chemicals
1005855,"MARTIN MARIETTA MAGNESIA SPECIALTIES, LLC",Minerals,73890.772,"MARTIN MARIETTA MAGNESIA SPECIALTIES, LLC [1005855] -- Minerals"
1007662,NEW RIVER RESOURCE AUTHORITY REGIONAL SOLID WASTE MANAGEMENT FACILITY,Waste,73762.5,NEW RIVER RESOURCE AUTHORITY REGIONAL SOLID WASTE MANAGEMENT FACILITY [1007662] -- Waste
1001143,CHIPPEWA VALLEY ETHANOL COMPANY,Other,73724.302,CHIPPEWA VALLEY ETHANOL COMPANY [1001143] -- Other
1004307,ALBEMARLE CORPORATION-SOUTH PLANT,Chemicals,73523.124,ALBEMARLE CORPORATION-SOUTH PLANT [1004307] -- Chemicals
1003387,KENT COUNTY WASTE TO ENERGY FACILITY,Waste,73486.024,KENT COUNTY WASTE TO ENERGY FACILITY [1003387] -- Waste
1003426,MMSD-JONES ISLAND WASTEWATER TREATMENT PLANT,Other,73395.356,MMSD-JONES ISLAND WASTEWATER TREATMENT PLANT [1003426] -- Other
1001677,KAAPA ETHANOL LLC,Other,73391.124,KAAPA ETHANOL LLC [1001677] -- Other
1001678,ICM Biofuels LLC,Other,73283.024,ICM Biofuels LLC [1001678] -- Other
1001703,TYSON FRESH MEATS INC,Other,73267.566,TYSON FRESH MEATS INC [1001703] -- Other
1005465,EVONIK CORPORATION,Chemicals,73207.068,EVONIK CORPORATION [1005465] -- Chemicals
1001987,OWENS-BROCKWAY GLASS CONTAINER INC PLANT #35,Minerals,73109.052,OWENS-BROCKWAY GLASS CONTAINER INC PLANT #35 [1001987] -- Minerals
1005691,Waha Gas Plant,Injection of CO2,73030.398,Waha Gas Plant [1005691] -- Injection of CO2
1007918,FCA STERLING HEIGHTS ASSEMBLY PLANT,Other,73005.676,FCA STERLING HEIGHTS ASSEMBLY PLANT [1007918] -- Other
1007565,THE ANDERSONS MARATHON HOLDINGS LLC,Other,72860.176,THE ANDERSONS MARATHON HOLDINGS LLC [1007565] -- Other
1007520,NATIONAL SERV-ALL LANDFILL,Waste,72771.396,NATIONAL SERV-ALL LANDFILL [1007520] -- Waste
1005805,FILLMORE COMPRESSOR STATION,Petroleum and Natural Gas Systems,72740.336,FILLMORE COMPRESSOR STATION [1005805] -- Petroleum and Natural Gas Systems
1001921,MEDICAL CENTER COMPANY,Power Plants,72723.076,MEDICAL CENTER COMPANY [1001921] -- Power Plants
1003280,PACKAGING CORP. OF AMERICA,Pulp and Paper,72717.09,PACKAGING CORP. OF AMERICA [1003280] -- Pulp and Paper
1005668,FORD MOTOR COMPANY - FORD ROUGE SITE,Other,72646.276,FORD MOTOR COMPANY - FORD ROUGE SITE [1005668] -- Other
1002262,"ELECTRIC GLASS FIBER AMERICA, LLC",Minerals,72506.962,"ELECTRIC GLASS FIBER AMERICA, LLC [1002262] -- Minerals"
1007253,Air Liquide Hydrogen Plant,Chemicals,72276.6,Air Liquide Hydrogen Plant [1007253] -- Chemicals
1002807,Gold Bond - SHI Plant,Minerals,72151.528,Gold Bond - SHI Plant [1002807] -- Minerals
1000429,Pennsauken Sanitary Landfill,Waste,71990.55,Pennsauken Sanitary Landfill [1000429] -- Waste
1001735,HILMAR CHEESE COMPANY,Other,71906.376,HILMAR CHEESE COMPANY [1001735] -- Other
1010003,Los Gatos Tomato Products,Other,71866.48,Los Gatos Tomato Products [1010003] -- Other
1001961,OWENS BROCKWAY GLASS CONTAINER INCORPORATED,Minerals,71751.768,OWENS BROCKWAY GLASS CONTAINER INCORPORATED [1001961] -- Minerals
1003712,FRESENIUS MEDICAL CARE,Chemicals,71650.88,FRESENIUS MEDICAL CARE [1003712] -- Chemicals
1002433,BUNGE NORTH AMERICA,Other,71512.48,BUNGE NORTH AMERICA [1002433] -- Other
1002890,FORT CAVAZOS,Waste,71448.628,FORT CAVAZOS [1002890] -- Waste
1001985,JR SIMPLOT COMPANY - FOOD GROUP,Other,71412.092,JR SIMPLOT COMPANY - FOOD GROUP [1001985] -- Other
1001561,US ARMY JOINT BASE LEWIS-MCCHORD,Waste,71410.53,US ARMY JOINT BASE LEWIS-MCCHORD [1001561] -- Waste
1001090,Cargill Texturizing Solutions,Other,71410.232,Cargill Texturizing Solutions [1001090] -- Other
1005772,CERTAINTEED GYPSUM,Minerals,71076.432,CERTAINTEED GYPSUM [1005772] -- Minerals
1005121,Libbey Glass Inc.,Minerals,71038.424,Libbey Glass Inc. [1005121] -- Minerals
1001885,"Hydro Extrusion USA, LLC",Metals,71009.532,"Hydro Extrusion USA, LLC [1001885] -- Metals"
1005960,QUAD CNTY CORN PROCESSORS,Other,70827.084,QUAD CNTY CORN PROCESSORS [1005960] -- Other
1006054,AG PROCESSING INC-EAGLE GROVE,Other,70515.184,AG PROCESSING INC-EAGLE GROVE [1006054] -- Other
1001775,BUNCOMBE COUNTY NEW LANDFILL,Waste,70463.5,BUNCOMBE COUNTY NEW LANDFILL [1001775] -- Waste
1002324,IMCO RECYCLING OF OHIO LLC,Metals,70388.336,IMCO RECYCLING OF OHIO LLC [1002324] -- Metals
1007148,"CP KELCO US, INC.-OKMULGEE",Other,70267.842,"CP KELCO US, INC.-OKMULGEE [1007148] -- Other"
1003736,OFS GPRP Custer Gas Plant,Petroleum and Natural Gas Systems,70208.318,OFS GPRP Custer Gas Plant [1003736] -- Petroleum and Natural Gas Systems
1006369,WHEELABRATOR CONCORD COMPANY LP,Waste,70061.384,WHEELABRATOR CONCORD COMPANY LP [1006369] -- Waste
1003383,HEXCEL CORP,Other,69976.734,HEXCEL CORP [1003383] -- Other
1004831,UWHARRIE ENVIRONMENTAL,Waste,69761,UWHARRIE ENVIRONMENTAL [1004831] -- Waste
1003293,WESTERN MICHIGAN UNIVERSITY,Other,69527.488,WESTERN MICHIGAN UNIVERSITY [1003293] -- Other
1003540,HURON LANDFILL CORPORATION,Waste,69383,HURON LANDFILL CORPORATION [1003540] -- Waste
1003208,ARMSTRONG WORLD IND MARIETTA CEILING PLT,Other,69218.488,ARMSTRONG WORLD IND MARIETTA CEILING PLT [1003208] -- Other
1000092,Kneeland Station,Power Plants,69195.294,Kneeland Station [1000092] -- Power Plants
1004317,General Motors LLC Wentzville,Other,69168.64,General Motors LLC Wentzville [1004317] -- Other
1003191,FLORIDA GAS TRANSMISSION COMPANY - WIGGINS,Petroleum and Natural Gas Systems,68910.794,FLORIDA GAS TRANSMISSION COMPANY - WIGGINS [1003191] -- Petroleum and Natural Gas Systems
1005536,STD STEEL BURNHAM PLT,Metals,68869.968,STD STEEL BURNHAM PLT [1005536] -- Metals
1007571,"Darling In, Ingredients - Fayetteville",Other,68800.84,"Darling In, Ingredients - Fayetteville [1007571] -- Other"
1004040,TEXAS TECH UNIVERSITY,Other,68767.292,TEXAS TECH UNIVERSITY [1004040] -- Other
1002677,CenTrio,Power Plants,68650.524,CenTrio [1002677] -- Power Plants
1007277,PRINGLES MANUFACTURING COMPANY,Other,68627.892,PRINGLES MANUFACTURING COMPANY [1007277] -- Other
1006279,NEWTON COUNTY LANDFILL,Waste,68607.25,NEWTON COUNTY LANDFILL [1006279] -- Waste
1003289,GRIFFIN PIPE PRODUCTS COMPANY - LYNCHBURG,Metals,68595,GRIFFIN PIPE PRODUCTS COMPANY - LYNCHBURG [1003289] -- Metals
1001723,REDFIELD ENERGY LLC,Other,68250.244,REDFIELD ENERGY LLC [1001723] -- Other
1000197,NATIONAL BEEF PACKING CO L.L.C.,Other,68212.944,NATIONAL BEEF PACKING CO L.L.C. [1000197] -- Other
1004780,Gas Transmission Northwest Pipeline Bonanza CS#14,Petroleum and Natural Gas Systems,68113.848,Gas Transmission Northwest Pipeline Bonanza CS#14 [1004780] -- Petroleum and Natural Gas Systems
1006445,ConAgra Foods Inc.,Other,68071.644,ConAgra Foods Inc. [1006445] -- Other
1006440,Stony Point,Petroleum and Natural Gas Systems,68065.252,Stony Point [1006440] -- Petroleum and Natural Gas Systems
1003921,Maxwell Creek Landfill,Waste,68043.75,Maxwell Creek Landfill [1003921] -- Waste
1005583,CHEYENNE LANDFILL,Waste,68038.25,CHEYENNE LANDFILL [1005583] -- Waste
1001851,Smithfield Fresh Meats Corp - Tar Heel,Other,67983.652,Smithfield Fresh Meats Corp - Tar Heel [1001851] -- Other
1006130,Cromwell,Petroleum and Natural Gas Systems,67979.902,Cromwell [1006130] -- Petroleum and Natural Gas Systems
1002020,Elanco Clinton Laboratories,Chemicals,67885.544,Elanco Clinton Laboratories [1002020] -- Chemicals
1004659,UNIVERSITY OF KENTUCKY,Other,67867.192,UNIVERSITY OF KENTUCKY [1004659] -- Other
1004500,ESSITY PROFESSIONAL HYGIENE NORTH AMERICA LLC BARTON OPERATIONS,Pulp and Paper,67703.146,ESSITY PROFESSIONAL HYGIENE NORTH AMERICA LLC BARTON OPERATIONS [1004500] -- Pulp and Paper
1006551,OWENS-BROCKWAY GLASS CONTAINER INC. PLANT 08,Minerals,67648.812,OWENS-BROCKWAY GLASS CONTAINER INC. PLANT 08 [1006551] -- Minerals
1006685,MAYO MEDICAL CENTER - ROCHESTER,Other,67644.982,MAYO MEDICAL CENTER - ROCHESTER [1006685] -- Other
1006011,ROCHDALE VILLAGE,Other,67615.844,ROCHDALE VILLAGE [1006011] -- Other
1002911,OWENS-BROCKWAY GLASS CONTAINER INC. - PLANT 06,Minerals,67571.264,OWENS-BROCKWAY GLASS CONTAINER INC. - PLANT 06 [1002911] -- Minerals
1004984,POET BIOREFINING LADDONIA,Other,67472.196,POET BIOREFINING LADDONIA [1004984] -- Other
1007898,SPRINGHILL REGIONAL LANDFILL,Waste,67223.566,SPRINGHILL REGIONAL LANDFILL [1007898] -- Waste
1007750,Westlake Chemicals & Vinyls LLC,Chemicals,66916.532,Westlake Chemicals & Vinyls LLC [1007750] -- Chemicals
1005773,THE BELDEN BRICK COMPANY (0679000118),Minerals,66878.848,THE BELDEN BRICK COMPANY (0679000118) [1005773] -- Minerals
1005027,Gulf South Pipeline - Mira Station,Petroleum and Natural Gas Systems,66701.218,Gulf South Pipeline - Mira Station [1005027] -- Petroleum and Natural Gas Systems
1005185,TRANS ALASKA PIPELINE SYSTEM PUMP STATION 3,Other,66599.5,TRANS ALASKA PIPELINE SYSTEM PUMP STATION 3 [1005185] -- Other
1006232,ELBERTA COMPRESSOR STATION,Petroleum and Natural Gas Systems,66566.26,ELBERTA COMPRESSOR STATION [1006232] -- Petroleum and Natural Gas Systems
1003557,TEXAS GAS TRANSMISSION - GREENVILLE STATION,Petroleum and Natural Gas Systems,66408.746,TEXAS GAS TRANSMISSION - GREENVILLE STATION [1003557] -- Petroleum and Natural Gas Systems
1001868,TRUSTEES OF PRINCETON UNIVERSITY,Other,66282.142,TRUSTEES OF PRINCETON UNIVERSITY [1001868] -- Other
1002409,"MEP Station 3 Perryville, LA",Petroleum and Natural Gas Systems,66273.404,"MEP Station 3 Perryville, LA [1002409] -- Petroleum and Natural Gas Systems"
1000592,RUBICON LLC - GEISMAR PLANT,Chemicals,66207.42,RUBICON LLC - GEISMAR PLANT [1000592] -- Chemicals
1002784,FLORIDA GAS TRANSMISSION COMPANY - FRANKLINTON,Petroleum and Natural Gas Systems,66163.128,FLORIDA GAS TRANSMISSION COMPANY - FRANKLINTON [1002784] -- Petroleum and Natural Gas Systems
1000640,Boeing Commercial Airplanes - Everett,Other,66124.498,Boeing Commercial Airplanes - Everett [1000640] -- Other
1005371,Tazewell County Landfill,Waste,66084,Tazewell County Landfill [1005371] -- Waste
1005660,Virginia Tech,Other,66031.752,Virginia Tech [1005660] -- Other
1007192,ALLEN COUNTY PUBLIC WORKS,Waste,65881.834,ALLEN COUNTY PUBLIC WORKS [1007192] -- Waste
1003097,TRINIDAD GAS PROCESSING PLANT,Petroleum and Natural Gas Systems,65802.654,TRINIDAD GAS PROCESSING PLANT [1003097] -- Petroleum and Natural Gas Systems
1005659,CALIFORNIA DAIRIES INC VISALIA,Other,65761.752,CALIFORNIA DAIRIES INC VISALIA [1005659] -- Other
1002790,GREEN VALLEY CHEMICAL CORP,Chemicals,65745.24,GREEN VALLEY CHEMICAL CORP [1002790] -- Chemicals
1005482,Caliche Canyon Landfill,Waste,65654,Caliche Canyon Landfill [1005482] -- Waste
1002664,SHOLEM GAS PLANT,Petroleum and Natural Gas Systems,65652.2,SHOLEM GAS PLANT [1002664] -- Petroleum and Natural Gas Systems
1007970,NORTH 48TH STREET LANDFILL,Waste,65596.85,NORTH 48TH STREET LANDFILL [1007970] -- Waste
1005399,ST. GEORGE CITY POWER: MILLCREEK GENERATION STATION,Power Plants,65481.856,ST. GEORGE CITY POWER: MILLCREEK GENERATION STATION [1005399] -- Power Plants
1004279,"WHEELABRATOR GLOUCESTER COMPANY, L.P.",Waste,65373.226,"WHEELABRATOR GLOUCESTER COMPANY, L.P. [1004279] -- Waste"
1009738,X-FAB Texas Inc.,Other,65366.27797,X-FAB Texas Inc. [1009738] -- Other
1002232,CHRIN BROTHERS LANDFILL,Waste,65361,CHRIN BROTHERS LANDFILL [1002232] -- Waste
1004530,"MGPI of Indiana, LLC",Other,65360.604,"MGPI of Indiana, LLC [1004530] -- Other"
1001901,"USG Interiors, Inc.",Minerals,65289.204,"USG Interiors, Inc. [1001901] -- Minerals"
1006356,PILGRIM'S CORPORATION MOUNT PLEASANT COMPLEX,Other,65245.704,PILGRIM'S CORPORATION MOUNT PLEASANT COMPLEX [1006356] -- Other
1006202,CERTAINTEED GYPSUM & CEILING MFG INC,Minerals,65220.204,CERTAINTEED GYPSUM & CEILING MFG INC [1006202] -- Minerals
1002557,LEE COUNTY LANDFILL,Waste,65177.25,LEE COUNTY LANDFILL [1002557] -- Waste
1003583,DAKOTA MUNICIPAL SOLID WASTE LANDFILL,Waste,65007.942,DAKOTA MUNICIPAL SOLID WASTE LANDFILL [1003583] -- Waste
1005115,COMMONWEALTH AGRI-ENERGY LLC,Other,64908.956,COMMONWEALTH AGRI-ENERGY LLC [1005115] -- Other
1004074,ENOREE LANDFILL,Waste,64869.596,ENOREE LANDFILL [1004074] -- Waste
1004536,"Greif Packaging, LLC",Pulp and Paper,64836.356,"Greif Packaging, LLC [1004536] -- Pulp and Paper"
1006748,Wilkes County Landfill,Waste,64792.75,Wilkes County Landfill [1006748] -- Waste
1006970,Nestle USA Inc. - Anderson,Other,64655.856,Nestle USA Inc. - Anderson [1006970] -- Other
1002738,NORTHERN NATURAL GAS CO-OGDEN COMPRESSOR,Petroleum and Natural Gas Systems,64526.982,NORTHERN NATURAL GAS CO-OGDEN COMPRESSOR [1002738] -- Petroleum and Natural Gas Systems
1008247,TGP Station 325 Sussex,Petroleum and Natural Gas Systems,64514.616,TGP Station 325 Sussex [1008247] -- Petroleum and Natural Gas Systems
1007992,COUNTRYSIDE LANDFILL,Waste,64481.646,COUNTRYSIDE LANDFILL [1007992] -- Waste
1004632,Kohler Co.,Minerals,64409.284,Kohler Co. [1004632] -- Minerals
1004716,J BAR J LANDFILL,Waste,64328.1,J BAR J LANDFILL [1004716] -- Waste
1003242,COVANTA LAKE II INC,Waste,64322.696,COVANTA LAKE II INC [1003242] -- Waste
1004968,WHEELABRATOR HUDSON FALLS LLC,Waste,64213.418,WHEELABRATOR HUDSON FALLS LLC [1004968] -- Waste
1001662,TYLER PIPE COMPANY,Metals,64144.056,TYLER PIPE COMPANY [1001662] -- Metals
1007837,Guadalupe Rubbish Disposal Facility,Waste,64118.2,Guadalupe Rubbish Disposal Facility [1007837] -- Waste
1003158,CROSSTEX PROCESSING SERVICES LLC - RIVERSIDE FRACTIONATION,Natural Gas and Natural Gas Liquids Suppliers,64027.36,CROSSTEX PROCESSING SERVICES LLC - RIVERSIDE FRACTIONATION [1003158] -- Natural Gas and Natural Gas Liquids Suppliers
1005694,CARGILL INC SOY PROCESSING PLANT *,Other,63970.86,CARGILL INC SOY PROCESSING PLANT * [1005694] -- Other
1004222,Essity Professional Hygiene North America LLC,Pulp and Paper,63906.76,Essity Professional Hygiene North America LLC [1004222] -- Pulp and Paper
1006873,"UNIVERSITY OF CALIFORNIA, IRVINE",Other,63896.96,"UNIVERSITY OF CALIFORNIA, IRVINE [1006873] -- Other"
1001817,TINKER AIR FORCE BASE,Other,63882.58,TINKER AIR FORCE BASE [1001817] -- Other
1000881,FRANKLIN COUNTY LANDFILL,Waste,63731,FRANKLIN COUNTY LANDFILL [1000881] -- Waste
1003609,Lenzing Fibers Inc.,Other,63570.76,Lenzing Fibers Inc. [1003609] -- Other
1004018,"MONUMENT CHEMICAL HOUSTON, LLC",Chemicals,63500.46,"MONUMENT CHEMICAL HOUSTON, LLC [1004018] -- Chemicals"
1004740,BASIC AMERICAN FOODS,Other,63061.312,BASIC AMERICAN FOODS [1004740] -- Other
1009064,Pasadena Plant,Chemicals,62929.064,Pasadena Plant [1009064] -- Chemicals
1005261,NEWSVT LANDFILL,Waste,62901.9,NEWSVT LANDFILL [1005261] -- Waste
1005673,REGIONAL WASTE SYSTEMS INCORPORATED,Waste,62777.74,REGIONAL WASTE SYSTEMS INCORPORATED [1005673] -- Waste
1005146,ROBARDS PROCESSING - TYSON CHICKEN INC.,Other,62614.364,ROBARDS PROCESSING - TYSON CHICKEN INC. [1005146] -- Other
1005732,PORT TOWNSEND PAPER CORP,Pulp and Paper,62519.286,PORT TOWNSEND PAPER CORP [1005732] -- Pulp and Paper
1002923,"KMTP Station 553 Katy, TX",Petroleum and Natural Gas Systems,62482.98,"KMTP Station 553 Katy, TX [1002923] -- Petroleum and Natural Gas Systems"
1006265,PG&E GERBER COMPRESSOR STATION,Petroleum and Natural Gas Systems,62464.274,PG&E GERBER COMPRESSOR STATION [1006265] -- Petroleum and Natural Gas Systems
1002849,"MEP Station 4 Vicksburg, MS",Petroleum and Natural Gas Systems,62462.97,"MEP Station 4 Vicksburg, MS [1002849] -- Petroleum and Natural Gas Systems"
1004629,NEW YORK UNIVERSITY CENTRAL PLANT,Other,62399.602,NEW YORK UNIVERSITY CENTRAL PLANT [1004629] -- Other
1007543,Lone Cactus Landfill,Waste,62395,Lone Cactus Landfill [1007543] -- Waste
1005806,KERN RIVER GAS TRANSMISSION CO: COYOTE CREEK COMPRESSOR STATION,Petroleum and Natural Gas Systems,62382.922,KERN RIVER GAS TRANSMISSION CO: COYOTE CREEK COMPRESSOR STATION [1005806] -- Petroleum and Natural Gas Systems
1006243,DAL-ITALIA,Minerals,62255.416,DAL-ITALIA [1006243] -- Minerals
1003850,"NISSAN NORTH AMERICA, INC.",Other,62102.516,"NISSAN NORTH AMERICA, INC. [1003850] -- Other"
1002074,Huron Energy,Other,61951.016,Huron Energy [1002074] -- Other
1006286,CITY OF CHATTANOOGA SUMMIT LANDFILL,Waste,61926.75,CITY OF CHATTANOOGA SUMMIT LANDFILL [1006286] -- Waste
1003930,OWENSBORO GRAIN CO,Other,61798.468,OWENSBORO GRAIN CO [1003930] -- Other
1001988,"EPNG Station 6335 Hueco, TX",Petroleum and Natural Gas Systems,61724.884,"EPNG Station 6335 Hueco, TX [1001988] -- Petroleum and Natural Gas Systems"
1007514,ABBVIE LTD.,Chemicals,61699.468,ABBVIE LTD. [1007514] -- Chemicals
1006050,OWENS-BROCKWAY GLASS CONTAINER INC. PlANT 26,Minerals,61678.888,OWENS-BROCKWAY GLASS CONTAINER INC. PlANT 26 [1006050] -- Minerals
1003478,BERKELEY COUNTY LANDFILL,Waste,61644.5,BERKELEY COUNTY LANDFILL [1003478] -- Waste
1000020,Ardagh Glass Inc. (Port Allegany),Minerals,61642.128,Ardagh Glass Inc. (Port Allegany) [1000020] -- Minerals
1005385,ARCELORMITTAL TUBULAR PRODUCTS USA LLC,Metals,61586.568,ARCELORMITTAL TUBULAR PRODUCTS USA LLC [1005385] -- Metals
1002610,DES MOINES COUNTY REGIONAL SOLID WASTE COMMISSION,Waste,61585.4,DES MOINES COUNTY REGIONAL SOLID WASTE COMMISSION [1002610] -- Waste
1004943,Anchor Glass Container Corporation - Plant 14,Minerals,61343.572,Anchor Glass Container Corporation - Plant 14 [1004943] -- Minerals
1004434,Carpenter Technology - Latrobe Operations,Metals,61338.532,Carpenter Technology - Latrobe Operations [1004434] -- Metals
1002763,KERN RIVER GAS TRANSMISSION COMPANY: DRY LAKE COMPRESSOR STATION,Petroleum and Natural Gas Systems,61290.784,KERN RIVER GAS TRANSMISSION COMPANY: DRY LAKE COMPRESSOR STATION [1002763] -- Petroleum and Natural Gas Systems
1005594,CITY OF ALBEMARLE LANDFILL,Waste,61211.25,CITY OF ALBEMARLE LANDFILL [1005594] -- Waste
1003954,"CIE Norfolk GNS, LLC",Other,61153.62,"CIE Norfolk GNS, LLC [1003954] -- Other"
1002230,SAPUTO CHEESE USA INC,Other,61019.62,SAPUTO CHEESE USA INC [1002230] -- Other
1005479,"Ingredion Incorporated, Indianapolis Plant",Other,60943.22,"Ingredion Incorporated, Indianapolis Plant [1005479] -- Other"
1006733,CAPITOL POWER PLANT,Power Plants,60868.008,CAPITOL POWER PLANT [1006733] -- Power Plants
1007897,TRAIL RIDGE LANDFILL INC,Waste,60844.184,TRAIL RIDGE LANDFILL INC [1007897] -- Waste
1002874,LAND O\LAKES INCORPORATED,Other,60694.572,LAND O\LAKES INCORPORATED [1002874] -- Other
1006258,Cargill Incorporated,Other,60583.072,Cargill Incorporated [1006258] -- Other
1004325,"MICRON TECHNOLOGY, INC.",Other,60486.195,"MICRON TECHNOLOGY, INC. [1004325] -- Other"
1004876,Tangerine Landfill,Waste,60483.25,Tangerine Landfill [1004876] -- Waste
1001560,ALLIANCE PIPELINE LP-Tampico,Petroleum and Natural Gas Systems,60343.874,ALLIANCE PIPELINE LP-Tampico [1001560] -- Petroleum and Natural Gas Systems
1002399,COLUMBIA UNIVERSITY-410 W 118TH ST,Other,60291.266,COLUMBIA UNIVERSITY-410 W 118TH ST [1002399] -- Other
1000627,ADVANSIX INC - CHESTERFIELD PLANT,Other,60212.47,ADVANSIX INC - CHESTERFIELD PLANT [1000627] -- Other
1002248,"INGEVITY SOUTH CAROLINA, LLC - DeRidder Plant",Chemicals,60206.722,"INGEVITY SOUTH CAROLINA, LLC - DeRidder Plant [1002248] -- Chemicals"
1002484,HIBBING PUBLIC UTILITIES COMMISSION,Natural Gas and Natural Gas Liquids Suppliers,60198.48,HIBBING PUBLIC UTILITIES COMMISSION [1002484] -- Natural Gas and Natural Gas Liquids Suppliers
1003518,LANXESS Corporation Kalama Site,Chemicals,60119.924,LANXESS Corporation Kalama Site [1003518] -- Chemicals
1005844,EAGLE COUNTY LANDFILL,Waste,60119.75,EAGLE COUNTY LANDFILL [1005844] -- Waste
1002186,"CertainTeed Gypsum Buchanan, LLC.",Minerals,60011.224,"CertainTeed Gypsum Buchanan, LLC. [1002186] -- Minerals"
1004272,PG&E HINKLEY COMPRESSOR STATION,Petroleum and Natural Gas Systems,59971.538,PG&E HINKLEY COMPRESSOR STATION [1004272] -- Petroleum and Natural Gas Systems
1008009,Harmony Compressor Station,Petroleum and Natural Gas Systems,59967.66,Harmony Compressor Station [1008009] -- Petroleum and Natural Gas Systems
1004682,SOUTH DADE SOLID WASTE DISPOSAL FACILITY,Waste,59885.25,SOUTH DADE SOLID WASTE DISPOSAL FACILITY [1004682] -- Waste
1005895,GREENWOOD FARMS LANDFILL,Waste,59556,GREENWOOD FARMS LANDFILL [1005895] -- Waste
1005091,WASHINGTON STATE UNIVERSITY,Other,59448.04,WASHINGTON STATE UNIVERSITY [1005091] -- Other
1002299,SOLUTIA INC - INDIAN ORCHARD PLANT,Other,59347.076,SOLUTIA INC - INDIAN ORCHARD PLANT [1002299] -- Other
1010234,Logansport Expansion Gathering Facility,Petroleum and Natural Gas Systems,59317.424,Logansport Expansion Gathering Facility [1010234] -- Petroleum and Natural Gas Systems
1003978,ENERGY CENTER SAN FRANCISCO,Power Plants,59256.976,ENERGY CENTER SAN FRANCISCO [1003978] -- Power Plants
1006722,SWIFT BEEF COMPANY,Other,59240.094,SWIFT BEEF COMPANY [1006722] -- Other
1005033,UNIVERSITY OF NORTHERN IOWA - POWER PLANT/MAIN CAMPUS,Other,59124.75,UNIVERSITY OF NORTHERN IOWA - POWER PLANT/MAIN CAMPUS [1005033] -- Other
1001899,U.S. DOE ARGONNE NATIONAL LABORATORY,Other,59066.776,U.S. DOE ARGONNE NATIONAL LABORATORY [1001899] -- Other
1003818,BOUNTIFUL SANITARY LANDFILL,Waste,58909.05,BOUNTIFUL SANITARY LANDFILL [1003818] -- Waste
1003949,CITY OF LOGAN LANDFILL,Waste,58861.2,CITY OF LOGAN LANDFILL [1003949] -- Waste
1007219,ST. LUCIE COUNTY BALING AND RECYCLING FACILITY,Waste,58763.196,ST. LUCIE COUNTY BALING AND RECYCLING FACILITY [1007219] -- Waste
1007636,S & S GRADING INC LANDFILL,Waste,58597.1,S & S GRADING INC LANDFILL [1007636] -- Waste
1006347,HORMEL FOODS CORPORATION,Other,58585.68,HORMEL FOODS CORPORATION [1006347] -- Other
1001790,Hilight-Reno Junction Gas Plant,Natural Gas and Natural Gas Liquids Suppliers,58391.198,Hilight-Reno Junction Gas Plant [1001790] -- Natural Gas and Natural Gas Liquids Suppliers
1004667,Fort Stewart Hqs 3rd Infantry Division (Mechanized),Waste,58200.618,Fort Stewart Hqs 3rd Infantry Division (Mechanized) [1004667] -- Waste
1006058,US GYPSUM - SHOALS PLANT,Minerals,58156.032,US GYPSUM - SHOALS PLANT [1006058] -- Minerals
1002271,UC DAVIS MEDICAL CENTER,Other,58120.63,UC DAVIS MEDICAL CENTER [1002271] -- Other
1005810,Aucilla Area Solid Waste Facility,Waste,58080.5,Aucilla Area Solid Waste Facility [1005810] -- Waste
1003405,BUSCH AGRICULTURAL RESOURCES,Other,57982.932,BUSCH AGRICULTURAL RESOURCES [1003405] -- Other
1001177,McCartney Generating Station,Power Plants,57799.788,McCartney Generating Station [1001177] -- Power Plants
1007755,MENOMINEE LANDFILL,Waste,57676.75,MENOMINEE LANDFILL [1007755] -- Waste
1003829,NORTH AMERICAN SALT CO,Chemicals,57451.284,NORTH AMERICAN SALT CO [1003829] -- Chemicals
1007824,SWIFT & CO,Other,57409.762,SWIFT & CO [1007824] -- Other
1002516,GEORGIA PACIFIC GYPSUM,Minerals,57331.7433164,GEORGIA PACIFIC GYPSUM [1002516] -- Minerals
1001721,"REAL ALLOY SPECIFICATION, LLC.",Metals,57086.338,"REAL ALLOY SPECIFICATION, LLC. [1001721] -- Metals"
1001828,TOYOTA MOTOR MFG IN INC,Other,57064.536,TOYOTA MOTOR MFG IN INC [1001828] -- Other
1002529,Corteva Agriscience LLC  Harbor Beach Operations,Chemicals,56532.988,Corteva Agriscience LLC  Harbor Beach Operations [1002529] -- Chemicals
1003081,"ALPEK POLYESTER MISSISSIPPI, INC.",Other,56461.488,"ALPEK POLYESTER MISSISSIPPI, INC. [1003081] -- Other"
1004022,JBS Swift Beef Company - Greeley Plant,Other,56423.188,JBS Swift Beef Company - Greeley Plant [1004022] -- Other
1003157,SNF Holding Company,Chemicals,56391.388,SNF Holding Company [1003157] -- Chemicals
1003903,"Westlake, Aberdeen",Other,56277.788,"Westlake, Aberdeen [1003903] -- Other"
1004091,"BONANZA BIOENERGY, LLC",Other,56157.288,"BONANZA BIOENERGY, LLC [1004091] -- Other"
1006431,TPIC Basin 940 - Breton Sound 20-21,Petroleum and Natural Gas Systems,56118.396,TPIC Basin 940 - Breton Sound 20-21 [1006431] -- Petroleum and Natural Gas Systems
1005508,Caesars Entertainment Consolidated Properties Source ID 257,Other,56095.788,Caesars Entertainment Consolidated Properties Source ID 257 [1005508] -- Other
1004191,NOVELIS ALUMINUM CORPORATION,Metals,56053.588,NOVELIS ALUMINUM CORPORATION [1004191] -- Metals
1005349,CENTRAL PENINSULA BALING FACILITY-SOLDOTNA LF,Waste,56027.688,CENTRAL PENINSULA BALING FACILITY-SOLDOTNA LF [1005349] -- Waste
1008158,Oxford Station,Petroleum and Natural Gas Systems,55953.394,Oxford Station [1008158] -- Petroleum and Natural Gas Systems
1003186,"INEOS Americas, LLC",Chemicals,55830.84,"INEOS Americas, LLC [1003186] -- Chemicals"
1005880,BMW MANUFACTURING CORPORATION,Other,55825.276,BMW MANUFACTURING CORPORATION [1005880] -- Other
1005266,WM - Tekoi Landfill,Waste,55723.192,WM - Tekoi Landfill [1005266] -- Waste
1006572,CERTAINTEED GYPSUM SEATTLE,Minerals,55644.54,CERTAINTEED GYPSUM SEATTLE [1006572] -- Minerals
1002698,AIR PRODUCTS & CHEMICALS INC - Geismar SMR,Chemicals,55611,AIR PRODUCTS & CHEMICALS INC - Geismar SMR [1002698] -- Chemicals
1003548,DIVISION OF WILDLIFE RESOURCES LEEKAY LANDFILL,Waste,55580,DIVISION OF WILDLIFE RESOURCES LEEKAY LANDFILL [1003548] -- Waste
1007075,OUTAGAMIE COUNTY LANDFILL,Waste,55561.248,OUTAGAMIE COUNTY LANDFILL [1007075] -- Waste
1004302,Beaver Gas Plant,Petroleum and Natural Gas Systems,55504.986,Beaver Gas Plant [1004302] -- Petroleum and Natural Gas Systems
1006972,"SWVA, INC.",Metals,55477.668,"SWVA, INC. [1006972] -- Metals"
1000087,Energy Center Dover,Power Plants,55477.492,Energy Center Dover [1000087] -- Power Plants
1005056,BROWN COUNTY LANDFILL,Waste,55468,BROWN COUNTY LANDFILL [1005056] -- Waste
1002377,Douglas Gas Plant,Natural Gas and Natural Gas Liquids Suppliers,55309.354,Douglas Gas Plant [1002377] -- Natural Gas and Natural Gas Liquids Suppliers
1002019,"OWENS CORNING INSULATING SYSTEMS, LLC - WAXAHACHIE",Minerals,55214.356,"OWENS CORNING INSULATING SYSTEMS, LLC - WAXAHACHIE [1002019] -- Minerals"
1000629,UOP.LLC SHREVEPORT,Chemicals,55125.792,UOP.LLC SHREVEPORT [1000629] -- Chemicals
1006259,INEOS US Chemicals Company  Naperville Campus,Other,55110.892,INEOS US Chemicals Company  Naperville Campus [1006259] -- Other
1003398,SPRING GARDENS STEAM PLANT,Power Plants,55077.944,SPRING GARDENS STEAM PLANT [1003398] -- Power Plants
1004161,COLUMBIA GAS FILES CREEK COMPRESSOR STATION,Petroleum and Natural Gas Systems,55040.756,COLUMBIA GAS FILES CREEK COMPRESSOR STATION [1004161] -- Petroleum and Natural Gas Systems
1003039,Greenwood County Landfills,Waste,54865.5,Greenwood County Landfills [1003039] -- Waste
1002159,HASTINGS LANDFILL,Waste,54721.85,HASTINGS LANDFILL [1002159] -- Waste
1000140,SONNEBORN LLC/PETROLIA PLT,Petroleum and Natural Gas Systems,54717.492,SONNEBORN LLC/PETROLIA PLT [1000140] -- Petroleum and Natural Gas Systems
1009669,Crisp County Landfill,Waste,54702,Crisp County Landfill [1009669] -- Waste
1005335,RICE COUNTY LANDFILL,Waste,54669.798,RICE COUNTY LANDFILL [1005335] -- Waste
1005459,"Mitsubishi Electric Power Products, Inc.",Import and Export of Equipment Containing Fluorintaed GHGs,54655.8636,"Mitsubishi Electric Power Products, Inc. [1005459] -- Import and Export of Equipment Containing Fluorintaed GHGs"
1005187,TRANS ALASKA PIPELINE SYSTEM PUMP STATION 4,Other,54578.144,TRANS ALASKA PIPELINE SYSTEM PUMP STATION 4 [1005187] -- Other
1006055,"STERLING ETHANOL, LLC",Other,54556.444,"STERLING ETHANOL, LLC [1006055] -- Other"
1002083,"YUMA ETHANOL, LLC",Other,54449.744,"YUMA ETHANOL, LLC [1002083] -- Other"
1001827,TYSON FRESH MEATS INC,Other,54437.894,TYSON FRESH MEATS INC [1001827] -- Other
1005263,FLORIM USA INC,Minerals,54429.996,FLORIM USA INC [1005263] -- Minerals
1000304,CARGILL CORN MILLING-WAHPETON FACILITY,Other,54419.412,CARGILL CORN MILLING-WAHPETON FACILITY [1000304] -- Other
1006153,GREAT RIVER REGIONAL WASTE AUTHORITY SANITARY LANDFILL,Waste,54366.8,GREAT RIVER REGIONAL WASTE AUTHORITY SANITARY LANDFILL [1006153] -- Waste
1010759,"WestRock Container, LLC",Pulp and Paper,54342.996,"WestRock Container, LLC [1010759] -- Pulp and Paper"
1007823,OWENS-BROCKWAY GLASS CONTAINER INC. PLANT #23,Minerals,54010.496,OWENS-BROCKWAY GLASS CONTAINER INC. PLANT #23 [1007823] -- Minerals
1008004,Celina Landfill,Waste,53952,Celina Landfill [1008004] -- Waste
1011973,"Tyson Poultry, Inc Broken Bow",Other,53889.722,"Tyson Poultry, Inc Broken Bow [1011973] -- Other"
1004680,58TH ST LF (MAIN COUNTY LF),Waste,53834,58TH ST LF (MAIN COUNTY LF) [1004680] -- Waste
1002349,BRIDGEPORT ETHANOL LLC,Other,53787.748,BRIDGEPORT ETHANOL LLC [1002349] -- Other
1003467,QUEEN CREEK MSW LANDFILL,Waste,53734.75,QUEEN CREEK MSW LANDFILL [1003467] -- Waste
1004016,Cleveland Clinic,Other,53699.648,Cleveland Clinic [1004016] -- Other
1007657,Hatters Pond Gas Plant,Natural Gas and Natural Gas Liquids Suppliers,53560.582,Hatters Pond Gas Plant [1007657] -- Natural Gas and Natural Gas Liquids Suppliers
1006828,BRISTOL MYERS SQUIBB INC,Chemicals,53541.848,BRISTOL MYERS SQUIBB INC [1006828] -- Chemicals
1009528,Procter & Gamble Paper Products,Pulp and Paper,53494.148,Procter & Gamble Paper Products [1009528] -- Pulp and Paper
1002983,ABBOTT PARK FACILITY,Other,53455.748,ABBOTT PARK FACILITY [1002983] -- Other
1005341,HONDA MANUFACTURING OF ALABAMA LLC,Other,53416.846,HONDA MANUFACTURING OF ALABAMA LLC [1005341] -- Other
1006936,Summit Sustainable Ingredients DBA Amber Wave,Other,53315.8,Summit Sustainable Ingredients DBA Amber Wave [1006936] -- Other
1007830,Poet Bioprocessing-Bingham Lake,Other,53257.4,Poet Bioprocessing-Bingham Lake [1007830] -- Other
1001766,Cedar Rapids/Linn County Solid Waste Agency Site #1,Waste,53053.25,Cedar Rapids/Linn County Solid Waste Agency Site #1 [1001766] -- Waste
1002755,FORD MOTOR COMPANY - FORD MICHIGAN ASSEMBLY SITE,Other,53033.448,FORD MOTOR COMPANY - FORD MICHIGAN ASSEMBLY SITE [1002755] -- Other
1004528,JIM BEAM BRANDS COMPANY,Other,52992.51,JIM BEAM BRANDS COMPANY [1004528] -- Other
1002875,GENERAL MOTORS LLC BEDFORD CETC,Metals,52719.582,GENERAL MOTORS LLC BEDFORD CETC [1002875] -- Metals
1002437,SIKORSKY AIRCRAFT HEADQUARTERS,Other,52376.45,SIKORSKY AIRCRAFT HEADQUARTERS [1002437] -- Other
1000557,"University of California, San Francisco - Parnassus Campus",Other,52296.652,"University of California, San Francisco - Parnassus Campus [1000557] -- Other"
1007831,WESTSIDE RECYCLING AND DISPOSAL FACILITY,Waste,52267.696,WESTSIDE RECYCLING AND DISPOSAL FACILITY [1007831] -- Waste
1002749,"SYNGENTA CROP PROTECTION, LLC. - ST GABRIEL PLANT",Chemicals,52250.704,"SYNGENTA CROP PROTECTION, LLC. - ST GABRIEL PLANT [1002749] -- Chemicals"
1002205,FOSTER FARMS LIVINGSTON COMPLEX,Other,52238.804,FOSTER FARMS LIVINGSTON COMPLEX [1002205] -- Other
1002504,Ardagh Glass Inc. (Bridgeton),Minerals,52229.704,Ardagh Glass Inc. (Bridgeton) [1002504] -- Minerals
1006147,ANHEUSER-BUSCH LLC,Other,52175.278,ANHEUSER-BUSCH LLC [1006147] -- Other
1003494,JW Aluminum,Metals,52140.304,JW Aluminum [1003494] -- Metals
1002575,Caterpillar Inc. - East Peoria Plant,Other,52137.468,Caterpillar Inc. - East Peoria Plant [1002575] -- Other
1010979,NCIRSWA Sanitary Landfill,Waste,52033.25,NCIRSWA Sanitary Landfill [1010979] -- Waste
1004039,"Nebraska Corn Processing, LLC",Other,51969.004,"Nebraska Corn Processing, LLC [1004039] -- Other"
1002571,Northrop Grumman Systems Corporation,Other,51816.446,Northrop Grumman Systems Corporation [1002571] -- Other
1006121,JBS SWIFT,Other,51697.244,JBS SWIFT [1006121] -- Other
1006594,Leprino Foods - Lemoore West,Other,51604.256,Leprino Foods - Lemoore West [1006594] -- Other
1001748,"SOLVAY SPECIALTY POLYMERS USA, LLC",Other,51567.154,"SOLVAY SPECIALTY POLYMERS USA, LLC [1001748] -- Other"
1006780,UNIVERSITY OF GEORGIA,Other,51532.602,UNIVERSITY OF GEORGIA [1006780] -- Other
1006834,Twin Landfill Corporation,Waste,51446.25,Twin Landfill Corporation [1006834] -- Waste
1002184,"Florida's Natural Growers, Inc.",Other,51310.056,"Florida's Natural Growers, Inc. [1002184] -- Other"
1000427,PAPERWORKS INDUSTRIES INC,Pulp and Paper,51272.356,PAPERWORKS INDUSTRIES INC [1000427] -- Pulp and Paper
1002706,Gold Bond - MED Plant,Minerals,51246.708,Gold Bond - MED Plant [1002706] -- Minerals
1000336,Koppers Inc. Stickney Plant,Chemicals,51239.608,Koppers Inc. Stickney Plant [1000336] -- Chemicals
1003725,FLORIDA GAS TRANSMISSION COMPANY - SILVER SPRINGS,Petroleum and Natural Gas Systems,51055.046,FLORIDA GAS TRANSMISSION COMPANY - SILVER SPRINGS [1003725] -- Petroleum and Natural Gas Systems
1007080,GULFSTREAM STATION 420,Petroleum and Natural Gas Systems,51030.028,GULFSTREAM STATION 420 [1007080] -- Petroleum and Natural Gas Systems
1005878,LAKE COUNTY SOLID WASTE FACILITY *,Waste,50927,LAKE COUNTY SOLID WASTE FACILITY * [1005878] -- Waste
1006856,LION ELASTOMERS ORANGE PLANT,Other,50906.108,LION ELASTOMERS ORANGE PLANT [1006856] -- Other
1006016,FREEPORT LNG IMPORT TERMINAL,Petroleum and Natural Gas Systems,50805.092,FREEPORT LNG IMPORT TERMINAL [1006016] -- Petroleum and Natural Gas Systems
1007716,PARKCHESTER SOUTH CONDOMINIUM,Other,50721.77,PARKCHESTER SOUTH CONDOMINIUM [1007716] -- Other
1005019,Bunge Chevron Ag Renewables LLC  Cairo Facility,Other,50713.76,Bunge Chevron Ag Renewables LLC  Cairo Facility [1005019] -- Other
1006764,UNIVERSITY OF OKLAHOMA,Other,50547.26,UNIVERSITY OF OKLAHOMA [1006764] -- Other
1004165,"IROQUOIS GAS TRANSMISSION SYSTEM, L.P. - BROOKFIELD COMPRESSOR STATION",Petroleum and Natural Gas Systems,50539.012,"IROQUOIS GAS TRANSMISSION SYSTEM, L.P. - BROOKFIELD COMPRESSOR STATION [1004165] -- Petroleum and Natural Gas Systems"
1004793,GOODYEAR TIRE & RUBBER COMPANY,Other,50473.86,GOODYEAR TIRE & RUBBER COMPANY [1004793] -- Other
1002654,GOODYEAR TIRE AND RUBBER COMPANY DANVILLE,Other,50329.16,GOODYEAR TIRE AND RUBBER COMPANY DANVILLE [1002654] -- Other
1003507,"Gerdau Ameristeel US, Inc - Charlotte Mill",Metals,50136.46,"Gerdau Ameristeel US, Inc - Charlotte Mill [1003507] -- Metals"
1003975,ASCEND PERFORMANCE MATERIALS OPERATIONS LLC,Other,50087.21,ASCEND PERFORMANCE MATERIALS OPERATIONS LLC [1003975] -- Other
1005156,SOLVAY CHEMICALS INC,Chemicals,50067.5,SOLVAY CHEMICALS INC [1005156] -- Chemicals
1002726,UNIVERSITY OF CALIFORNIA DAVIS,Other,49930.858,UNIVERSITY OF CALIFORNIA DAVIS [1002726] -- Other
1005059,GEORGIA-PACIFIC GYPSUM LLC,Minerals,49843.23638584,GEORGIA-PACIFIC GYPSUM LLC [1005059] -- Minerals
1000425,MERCER COUNTY LANDFILL,Waste,49775.25,MERCER COUNTY LANDFILL [1000425] -- Waste
1006699,CARGILL INC,Other,49775.212,CARGILL INC [1006699] -- Other
1005577,CSL BEHRING LLC,Chemicals,49728.712,CSL BEHRING LLC [1005577] -- Chemicals
1001958,HUNTINGTON INGALLS INCORPORATED,Metals,49706.726,HUNTINGTON INGALLS INCORPORATED [1001958] -- Metals
1002862,U S PAPER MILLS Menasha,Pulp and Paper,49678.712,U S PAPER MILLS Menasha [1002862] -- Pulp and Paper
1009432,Gulf South Pipeline - Clarence Station,Petroleum and Natural Gas Systems,49560.698,Gulf South Pipeline - Clarence Station [1009432] -- Petroleum and Natural Gas Systems
1004976,Citizens Disposal Landfill,Waste,49422.05,Citizens Disposal Landfill [1004976] -- Waste
1004743,TOLAND ROAD LANDFILL,Waste,49415,TOLAND ROAD LANDFILL [1004743] -- Waste
1005161,Guaynabo Landfill,Waste,49394.7,Guaynabo Landfill [1005161] -- Waste
1004155,SUBARU of INDIANA AUTOMOTIVE INCORPORATED,Other,49356.264,SUBARU of INDIANA AUTOMOTIVE INCORPORATED [1004155] -- Other
1003335,MURRAY COUNTY LANDFILL,Waste,49318.25,MURRAY COUNTY LANDFILL [1003335] -- Waste
1002933,Novelis ALR Aluminum LLC (Davenport Casting),Metals,49269.164,Novelis ALR Aluminum LLC (Davenport Casting) [1002933] -- Metals
1001886,Loma Linda University,Other,49210.464,Loma Linda University [1001886] -- Other
1005000,AUDUBON METALS LLC,Metals,49175.164,AUDUBON METALS LLC [1005000] -- Metals
1003370,ICL,Chemicals,49155.352,ICL [1003370] -- Chemicals
1002118,"EPNG Station 6560 Pecos River, NM",Petroleum and Natural Gas Systems,49001.028,"EPNG Station 6560 Pecos River, NM [1002118] -- Petroleum and Natural Gas Systems"
1010287,Rayonier Performance Fibers LLC - Yulee Landfill,Waste,48980.75,Rayonier Performance Fibers LLC - Yulee Landfill [1010287] -- Waste
1007554,BUTLER COUNTY LANDFILL,Waste,48960.5,BUTLER COUNTY LANDFILL [1007554] -- Waste
1005365,LEXINGTON / FAYETTE LANDFILL,Waste,48884.25,LEXINGTON / FAYETTE LANDFILL [1005365] -- Waste
1005461,LINCOLN COUNTY LANDFILL,Waste,48874,LINCOLN COUNTY LANDFILL [1005461] -- Waste
1002745,"NGPL Station 103, Minneola, KS",Petroleum and Natural Gas Systems,48758.738,"NGPL Station 103, Minneola, KS [1002745] -- Petroleum and Natural Gas Systems"
1007795,CHESTNUT RIDGE LANDFILL,Waste,48758.544,CHESTNUT RIDGE LANDFILL [1007795] -- Waste
1002178,Anchor Glass Container. - Plant 42,Minerals,48752.028,Anchor Glass Container. - Plant 42 [1002178] -- Minerals
1003145,US Army Fort Drum,Other,48746.856,US Army Fort Drum [1003145] -- Other
1005525,BELLEFIELD BOILER PLANT,Power Plants,48730.016,BELLEFIELD BOILER PLANT [1005525] -- Power Plants
1001912,"TYSON FRESH MEATS, INC. - WATERLOO",Other,48703.716,"TYSON FRESH MEATS, INC. - WATERLOO [1001912] -- Other"
1006662,TRENTON AGRI PRODUCTS,Other,48699.816,TRENTON AGRI PRODUCTS [1006662] -- Other
1007383,Fountain Valley Power Plant,Power Plants,48697.116,Fountain Valley Power Plant [1007383] -- Power Plants
1006236,EMORY UNIVERSITY,Other,48642.814,EMORY UNIVERSITY [1006236] -- Other
1006626,INTERNATIONAL PAPER - HENDERSON MILL,Pulp and Paper,48602.216,INTERNATIONAL PAPER - HENDERSON MILL [1006626] -- Pulp and Paper
1007798,R & B LANDFILL,Waste,48577.392,R & B LANDFILL [1007798] -- Waste
1006371,GMC TRUCK GROUP ARLINGTON ASSEMBLY PLANT,Other,48576.068,GMC TRUCK GROUP ARLINGTON ASSEMBLY PLANT [1006371] -- Other
1002559,"JELD-WEN, INC.",Other,48572.728,"JELD-WEN, INC. [1002559] -- Other"
1002929,OWENS-BROCKWAY GLASS CONTAINER INC. PLANT 29,Minerals,48540.62,OWENS-BROCKWAY GLASS CONTAINER INC. PLANT 29 [1002929] -- Minerals
1005415,SMITHFIELD FRESH MEATS CORP-DENISON,Other,48538.646,SMITHFIELD FRESH MEATS CORP-DENISON [1005415] -- Other
1007899,CHESSER ISLAND ROAD LANDFILL,Waste,48457,CHESSER ISLAND ROAD LANDFILL [1007899] -- Waste
1004985,TAMINCO US LLC,Chemicals,48424.268,TAMINCO US LLC [1004985] -- Chemicals
1005476,MID AMERICA AGRI PRODUCTS WHEATLAND LLC,Other,48376.968,MID AMERICA AGRI PRODUCTS WHEATLAND LLC [1005476] -- Other
1009464,Gulf South Pipeline - Marksville Station,Petroleum and Natural Gas Systems,48211.472,Gulf South Pipeline - Marksville Station [1009464] -- Petroleum and Natural Gas Systems
1002277,ISLIP MCARTHUR RESOURCE RECOVERY FACIL,Waste,48138.264,ISLIP MCARTHUR RESOURCE RECOVERY FACIL [1002277] -- Waste
1003657,Stateline Compressor Station,Petroleum and Natural Gas Systems,48018.896,Stateline Compressor Station [1003657] -- Petroleum and Natural Gas Systems
1002876,U.S. AIR FORCE ROBINS AFB GA,Other,48008.262,U.S. AIR FORCE ROBINS AFB GA [1002876] -- Other
1007645,ALLIANCE SANI LDFL,Waste,47985.198,ALLIANCE SANI LDFL [1007645] -- Waste
1003944,"Total Petrochemicals & Refining USA, Inc.",Other,47961.12,"Total Petrochemicals & Refining USA, Inc. [1003944] -- Other"
1004347,Pike Co. Landfill,Waste,47953,Pike Co. Landfill [1004347] -- Waste
1001722,Ford Motor Company - Flat Rock Assembly Plant,Other,47885.12,Ford Motor Company - Flat Rock Assembly Plant [1001722] -- Other
1002993,HUNTSMAN PETROCHEMICAL LLC,Chemicals,47864.52,HUNTSMAN PETROCHEMICAL LLC [1002993] -- Chemicals
1004057,DANC SOLID WASTE MANAGEMENT FACILITY,Waste,47808.798,DANC SOLID WASTE MANAGEMENT FACILITY [1004057] -- Waste
1006686,SAINT MARYS HOSPITAL,Other,47670.468,SAINT MARYS HOSPITAL [1006686] -- Other
1007424,Landers Sanitary Landfill,Waste,47542.5,Landers Sanitary Landfill [1007424] -- Waste
1006119,NEW HANOVER COUNTY SECURE LANDFILL,Waste,47522.5,NEW HANOVER COUNTY SECURE LANDFILL [1006119] -- Waste
1004918,YAKIMA CNTY CHEYNE LANDFILL,Waste,47466.25,YAKIMA CNTY CHEYNE LANDFILL [1004918] -- Waste
1004343,Pfizer,Chemicals,47362.816,Pfizer [1004343] -- Chemicals
1003854,Clayton County SR 3 Lovejoy Landfill,Waste,47286.25,Clayton County SR 3 Lovejoy Landfill [1003854] -- Waste
1003853,AFTON CHEMICAL CORP,Petroleum and Natural Gas Systems,47111.772,AFTON CHEMICAL CORP [1003853] -- Petroleum and Natural Gas Systems
1006529,ACADIA PARISH POLICE JURY - ACADIA PARISH SANITARY LANDFILL,Waste,46996.25,ACADIA PARISH POLICE JURY - ACADIA PARISH SANITARY LANDFILL [1006529] -- Waste
1005434,CARGILL INC/SALT DIVISION,Other,46962.824,CARGILL INC/SALT DIVISION [1005434] -- Other
1007903,Velma Gas Plant,Petroleum and Natural Gas Systems,46910.62462937063,Velma Gas Plant [1007903] -- Petroleum and Natural Gas Systems
1007809,Poet Biorefining-Macon,Other,46859.724,Poet Biorefining-Macon [1007809] -- Other
1006246,PENN STATE MILTON S HERSHEY MED CTR,Other,46847.02,PENN STATE MILTON S HERSHEY MED CTR [1006246] -- Other
1009781,North Baja Ehrenberg CS,Petroleum and Natural Gas Systems,46840.38,North Baja Ehrenberg CS [1009781] -- Petroleum and Natural Gas Systems
1002378,SOUTHWEST OZONA GAS PLANT,Petroleum and Natural Gas Systems,46827.992,SOUTHWEST OZONA GAS PLANT [1002378] -- Petroleum and Natural Gas Systems
1005678,PLATTEVILLE GAS PLANT,Petroleum and Natural Gas Systems,46780.526,PLATTEVILLE GAS PLANT [1005678] -- Petroleum and Natural Gas Systems
1002088,ILLINOIS LANDFILL INC,Waste,46769.55,ILLINOIS LANDFILL INC [1002088] -- Waste
1004223,CLOVIS REGIONAL SOLID WASTE FACILITY,Waste,46711.75,CLOVIS REGIONAL SOLID WASTE FACILITY [1004223] -- Waste
1012009,"Tyson Farms, Inc - Blountsville Processing",Other,46672.826,"Tyson Farms, Inc - Blountsville Processing [1012009] -- Other"
1005850,BASF BEAUMONT AGRO PLANT,Chemicals,46598.624,BASF BEAUMONT AGRO PLANT [1005850] -- Chemicals
1006231,Gold Bond - FTD Plant,Minerals,46496.124,Gold Bond - FTD Plant [1006231] -- Minerals
1005940,ARCHER DANIELS MIDLAND PROCESSING,Other,46348.424,ARCHER DANIELS MIDLAND PROCESSING [1005940] -- Other
1005840,NEW PARIS PIKE LDFL,Waste,46341,NEW PARIS PIKE LDFL [1005840] -- Waste
1000541,Niland Gas Turbine Plant,Power Plants,46279.328,Niland Gas Turbine Plant [1000541] -- Power Plants
1010624,Akutan Seafood Processing Facility,Other,46060.942,Akutan Seafood Processing Facility [1010624] -- Other
1004845,AMERICAN GYPSUM COMPANY,Minerals,46036.876,AMERICAN GYPSUM COMPANY [1004845] -- Minerals
1005780,CAMPBELL SOUP SUPPLY COMPANY,Other,46011.876,CAMPBELL SOUP SUPPLY COMPANY [1005780] -- Other
1006980,"CADILLAC CASTING, INCORPORATED",Metals,45627.398,"CADILLAC CASTING, INCORPORATED [1006980] -- Metals"
1006956,Monopod Platform,Petroleum and Natural Gas Systems,45558.592,Monopod Platform [1006956] -- Petroleum and Natural Gas Systems
1003392,GENEVA LANDFILL,Waste,45378.102,GENEVA LANDFILL [1003392] -- Waste
1001918,BAYER CROPSCIENCE,Chemicals,45377.578,BAYER CROPSCIENCE [1001918] -- Chemicals
1005332,Lucedale (SESH) Compressor Station,Petroleum and Natural Gas Systems,45363.93,Lucedale (SESH) Compressor Station [1005332] -- Petroleum and Natural Gas Systems
1004056,LA PAZ COUNTY LANDFILL,Waste,45304.398,LA PAZ COUNTY LANDFILL [1004056] -- Waste
1002390,Georgia-Pacific Gypsum LLC - Fletcher,Minerals,45176.6869104,Georgia-Pacific Gypsum LLC - Fletcher [1002390] -- Minerals
1002426,GNRL MILLS,Other,45114.494,GNRL MILLS [1002426] -- Other
1002458,JOHN DEERE FNDRY WATERLOO,Other,45075.88,JOHN DEERE FNDRY WATERLOO [1002458] -- Other
1002715,PERDUE AGRIBUSINESS LLC,Other,45020.78,PERDUE AGRIBUSINESS LLC [1002715] -- Other
1000628,HONEYWELL - UOP LLC,Chemicals,44995.98,HONEYWELL - UOP LLC [1000628] -- Chemicals
1010378,CHOCTAW ROAD LANDFILL,Waste,44982.75,CHOCTAW ROAD LANDFILL [1010378] -- Waste
1005947,Dixie Chemical Company,Chemicals,44971.88,Dixie Chemical Company [1005947] -- Chemicals
1005856,GEISMAR FRACTIONATION PLANT,Natural Gas and Natural Gas Liquids Suppliers,44920.58,GEISMAR FRACTIONATION PLANT [1005856] -- Natural Gas and Natural Gas Liquids Suppliers
1003378,GARRETT COUNTY SOLID WASTE DISPOSAL & RECYCLING FACILITY,Waste,44856.75,GARRETT COUNTY SOLID WASTE DISPOSAL & RECYCLING FACILITY [1003378] -- Waste
1004581,COLORADO STATE UNIVERSITY,Other,44836.432,COLORADO STATE UNIVERSITY [1004581] -- Other
1002887,Gold Bond - MLT Plant,Minerals,44822.432,Gold Bond - MLT Plant [1002887] -- Minerals
1006036,CARROLL COUNTY SOLID WASTE MANAGEMENT COMMISSION,Waste,44800.148,CARROLL COUNTY SOLID WASTE MANAGEMENT COMMISSION [1006036] -- Waste
1004220,COOPER TIRE AND RUBBER CO *,Other,44700.132,COOPER TIRE AND RUBBER CO * [1004220] -- Other
1008239,"EPNG Station 6770 Oracle, AZ",Petroleum and Natural Gas Systems,44446.638,"EPNG Station 6770 Oracle, AZ [1008239] -- Petroleum and Natural Gas Systems"
1002292,HARFORD WASTE DISPOSAL CENTER,Waste,44442.25,HARFORD WASTE DISPOSAL CENTER [1002292] -- Waste
1004345,ELEMENT RESOURCES-GARFIELD FACILITY LLC,Metals,44386.692,ELEMENT RESOURCES-GARFIELD FACILITY LLC [1004345] -- Metals
1002497,GILLETTE CO,Other,44354.832,GILLETTE CO [1002497] -- Other
1004965,UNITED STATES PIPE & FOUNDRY CO LLC,Metals,44274.358,UNITED STATES PIPE & FOUNDRY CO LLC [1004965] -- Metals
1004269,Spearman Gas Processing Plant,Petroleum and Natural Gas Systems,43948.862,Spearman Gas Processing Plant [1004269] -- Petroleum and Natural Gas Systems
1005804,KERN RIVER GAS TRANSMISSION COMPANY: SALT LAKE COMPRESSOR STATION,Petroleum and Natural Gas Systems,43870.844,KERN RIVER GAS TRANSMISSION COMPANY: SALT LAKE COMPRESSOR STATION [1005804] -- Petroleum and Natural Gas Systems
1007709,DENVER ARAPAHOE DISPOSAL SITE-A WASTE MANAGEMENT COMPANY,Waste,43853.276,DENVER ARAPAHOE DISPOSAL SITE-A WASTE MANAGEMENT COMPANY [1007709] -- Waste
1011227,Orange County Landfill,Waste,43838.4,Orange County Landfill [1011227] -- Waste
1002145,"OWENS CORNING INSULATING SYSTEMS, LLC - NEWARK",Minerals,43788.588,"OWENS CORNING INSULATING SYSTEMS, LLC - NEWARK [1002145] -- Minerals"
1005022,Bunge Chevron Ag Renewables LLC,Other,43635.336,Bunge Chevron Ag Renewables LLC [1005022] -- Other
1004852,OWENS CORNING - JACKSON TN,Minerals,43431.012,OWENS CORNING - JACKSON TN [1004852] -- Minerals
1008217,Roberts Ranch Gas Plant,Petroleum and Natural Gas Systems,43430.478,Roberts Ranch Gas Plant [1008217] -- Petroleum and Natural Gas Systems
1006434,PG&E DELEVAN COMPRESSOR STATION,Petroleum and Natural Gas Systems,43426.244,PG&E DELEVAN COMPRESSOR STATION [1006434] -- Petroleum and Natural Gas Systems
1001588,"REYNOLDS FOIL, INC.",Metals,43417.736,"REYNOLDS FOIL, INC. [1001588] -- Metals"
1002775,U.S. AIR FORCE PLANT 6 LOCKHEED MARTIN AERONAUTICS CO,Other,43417.684,U.S. AIR FORCE PLANT 6 LOCKHEED MARTIN AERONAUTICS CO [1002775] -- Other
1004610,THE GOODYEAR TIRE & RUBBER COMPANY - TOPEKA KANSAS PLANT,Other,43399.336,THE GOODYEAR TIRE & RUBBER COMPANY - TOPEKA KANSAS PLANT [1004610] -- Other
1002129,"OWENS CORNING INSULATING SYSTEMS, LLC - DELMAR",Minerals,43315.344,"OWENS CORNING INSULATING SYSTEMS, LLC - DELMAR [1002129] -- Minerals"
1003402,ALBEMARLE CORPORATION HOUSTON PLANT,Chemicals,43255.924,ALBEMARLE CORPORATION HOUSTON PLANT [1003402] -- Chemicals
1002123,AIR PRODUCTS AND CHEMICALS INCORPORATED,Chemicals,43250.3,AIR PRODUCTS AND CHEMICALS INCORPORATED [1002123] -- Chemicals
1007526,Coeur Alaska Inc Kensington Gold Mine,Other,43206.496,Coeur Alaska Inc Kensington Gold Mine [1007526] -- Other
1003391,Mid-Town Thermal Center,Power Plants,43174.436,Mid-Town Thermal Center [1003391] -- Power Plants
1005918,WHEATLAND TUBE COMPANY - COUNCIL,Metals,42957.188,WHEATLAND TUBE COMPANY - COUNCIL [1005918] -- Metals
1002881,Darling Ingredients Inc.,Other,42923.978,Darling Ingredients Inc. [1002881] -- Other
1007818,WASTE MANAGEMENT GREATER WENATCHEE LANDF,Waste,42821.25,WASTE MANAGEMENT GREATER WENATCHEE LANDF [1007818] -- Waste
1003605,CITY OF MUSCATINE LANDFILL,Waste,42668.5,CITY OF MUSCATINE LANDFILL [1003605] -- Waste
1006617,PARIS PLANT,Other,42510.64,PARIS PLANT [1006617] -- Other
1003593,LAND O LAKES DRY CONDENSED MILK MFG,Other,42486.24,LAND O LAKES DRY CONDENSED MILK MFG [1003593] -- Other
1005423,UNIVERSAL STAINLESS BRIDGEVILLE PLT,Metals,42448.248,UNIVERSAL STAINLESS BRIDGEVILLE PLT [1005423] -- Metals
1008964,Bethel Compressor Station,Petroleum and Natural Gas Systems,42288.32,Bethel Compressor Station [1008964] -- Petroleum and Natural Gas Systems
1005211,Delta Air Lines Inc.- Atlanta Operations,Other,42269.774,Delta Air Lines Inc.- Atlanta Operations [1005211] -- Other
1010687,J.R. Simplot Company,Other,42209.632,J.R. Simplot Company [1010687] -- Other
1004249,MERCEDES-BENZ US INTERNATIONAL INC,Other,42141.392,MERCEDES-BENZ US INTERNATIONAL INC [1004249] -- Other
1007293,Sowega Power Project,Power Plants,42098.544,Sowega Power Project [1007293] -- Power Plants
1006655,US DOE Y-12 National Security Complex,Other,42083.092,US DOE Y-12 National Security Complex [1006655] -- Other
1006819,Leprino Foods Roswell,Other,42069.292,Leprino Foods Roswell [1006819] -- Other
1004144,XTO - New Teague Plant,Petroleum and Natural Gas Systems,42016.834,XTO - New Teague Plant [1004144] -- Petroleum and Natural Gas Systems
1004982,GRAPHIC PACKAGING INT INC,Pulp and Paper,41904.692,GRAPHIC PACKAGING INT INC [1004982] -- Pulp and Paper
1000781,CON ED-EAST 60TH STREET STEAM PLANT,Power Plants,41882.892,CON ED-EAST 60TH STREET STEAM PLANT [1000781] -- Power Plants
1006008,CLEWISTON SUGAR HOUSE,Other,41831.62,CLEWISTON SUGAR HOUSE [1006008] -- Other
1002655,PRINCE GEORGES COUNTY BROWN STATION ROA,Waste,41825.796,PRINCE GEORGES COUNTY BROWN STATION ROA [1002655] -- Waste
1001816,Naval Base Kitsap Bremerton,Other,41809.038,Naval Base Kitsap Bremerton [1001816] -- Other
1002328,City of Akron Steam Generating,Power Plants,41770.59,City of Akron Steam Generating [1002328] -- Power Plants
1005860,EAST CENTRAL SOLID WASTE COMMISSION,Waste,41683.898,EAST CENTRAL SOLID WASTE COMMISSION [1005860] -- Waste
1001652,TGP Station 241 Lafayette,Petroleum and Natural Gas Systems,41487.754,TGP Station 241 Lafayette [1001652] -- Petroleum and Natural Gas Systems
1007617,"WASTE MANAGEMENT OF NEW YORK, LLC",Waste,41385.368,"WASTE MANAGEMENT OF NEW YORK, LLC [1007617] -- Waste"
1005264,DARTMOUTH COLLEGE HEATING PLANT,Other,41362.49,DARTMOUTH COLLEGE HEATING PLANT [1005264] -- Other
1007288,"Neptune, GC-613",Petroleum and Natural Gas Systems,41303.436,"Neptune, GC-613 [1007288] -- Petroleum and Natural Gas Systems"
1002244,CenterPoint Landfill,Waste,41225.5,CenterPoint Landfill [1002244] -- Waste
1004604,U.S. Army IMCOM and Fort Leonard Wood,Waste,41204.206,U.S. Army IMCOM and Fort Leonard Wood [1004604] -- Waste
1003898,"BRIDGESTONE AMERICAS TIRE OPERATIONS, LLC",Other,41169.244,"BRIDGESTONE AMERICAS TIRE OPERATIONS, LLC [1003898] -- Other"
1007689,USA WASTE OF VIRGINIA LANDFILLS - BETHEL LANDFILL,Waste,41115.2,USA WASTE OF VIRGINIA LANDFILLS - BETHEL LANDFILL [1007689] -- Waste
1002997,COOPER TIRE COMPANY,Other,41107.096,COOPER TIRE COMPANY [1002997] -- Other
1006123,US GYPSUM - GYPSUM PLANT,Minerals,41085.796,US GYPSUM - GYPSUM PLANT [1006123] -- Minerals
1007212,EMERALD PARK LANDFILL LLC,Waste,41069,EMERALD PARK LANDFILL LLC [1007212] -- Waste
1000380,GM TECHNICAL CENTER,Other,40909.196,GM TECHNICAL CENTER [1000380] -- Other
1004983,FRITO-LAY,Other,40904.896,FRITO-LAY [1004983] -- Other
1005675,NIPPON CHEMICAL TEXAS INC,Chemicals,40841.596,NIPPON CHEMICAL TEXAS INC [1005675] -- Chemicals
1005425,"Futamura USA, Inc.",Other,40731.396,"Futamura USA, Inc. [1005425] -- Other"
1004292,Weyerhaeuser NR- Columbia Falls,Other,40706.242,Weyerhaeuser NR- Columbia Falls [1004292] -- Other
1001970,LAKE CITY ARMY AMMUNITION PLANT,Other,40702.996,LAKE CITY ARMY AMMUNITION PLANT [1001970] -- Other
1003595,Merck Sharp & Dohme LLC,Chemicals,40614.69,Merck Sharp & Dohme LLC [1003595] -- Chemicals
1002100,CGGSWA Regional Landfill,Waste,40559,CGGSWA Regional Landfill [1002100] -- Waste
1003531,Eastern Gas Transmission and Storage - Oakford and Rock Springs Stations (Stor and Tran),Petroleum and Natural Gas Systems,40436.066,Eastern Gas Transmission and Storage - Oakford and Rock Springs Stations (Stor and Tran) [1003531] -- Petroleum and Natural Gas Systems
1002954,BRIDGESTONE FIRESTONE INCORPORATED,Other,40372.592,BRIDGESTONE FIRESTONE INCORPORATED [1002954] -- Other
1006024,Duluth Steam One,Power Plants,40363.836,Duluth Steam One [1006024] -- Power Plants
1002838,FLORIDA GAS TRANSMISSION COMPANY - ORLANDO,Petroleum and Natural Gas Systems,40243.728,FLORIDA GAS TRANSMISSION COMPANY - ORLANDO [1002838] -- Petroleum and Natural Gas Systems
1005029,Pioneer Cryogenic Plant,Petroleum and Natural Gas Systems,40218.004,Pioneer Cryogenic Plant [1005029] -- Petroleum and Natural Gas Systems
1006213,"Darling Ingredients, Inc. - Rose Hill",Other,40201.248,"Darling Ingredients, Inc. - Rose Hill [1006213] -- Other"
1006809,CENTRAL BI-PRODUCTS - LONG PRAIRIE,Other,40127.38,CENTRAL BI-PRODUCTS - LONG PRAIRIE [1006809] -- Other
1004808,Bordeaux Landfill,Waste,40072,Bordeaux Landfill [1004808] -- Waste
1006874,SOUTH DAKOTA SOYBEAN PROCESSORS,Other,39854.5,SOUTH DAKOTA SOYBEAN PROCESSORS [1006874] -- Other
1001911,ELLWOOD TEXAS FORGE NAVASOTA,Other,39754,ELLWOOD TEXAS FORGE NAVASOTA [1001911] -- Other
1002729,Ponca City Landfill,Waste,39751,Ponca City Landfill [1002729] -- Waste
1011009,Weber County Landfill,Waste,39748,Weber County Landfill [1011009] -- Waste
1005715,Carver-Marion-Wareham Landfill,Waste,39734.65,Carver-Marion-Wareham Landfill [1005715] -- Waste
1010060,Green Canyon 237 B,Petroleum and Natural Gas Systems,39715.956,Green Canyon 237 B [1010060] -- Petroleum and Natural Gas Systems
1001672,ELLWOOD MILL PRODUCTS,Other,39678.252,ELLWOOD MILL PRODUCTS [1001672] -- Other
1004633,POST FOODS,Other,39663.4,POST FOODS [1004633] -- Other
1002599,CLINTON COUNTY SANITARY LANDFILL (EAST),Waste,39638.448,CLINTON COUNTY SANITARY LANDFILL (EAST) [1002599] -- Waste
1002177,"DENCO II, LLC",Other,39582,"DENCO II, LLC [1002177] -- Other"
1004335,ALL PURPOSE LANDFILL,Waste,39544,ALL PURPOSE LANDFILL [1004335] -- Waste
1002609,OTTUMWA / WAPELLO COUNTY SANITARY LANDFILL,Waste,39467.1,OTTUMWA / WAPELLO COUNTY SANITARY LANDFILL [1002609] -- Waste
1002712,DUPONT EXPERIMENTAL STATION,Other,39430.594,DUPONT EXPERIMENTAL STATION [1002712] -- Other
1003979,CITY OF ELKO MUNICIPAL LANDFILL,Waste,39308.45,CITY OF ELKO MUNICIPAL LANDFILL [1003979] -- Waste
1002646,Pineview Landfill,Waste,39108.25,Pineview Landfill [1002646] -- Waste
1002013,KIMBERLY-CLARK CORP,Pulp and Paper,39083.552,KIMBERLY-CLARK CORP [1002013] -- Pulp and Paper
1002284,MCCAIN FOODS USA INC,Other,39067.116,MCCAIN FOODS USA INC [1002284] -- Other
1002286,LUNDAY-THAGARD COMPANY,Petroleum Product Suppliers,38843.264,LUNDAY-THAGARD COMPANY [1002286] -- Petroleum Product Suppliers
1003193,PANHANDLE EASTERN PIPE LINE CO - ALVA N HOPETON,Petroleum and Natural Gas Systems,38820.934,PANHANDLE EASTERN PIPE LINE CO - ALVA N HOPETON [1003193] -- Petroleum and Natural Gas Systems
1002300,US GYPSUM - EAST CHICAGO PLANT,Minerals,38723.004,US GYPSUM - EAST CHICAGO PLANT [1002300] -- Minerals
1007263,ALTO COLUMBIA LLC,Other,38610.604,ALTO COLUMBIA LLC [1007263] -- Other
1005464,Eastern Michigan University,Other,38610.556,Eastern Michigan University [1005464] -- Other
1006847,SAPUTO CHEESE USA INC,Other,38557.504,SAPUTO CHEESE USA INC [1006847] -- Other
1007804,SONOCO PRODUCTS COMPANY - CHATTANOOGA MILL,Pulp and Paper,38523.104,SONOCO PRODUCTS COMPANY - CHATTANOOGA MILL [1007804] -- Pulp and Paper
1002117,"EPNG Station 6755 Navajo, AZ",Petroleum and Natural Gas Systems,38481.726,"EPNG Station 6755 Navajo, AZ [1002117] -- Petroleum and Natural Gas Systems"
1008930,LA Semiconductor,Other,38433.521486,LA Semiconductor [1008930] -- Other
1004044,GRAND FORKS LANDFILL,Waste,38365.05,GRAND FORKS LANDFILL [1004044] -- Waste
1003068,PANHANDLE EASTERN PIPE LINE CO - LIBERAL,Petroleum and Natural Gas Systems,38343.94,PANHANDLE EASTERN PIPE LINE CO - LIBERAL [1003068] -- Petroleum and Natural Gas Systems
1004205,"CAMPBELL SOUP SUPPLY COMPANY, LLC DBA DIXON CANNING CORP.",Other,38238.156,"CAMPBELL SOUP SUPPLY COMPANY, LLC DBA DIXON CANNING CORP. [1004205] -- Other"
1004541,Morris Community Landfill,Waste,38122.5,Morris Community Landfill [1004541] -- Waste
1007355,University of South Carolina,Power Plants,37990.728,University of South Carolina [1007355] -- Power Plants
1006544,"CANTON, CITY OF, CANTON SANITARY LANDFILL",Waste,37966.75,"CANTON, CITY OF, CANTON SANITARY LANDFILL [1006544] -- Waste"
1002401,BARTON COUNTY SANITARY LANDFILL,Waste,37850.9,BARTON COUNTY SANITARY LANDFILL [1002401] -- Waste
1003722,UNIVERSITY OF DELAWARE,Other,37843.406,UNIVERSITY OF DELAWARE [1003722] -- Other
1003847,"The Goodyear Tire & Rubber Co, Inc",Other,37781.106,"The Goodyear Tire & Rubber Co, Inc [1003847] -- Other"
1008024,U.S. ARMY TRAINING CENTER (ATC) & FORT JACKSON RANGES,Waste,37768.56,U.S. ARMY TRAINING CENTER (ATC) & FORT JACKSON RANGES [1008024] -- Waste
1006535,OHIO VALLEY ALUMINUM CO INC,Metals,37759.608,OHIO VALLEY ALUMINUM CO INC [1006535] -- Metals
1003718,BENTONITE PERFORMANCE MINERALS LLC LOVELL,Other,37711.178,BENTONITE PERFORMANCE MINERALS LLC LOVELL [1003718] -- Other
1004206,3M Chemical Operations' Decatur Facility,Chemicals,37564.427924,3M Chemical Operations' Decatur Facility [1004206] -- Chemicals
1003299,WASTE MANAGEMENT OF LA LLC/RELIABLE LANDFILL,Waste,37441,WASTE MANAGEMENT OF LA LLC/RELIABLE LANDFILL [1003299] -- Waste
1011966,Providence Health & Service Alaska,Other,37408.208,Providence Health & Service Alaska [1011966] -- Other
1006273,MOM BRANDS CO - PLANT 2 - NORTHFIELD,Other,37319.16,MOM BRANDS CO - PLANT 2 - NORTHFIELD [1006273] -- Other
1007821,Cashion Gas Plant,Petroleum and Natural Gas Systems,37299.876,Cashion Gas Plant [1007821] -- Petroleum and Natural Gas Systems
1003417,Cleveland-Cliffs Steel Corporation,Metals,37239.36,Cleveland-Cliffs Steel Corporation [1003417] -- Metals
1006474,GELITA USA,Other,37116.56,GELITA USA [1006474] -- Other
1003550,KANSAS STATE UNIV MAIN CAMPUS,Other,37052.16,KANSAS STATE UNIV MAIN CAMPUS [1003550] -- Other
1003346,Sterling Gas Plant,Petroleum and Natural Gas Systems,36911.904909801786,Sterling Gas Plant [1003346] -- Petroleum and Natural Gas Systems
1000609,LAMB WESTON INC. Hermiston,Other,36902.232,LAMB WESTON INC. Hermiston [1000609] -- Other
1002987,Montclair State University,Other,36784.158,Montclair State University [1002987] -- Other
1006361,SANOFI PASTEUR,Chemicals,36717.412,SANOFI PASTEUR [1006361] -- Chemicals
1005722,GRIMES COUNTY CMP STN,Petroleum and Natural Gas Systems,36649.942,GRIMES COUNTY CMP STN [1005722] -- Petroleum and Natural Gas Systems
1001842,HONDA DEVELOPMENT AND MANUFACTURING OF AMERICA *,Other,36549.13,HONDA DEVELOPMENT AND MANUFACTURING OF AMERICA * [1001842] -- Other
1004944,TITANIUM METALS CORP TORONTO PLANT,Metals,36543.112,TITANIUM METALS CORP TORONTO PLANT [1004944] -- Metals
1000855,Cargill Meat Solutions Corporation,Other,36515.15,Cargill Meat Solutions Corporation [1000855] -- Other
1005651,LAMB WESTON INCORPORATED,Other,36455.112,LAMB WESTON INCORPORATED [1005651] -- Other
1002030,MOBILE BAY NGL RECOVERY PLANT,Petroleum and Natural Gas Systems,36454.914,MOBILE BAY NGL RECOVERY PLANT [1002030] -- Petroleum and Natural Gas Systems
1005958,ANR Pipeline Blue Lake Complex Gas Storage Facility,Petroleum and Natural Gas Systems,36386.33,ANR Pipeline Blue Lake Complex Gas Storage Facility [1005958] -- Petroleum and Natural Gas Systems
1009130,WARNER CO2 TREATMENT PLANT,Petroleum and Natural Gas Systems,36362.576,WARNER CO2 TREATMENT PLANT [1009130] -- Petroleum and Natural Gas Systems
1007865,Northridge Gas Plant,Petroleum and Natural Gas Systems,36271.678,Northridge Gas Plant [1007865] -- Petroleum and Natural Gas Systems
1000219,French Island,Power Plants,36164.528,French Island [1000219] -- Power Plants
1005798,Energy Center Pittsburgh LLC,Power Plants,35906.164,Energy Center Pittsburgh LLC [1005798] -- Power Plants
1007539,ECO SERVICES DOMINGUEZ,Chemicals,35808.316,ECO SERVICES DOMINGUEZ [1007539] -- Chemicals
1000382,WINNESHIEK COUNTY SANITARY LANDFILL,Waste,35734.25,WINNESHIEK COUNTY SANITARY LANDFILL [1000382] -- Waste
1010064,Mississippi Canyon 109 A,Petroleum and Natural Gas Systems,35492.216,Mississippi Canyon 109 A [1010064] -- Petroleum and Natural Gas Systems
1000022,ISP TECHNOLOGIES TEXAS CITY PLANT,Chemicals,35437.916,ISP TECHNOLOGIES TEXAS CITY PLANT [1000022] -- Chemicals
1005391,XTO - Farrar Plant,Petroleum and Natural Gas Systems,35371.458,XTO - Farrar Plant [1005391] -- Petroleum and Natural Gas Systems
1004658,OREGON STATE UNIVERSITY,Other,35354.816,OREGON STATE UNIVERSITY [1004658] -- Other
1002393,High-Purity Silicon America Corporation,Metals,35314.868,High-Purity Silicon America Corporation [1002393] -- Metals
1004819,GEORGIA PACIFIC Gypsum LLC,Minerals,35313.87405912,GEORGIA PACIFIC Gypsum LLC [1004819] -- Minerals
1003110,DUTCHESS CO RESOURCE RECOVERY FACILITY,Waste,35187.722,DUTCHESS CO RESOURCE RECOVERY FACILITY [1003110] -- Waste
1004313,Worthington Landfill,Waste,35132.75,Worthington Landfill [1004313] -- Waste
1003707,Philip Morris USA,Other,35055.416,Philip Morris USA [1003707] -- Other
1001999,"USG INTERIORS, LLC - GREENVILLE PLANT",Minerals,35042.568,"USG INTERIORS, LLC - GREENVILLE PLANT [1001999] -- Minerals"
1000351,"MW/MB, LLC",Minerals,34971.216,"MW/MB, LLC [1000351] -- Minerals"
1007561,WYOMING SUGAR CO,Minerals,34967.848,WYOMING SUGAR CO [1007561] -- Minerals
1005362,LOUISIANA TECH UNIVERSITY,Power Plants,34965.02,LOUISIANA TECH UNIVERSITY [1005362] -- Power Plants
1004136,COVATION BIOMATERIALS KINSTON SITE,Other,34955.468,COVATION BIOMATERIALS KINSTON SITE [1004136] -- Other
1006532,TOYTOWN SLF,Waste,34953.5,TOYTOWN SLF [1006532] -- Waste
1001120,ST PAUL COGENERATION,Power Plants,34885.128,ST PAUL COGENERATION [1001120] -- Power Plants
1003814,FINK ROAD LANDFILL,Waste,34776.5,FINK ROAD LANDFILL [1003814] -- Waste
1003103,IMPERIAL Landfill,Waste,34693.75,IMPERIAL Landfill [1003103] -- Waste
1007061,WAYNE COUNTY LANDFILL,Waste,34626,WAYNE COUNTY LANDFILL [1007061] -- Waste
1003348,JOHNS MANVILLE INTERNATIONAL INC PLANT NO 8,Minerals,34614.572,JOHNS MANVILLE INTERNATIONAL INC PLANT NO 8 [1003348] -- Minerals
1001803,STARPET INCORPORATED,Other,34533.92,STARPET INCORPORATED [1001803] -- Other
1000399,UNION ELEC HARMON CREEK PLT,Metals,34386.372,UNION ELEC HARMON CREEK PLT [1000399] -- Metals
1006836,CALIFORNIA DAIRIES INC TURLOCK,Other,34373.92,CALIFORNIA DAIRIES INC TURLOCK [1006836] -- Other
1002317,SOLAR TURBINES INCORPORATED,Other,34340.708,SOLAR TURBINES INCORPORATED [1002317] -- Other
1000176,LAKE COUNTY CENTRAL PHASE I LANDFILL,Waste,34270.75,LAKE COUNTY CENTRAL PHASE I LANDFILL [1000176] -- Waste
1005432,AMERICAN AIRLINES,Other,34261.918,AMERICAN AIRLINES [1005432] -- Other
1002109,US DOE OAK RIDGE NATIONAL LABORATORY,Other,34203.918,US DOE OAK RIDGE NATIONAL LABORATORY [1002109] -- Other
1001768,"KAUAI ISLAND UTILITY COOPERATIVE, PORT ALLEN GENERATING STATION",Power Plants,34140.798,"KAUAI ISLAND UTILITY COOPERATIVE, PORT ALLEN GENERATING STATION [1001768] -- Power Plants"
1006865,Cavendish Farms,Other,34019.972,Cavendish Farms [1006865] -- Other
1005906,AR GLASS CONTAINER CORP,Minerals,34015.788,AR GLASS CONTAINER CORP [1005906] -- Minerals
1002700,CITY OF SNYDER LANDFILL,Waste,33923.25,CITY OF SNYDER LANDFILL [1002700] -- Waste
1004388,GEORGIA INSTITUTE OF TECHNOLOGY,Other,33909.072,GEORGIA INSTITUTE OF TECHNOLOGY [1004388] -- Other
1000618,LUBRIZOL CORPORATION,Chemicals,33808.066,LUBRIZOL CORPORATION [1000618] -- Chemicals
1003543,BROWARD COUNTY LANDFILL,Waste,33793.5,BROWARD COUNTY LANDFILL [1003543] -- Waste
1002031,ROGGEN GAS PLANT,Petroleum and Natural Gas Systems,33720.634,ROGGEN GAS PLANT [1002031] -- Petroleum and Natural Gas Systems
1007925,GREENRIDGE RECLAMATION Landfill,Waste,33692.75,GREENRIDGE RECLAMATION Landfill [1007925] -- Waste
1002311,Naval Submarine Base New London,Other,33690.214,Naval Submarine Base New London [1002311] -- Other
1007723,EVERGREEN RECYCLING & DISPOSAL,Waste,33635.04,EVERGREEN RECYCLING & DISPOSAL [1007723] -- Waste
1004470,CATERPILLAR INCORPORATED,Other,33561.97,CATERPILLAR INCORPORATED [1004470] -- Other
1003063,MERCURY MARINE FOND DU LAC COMPLEX,Other,33504.346,MERCURY MARINE FOND DU LAC COMPLEX [1003063] -- Other
1006021,CHEMUNG COUNTY LANDFILL,Waste,33487.2,CHEMUNG COUNTY LANDFILL [1006021] -- Waste
1002709,COVORO MINING SOLUTIONS LLC,Chemicals,33486.124,COVORO MINING SOLUTIONS LLC [1002709] -- Chemicals
1009539,DSM Nutritional Products,Other,33420.778,DSM Nutritional Products [1009539] -- Other
1010700,Diageo USVI,Other,33352.316,Diageo USVI [1010700] -- Other
1000639,THE BOEING COMPANY,Other,33303.224,THE BOEING COMPANY [1000639] -- Other
1003434,NOVELIS CORP - GREENSBORO,Metals,33165.024,NOVELIS CORP - GREENSBORO [1003434] -- Metals
1005580,SHAW INDUSTRIES GROUP INC PLANT 4,Other,33093.676,SHAW INDUSTRIES GROUP INC PLANT 4 [1005580] -- Other
1004465,American Canyon Landfill,Waste,33076.5,American Canyon Landfill [1004465] -- Waste
1002871,Little Rapids - Shawano Paper Mill,Pulp and Paper,33063.976,Little Rapids - Shawano Paper Mill [1002871] -- Pulp and Paper
1005556,WAYNE STATE UNIVERSITY,Other,33054.376,WAYNE STATE UNIVERSITY [1005556] -- Other
1002961,DAL TILE INTERNATIONAL,Minerals,33048.276,DAL TILE INTERNATIONAL [1002961] -- Minerals
1009333,TGP Station 264 Charlton,Petroleum and Natural Gas Systems,32834.178,TGP Station 264 Charlton [1009333] -- Petroleum and Natural Gas Systems
1003628,DAVIESS COUNTY LANDFILL,Waste,32758.7,DAVIESS COUNTY LANDFILL [1003628] -- Waste
1003347,Mertzon Gas Plant,Petroleum and Natural Gas Systems,32723.845232484135,Mertzon Gas Plant [1003347] -- Petroleum and Natural Gas Systems
1006664,Solvay USA,Chemicals,32669.876,Solvay USA [1006664] -- Chemicals
1003427,"SUMITOMO RUBBER USA, LLC",Other,32665.628,"SUMITOMO RUBBER USA, LLC [1003427] -- Other"
1005658,CALIFORNIA DAIRIES INC FRESNO,Other,32644.528,CALIFORNIA DAIRIES INC FRESNO [1005658] -- Other
1004105,"BUNGE NORTH AMERICA, INC.",Other,32615.528,"BUNGE NORTH AMERICA, INC. [1004105] -- Other"
1005725,"Potters Industries LLC. - Apex, NC",Minerals,32591.328,"Potters Industries LLC. - Apex, NC [1005725] -- Minerals"
1006075,THE COLLEGE OF NEW JERSEY,Other,32585.976,THE COLLEGE OF NEW JERSEY [1006075] -- Other
1005950,"Bavarian Trucking Co., Inc.",Waste,32575.65,"Bavarian Trucking Co., Inc. [1005950] -- Waste"
1006683,Washington University Medical School,Other,32569.428,Washington University Medical School [1006683] -- Other
1002470,WETUMKA GAS PROCESSING PLT,Natural Gas and Natural Gas Liquids Suppliers,32565.114,WETUMKA GAS PROCESSING PLT [1002470] -- Natural Gas and Natural Gas Liquids Suppliers
1003585,TOYOTA MOTOR MANUFACTURING TEXAS INC,Other,32499.528,TOYOTA MOTOR MANUFACTURING TEXAS INC [1003585] -- Other
1002747,US DOE BROOKHAVEN NATIONAL LABORATORY,Other,32466.122,US DOE BROOKHAVEN NATIONAL LABORATORY [1002747] -- Other
1002855,City of Okmulgee Landfill,Waste,32442.25,City of Okmulgee Landfill [1002855] -- Waste
1005588,VISTA METALS CORPORATION,Metals,32234.228,VISTA METALS CORPORATION [1005588] -- Metals
1005339,WILLIAM BEAUMONT HOSPITAL,Other,32222.678,WILLIAM BEAUMONT HOSPITAL [1005339] -- Other
1003408,3M INDUSTRIAL MINERAL PRODUCTS DIVISION,Minerals,32128.98,3M INDUSTRIAL MINERAL PRODUCTS DIVISION [1003408] -- Minerals
1002195,Sneed Booster Station,Petroleum and Natural Gas Systems,31990.12,Sneed Booster Station [1002195] -- Petroleum and Natural Gas Systems
1007163,UNIVERSITY OF NEBRASKA MEDICAL CENTER,Other,31943.422,UNIVERSITY OF NEBRASKA MEDICAL CENTER [1007163] -- Other
1006704,Gold Bond- BUR Plant,Minerals,31932.98,Gold Bond- BUR Plant [1006704] -- Minerals
1003227,IRIS GLEN ENVIRONMENTAL CENTER,Waste,31913.45,IRIS GLEN ENVIRONMENTAL CENTER [1003227] -- Waste
1003577,GERDAU AMERISTEEL US INC,Metals,31886.756,GERDAU AMERISTEEL US INC [1003577] -- Metals
1004295,PRATT & WHITNEY MIDDLETOWN,Other,31813.526,PRATT & WHITNEY MIDDLETOWN [1004295] -- Other
1000667,Cleary Flood,Power Plants,31764.358,Cleary Flood [1000667] -- Power Plants
1005363,"CALUMET KARNS CITY REFINING, LLC.",Petroleum and Natural Gas Systems,31730.056,"CALUMET KARNS CITY REFINING, LLC. [1005363] -- Petroleum and Natural Gas Systems"
1006081,Darling Ingredients Inc.,Other,31706.112,Darling Ingredients Inc. [1006081] -- Other
1008767,"Irving Tissue, Inc. Fort Edward Facility",Pulp and Paper,31614.48,"Irving Tissue, Inc. Fort Edward Facility [1008767] -- Pulp and Paper"
1004898,"FRITO-LAY, INC. - PERRY PLANT",Other,31603.23,"FRITO-LAY, INC. - PERRY PLANT [1004898] -- Other"
1010127,International Paper - Erie Lowville Landfill III,Waste,31443,International Paper - Erie Lowville Landfill III [1010127] -- Waste
1004804,3M NEVADA PLANT,Other,31394.032,3M NEVADA PLANT [1004804] -- Other
1011233,Bedford County Landfill,Waste,31387.2,Bedford County Landfill [1011233] -- Waste
1005984,"Corning Pharmaceutical Glass, LLC",Minerals,31362.284,"Corning Pharmaceutical Glass, LLC [1005984] -- Minerals"
1006570,Molson Coors-MILWAUKEE BREWERY,Other,31356.132,Molson Coors-MILWAUKEE BREWERY [1006570] -- Other
1005637,HENNEPIN COUNTY ENERGY CENTER,Power Plants,31325.732,HENNEPIN COUNTY ENERGY CENTER [1005637] -- Power Plants
1009233,Vermillion Gas Plant,Petroleum and Natural Gas Systems,31324.642,Vermillion Gas Plant [1009233] -- Petroleum and Natural Gas Systems
1010937,"Alaska Village Electric Cooperative, Inc.",Power Plants,31213.24,"Alaska Village Electric Cooperative, Inc. [1010937] -- Power Plants"
1004730,"JESSOP STEEL, LLC WASHINGTON FACILITY",Metals,31117.332,"JESSOP STEEL, LLC WASHINGTON FACILITY [1004730] -- Metals"
1005150,CARLTON FORGE WORKS,Other,31109.032,CARLTON FORGE WORKS [1005150] -- Other
1001215,PASSAIC VALLEY SEWER COMM,Other,31066.484,PASSAIC VALLEY SEWER COMM [1001215] -- Other
1006466,MEMPHIS CELLULOSE LLC,Pulp and Paper,30833.784,MEMPHIS CELLULOSE LLC [1006466] -- Pulp and Paper
1004926,ANR Pipeline Birmingham CS,Petroleum and Natural Gas Systems,30814.436,ANR Pipeline Birmingham CS [1004926] -- Petroleum and Natural Gas Systems
1004718,"Imerys Filtration Minerals, Inc.",Other,30768.584,"Imerys Filtration Minerals, Inc. [1004718] -- Other"
1002798,HUNT SOUTHLAND REFINING COMPANY,Petroleum Product Suppliers,30709.172,HUNT SOUTHLAND REFINING COMPANY [1002798] -- Petroleum Product Suppliers
1003205,Abbott Nutrition - A Division of Abbott Laboratories,Other,30662.284,Abbott Nutrition - A Division of Abbott Laboratories [1003205] -- Other
1000420,Equus Power I,Power Plants,30655.836,Equus Power I [1000420] -- Power Plants
1002165,HURON REAL ESTATE ASSOCIATES,Other,30628.484,HURON REAL ESTATE ASSOCIATES [1002165] -- Other
1007717,CARESTREAM HEALTH INC.,Chemicals,30627.584,CARESTREAM HEALTH INC. [1007717] -- Chemicals
1012864,Agropur,Other,30474.536,Agropur [1012864] -- Other
1004660,PITTSBURGH CORNING CORPORATION,Minerals,30469.644,PITTSBURGH CORNING CORPORATION [1004660] -- Minerals
1007665,GALLIA COUNTY LANDFILL *,Waste,30453.7,GALLIA COUNTY LANDFILL * [1007665] -- Waste
1004315,"MITSUBISHI CHEMICAL AMERICA, INC. - POLYESTER FILM DIVISION",Other,30446.836,"MITSUBISHI CHEMICAL AMERICA, INC. - POLYESTER FILM DIVISION [1004315] -- Other"
1012110,County of Orange - CUF,Other,30430.836,County of Orange - CUF [1012110] -- Other
1005111,WARBASSE HOUSES & POWER PLANT,Power Plants,30341.884,WARBASSE HOUSES & POWER PLANT [1005111] -- Power Plants
1003045,Petro-Hunt L.L.C.,Natural Gas and Natural Gas Liquids Suppliers,30338.252,Petro-Hunt L.L.C. [1003045] -- Natural Gas and Natural Gas Liquids Suppliers
1004467,OHIO COUNTY BALEFILL LANDFILL,Waste,30310.65,OHIO COUNTY BALEFILL LANDFILL [1004467] -- Waste
1005544,NEW MEXICO STATE UNIVERSITY CAMPUS,Other,30291.736,NEW MEXICO STATE UNIVERSITY CAMPUS [1005544] -- Other
1006693,FM 812 Landfill,Waste,30257.5,FM 812 Landfill [1006693] -- Waste
1009491,CertainTeed,Minerals,30246.096,CertainTeed [1009491] -- Minerals
1003486,TITAN TIRE CORPORATION OF FREEPORT,Other,30192.284,TITAN TIRE CORPORATION OF FREEPORT [1003486] -- Other
1000356,Kensing LLC,Chemicals,30169.836,Kensing LLC [1000356] -- Chemicals
1009616,"Fiberteq, LLC",Minerals,30168.236,"Fiberteq, LLC [1009616] -- Minerals"
1004024,WESTROCK (DALLAS MILL),Pulp and Paper,30070.336,WESTROCK (DALLAS MILL) [1004024] -- Pulp and Paper
1008786,Bakelite Synthetics,Other,30049.388,Bakelite Synthetics [1008786] -- Other
1002861,SONOCO - NEWPORT,Pulp and Paper,30003.488,SONOCO - NEWPORT [1002861] -- Pulp and Paper
1009701,Mosaic Carlsbad Facility,Other,29978.686,Mosaic Carlsbad Facility [1009701] -- Other
1003277,Dunn Compressor Station,Petroleum and Natural Gas Systems,29965.712,Dunn Compressor Station [1003277] -- Petroleum and Natural Gas Systems
1007014,SWIFT BEEF CO,Other,29941.964,SWIFT BEEF CO [1007014] -- Other
1006111,ANHEUSER BUSCH INC,Other,29821.856,ANHEUSER BUSCH INC [1006111] -- Other
1007393,"HYUNDAI MOTOR MANUFACTURING ALABAMA, LLC",Import and Export of Equipment Containing Fluorintaed GHGs,29768.73,"HYUNDAI MOTOR MANUFACTURING ALABAMA, LLC [1007393] -- Import and Export of Equipment Containing Fluorintaed GHGs"
1004098,"MARCAL MANUFACTURING, LLC.",Pulp and Paper,29614.14,"MARCAL MANUFACTURING, LLC. [1004098] -- Pulp and Paper"
1003360,PASCAGOULA GAS PLANT,Petroleum and Natural Gas Systems,29578.394,PASCAGOULA GAS PLANT [1003360] -- Petroleum and Natural Gas Systems
1005446,MIDSTREAM ENERGY PARTNERS NORTH COLES LEVEE GAS PLANT,Natural Gas and Natural Gas Liquids Suppliers,29576.194,MIDSTREAM ENERGY PARTNERS NORTH COLES LEVEE GAS PLANT [1005446] -- Natural Gas and Natural Gas Liquids Suppliers
1002867,ANHEUSER BUSCH INC. - L.A. BREWERY,Other,29572.14,ANHEUSER BUSCH INC. - L.A. BREWERY [1002867] -- Other
1003607,"Dunn Paper - Ladysmith, LLC",Pulp and Paper,29542.088,"Dunn Paper - Ladysmith, LLC [1003607] -- Pulp and Paper"
1003176,ANHEUSER BUSCH LLC,Other,29532.488,ANHEUSER BUSCH LLC [1003176] -- Other
1007725,Metro Recycling and Disposal Facility,Waste,29508.226,Metro Recycling and Disposal Facility [1007725] -- Waste
1003542,Metro Nashville District Energy System,Power Plants,29485.14,Metro Nashville District Energy System [1003542] -- Power Plants
1007811,STONY HOLLOW LANDFILL INC,Waste,29484.65,STONY HOLLOW LANDFILL INC [1007811] -- Waste
1006156,KERN RIVER GAS TRANSMISSION COMPANY: MILFORD COMPRESSOR STATION,Petroleum and Natural Gas Systems,29455.3,KERN RIVER GAS TRANSMISSION COMPANY: MILFORD COMPRESSOR STATION [1006156] -- Petroleum and Natural Gas Systems
1004110,West Frenchie Draw Amine Plant,Petroleum and Natural Gas Systems,29379.238,West Frenchie Draw Amine Plant [1004110] -- Petroleum and Natural Gas Systems
1003187,"WM BOLTHOUSE FARMS, INC.",Other,29374.44,"WM BOLTHOUSE FARMS, INC. [1003187] -- Other"
1006214,BRASKEM AMERICA NEAL PLANT,Other,29361.384,BRASKEM AMERICA NEAL PLANT [1006214] -- Other
1004859,"VIKING ENERGY OF LINCOLN, LLC",Power Plants,29358.642,"VIKING ENERGY OF LINCOLN, LLC [1004859] -- Power Plants"
1003742,31st Street Landfill,Waste,29263.95,31st Street Landfill [1003742] -- Waste
1011466,Anoka Municipal Regional Landfill,Waste,29257,Anoka Municipal Regional Landfill [1011466] -- Waste
1004587,Former Town of Babylon Landfill,Waste,29149.75,Former Town of Babylon Landfill [1004587] -- Waste
1006963,ADVANCED DISPOSAL VALLEY VIEW LANDFILL INC,Waste,29066.948,ADVANCED DISPOSAL VALLEY VIEW LANDFILL INC [1006963] -- Waste
1008000,YORK COUNTY LANDFILL,Waste,28917,YORK COUNTY LANDFILL [1008000] -- Waste
1002260,"COE Bridgewater LLC c/o Thor Equities, LLC",Other,28823.59,"COE Bridgewater LLC c/o Thor Equities, LLC [1002260] -- Other"
1004737,Kordsa Inc. - Chattanooga,Other,28776.292,Kordsa Inc. - Chattanooga [1004737] -- Other
1006700,CHILDRENS HOSPITAL MEDICAL CENTER,Other,28731.292,CHILDRENS HOSPITAL MEDICAL CENTER [1006700] -- Other
1002309,U S GYPSUM - OAKFIELD PLANT,Pulp and Paper,28693.7,U S GYPSUM - OAKFIELD PLANT [1002309] -- Pulp and Paper
1000123,Yuba City Energy Center,Power Plants,28671.744,Yuba City Energy Center [1000123] -- Power Plants
1007651,DICALITE MINERALS LLC,Other,28615.686,DICALITE MINERALS LLC [1007651] -- Other
1004673,TANGIPAHOA PARISH REGIONAL SOLID WASTE FACILITY,Waste,28614.25,TANGIPAHOA PARISH REGIONAL SOLID WASTE FACILITY [1004673] -- Waste
1004796,DENVER INTERNATIONAL AIRPORT,Other,28551.392,DENVER INTERNATIONAL AIRPORT [1004796] -- Other
1000104,FORD MOTOR COMPANY - FORD OHIO ASSEMBLY PLANT,Other,28540.292,FORD MOTOR COMPANY - FORD OHIO ASSEMBLY PLANT [1000104] -- Other
1003969,COLUMBIA SANITARY LANDFILL,Waste,28457.28,COLUMBIA SANITARY LANDFILL [1003969] -- Waste
1000637,Boeing-St. Louis,Other,28384.844,Boeing-St. Louis [1000637] -- Other
1002353,CHITWOOD GAS PLANT,Petroleum and Natural Gas Systems,28354.6,CHITWOOD GAS PLANT [1002353] -- Petroleum and Natural Gas Systems
1000383,BIOGEN INC,Chemicals,28268.192,BIOGEN INC [1000383] -- Chemicals
1002792,USDA-NATIONAL ANIMAL DISEASE CENTER,Other,28205.332,USDA-NATIONAL ANIMAL DISEASE CENTER [1002792] -- Other
1000360,SANIMAX USA LLC,Other,28167.244,SANIMAX USA LLC [1000360] -- Other
1004478,"USS-UPI, LLC",Metals,28086.444,"USS-UPI, LLC [1004478] -- Metals"
1003597,Mohegan Tribe of Indians of Connecticut,Other,28084.884,Mohegan Tribe of Indians of Connecticut [1003597] -- Other
1004529,JIM BEAM BRANDS COMPANY,Other,28006.944,JIM BEAM BRANDS COMPANY [1004529] -- Other
1001562,NESTLE USA INC,Other,27991.044,NESTLE USA INC [1001562] -- Other
1008991,Linde Inc.,Chemicals,27938.4,Linde Inc. [1008991] -- Chemicals
1003901,CENTRAL BI-PRODUCTS - REDWOOD FALLS,Other,27921.098,CENTRAL BI-PRODUCTS - REDWOOD FALLS [1003901] -- Other
1009530,Corelle Brands - Charleroi Plant,Minerals,27847.464,Corelle Brands - Charleroi Plant [1009530] -- Minerals
1002649,CARTER VALLEY LANDFILL,Waste,27781.25,CARTER VALLEY LANDFILL [1002649] -- Waste
1005277,NORTHEASTERN UNIVERSITY,Other,27778.844,NORTHEASTERN UNIVERSITY [1005277] -- Other
1008036,LANXESS Corporation - South Plant,Chemicals,27748.296,LANXESS Corporation - South Plant [1008036] -- Chemicals
1003955,OFS GPRP Antelope Hills Gas Plant,Petroleum and Natural Gas Systems,27535.176,OFS GPRP Antelope Hills Gas Plant [1003955] -- Petroleum and Natural Gas Systems
1006211,"Potters Industries, Inc. - Muscatine, IA",Minerals,27523.396,"Potters Industries, Inc. - Muscatine, IA [1006211] -- Minerals"
1004356,Columbia Gas Transmission LLC Kenova CS,Petroleum and Natural Gas Systems,27472.734,Columbia Gas Transmission LLC Kenova CS [1004356] -- Petroleum and Natural Gas Systems
1006096,DANE CNTY LANDFILL SITE #2 RODEFELD,Waste,27439.448,DANE CNTY LANDFILL SITE #2 RODEFELD [1006096] -- Waste
1001772,QUAKER MFG LLC,Other,27402.596,QUAKER MFG LLC [1001772] -- Other
1004809,TYSON POULTRY INC PINE BLUFF JEFFERSON PARKWAY PLANT,Other,27366.996,TYSON POULTRY INC PINE BLUFF JEFFERSON PARKWAY PLANT [1004809] -- Other
1006093,BF GOODRICH TIRE MANUFACTURING,Other,27351.548,BF GOODRICH TIRE MANUFACTURING [1006093] -- Other
1005105,METROPOLITAN AIRPORTS COMMISSION,Other,27339.998,METROPOLITAN AIRPORTS COMMISSION [1005105] -- Other
1004542,Wieland Rolled Products North America,Metals,27292.826,Wieland Rolled Products North America [1004542] -- Metals
1003247,DART CONTAINER CORPORATION OF KENTUCKY,Other,27086.048,DART CONTAINER CORPORATION OF KENTUCKY [1003247] -- Other
1000607,LAMB WESTON,Other,26956.448,LAMB WESTON [1000607] -- Other
1002879,INEOS ABS,Other,26940.3,INEOS ABS [1002879] -- Other
1005471,TEMPLE UNIVERSITY HEALTH SCIENCES CAMPUS,Other,26924.648,TEMPLE UNIVERSITY HEALTH SCIENCES CAMPUS [1005471] -- Other
1002803,University of Vermont and State Agricultural College,Other,26908.246,University of Vermont and State Agricultural College [1002803] -- Other
1000048,"ALLISON TRANSMISSION, Inc.",Other,26842.806,"ALLISON TRANSMISSION, Inc. [1000048] -- Other"
1005063,Southern California Gas Company - Honor Rancho,Petroleum and Natural Gas Systems,26837.962,Southern California Gas Company - Honor Rancho [1005063] -- Petroleum and Natural Gas Systems
1003084,"Vicinity Energy Trenton, L.P.",Power Plants,26809.4,"Vicinity Energy Trenton, L.P. [1003084] -- Power Plants"
1005768,WESTROCK CONVERTING COMPANY - STROUDSBURG MILL,Pulp and Paper,26778.5,WESTROCK CONVERTING COMPANY - STROUDSBURG MILL [1005768] -- Pulp and Paper
1003038,"ADVANCED DISPOSAL MAPLE HILL LANDFILL, LLC",Waste,26771.15,"ADVANCED DISPOSAL MAPLE HILL LANDFILL, LLC [1003038] -- Waste"
1003665,GENENTECH INCORPORATED,Chemicals,26699.5,GENENTECH INCORPORATED [1003665] -- Chemicals
1005159,SNG Plant,Petroleum and Natural Gas Systems,26625.922,SNG Plant [1005159] -- Petroleum and Natural Gas Systems
1003413,Benson Valley LF,Waste,26621.9,Benson Valley LF [1003413] -- Waste
1004149,PORTER LANDFILL,Waste,26478.5,PORTER LANDFILL [1004149] -- Waste
1003812,IOWA CITY SANITARY LANDFILL,Waste,26464.948,IOWA CITY SANITARY LANDFILL [1003812] -- Waste
1004832,J.G. Boswell Tomato Company Kings LLC,Other,26457.4,J.G. Boswell Tomato Company Kings LLC [1004832] -- Other
1003141,ENKEI AMERICA INC,Metals,26284.952,ENKEI AMERICA INC [1003141] -- Metals
1002832,J. R. Simplot Co.,Other,26271.28,J. R. Simplot Co. [1002832] -- Other
1008038,LANXESS Corporation - West Plant,Chemicals,26227.952,LANXESS Corporation - West Plant [1008038] -- Chemicals
1007957,KAISER ALUMINUM (0145010093),Metals,26176.152,KAISER ALUMINUM (0145010093) [1007957] -- Metals
1006827,COVESTRO,Chemicals,25942.35,COVESTRO [1006827] -- Chemicals
1004701,Borman Specialty Materials,Chemicals,25740.904,Borman Specialty Materials [1004701] -- Chemicals
1002215,KELLOGG LANCASTER CEREAL PLT,Other,25650.944,KELLOGG LANCASTER CEREAL PLT [1002215] -- Other
1000763,Narrows Generating Station,Power Plants,25617.156,Narrows Generating Station [1000763] -- Power Plants
1003612,IRONWOOD LANDFILL,Waste,25558,IRONWOOD LANDFILL [1003612] -- Waste
1000286,Naval Station - Great Lakes,Other,25550.902,Naval Station - Great Lakes [1000286] -- Other
1007711,Jackson Madison County LF,Waste,25491.5,Jackson Madison County LF [1007711] -- Waste
1010761,"Clariant Corporation, Louisville Site, West Plant",Chemicals,25456.504,"Clariant Corporation, Louisville Site, West Plant [1010761] -- Chemicals"
1003444,TYSON FOODS INCORPORATED,Other,25456.104,TYSON FOODS INCORPORATED [1003444] -- Other
1009930,"Clean Harbors Buttonwillow, LLC.",Waste,25399.25,"Clean Harbors Buttonwillow, LLC. [1009930] -- Waste"
1004580,University of Nebraska Lincoln (City Campus),Other,25371.154,University of Nebraska Lincoln (City Campus) [1004580] -- Other
1006082,CERTAINTEED CEILINGS CORP,Minerals,25364.004,CERTAINTEED CEILINGS CORP [1006082] -- Minerals
1004909,"Quad/Graphics, Inc. - Martinsburg Facility",Pulp and Paper,25288.9,"Quad/Graphics, Inc. - Martinsburg Facility [1004909] -- Pulp and Paper"
1006391,US Steel - Fairless Hills Plant,Metals,25241.204,US Steel - Fairless Hills Plant [1006391] -- Metals
1007585,MONROEVILLE LDFL,Waste,25125.7,MONROEVILLE LDFL [1007585] -- Waste
1001634,OKLAHOMA STATE UNIVERSITY,Other,25094.956,OKLAHOMA STATE UNIVERSITY [1001634] -- Other
1006019,"Potters Industries, Inc. - Brownwood, TX",Minerals,25064.956,"Potters Industries, Inc. - Brownwood, TX [1006019] -- Minerals"
1011251,Omya Inc. (Verpol),Other,25019.956,Omya Inc. (Verpol) [1011251] -- Other
1001811,BROWN UNIVERSITY MAIN CAMPUS,Other,24994.456,BROWN UNIVERSITY MAIN CAMPUS [1001811] -- Other
1002880,UW CENTRAL ENERGY PLANT,Power Plants,24844.26,UW CENTRAL ENERGY PLANT [1002880] -- Power Plants
1002258,"KELLOGG USA,INC.",Other,24799.808,"KELLOGG USA,INC. [1002258] -- Other"
1010033,QORVO,Other,24793.000394,QORVO [1010033] -- Other
1000113,Pouch Terminal,Power Plants,24767.708,Pouch Terminal [1000113] -- Power Plants
1006861,DEMENNO KERDOON,Petroleum and Natural Gas Systems,24755.556,DEMENNO KERDOON [1006861] -- Petroleum and Natural Gas Systems
1001290,ILLINOIS STATE UNIVERSITY,Other,24728.056,ILLINOIS STATE UNIVERSITY [1001290] -- Other
1010845,Croton Landfill,Waste,24690.55,Croton Landfill [1010845] -- Waste
1006073,ROWAN UNIV,Other,24622.908,ROWAN UNIV [1006073] -- Other
1006251,FIVE OAKS RECYCLING & DISPOSAL FACILITY,Waste,24472.946,FIVE OAKS RECYCLING & DISPOSAL FACILITY [1006251] -- Waste
1008304,COLUMBIA GAS TRANSMISSION LLC WAYNESBURG COMPRESSOR STATION,Petroleum and Natural Gas Systems,24293.466,COLUMBIA GAS TRANSMISSION LLC WAYNESBURG COMPRESSOR STATION [1008304] -- Petroleum and Natural Gas Systems
1003268,ALTON STEEL COMPANY,Metals,24279.296,ALTON STEEL COMPANY [1003268] -- Metals
1002968,ARMSTRONG WORLD INDUSTRIES INC.,Other,24275.008,ARMSTRONG WORLD INDUSTRIES INC. [1002968] -- Other
1006910,OSWEGO CO ENERGY RECOVERY FAC,Waste,24270.964,OSWEGO CO ENERGY RECOVERY FAC [1006910] -- Waste
1006493,ROCHESTER DISTRICT HEATING COOPERATIVE,Power Plants,24108.66,ROCHESTER DISTRICT HEATING COOPERATIVE [1006493] -- Power Plants
1005734,CHRISTY MINERALS CO-HIGH HILL,Other,23923.492,CHRISTY MINERALS CO-HIGH HILL [1005734] -- Other
1009832,Olin Chlor Alkali Products,Chemicals,23857.26,Olin Chlor Alkali Products [1009832] -- Chemicals
1004423,City of Greenville Closed Landfill,Waste,23786.75,City of Greenville Closed Landfill [1004423] -- Waste
1006730,Dubach Cryogenic Plant,Petroleum and Natural Gas Systems,23765.83,Dubach Cryogenic Plant [1006730] -- Petroleum and Natural Gas Systems
1005077,MALLINCKRODT,Chemicals,23602.412,MALLINCKRODT [1005077] -- Chemicals
1005367,US ARMY - FORT BELVOIR,Other,23584.054,US ARMY - FORT BELVOIR [1005367] -- Other
1003153,PANHANDLE EASTERN PIPE LINE CO - GLENARM,Petroleum and Natural Gas Systems,23502.2,PANHANDLE EASTERN PIPE LINE CO - GLENARM [1003153] -- Petroleum and Natural Gas Systems
1003328,AVENAL REGIONAL LANDFILL,Waste,23404.25,AVENAL REGIONAL LANDFILL [1003328] -- Waste
1007188,MAUI ELECTRIC CO (MECO) - PALAAU GENERATING STATION,Power Plants,23384.072,MAUI ELECTRIC CO (MECO) - PALAAU GENERATING STATION [1007188] -- Power Plants
1010034,Great Lakes Castings LLC,Metals,23336.982,Great Lakes Castings LLC [1010034] -- Metals
1000638,BOEING HELICOPTER DIV,Other,23332.256,BOEING HELICOPTER DIV [1000638] -- Other
1007952,"Owens Corning Vitrotex, LLC",Minerals,23246.828,"Owens Corning Vitrotex, LLC [1007952] -- Minerals"
1005862,ALLEGANY BALLISTICS LABORATORY,Other,23245.064,ALLEGANY BALLISTICS LABORATORY [1005862] -- Other
1004271,WESTERN ILLINOIS UNIVERSITY,Other,23210.912,WESTERN ILLINOIS UNIVERSITY [1004271] -- Other
1007841,LANCASTER LANDFILL,Waste,23179.35,LANCASTER LANDFILL [1007841] -- Waste
1006858,Gun Club Road Landfill,Waste,23042.75,Gun Club Road Landfill [1006858] -- Waste
1007859,QUAIL HOLLOW LANDFILL,Waste,23030.75,QUAIL HOLLOW LANDFILL [1007859] -- Waste
1005207,PYCO INDUSTRIES AVENUE A FACILITY,Other,22957.264,PYCO INDUSTRIES AVENUE A FACILITY [1005207] -- Other
1001852,"SNG Station 5110 Toca, LA",Petroleum and Natural Gas Systems,22922.584,"SNG Station 5110 Toca, LA [1001852] -- Petroleum and Natural Gas Systems"
1003449,KaMin LLC-Macon,Other,22783.264,KaMin LLC-Macon [1003449] -- Other
1002514,WHISPERING PINES LANDFILL,Waste,22773.5,WHISPERING PINES LANDFILL [1002514] -- Waste
1009463,Texas Gas Transmission - Calvert City Station,Petroleum and Natural Gas Systems,22685.86,Texas Gas Transmission - Calvert City Station [1009463] -- Petroleum and Natural Gas Systems
1012095,SRI International Cogeneration Project,Power Plants,22636.764,SRI International Cogeneration Project [1012095] -- Power Plants
1007726,Pheasant Run Recycling and Disposal Facility,Waste,22441.768,Pheasant Run Recycling and Disposal Facility [1007726] -- Waste
1008044,PQ Corp - Chester Plant,Chemicals,22438.616,PQ Corp - Chester Plant [1008044] -- Chemicals
1005846,BLOOMFIELD CMP STN,Petroleum and Natural Gas Systems,22347.886,BLOOMFIELD CMP STN [1005846] -- Petroleum and Natural Gas Systems
1001845,ADVANCED DISPOSAL CRANBERRY CREEK LANDFILL LLC,Waste,22229.344,ADVANCED DISPOSAL CRANBERRY CREEK LANDFILL LLC [1001845] -- Waste
1009580,Fairchild Semiconductor,Other,22213.20997,Fairchild Semiconductor [1009580] -- Other
1002090,LANDCOMP LANDFILL,Waste,22185.85,LANDCOMP LANDFILL [1002090] -- Waste
1000147,Larkspur Energy Faciity,Power Plants,22144.168,Larkspur Energy Faciity [1000147] -- Power Plants
1006673,"International N&H USA, Inc.",Chemicals,22132.116,"International N&H USA, Inc. [1006673] -- Chemicals"
1007806,KEYMARK CORP PLANT,Metals,21923.368,KEYMARK CORP PLANT [1007806] -- Metals
1001980,OWENS-BROCKWAY GLASS CONTAINER INC PLT 18,Minerals,21921.08,OWENS-BROCKWAY GLASS CONTAINER INC PLT 18 [1001980] -- Minerals
1005592,ISOLATEK INTERNATIONAL,Minerals,21903.494,ISOLATEK INTERNATIONAL [1005592] -- Minerals
1007738,QUALCOMM INC - MOREHOUSE DR,Other,21843.368,QUALCOMM INC - MOREHOUSE DR [1007738] -- Other
1003456,ARDEN LDFL,Waste,21666.16,ARDEN LDFL [1003456] -- Waste
1004989,Forest City Facility LLC,Metals,21664.232,Forest City Facility LLC [1004989] -- Metals
1005026,Lenoir County Landfill,Waste,21403.25,Lenoir County Landfill [1005026] -- Waste
1004933,ANR Pipeline Woolfolk CS,Petroleum and Natural Gas Systems,21276.49,ANR Pipeline Woolfolk CS [1004933] -- Petroleum and Natural Gas Systems
1003994,"Sawyer Disposal Services, LLC",Waste,21197.25,"Sawyer Disposal Services, LLC [1003994] -- Waste"
1002866,U.S. AIR FORCE PLANT 4 LOCKHEED MARTIN AERONAUTICS CO,Other,21045.42,U.S. AIR FORCE PLANT 4 LOCKHEED MARTIN AERONAUTICS CO [1002866] -- Other
1005820,CENTERPOINT LANDFILL,Waste,20957.25,CENTERPOINT LANDFILL [1005820] -- Waste
1009581,Diodes US Manufacturing Incorporated,Other,20237.05797,Diodes US Manufacturing Incorporated [1009581] -- Other
1003458,Dominion Energy Ohio - Robinson Station (Stor),Petroleum and Natural Gas Systems,20180.634,Dominion Energy Ohio - Robinson Station (Stor) [1003458] -- Petroleum and Natural Gas Systems
1004492,WESTHOLLOW TECHNOLOGY CENTER,Other,19917.776,WESTHOLLOW TECHNOLOGY CENTER [1004492] -- Other
1011214,L'Anse Warden Electric Company LLC,Power Plants,19655.514,L'Anse Warden Electric Company LLC [1011214] -- Power Plants
1006221,BUENA VISTA DRIVE SANITARY LANDFILL,Waste,19457.25,BUENA VISTA DRIVE SANITARY LANDFILL [1006221] -- Waste
1003473,TC INDUSTRIES INC,Other,19443.776,TC INDUSTRIES INC [1003473] -- Other
1002327,"Morton Salt, Inc.",Other,19421.676,"Morton Salt, Inc. [1002327] -- Other"
1001668,Lantana Landfill (Park Ridge Golf Course),Waste,19279.5,Lantana Landfill (Park Ridge Golf Course) [1001668] -- Waste
1003466,CAVE CREEK MSW LANDFILL,Waste,19227,CAVE CREEK MSW LANDFILL [1003466] -- Waste
1004171,BALL STATE UNIVERSITY,Other,19020.328,BALL STATE UNIVERSITY [1004171] -- Other
1000108,North 1st,Power Plants,18741.4,North 1st [1000108] -- Power Plants
1006904,"ANHEUSER-BUSCH, INC. CARTERSVI LLE BREWERY",Other,18719.486,"ANHEUSER-BUSCH, INC. CARTERSVI LLE BREWERY [1006904] -- Other"
1006540,TITAN TIRE CORP,Other,18635.228,TITAN TIRE CORP [1006540] -- Other
1003304,"PPG INDUSTRIES, INC.",Other,18389.38,"PPG INDUSTRIES, INC. [1003304] -- Other"
1007614,Shannon Road Landfill,Waste,18309.75,Shannon Road Landfill [1007614] -- Waste
1005389,MONARCH CERAMIC TILE INC,Minerals,18273.832,MONARCH CERAMIC TILE INC [1005389] -- Minerals
1004412,GE GLOBAL RESEARCH CENTER,Other,18259.29,GE GLOBAL RESEARCH CENTER [1004412] -- Other
1001890,U.S. ARMY ANNISTON ARMY DEPOT,Other,18239.168,U.S. ARMY ANNISTON ARMY DEPOT [1001890] -- Other
1009928,Robert Bosch Semiconductor LLC,Other,18171.761576,Robert Bosch Semiconductor LLC [1009928] -- Other
1010184,International Paper Mobile Closed Landfill,Waste,18106.5,International Paper Mobile Closed Landfill [1010184] -- Waste
1005907,DALTON CORP WARSAW MFG FACILITY,Metals,17940.21,DALTON CORP WARSAW MFG FACILITY [1005907] -- Metals
1007704,VALLEY TRAIL RECYCLING & DISPOSAL FACILITY,Waste,17736.138,VALLEY TRAIL RECYCLING & DISPOSAL FACILITY [1007704] -- Waste
1007692,USA VALLEY FAC INC/VALLEY LDFL,Waste,17724.65,USA VALLEY FAC INC/VALLEY LDFL [1007692] -- Waste
1003505,MONROE COUNTY LANDFILL,Waste,17657.25,MONROE COUNTY LANDFILL [1003505] -- Waste
1002702,CUMBERLAND COUNTY IMPROVEMENT AUTHORITY SWC,Waste,17625.4,CUMBERLAND COUNTY IMPROVEMENT AUTHORITY SWC [1002702] -- Waste
1007581,OAK RIDGE RECYCLING & DISPOSAL FACILITY,Waste,17428.456,OAK RIDGE RECYCLING & DISPOSAL FACILITY [1007581] -- Waste
1002735,EAST VACUUM LIQUID RECOVERY PLANT/CO2 PLANT,Petroleum and Natural Gas Systems,17375.132,EAST VACUUM LIQUID RECOVERY PLANT/CO2 PLANT [1002735] -- Petroleum and Natural Gas Systems
1002172,RAIN CII CARBON LLC,Petroleum and Natural Gas Systems,17194.838,RAIN CII CARBON LLC [1002172] -- Petroleum and Natural Gas Systems
1002168,BARTHOLOMEW CO LANDFILL,Waste,17040.25,BARTHOLOMEW CO LANDFILL [1002168] -- Waste
1007129,JERRITT CANYON MINE,Other,16954.35,JERRITT CANYON MINE [1007129] -- Other
1009679,EW 826 A (Complex ID # 23800),Petroleum and Natural Gas Systems,16571.704,EW 826 A (Complex ID # 23800) [1009679] -- Petroleum and Natural Gas Systems
1006253,WARD MANUFACTURING LLC,Metals,16547.536,WARD MANUFACTURING LLC [1006253] -- Metals
1007854,WASTE MANAGEMENT PECAN PRAIRIE,Waste,16337,WASTE MANAGEMENT PECAN PRAIRIE [1007854] -- Waste
1010774,Valero Wilmington Asphalt Plant,Petroleum Product Suppliers,16323.708,Valero Wilmington Asphalt Plant [1010774] -- Petroleum Product Suppliers
1004103,"POET RESEARCH CENTER, INC.",Other,16315.788,"POET RESEARCH CENTER, INC. [1004103] -- Other"
1007579,COSHOCTON LANDFILL INC *,Waste,16171.25,COSHOCTON LANDFILL INC * [1007579] -- Waste
1003007,"Sekisui Specialty Chemicals America, LLC - Pasadena",Other,16155.64,"Sekisui Specialty Chemicals America, LLC - Pasadena [1003007] -- Other"
1009137,NJMC 1-E Landfill,Waste,16010.5,NJMC 1-E Landfill [1009137] -- Waste
1007681,Ozark Ridge Landfill,Waste,15801.25,Ozark Ridge Landfill [1007681] -- Waste
1001513,Ponca,Power Plants,15761.792,Ponca [1001513] -- Power Plants
1009033,Southern Pines Energy Center,Petroleum and Natural Gas Systems,15753.69,Southern Pines Energy Center [1009033] -- Petroleum and Natural Gas Systems
1002581,HOFFMAN ROAD SANITARY LANDFILL,Waste,15679.05,HOFFMAN ROAD SANITARY LANDFILL [1002581] -- Waste
1006032,FORELAND REFINING CORP EAGLE SPRINGS REFINERY,Petroleum Product Suppliers,15487.294,FORELAND REFINING CORP EAGLE SPRINGS REFINERY [1006032] -- Petroleum Product Suppliers
1003521,FREY FARM-CRESWELL LDFL,Waste,15296.75,FREY FARM-CRESWELL LDFL [1003521] -- Waste
1009606,INTEL CORPORATION ALOHA CAMPUS,Other,15227.5799003,INTEL CORPORATION ALOHA CAMPUS [1009606] -- Other
1000300,"Gilroy Energy Center, LLC",Power Plants,15113.044,"Gilroy Energy Center, LLC [1000300] -- Power Plants"
1000978,Bay Front,Power Plants,14220.15,Bay Front [1000978] -- Power Plants
1000674,Delray,Power Plants,14141.196,Delray [1000674] -- Power Plants
1003692,UNITED REFUSE LANDFILL,Waste,13949.6,UNITED REFUSE LANDFILL [1003692] -- Waste
1007652,MOHAWK VALLEY SANITARY LANDFILL,Waste,13668,MOHAWK VALLEY SANITARY LANDFILL [1007652] -- Waste
1007813,CHASTANG SANITARY LANDFILL,Waste,13451.25,CHASTANG SANITARY LANDFILL [1007813] -- Waste
1000688,Hibbard Energy Center,Power Plants,13101.564,Hibbard Energy Center [1000688] -- Power Plants
1002820,DOUBLE C LIMITED,Power Plants,12901.152,DOUBLE C LIMITED [1002820] -- Power Plants
1002821,HIGH SIERRA LIMITED,Power Plants,12863.352,HIGH SIERRA LIMITED [1002821] -- Power Plants
1009733,ANR Pipeline Meade CS,Petroleum and Natural Gas Systems,12624.914,ANR Pipeline Meade CS [1009733] -- Petroleum and Natural Gas Systems
1003623,FOREST LAWN LANDFILL,Waste,11513.15,FOREST LAWN LANDFILL [1003623] -- Waste
1001126,McPherson Municipal Power Plant #3,Power Plants,11169.254,McPherson Municipal Power Plant #3 [1001126] -- Power Plants
1002004,Glen Burnie Landfill,Waste,10838.5,Glen Burnie Landfill [1002004] -- Waste
1007932,CITY SAND & LANDFILL INC,Waste,10796.25,CITY SAND & LANDFILL INC [1007932] -- Waste
1000548,Orange Grove Project,Power Plants,10446.412,Orange Grove Project [1000548] -- Power Plants
1010026,"Protein Products, Inc.",Other,9686.168,"Protein Products, Inc. [1010026] -- Other"
1003029,MADISON COUNTY LANDFILL,Waste,9396.65,MADISON COUNTY LANDFILL [1003029] -- Waste
1007902,CUYAHOGA REGIONAL SANITARY LANDFILL,Waste,8829,CUYAHOGA REGIONAL SANITARY LANDFILL [1007902] -- Waste
1002925,"SOLVAY SPECIALTY POLYMERS USA, LLC",Industrial Gas Suppliers,8378.068,"SOLVAY SPECIALTY POLYMERS USA, LLC [1002925] -- Industrial Gas Suppliers"
1006229,LIVE OAK LANDFILL & RECYLING CENTER,Waste,7959.8,LIVE OAK LANDFILL & RECYLING CENTER [1006229] -- Waste
1005619,TACOMA CITY SOLID WASTE FAC,Waste,6948.216,TACOMA CITY SOLID WASTE FAC [1005619] -- Waste
1007987,EVERGREEN LANDFILL/FKA PELLEGRENE SITE,Waste,6853.548,EVERGREEN LANDFILL/FKA PELLEGRENE SITE [1007987] -- Waste
1002091,Litchfield-Hillsboro Landfill,Waste,6795.45,Litchfield-Hillsboro Landfill [1002091] -- Waste
1000458,"Malaga Power, LLC",Power Plants,6029.576,"Malaga Power, LLC [1000458] -- Power Plants"
1002103,CPI Operations LLC,Petroleum Product Suppliers,5959.36,CPI Operations LLC [1002103] -- Petroleum Product Suppliers
1005898,Modelfill Landfill,Waste,5857.25,Modelfill Landfill [1005898] -- Waste
1007647,NORTHWEST SANI LDFL,Waste,5565.594,NORTHWEST SANI LDFL [1007647] -- Waste
1005567,FCA Warren PDC,Other,5313.28,FCA Warren PDC [1005567] -- Other
1004384,Hidden Valley Landfill,Waste,5313,Hidden Valley Landfill [1004384] -- Waste
1007026,BRIDGETON LANDFILL,Waste,4975.896,BRIDGETON LANDFILL [1007026] -- Waste
1006204,TAZEWELL RECYCLING & DISPOSAL FACILITY,Waste,4548.372,TAZEWELL RECYCLING & DISPOSAL FACILITY [1006204] -- Waste
1006979,ADVANCED DISPOSAL OAK RIDGE LANDFILL,Waste,3571,ADVANCED DISPOSAL OAK RIDGE LANDFILL [1006979] -- Waste
1003611,PAINTED DESERT LANDFILL,Waste,3350.25,PAINTED DESERT LANDFILL [1003611] -- Waste
1004646,Trinity Oaks Landfill,Waste,2267.75,Trinity Oaks Landfill [1004646] -- Waste
1004561,FORT WORTH REGIONAL LANDFILL,Waste,2200.75,FORT WORTH REGIONAL LANDFILL [1004561] -- Waste
1002545,PAINESVILLE MUNICIPAL ELECTRIC PLANT,Power Plants,1607.066,PAINESVILLE MUNICIPAL ELECTRIC PLANT [1002545] -- Power Plants
1001595,Kapaa and Kalaheo Sanitary Landfills,Waste,1472.5,Kapaa and Kalaheo Sanitary Landfills [1001595] -- Waste
1006285,Quad Cities Landfill Phase 1&2/3,Waste,1444,Quad Cities Landfill Phase 1&2/3 [1006285] -- Waste
1001057,FCA STERLING HEIGHTS VEHICLE TEST CENTER,Other,364.248,FCA STERLING HEIGHTS VEHICLE TEST CENTER [1001057] -- Other
