facility_id,facility_name,primary_sector,state,scope1,scope2_estimated,scope3_estimated,ipcc_bucket,confidence,scope2_3_methodology_note
1000002,Ardagh Glass Inc. (Dunkirk),Minerals,IN,116955.04,16023,117306,Industry,Good,"v1 estimate: Hertwich & Wood (2018) 'Industry' sector ratio (1.14x Scope 1 combined, 12%/88% Scope2:Scope3 split borrowed from the paper's Industry sector only). Confidence: Good."
1000003,Ardagh Glass Inc. (Henderson),Minerals,NC,77625.44,10635,77858,Industry,Good,"v1 estimate: Hertwich & Wood (2018) 'Industry' sector ratio (1.14x Scope 1 combined, 12%/88% Scope2:Scope3 split borrowed from the paper's Industry sector only). Confidence: Good."
1000017,BASF CORPORATION,Chemicals,MO,128734.616,17637,129121,Industry,Good,"v1 estimate: Hertwich & Wood (2018) 'Industry' sector ratio (1.14x Scope 1 combined, 12%/88% Scope2:Scope3 split borrowed from the paper's Industry sector only). Confidence: Good."
1000020,Ardagh Glass Inc. (Port Allegany),Minerals,PA,61642.128,8445,61827,Industry,Good,"v1 estimate: Hertwich & Wood (2018) 'Industry' sector ratio (1.14x Scope 1 combined, 12%/88% Scope2:Scope3 split borrowed from the paper's Industry sector only). Confidence: Good."
1000022,ISP TECHNOLOGIES TEXAS CITY PLANT,Chemicals,TX,35437.916,4855,35544,Industry,Good,"v1 estimate: Hertwich & Wood (2018) 'Industry' sector ratio (1.14x Scope 1 combined, 12%/88% Scope2:Scope3 split borrowed from the paper's Industry sector only). Confidence: Good."
1000025,PLACID REFINING CO LLC - PORT ALLEN REFINERY,Petroleum Product Suppliers,LA,655592.234,26224,190122,Energy,Good,"v1 estimate: Hertwich & Wood (2018) 'Energy' sector ratio (0.33x Scope 1 combined, 12%/88% Scope2:Scope3 split borrowed from the paper's Industry sector only). Confidence: Good."
1000028,Ardagh Glass Inc. (Pevely),Minerals,MO,77742.556,10651,77976,Industry,Good,"v1 estimate: Hertwich & Wood (2018) 'Industry' sector ratio (1.14x Scope 1 combined, 12%/88% Scope2:Scope3 split borrowed from the paper's Industry sector only). Confidence: Good."
1000035,THE ANDERSONS MARATHON HOLDINGS LLC,Other,OH,197846.056,NA,NA,NA,Unresolved -- needs further inspection before mapping,"Unresolved sector ('Other') -- left NA pending further investigation, not a real zero."
1000045,TYSON POULTRY INC.-SEDALIA,Other,MO,94794.952,NA,NA,NA,Unresolved -- needs further inspection before mapping,"Unresolved sector ('Other') -- left NA pending further investigation, not a real zero."
1000048,"ALLISON TRANSMISSION, Inc.",Other,IN,26842.806,NA,NA,NA,Unresolved -- needs further inspection before mapping,"Unresolved sector ('Other') -- left NA pending further investigation, not a real zero."
1000050,Wygen I,Power Plants,WY,799204.982,31968,231769,Energy,Good,"v1 estimate: Hertwich & Wood (2018) 'Energy' sector ratio (0.33x Scope 1 combined, 12%/88% Scope2:Scope3 split borrowed from the paper's Industry sector only). Confidence: Good."
1000059,Tenaska Kiamichi Generating Station,Power Plants,OK,2201472.592,88059,638427,Energy,Good,"v1 estimate: Hertwich & Wood (2018) 'Energy' sector ratio (0.33x Scope 1 combined, 12%/88% Scope2:Scope3 split borrowed from the paper's Industry sector only). Confidence: Good."
1000069,"Wallingford Energy, LLC",Power Plants,CT,91363.26,3655,26495,Energy,Good,"v1 estimate: Hertwich & Wood (2018) 'Energy' sector ratio (0.33x Scope 1 combined, 12%/88% Scope2:Scope3 split borrowed from the paper's Industry sector only). Confidence: Good."
1000084,Seminole (136),Power Plants,FL,5902849.636,236114,1711826,Energy,Good,"v1 estimate: Hertwich & Wood (2018) 'Energy' sector ratio (0.33x Scope 1 combined, 12%/88% Scope2:Scope3 split borrowed from the paper's Industry sector only). Confidence: Good."
1000085,Hartwell Energy Facility,Power Plants,GA,136583.844,5463,39609,Energy,Good,"v1 estimate: Hertwich & Wood (2018) 'Energy' sector ratio (0.33x Scope 1 combined, 12%/88% Scope2:Scope3 split borrowed from the paper's Industry sector only). Confidence: Good."
1000086,Chemours Johnsonville Site,Chemicals,TN,298109.642,40841,299004,Industry,Good,"v1 estimate: Hertwich & Wood (2018) 'Industry' sector ratio (1.14x Scope 1 combined, 12%/88% Scope2:Scope3 split borrowed from the paper's Industry sector only). Confidence: Good."
1000087,Energy Center Dover,Power Plants,DE,55477.492,2219,16088,Energy,Good,"v1 estimate: Hertwich & Wood (2018) 'Energy' sector ratio (0.33x Scope 1 combined, 12%/88% Scope2:Scope3 split borrowed from the paper's Industry sector only). Confidence: Good."
1000088,GSA Central Heating,Power Plants,DC,114503.02,4580,33206,Energy,Good,"v1 estimate: Hertwich & Wood (2018) 'Energy' sector ratio (0.33x Scope 1 combined, 12%/88% Scope2:Scope3 split borrowed from the paper's Industry sector only). Confidence: Good."
1000089,AdvanSix Resins & Chemicals LLC,Chemicals,PA,159664.5,21874,160143,Industry,Good,"v1 estimate: Hertwich & Wood (2018) 'Industry' sector ratio (1.14x Scope 1 combined, 12%/88% Scope2:Scope3 split borrowed from the paper's Industry sector only). Confidence: Good."
1000092,Kneeland Station,Power Plants,MA,69195.294,2768,20067,Energy,Good,"v1 estimate: Hertwich & Wood (2018) 'Energy' sector ratio (0.33x Scope 1 combined, 12%/88% Scope2:Scope3 split borrowed from the paper's Industry sector only). Confidence: Good."
1000097,Gila River Power Station,Power Plants,AZ,4049874.344,161995,1174464,Energy,Good,"v1 estimate: Hertwich & Wood (2018) 'Energy' sector ratio (0.33x Scope 1 combined, 12%/88% Scope2:Scope3 split borrowed from the paper's Industry sector only). Confidence: Good."
1000099,Robinson Refinery,Petroleum Product Suppliers,IL,1826459.498,73058,529673,Energy,Good,"v1 estimate: Hertwich & Wood (2018) 'Energy' sector ratio (0.33x Scope 1 combined, 12%/88% Scope2:Scope3 split borrowed from the paper's Industry sector only). Confidence: Good."
1000104,FORD MOTOR COMPANY - FORD OHIO ASSEMBLY PLANT,Other,OH,28540.292,NA,NA,NA,Unresolved -- needs further inspection before mapping,"Unresolved sector ('Other') -- left NA pending further investigation, not a real zero."
1000105,Ardagh Glass Inc. (Dolton),Minerals,IL,79743.744,10925,79983,Industry,Good,"v1 estimate: Hertwich & Wood (2018) 'Industry' sector ratio (1.14x Scope 1 combined, 12%/88% Scope2:Scope3 split borrowed from the paper's Industry sector only). Confidence: Good."
1000107,Osprey Energy Center,Power Plants,FL,847667.108,33907,245823,Energy,Good,"v1 estimate: Hertwich & Wood (2018) 'Energy' sector ratio (0.33x Scope 1 combined, 12%/88% Scope2:Scope3 split borrowed from the paper's Industry sector only). Confidence: Good."
1000108,North 1st,Power Plants,NY,18741.4,750,5435,Energy,Good,"v1 estimate: Hertwich & Wood (2018) 'Energy' sector ratio (0.33x Scope 1 combined, 12%/88% Scope2:Scope3 split borrowed from the paper's Industry sector only). Confidence: Good."
1000113,Pouch Terminal,Power Plants,NY,24767.708,991,7183,Energy,Good,"v1 estimate: Hertwich & Wood (2018) 'Energy' sector ratio (0.33x Scope 1 combined, 12%/88% Scope2:Scope3 split borrowed from the paper's Industry sector only). Confidence: Good."
1000123,Yuba City Energy Center,Power Plants,CA,28671.744,1147,8315,Energy,Good,"v1 estimate: Hertwich & Wood (2018) 'Energy' sector ratio (0.33x Scope 1 combined, 12%/88% Scope2:Scope3 split borrowed from the paper's Industry sector only). Confidence: Good."
1000133,Pastoria Energy Facility,Power Plants,CA,1800309.128,72012,522090,Energy,Good,"v1 estimate: Hertwich & Wood (2018) 'Energy' sector ratio (0.33x Scope 1 combined, 12%/88% Scope2:Scope3 split borrowed from the paper's Industry sector only). Confidence: Good."
1000140,SONNEBORN LLC/PETROLIA PLT,Petroleum and Natural Gas Systems,PA,54717.492,2189,15868,Energy,Good,"v1 estimate: Hertwich & Wood (2018) 'Energy' sector ratio (0.33x Scope 1 combined, 12%/88% Scope2:Scope3 split borrowed from the paper's Industry sector only). Confidence: Good."
1000141,Blue Spruce Energy Center,Power Plants,CO,269797.034,10792,78241,Energy,Good,"v1 estimate: Hertwich & Wood (2018) 'Energy' sector ratio (0.33x Scope 1 combined, 12%/88% Scope2:Scope3 split borrowed from the paper's Industry sector only). Confidence: Good."
1000147,Larkspur Energy Faciity,Power Plants,CA,22144.168,886,6422,Energy,Good,"v1 estimate: Hertwich & Wood (2018) 'Energy' sector ratio (0.33x Scope 1 combined, 12%/88% Scope2:Scope3 split borrowed from the paper's Industry sector only). Confidence: Good."
1000150,Chuck Lenzie Generating Station,Power Plants,NV,2778085.456,111123,805645,Energy,Good,"v1 estimate: Hertwich & Wood (2018) 'Energy' sector ratio (0.33x Scope 1 combined, 12%/88% Scope2:Scope3 split borrowed from the paper's Industry sector only). Confidence: Good."
1000153,"Hanging Rock Power Company, LLC",Power Plants,OH,4157061.744,166282,1205548,Energy,Good,"v1 estimate: Hertwich & Wood (2018) 'Energy' sector ratio (0.33x Scope 1 combined, 12%/88% Scope2:Scope3 split borrowed from the paper's Industry sector only). Confidence: Good."
1000156,Cleveland-Cliffs Steel LLC,Metals,IN,5783020.53,792274,5800370,Industry,Good,"v1 estimate: Hertwich & Wood (2018) 'Industry' sector ratio (1.14x Scope 1 combined, 12%/88% Scope2:Scope3 split borrowed from the paper's Industry sector only). Confidence: Good."
1000165,Purdue University-Wade Utility,Other,IN,259287.628,NA,NA,NA,Unresolved -- needs further inspection before mapping,"Unresolved sector ('Other') -- left NA pending further investigation, not a real zero."
1000166,"WestRock Kraft Paper, LLC",Pulp and Paper,NC,255718.376,35033,256486,Industry,Good,"v1 estimate: Hertwich & Wood (2018) 'Industry' sector ratio (1.14x Scope 1 combined, 12%/88% Scope2:Scope3 split borrowed from the paper's Industry sector only). Confidence: Good."
1000168,Washington Power Generation LLC,Power Plants,OH,2074696.212,82988,601662,Energy,Good,"v1 estimate: Hertwich & Wood (2018) 'Energy' sector ratio (0.33x Scope 1 combined, 12%/88% Scope2:Scope3 split borrowed from the paper's Industry sector only). Confidence: Good."
1000173,DTE East China,Power Plants,MI,383362.88,15335,111175,Energy,Good,"v1 estimate: Hertwich & Wood (2018) 'Energy' sector ratio (0.33x Scope 1 combined, 12%/88% Scope2:Scope3 split borrowed from the paper's Industry sector only). Confidence: Good."
1000176,LAKE COUNTY CENTRAL PHASE I LANDFILL,Waste,FL,34270.75,4695,34374,Industry,Weak (no dedicated waste sector in paper),"v1 estimate: Hertwich & Wood (2018) 'Industry' sector ratio (1.14x Scope 1 combined, 12%/88% Scope2:Scope3 split borrowed from the paper's Industry sector only). Confidence: Weak (no dedicated waste sector in paper)."
1000186,Procter & Gamble Company - Ivorydale,Chemicals,OH,83142.288,11390,83392,Industry,Good,"v1 estimate: Hertwich & Wood (2018) 'Industry' sector ratio (1.14x Scope 1 combined, 12%/88% Scope2:Scope3 split borrowed from the paper's Industry sector only). Confidence: Good."
1000192,Labadie,Power Plants,MO,15388715.198,615549,4462727,Energy,Good,"v1 estimate: Hertwich & Wood (2018) 'Energy' sector ratio (0.33x Scope 1 combined, 12%/88% Scope2:Scope3 split borrowed from the paper's Industry sector only). Confidence: Good."
1000197,NATIONAL BEEF PACKING CO L.L.C.,Other,KS,68212.944,NA,NA,NA,Unresolved -- needs further inspection before mapping,"Unresolved sector ('Other') -- left NA pending further investigation, not a real zero."
1000198,LEHIGH WHITE CEMENT CO LLC,Minerals,PA,82526.03,11306,82774,Industry,Good,"v1 estimate: Hertwich & Wood (2018) 'Industry' sector ratio (1.14x Scope 1 combined, 12%/88% Scope2:Scope3 split borrowed from the paper's Industry sector only). Confidence: Good."
1000201,UNIVERSITY OF TENNESSEE STEAM PLANT,Other,TN,79077.452,NA,NA,NA,Unresolved -- needs further inspection before mapping,"Unresolved sector ('Other') -- left NA pending further investigation, not a real zero."
1000214,Cleveland-Cliffs Steel Corporation,Metals,IN,112151.428,15365,112488,Industry,Good,"v1 estimate: Hertwich & Wood (2018) 'Industry' sector ratio (1.14x Scope 1 combined, 12%/88% Scope2:Scope3 split borrowed from the paper's Industry sector only). Confidence: Good."
1000219,French Island,Power Plants,WI,36164.528,1447,10488,Energy,Good,"v1 estimate: Hertwich & Wood (2018) 'Energy' sector ratio (0.33x Scope 1 combined, 12%/88% Scope2:Scope3 split borrowed from the paper's Industry sector only). Confidence: Good."
1000232,Eastman Chemical Company,Chemicals,TN,3679916.236,504149,3690956,Industry,Good,"v1 estimate: Hertwich & Wood (2018) 'Industry' sector ratio (1.14x Scope 1 combined, 12%/88% Scope2:Scope3 split borrowed from the paper's Industry sector only). Confidence: Good."
1000233,US Steel (Edgar Thomson),Metals,PA,3576537.488,489986,3587267,Industry,Good,"v1 estimate: Hertwich & Wood (2018) 'Industry' sector ratio (1.14x Scope 1 combined, 12%/88% Scope2:Scope3 split borrowed from the paper's Industry sector only). Confidence: Good."
1000236,Portside Energy,Power Plants,IN,192858.224,7714,55929,Energy,Good,"v1 estimate: Hertwich & Wood (2018) 'Energy' sector ratio (0.33x Scope 1 combined, 12%/88% Scope2:Scope3 split borrowed from the paper's Industry sector only). Confidence: Good."
1000237,Sundance Power Plant,Power Plants,AZ,287951.432,11518,83506,Energy,Good,"v1 estimate: Hertwich & Wood (2018) 'Energy' sector ratio (0.33x Scope 1 combined, 12%/88% Scope2:Scope3 split borrowed from the paper's Industry sector only). Confidence: Good."
1000240,"SP Fiber Technologies Southeast, LLC",Pulp and Paper,GA,102077.588,13985,102384,Industry,Good,"v1 estimate: Hertwich & Wood (2018) 'Industry' sector ratio (1.14x Scope 1 combined, 12%/88% Scope2:Scope3 split borrowed from the paper's Industry sector only). Confidence: Good."
1000245,"ALLIANCE PIPELINE, L.P.-FAIRMOUNT COMPRESSOR STATION",Petroleum and Natural Gas Systems,ND,90855.258,3634,26348,Energy,Good,"v1 estimate: Hertwich & Wood (2018) 'Energy' sector ratio (0.33x Scope 1 combined, 12%/88% Scope2:Scope3 split borrowed from the paper's Industry sector only). Confidence: Good."
1000246,Frank M Tait Station,Power Plants,OH,263255.416,10530,76344,Energy,Good,"v1 estimate: Hertwich & Wood (2018) 'Energy' sector ratio (0.33x Scope 1 combined, 12%/88% Scope2:Scope3 split borrowed from the paper's Industry sector only). Confidence: Good."
1000247,SIGNAL MOUNTAIN CEMENT CO,Minerals,TN,814742.644,111620,817187,Industry,Good,"v1 estimate: Hertwich & Wood (2018) 'Industry' sector ratio (1.14x Scope 1 combined, 12%/88% Scope2:Scope3 split borrowed from the paper's Industry sector only). Confidence: Good."
1000250,Santan,Power Plants,AZ,2329386.74,93175,675522,Energy,Good,"v1 estimate: Hertwich & Wood (2018) 'Energy' sector ratio (0.33x Scope 1 combined, 12%/88% Scope2:Scope3 split borrowed from the paper's Industry sector only). Confidence: Good."
1000251,Grant Town Power Plant,Power Plants,WV,731995.132,29280,212279,Energy,Good,"v1 estimate: Hertwich & Wood (2018) 'Energy' sector ratio (0.33x Scope 1 combined, 12%/88% Scope2:Scope3 split borrowed from the paper's Industry sector only). Confidence: Good."
1000254,Eagle Natrium LLC - Natrium Plant,Chemicals,WV,598986.364,82061,600783,Industry,Good,"v1 estimate: Hertwich & Wood (2018) 'Industry' sector ratio (1.14x Scope 1 combined, 12%/88% Scope2:Scope3 split borrowed from the paper's Industry sector only). Confidence: Good."
1000255,"Odyssey Energy Altura Cogen, LLC",Power Plants,TX,2163677.836,86547,627467,Energy,Good,"v1 estimate: Hertwich & Wood (2018) 'Energy' sector ratio (0.33x Scope 1 combined, 12%/88% Scope2:Scope3 split borrowed from the paper's Industry sector only). Confidence: Good."
1000256,"WestRock Virginia, Covington",Pulp and Paper,VA,970083.588,132901,972994,Industry,Good,"v1 estimate: Hertwich & Wood (2018) 'Industry' sector ratio (1.14x Scope 1 combined, 12%/88% Scope2:Scope3 split borrowed from the paper's Industry sector only). Confidence: Good."
1000262,"WestRock Coated Board, LLC",Pulp and Paper,AL,437314.564,59912,438627,Industry,Good,"v1 estimate: Hertwich & Wood (2018) 'Industry' sector ratio (1.14x Scope 1 combined, 12%/88% Scope2:Scope3 split borrowed from the paper's Industry sector only). Confidence: Good."
1000263,Gordonsville Power Station,Power Plants,VA,417745.738,16710,121146,Energy,Good,"v1 estimate: Hertwich & Wood (2018) 'Energy' sector ratio (0.33x Scope 1 combined, 12%/88% Scope2:Scope3 split borrowed from the paper's Industry sector only). Confidence: Good."
1000265,Fayette Energy Facility,Power Plants,PA,2111450.276,84458,612321,Energy,Good,"v1 estimate: Hertwich & Wood (2018) 'Energy' sector ratio (0.33x Scope 1 combined, 12%/88% Scope2:Scope3 split borrowed from the paper's Industry sector only). Confidence: Good."
1000271,Rocky Mountain Energy Center,Power Plants,CO,1074429.868,42977,311585,Energy,Good,"v1 estimate: Hertwich & Wood (2018) 'Energy' sector ratio (0.33x Scope 1 combined, 12%/88% Scope2:Scope3 split borrowed from the paper's Industry sector only). Confidence: Good."
1000272,UCC South Charleston Plant,Chemicals,WV,82514.84,11305,82762,Industry,Good,"v1 estimate: Hertwich & Wood (2018) 'Industry' sector ratio (1.14x Scope 1 combined, 12%/88% Scope2:Scope3 split borrowed from the paper's Industry sector only). Confidence: Good."
1000273,"GP Big Island, LLC",Pulp and Paper,VA,233196.34310193267,31948,233896,Industry,Good,"v1 estimate: Hertwich & Wood (2018) 'Industry' sector ratio (1.14x Scope 1 combined, 12%/88% Scope2:Scope3 split borrowed from the paper's Industry sector only). Confidence: Good."
1000277,Jasper County Generating Facility,Power Plants,SC,2054257.01,82170,595735,Energy,Good,"v1 estimate: Hertwich & Wood (2018) 'Energy' sector ratio (0.33x Scope 1 combined, 12%/88% Scope2:Scope3 split borrowed from the paper's Industry sector only). Confidence: Good."
1000278,Walter M. Higgins III Generating Station,Power Plants,NV,871130.788,34845,252628,Energy,Good,"v1 estimate: Hertwich & Wood (2018) 'Energy' sector ratio (0.33x Scope 1 combined, 12%/88% Scope2:Scope3 split borrowed from the paper's Industry sector only). Confidence: Good."
1000282,"DTE Calvert City, LLC",Power Plants,KY,199368.2,7975,57817,Energy,Good,"v1 estimate: Hertwich & Wood (2018) 'Energy' sector ratio (0.33x Scope 1 combined, 12%/88% Scope2:Scope3 split borrowed from the paper's Industry sector only). Confidence: Good."
1000286,Naval Station - Great Lakes,Other,IL,25550.902,NA,NA,NA,Unresolved -- needs further inspection before mapping,"Unresolved sector ('Other') -- left NA pending further investigation, not a real zero."
1000293,COVANTA ENERGY,Waste,IN,355034.284,48640,356099,Industry,Weak (no dedicated waste sector in paper),"v1 estimate: Hertwich & Wood (2018) 'Industry' sector ratio (1.14x Scope 1 combined, 12%/88% Scope2:Scope3 split borrowed from the paper's Industry sector only). Confidence: Weak (no dedicated waste sector in paper)."
1000298,Sylvarena Generating Plant,Power Plants,MS,151232.588,6049,43857,Energy,Good,"v1 estimate: Hertwich & Wood (2018) 'Energy' sector ratio (0.33x Scope 1 combined, 12%/88% Scope2:Scope3 split borrowed from the paper's Industry sector only). Confidence: Good."
1000300,"Gilroy Energy Center, LLC",Power Plants,CA,15113.044,605,4383,Energy,Good,"v1 estimate: Hertwich & Wood (2018) 'Energy' sector ratio (0.33x Scope 1 combined, 12%/88% Scope2:Scope3 split borrowed from the paper's Industry sector only). Confidence: Good."
1000304,CARGILL CORN MILLING-WAHPETON FACILITY,Other,ND,54419.412,NA,NA,NA,Unresolved -- needs further inspection before mapping,"Unresolved sector ('Other') -- left NA pending further investigation, not a real zero."
1000323,Cosumnes Power Plant,Power Plants,CA,1117202.15,44688,323989,Energy,Good,"v1 estimate: Hertwich & Wood (2018) 'Energy' sector ratio (0.33x Scope 1 combined, 12%/88% Scope2:Scope3 split borrowed from the paper's Industry sector only). Confidence: Good."
1000324,Marlboro Paper Mill,Pulp and Paper,SC,102527.196,14046,102835,Industry,Good,"v1 estimate: Hertwich & Wood (2018) 'Industry' sector ratio (1.14x Scope 1 combined, 12%/88% Scope2:Scope3 split borrowed from the paper's Industry sector only). Confidence: Good."
1000325,"Indorama Ventures, Xylenes and PTA, LLC",Chemicals,AL,258727.234,35446,259503,Industry,Good,"v1 estimate: Hertwich & Wood (2018) 'Industry' sector ratio (1.14x Scope 1 combined, 12%/88% Scope2:Scope3 split borrowed from the paper's Industry sector only). Confidence: Good."
1000329,CARDINAL GLASS PLT,Minerals,OK,115984.292,15890,116332,Industry,Good,"v1 estimate: Hertwich & Wood (2018) 'Industry' sector ratio (1.14x Scope 1 combined, 12%/88% Scope2:Scope3 split borrowed from the paper's Industry sector only). Confidence: Good."
1000336,Koppers Inc. Stickney Plant,Chemicals,IL,51239.608,7020,51393,Industry,Good,"v1 estimate: Hertwich & Wood (2018) 'Industry' sector ratio (1.14x Scope 1 combined, 12%/88% Scope2:Scope3 split borrowed from the paper's Industry sector only). Confidence: Good."
1000343,Lemont Refinery,Chemicals,IL,1857829.404,254523,1863403,Industry,Good,"v1 estimate: Hertwich & Wood (2018) 'Industry' sector ratio (1.14x Scope 1 combined, 12%/88% Scope2:Scope3 split borrowed from the paper's Industry sector only). Confidence: Good."
1000346,Bayou Cogeneration Plant,Chemicals,TX,2017198.162,276356,2023250,Industry,Good,"v1 estimate: Hertwich & Wood (2018) 'Industry' sector ratio (1.14x Scope 1 combined, 12%/88% Scope2:Scope3 split borrowed from the paper's Industry sector only). Confidence: Good."
1000347,Midland Cogeneration Venture,Power Plants,MI,4609329.62,184373,1336706,Energy,Good,"v1 estimate: Hertwich & Wood (2018) 'Energy' sector ratio (0.33x Scope 1 combined, 12%/88% Scope2:Scope3 split borrowed from the paper's Industry sector only). Confidence: Good."
1000351,"MW/MB, LLC",Minerals,TN,34971.216,4791,35076,Industry,Good,"v1 estimate: Hertwich & Wood (2018) 'Industry' sector ratio (1.14x Scope 1 combined, 12%/88% Scope2:Scope3 split borrowed from the paper's Industry sector only). Confidence: Good."
1000356,Kensing LLC,Chemicals,IL,30169.836,4133,30260,Industry,Good,"v1 estimate: Hertwich & Wood (2018) 'Industry' sector ratio (1.14x Scope 1 combined, 12%/88% Scope2:Scope3 split borrowed from the paper's Industry sector only). Confidence: Good."
1000360,SANIMAX USA LLC,Other,WI,28167.244,NA,NA,NA,Unresolved -- needs further inspection before mapping,"Unresolved sector ('Other') -- left NA pending further investigation, not a real zero."
1000362,CAMDEN CNTY RESOURCE RECOVERY ASSOC,Waste,NJ,145410.472,19921,145847,Industry,Weak (no dedicated waste sector in paper),"v1 estimate: Hertwich & Wood (2018) 'Industry' sector ratio (1.14x Scope 1 combined, 12%/88% Scope2:Scope3 split borrowed from the paper's Industry sector only). Confidence: Weak (no dedicated waste sector in paper)."
1000365,Kersey Valley MSW Landfill,Waste,NC,106752.75,14625,107073,Industry,Weak (no dedicated waste sector in paper),"v1 estimate: Hertwich & Wood (2018) 'Industry' sector ratio (1.14x Scope 1 combined, 12%/88% Scope2:Scope3 split borrowed from the paper's Industry sector only). Confidence: Weak (no dedicated waste sector in paper)."
1000372,CITY OF DENTON LANDFILL,Waste,TX,120371.5,16491,120733,Industry,Weak (no dedicated waste sector in paper),"v1 estimate: Hertwich & Wood (2018) 'Industry' sector ratio (1.14x Scope 1 combined, 12%/88% Scope2:Scope3 split borrowed from the paper's Industry sector only). Confidence: Weak (no dedicated waste sector in paper)."
1000380,GM TECHNICAL CENTER,Other,MI,40909.196,NA,NA,NA,Unresolved -- needs further inspection before mapping,"Unresolved sector ('Other') -- left NA pending further investigation, not a real zero."
1000382,WINNESHIEK COUNTY SANITARY LANDFILL,Waste,IA,35734.25,4896,35841,Industry,Weak (no dedicated waste sector in paper),"v1 estimate: Hertwich & Wood (2018) 'Industry' sector ratio (1.14x Scope 1 combined, 12%/88% Scope2:Scope3 split borrowed from the paper's Industry sector only). Confidence: Weak (no dedicated waste sector in paper)."
1000383,BIOGEN INC,Chemicals,MA,28268.192,3873,28353,Industry,Good,"v1 estimate: Hertwich & Wood (2018) 'Industry' sector ratio (1.14x Scope 1 combined, 12%/88% Scope2:Scope3 split borrowed from the paper's Industry sector only). Confidence: Good."
1000396,The Ohio State University,Other,OH,134702.296,NA,NA,NA,Unresolved -- needs further inspection before mapping,"Unresolved sector ('Other') -- left NA pending further investigation, not a real zero."
1000398,Hog Bayou Energy Center,Power Plants,AL,615891.968,24636,178609,Energy,Good,"v1 estimate: Hertwich & Wood (2018) 'Energy' sector ratio (0.33x Scope 1 combined, 12%/88% Scope2:Scope3 split borrowed from the paper's Industry sector only). Confidence: Good."
1000399,UNION ELEC HARMON CREEK PLT,Metals,PA,34386.372,4711,34490,Industry,Good,"v1 estimate: Hertwich & Wood (2018) 'Industry' sector ratio (1.14x Scope 1 combined, 12%/88% Scope2:Scope3 split borrowed from the paper's Industry sector only). Confidence: Good."
1000401,"Primary Products Ingredients Americas, LLC",Other,TN,385278.728,NA,NA,NA,Unresolved -- needs further inspection before mapping,"Unresolved sector ('Other') -- left NA pending further investigation, not a real zero."
1000402,University of Florida Cogeneration Plant,Power Plants,FL,203558.444,8142,59032,Energy,Good,"v1 estimate: Hertwich & Wood (2018) 'Energy' sector ratio (0.33x Scope 1 combined, 12%/88% Scope2:Scope3 split borrowed from the paper's Industry sector only). Confidence: Good."
1000404,Silverhawk,Power Plants,NV,1013339.044,40534,293868,Energy,Good,"v1 estimate: Hertwich & Wood (2018) 'Energy' sector ratio (0.33x Scope 1 combined, 12%/88% Scope2:Scope3 split borrowed from the paper's Industry sector only). Confidence: Good."
1000408,University of Michigan,Other,MI,272741.22,NA,NA,NA,Unresolved -- needs further inspection before mapping,"Unresolved sector ('Other') -- left NA pending further investigation, not a real zero."
1000411,Lima Refinery,Petroleum Product Suppliers,OH,1205035.274,48201,349460,Energy,Good,"v1 estimate: Hertwich & Wood (2018) 'Energy' sector ratio (0.33x Scope 1 combined, 12%/88% Scope2:Scope3 split borrowed from the paper's Industry sector only). Confidence: Good."
1000420,Equus Power I,Power Plants,NY,30655.836,1226,8890,Energy,Good,"v1 estimate: Hertwich & Wood (2018) 'Energy' sector ratio (0.33x Scope 1 combined, 12%/88% Scope2:Scope3 split borrowed from the paper's Industry sector only). Confidence: Good."
1000421,Fox Energy Center,Power Plants,WI,1625577.232,65023,471417,Energy,Good,"v1 estimate: Hertwich & Wood (2018) 'Energy' sector ratio (0.33x Scope 1 combined, 12%/88% Scope2:Scope3 split borrowed from the paper's Industry sector only). Confidence: Good."
1000425,MERCER COUNTY LANDFILL,Waste,WV,49775.25,6819,49925,Industry,Weak (no dedicated waste sector in paper),"v1 estimate: Hertwich & Wood (2018) 'Industry' sector ratio (1.14x Scope 1 combined, 12%/88% Scope2:Scope3 split borrowed from the paper's Industry sector only). Confidence: Weak (no dedicated waste sector in paper)."
1000427,PAPERWORKS INDUSTRIES INC,Pulp and Paper,IN,51272.356,7024,51426,Industry,Good,"v1 estimate: Hertwich & Wood (2018) 'Industry' sector ratio (1.14x Scope 1 combined, 12%/88% Scope2:Scope3 split borrowed from the paper's Industry sector only). Confidence: Good."
1000429,Pennsauken Sanitary Landfill,Waste,NJ,71990.55,9863,72207,Industry,Weak (no dedicated waste sector in paper),"v1 estimate: Hertwich & Wood (2018) 'Industry' sector ratio (1.14x Scope 1 combined, 12%/88% Scope2:Scope3 split borrowed from the paper's Industry sector only). Confidence: Weak (no dedicated waste sector in paper)."
1000446,TS Power Plant,Power Plants,NV,1088648.234,43546,315708,Energy,Good,"v1 estimate: Hertwich & Wood (2018) 'Energy' sector ratio (0.33x Scope 1 combined, 12%/88% Scope2:Scope3 split borrowed from the paper's Industry sector only). Confidence: Good."
1000450,Caithness Long Island Energy Center,Power Plants,NY,898317.24,35933,260512,Energy,Good,"v1 estimate: Hertwich & Wood (2018) 'Energy' sector ratio (0.33x Scope 1 combined, 12%/88% Scope2:Scope3 split borrowed from the paper's Industry sector only). Confidence: Good."
1000457,Magnolia,Power Plants,CA,611157.036,24446,177236,Energy,Good,"v1 estimate: Hertwich & Wood (2018) 'Energy' sector ratio (0.33x Scope 1 combined, 12%/88% Scope2:Scope3 split borrowed from the paper's Industry sector only). Confidence: Good."
1000458,"Malaga Power, LLC",Power Plants,CA,6029.576,241,1749,Energy,Good,"v1 estimate: Hertwich & Wood (2018) 'Energy' sector ratio (0.33x Scope 1 combined, 12%/88% Scope2:Scope3 split borrowed from the paper's Industry sector only). Confidence: Good."
1000460,McIntosh Combined Cycle Facility,Power Plants,GA,3478991.696,139160,1008908,Energy,Good,"v1 estimate: Hertwich & Wood (2018) 'Energy' sector ratio (0.33x Scope 1 combined, 12%/88% Scope2:Scope3 split borrowed from the paper's Industry sector only). Confidence: Good."
1000463,Bluffview Power Plant,Power Plants,NM,195224.276,7809,56615,Energy,Good,"v1 estimate: Hertwich & Wood (2018) 'Energy' sector ratio (0.33x Scope 1 combined, 12%/88% Scope2:Scope3 split borrowed from the paper's Industry sector only). Confidence: Good."
1000465,Wygen II,Power Plants,WY,810956.74,32438,235177,Energy,Good,"v1 estimate: Hertwich & Wood (2018) 'Energy' sector ratio (0.33x Scope 1 combined, 12%/88% Scope2:Scope3 split borrowed from the paper's Industry sector only). Confidence: Good."
1000478,Sandoval County Landfill,Waste,NM,87788.25,12027,88052,Industry,Weak (no dedicated waste sector in paper),"v1 estimate: Hertwich & Wood (2018) 'Industry' sector ratio (1.14x Scope 1 combined, 12%/88% Scope2:Scope3 split borrowed from the paper's Industry sector only). Confidence: Weak (no dedicated waste sector in paper)."
1000483,Colorado Bend I,Power Plants,TX,1112844.024,44514,322725,Energy,Good,"v1 estimate: Hertwich & Wood (2018) 'Energy' sector ratio (0.33x Scope 1 combined, 12%/88% Scope2:Scope3 split borrowed from the paper's Industry sector only). Confidence: Good."
1000507,Salinas River Cogeneration Facility,Other,CA,154020.98,NA,NA,NA,Unresolved -- needs further inspection before mapping,"Unresolved sector ('Other') -- left NA pending further investigation, not a real zero."
1000528,Wygen III,Power Plants,WY,874717.462,34989,253668,Energy,Good,"v1 estimate: Hertwich & Wood (2018) 'Energy' sector ratio (0.33x Scope 1 combined, 12%/88% Scope2:Scope3 split borrowed from the paper's Industry sector only). Confidence: Good."
1000539,Plum Point Energy Station,Power Plants,AR,3376312.124,135052,979131,Energy,Good,"v1 estimate: Hertwich & Wood (2018) 'Energy' sector ratio (0.33x Scope 1 combined, 12%/88% Scope2:Scope3 split borrowed from the paper's Industry sector only). Confidence: Good."
1000541,Niland Gas Turbine Plant,Power Plants,CA,46279.328,1851,13421,Energy,Good,"v1 estimate: Hertwich & Wood (2018) 'Energy' sector ratio (0.33x Scope 1 combined, 12%/88% Scope2:Scope3 split borrowed from the paper's Industry sector only). Confidence: Good."
1000548,Orange Grove Project,Power Plants,CA,10446.412,418,3029,Energy,Good,"v1 estimate: Hertwich & Wood (2018) 'Energy' sector ratio (0.33x Scope 1 combined, 12%/88% Scope2:Scope3 split borrowed from the paper's Industry sector only). Confidence: Good."
1000557,"University of California, San Francisco - Parnassus Campus",Other,CA,52296.652,NA,NA,NA,Unresolved -- needs further inspection before mapping,"Unresolved sector ('Other') -- left NA pending further investigation, not a real zero."
1000580,MEDICAL AREA TOTAL ENERGY PLANT,Power Plants,MA,263147.694,10526,76313,Energy,Good,"v1 estimate: Hertwich & Wood (2018) 'Energy' sector ratio (0.33x Scope 1 combined, 12%/88% Scope2:Scope3 split borrowed from the paper's Industry sector only). Confidence: Good."
1000581,Jeffrey Energy Center,Power Plants,KS,6117108.56,244684,1773961,Energy,Good,"v1 estimate: Hertwich & Wood (2018) 'Energy' sector ratio (0.33x Scope 1 combined, 12%/88% Scope2:Scope3 split borrowed from the paper's Industry sector only). Confidence: Good."
1000582,Lawrence Energy Center,Power Plants,KS,1824439.596,72978,529087,Energy,Good,"v1 estimate: Hertwich & Wood (2018) 'Energy' sector ratio (0.33x Scope 1 combined, 12%/88% Scope2:Scope3 split borrowed from the paper's Industry sector only). Confidence: Good."
1000591,ENERGY CENTER MINNEAPOLIS,Power Plants,MN,87180.02,3487,25282,Energy,Good,"v1 estimate: Hertwich & Wood (2018) 'Energy' sector ratio (0.33x Scope 1 combined, 12%/88% Scope2:Scope3 split borrowed from the paper's Industry sector only). Confidence: Good."
1000592,RUBICON LLC - GEISMAR PLANT,Chemicals,LA,66207.42,9070,66406,Industry,Good,"v1 estimate: Hertwich & Wood (2018) 'Industry' sector ratio (1.14x Scope 1 combined, 12%/88% Scope2:Scope3 split borrowed from the paper's Industry sector only). Confidence: Good."
1000595,LAS VEGAS GENERATING STATION,Power Plants,NV,160582.704,6423,46569,Energy,Good,"v1 estimate: Hertwich & Wood (2018) 'Energy' sector ratio (0.33x Scope 1 combined, 12%/88% Scope2:Scope3 split borrowed from the paper's Industry sector only). Confidence: Good."
1000603,Addis Carbon Black Plant,Chemicals,LA,280794.636,38469,281637,Industry,Good,"v1 estimate: Hertwich & Wood (2018) 'Industry' sector ratio (1.14x Scope 1 combined, 12%/88% Scope2:Scope3 split borrowed from the paper's Industry sector only). Confidence: Good."
1000604,Big Spring Carbon Black Plant,Chemicals,TX,237338.688,32515,238051,Industry,Good,"v1 estimate: Hertwich & Wood (2018) 'Industry' sector ratio (1.14x Scope 1 combined, 12%/88% Scope2:Scope3 split borrowed from the paper's Industry sector only). Confidence: Good."
1000605,Borger Carbon Black Plant,Chemicals,TX,254319.144,34842,255082,Industry,Good,"v1 estimate: Hertwich & Wood (2018) 'Industry' sector ratio (1.14x Scope 1 combined, 12%/88% Scope2:Scope3 split borrowed from the paper's Industry sector only). Confidence: Good."
1000607,LAMB WESTON,Other,WA,26956.448,NA,NA,NA,Unresolved -- needs further inspection before mapping,"Unresolved sector ('Other') -- left NA pending further investigation, not a real zero."
1000609,LAMB WESTON INC. Hermiston,Other,OR,36902.232,NA,NA,NA,Unresolved -- needs further inspection before mapping,"Unresolved sector ('Other') -- left NA pending further investigation, not a real zero."
1000615,Lamb Weston Twin Falls,Other,ID,83139.25,NA,NA,NA,Unresolved -- needs further inspection before mapping,"Unresolved sector ('Other') -- left NA pending further investigation, not a real zero."
1000618,LUBRIZOL CORPORATION,Chemicals,OH,33808.066,4632,33909,Industry,Good,"v1 estimate: Hertwich & Wood (2018) 'Industry' sector ratio (1.14x Scope 1 combined, 12%/88% Scope2:Scope3 split borrowed from the paper's Industry sector only). Confidence: Good."
1000620,LUBRIZOL DEER PARK PLANT,Chemicals,TX,102177.916,13998,102484,Industry,Good,"v1 estimate: Hertwich & Wood (2018) 'Industry' sector ratio (1.14x Scope 1 combined, 12%/88% Scope2:Scope3 split borrowed from the paper's Industry sector only). Confidence: Good."
1000623,MONTGOMERY COUNTY RESOURCE RECOVERY FACILITY,Waste,MD,219463.264,30066,220122,Industry,Weak (no dedicated waste sector in paper),"v1 estimate: Hertwich & Wood (2018) 'Industry' sector ratio (1.14x Scope 1 combined, 12%/88% Scope2:Scope3 split borrowed from the paper's Industry sector only). Confidence: Weak (no dedicated waste sector in paper)."
1000624,WestRock Tacoma Mill,Pulp and Paper,WA,118773.75,16272,119130,Industry,Good,"v1 estimate: Hertwich & Wood (2018) 'Industry' sector ratio (1.14x Scope 1 combined, 12%/88% Scope2:Scope3 split borrowed from the paper's Industry sector only). Confidence: Good."
1000627,ADVANSIX INC - CHESTERFIELD PLANT,Other,VA,60212.47,NA,NA,NA,Unresolved -- needs further inspection before mapping,"Unresolved sector ('Other') -- left NA pending further investigation, not a real zero."
1000628,HONEYWELL - UOP LLC,Chemicals,AL,44995.98,6164,45131,Industry,Good,"v1 estimate: Hertwich & Wood (2018) 'Industry' sector ratio (1.14x Scope 1 combined, 12%/88% Scope2:Scope3 split borrowed from the paper's Industry sector only). Confidence: Good."
1000629,UOP.LLC SHREVEPORT,Chemicals,LA,55125.792,7552,55291,Industry,Good,"v1 estimate: Hertwich & Wood (2018) 'Industry' sector ratio (1.14x Scope 1 combined, 12%/88% Scope2:Scope3 split borrowed from the paper's Industry sector only). Confidence: Good."
1000630,ADVANSIX INCORPORATED - HOPEWELL,Chemicals,VA,1227774.444,168205,1231458,Industry,Good,"v1 estimate: Hertwich & Wood (2018) 'Industry' sector ratio (1.14x Scope 1 combined, 12%/88% Scope2:Scope3 split borrowed from the paper's Industry sector only). Confidence: Good."
1000637,Boeing-St. Louis,Other,MO,28384.844,NA,NA,NA,Unresolved -- needs further inspection before mapping,"Unresolved sector ('Other') -- left NA pending further investigation, not a real zero."
1000638,BOEING HELICOPTER DIV,Other,PA,23332.256,NA,NA,NA,Unresolved -- needs further inspection before mapping,"Unresolved sector ('Other') -- left NA pending further investigation, not a real zero."
1000639,THE BOEING COMPANY,Other,WA,33303.224,NA,NA,NA,Unresolved -- needs further inspection before mapping,"Unresolved sector ('Other') -- left NA pending further investigation, not a real zero."
1000640,Boeing Commercial Airplanes - Everett,Other,WA,66124.498,NA,NA,NA,Unresolved -- needs further inspection before mapping,"Unresolved sector ('Other') -- left NA pending further investigation, not a real zero."
1000656,The President and Fellows of Harvard University (Cambridge Allston Blackstone),Other,MA,79476.042,NA,NA,NA,Unresolved -- needs further inspection before mapping,"Unresolved sector ('Other') -- left NA pending further investigation, not a real zero."
1000657,Kendall Green Energy,Power Plants,MA,788059.912,31522,228537,Energy,Good,"v1 estimate: Hertwich & Wood (2018) 'Energy' sector ratio (0.33x Scope 1 combined, 12%/88% Scope2:Scope3 split borrowed from the paper's Industry sector only). Confidence: Good."
1000667,Cleary Flood,Power Plants,MA,31764.358,1271,9212,Energy,Good,"v1 estimate: Hertwich & Wood (2018) 'Energy' sector ratio (0.33x Scope 1 combined, 12%/88% Scope2:Scope3 split borrowed from the paper's Industry sector only). Confidence: Good."
1000670,J H Campbell,Power Plants,MI,6673593.492,266944,1935342,Energy,Good,"v1 estimate: Hertwich & Wood (2018) 'Energy' sector ratio (0.33x Scope 1 combined, 12%/88% Scope2:Scope3 split borrowed from the paper's Industry sector only). Confidence: Good."
1000674,Delray,Power Plants,MI,14141.196,566,4101,Energy,Good,"v1 estimate: Hertwich & Wood (2018) 'Energy' sector ratio (0.33x Scope 1 combined, 12%/88% Scope2:Scope3 split borrowed from the paper's Industry sector only). Confidence: Good."
1000682,Eckert Station,Power Plants,MI,254165.808,10167,73708,Energy,Good,"v1 estimate: Hertwich & Wood (2018) 'Energy' sector ratio (0.33x Scope 1 combined, 12%/88% Scope2:Scope3 split borrowed from the paper's Industry sector only). Confidence: Good."
1000687,Boswell Energy Center,Power Plants,MN,5196645.978,207866,1507027,Energy,Good,"v1 estimate: Hertwich & Wood (2018) 'Energy' sector ratio (0.33x Scope 1 combined, 12%/88% Scope2:Scope3 split borrowed from the paper's Industry sector only). Confidence: Good."
1000688,Hibbard Energy Center,Power Plants,MN,13101.564,524,3799,Energy,Good,"v1 estimate: Hertwich & Wood (2018) 'Energy' sector ratio (0.33x Scope 1 combined, 12%/88% Scope2:Scope3 split borrowed from the paper's Industry sector only). Confidence: Good."
1000696,Chevron Cogenerating Station,Power Plants,MS,792226.382,31689,229746,Energy,Good,"v1 estimate: Hertwich & Wood (2018) 'Energy' sector ratio (0.33x Scope 1 combined, 12%/88% Scope2:Scope3 split borrowed from the paper's Industry sector only). Confidence: Good."
1000703,Moselle Generating Plant,Power Plants,MS,1027892.588,41116,298089,Energy,Good,"v1 estimate: Hertwich & Wood (2018) 'Energy' sector ratio (0.33x Scope 1 combined, 12%/88% Scope2:Scope3 split borrowed from the paper's Industry sector only). Confidence: Good."
1000752,Rio Grande,Power Plants,NM,532931.224,21317,154550,Energy,Good,"v1 estimate: Hertwich & Wood (2018) 'Energy' sector ratio (0.33x Scope 1 combined, 12%/88% Scope2:Scope3 split borrowed from the paper's Industry sector only). Confidence: Good."
1000753,Maddox,Power Plants,NM,448162.58,17927,129967,Energy,Good,"v1 estimate: Hertwich & Wood (2018) 'Energy' sector ratio (0.33x Scope 1 combined, 12%/88% Scope2:Scope3 split borrowed from the paper's Industry sector only). Confidence: Good."
1000755,Cunningham,Power Plants,NM,866328.288,34653,251235,Energy,Good,"v1 estimate: Hertwich & Wood (2018) 'Energy' sector ratio (0.33x Scope 1 combined, 12%/88% Scope2:Scope3 split borrowed from the paper's Industry sector only). Confidence: Good."
1000761,East River,Power Plants,NY,1995500.784,79820,578695,Energy,Good,"v1 estimate: Hertwich & Wood (2018) 'Energy' sector ratio (0.33x Scope 1 combined, 12%/88% Scope2:Scope3 split borrowed from the paper's Industry sector only). Confidence: Good."
1000763,Narrows Generating Station,Power Plants,NY,25617.156,1025,7429,Energy,Good,"v1 estimate: Hertwich & Wood (2018) 'Energy' sector ratio (0.33x Scope 1 combined, 12%/88% Scope2:Scope3 split borrowed from the paper's Industry sector only). Confidence: Good."
1000764,Ravenswood Generating Station,Power Plants,NY,1286200.612,51448,372998,Energy,Good,"v1 estimate: Hertwich & Wood (2018) 'Energy' sector ratio (0.33x Scope 1 combined, 12%/88% Scope2:Scope3 split borrowed from the paper's Industry sector only). Confidence: Good."
1000766,59th Street,Power Plants,NY,174671.338,6987,50655,Energy,Good,"v1 estimate: Hertwich & Wood (2018) 'Energy' sector ratio (0.33x Scope 1 combined, 12%/88% Scope2:Scope3 split borrowed from the paper's Industry sector only). Confidence: Good."
1000780,Bowline Generating Station LLC,Power Plants,NY,516749.84,20670,149857,Energy,Good,"v1 estimate: Hertwich & Wood (2018) 'Energy' sector ratio (0.33x Scope 1 combined, 12%/88% Scope2:Scope3 split borrowed from the paper's Industry sector only). Confidence: Good."
1000781,CON ED-EAST 60TH STREET STEAM PLANT,Power Plants,NY,41882.892,1675,12146,Energy,Good,"v1 estimate: Hertwich & Wood (2018) 'Energy' sector ratio (0.33x Scope 1 combined, 12%/88% Scope2:Scope3 split borrowed from the paper's Industry sector only). Confidence: Good."
1000783,Pickles Butte Sanitary Landfill,Waste,ID,135518.5,18566,135925,Industry,Weak (no dedicated waste sector in paper),"v1 estimate: Hertwich & Wood (2018) 'Industry' sector ratio (1.14x Scope 1 combined, 12%/88% Scope2:Scope3 split borrowed from the paper's Industry sector only). Confidence: Weak (no dedicated waste sector in paper)."
1000787,Roxboro Steam Electric Plant,Power Plants,NC,4122411.542,164896,1195499,Energy,Good,"v1 estimate: Hertwich & Wood (2018) 'Energy' sector ratio (0.33x Scope 1 combined, 12%/88% Scope2:Scope3 split borrowed from the paper's Industry sector only). Confidence: Good."
1000795,Luna Energy Facility,Power Plants,NM,1350498.144,54020,391644,Energy,Good,"v1 estimate: Hertwich & Wood (2018) 'Energy' sector ratio (0.33x Scope 1 combined, 12%/88% Scope2:Scope3 split borrowed from the paper's Industry sector only). Confidence: Good."
1000801,Thomas A. Smith Energy Facility,Power Plants,GA,3432994.128,137320,995568,Energy,Good,"v1 estimate: Hertwich & Wood (2018) 'Energy' sector ratio (0.33x Scope 1 combined, 12%/88% Scope2:Scope3 split borrowed from the paper's Industry sector only). Confidence: Good."
1000806,Metcalf Energy Center,Power Plants,CA,930078.052,37203,269723,Energy,Good,"v1 estimate: Hertwich & Wood (2018) 'Energy' sector ratio (0.33x Scope 1 combined, 12%/88% Scope2:Scope3 split borrowed from the paper's Industry sector only). Confidence: Good."
1000811,Bobby C. Smith Jr. Energy Facility,Power Plants,GA,998081.152,39923,289444,Energy,Good,"v1 estimate: Hertwich & Wood (2018) 'Energy' sector ratio (0.33x Scope 1 combined, 12%/88% Scope2:Scope3 split borrowed from the paper's Industry sector only). Confidence: Good."
1000813,Hillabee Energy Center,Power Plants,AL,1621452.34,64858,470221,Energy,Good,"v1 estimate: Hertwich & Wood (2018) 'Energy' sector ratio (0.33x Scope 1 combined, 12%/88% Scope2:Scope3 split borrowed from the paper's Industry sector only). Confidence: Good."
1000816,Plaquemine Cogen Facility,Power Plants,LA,2717564.99,108703,788094,Energy,Good,"v1 estimate: Hertwich & Wood (2018) 'Energy' sector ratio (0.33x Scope 1 combined, 12%/88% Scope2:Scope3 split borrowed from the paper's Industry sector only). Confidence: Good."
1000819,Central Alabama Generating Station,Power Plants,AL,1918312.84,76733,556311,Energy,Good,"v1 estimate: Hertwich & Wood (2018) 'Energy' sector ratio (0.33x Scope 1 combined, 12%/88% Scope2:Scope3 split borrowed from the paper's Industry sector only). Confidence: Good."
1000821,Magnolia Facility,Power Plants,MS,2321855.171,92874,673338,Energy,Good,"v1 estimate: Hertwich & Wood (2018) 'Energy' sector ratio (0.33x Scope 1 combined, 12%/88% Scope2:Scope3 split borrowed from the paper's Industry sector only). Confidence: Good."
1000825,Deer Park Energy Center,Power Plants,TX,3664604.12,146584,1062735,Energy,Good,"v1 estimate: Hertwich & Wood (2018) 'Energy' sector ratio (0.33x Scope 1 combined, 12%/88% Scope2:Scope3 split borrowed from the paper's Industry sector only). Confidence: Good."
1000828,L V Sutton Steam Electric Plant,Power Plants,NC,1495648.708,59826,433738,Energy,Good,"v1 estimate: Hertwich & Wood (2018) 'Energy' sector ratio (0.33x Scope 1 combined, 12%/88% Scope2:Scope3 split borrowed from the paper's Industry sector only). Confidence: Good."
1000836,Leland Olds,Power Plants,ND,3785799.85,151432,1097882,Energy,Good,"v1 estimate: Hertwich & Wood (2018) 'Energy' sector ratio (0.33x Scope 1 combined, 12%/88% Scope2:Scope3 split borrowed from the paper's Industry sector only). Confidence: Good."
1000837,Milton R Young,Power Plants,ND,4993025.17,199721,1447977,Energy,Good,"v1 estimate: Hertwich & Wood (2018) 'Energy' sector ratio (0.33x Scope 1 combined, 12%/88% Scope2:Scope3 split borrowed from the paper's Industry sector only). Confidence: Good."
1000839,Cardinal,Power Plants,OH,9267970.754,370719,2687712,Energy,Good,"v1 estimate: Hertwich & Wood (2018) 'Energy' sector ratio (0.33x Scope 1 combined, 12%/88% Scope2:Scope3 split borrowed from the paper's Industry sector only). Confidence: Good."
1000853,Kyger Creek,Power Plants,OH,4880396.406,195216,1415315,Energy,Good,"v1 estimate: Hertwich & Wood (2018) 'Energy' sector ratio (0.33x Scope 1 combined, 12%/88% Scope2:Scope3 split borrowed from the paper's Industry sector only). Confidence: Good."
1000855,Cargill Meat Solutions Corporation,Other,NE,36515.15,NA,NA,NA,Unresolved -- needs further inspection before mapping,"Unresolved sector ('Other') -- left NA pending further investigation, not a real zero."
1000857,POET BIOREFINING GLENVILLE LLC,Other,MN,76914.56,NA,NA,NA,Unresolved -- needs further inspection before mapping,"Unresolved sector ('Other') -- left NA pending further investigation, not a real zero."
1000865,Anadarko,Power Plants,OK,527566.816,21103,152994,Energy,Good,"v1 estimate: Hertwich & Wood (2018) 'Energy' sector ratio (0.33x Scope 1 combined, 12%/88% Scope2:Scope3 split borrowed from the paper's Industry sector only). Confidence: Good."
1000869,KIMBERLY CLARK PA LLC/CHESTER OPR,Pulp and Paper,PA,147528.944,20211,147972,Industry,Good,"v1 estimate: Hertwich & Wood (2018) 'Industry' sector ratio (1.14x Scope 1 combined, 12%/88% Scope2:Scope3 split borrowed from the paper's Industry sector only). Confidence: Good."
1000870,Brooklyn Navy Yard Cogeneration Project,Power Plants,NY,955560.872,38222,277113,Energy,Good,"v1 estimate: Hertwich & Wood (2018) 'Energy' sector ratio (0.33x Scope 1 combined, 12%/88% Scope2:Scope3 split borrowed from the paper's Industry sector only). Confidence: Good."
1000872,GUARDIAN ENERGY LLC,Other,MN,184615.104,NA,NA,NA,Unresolved -- needs further inspection before mapping,"Unresolved sector ('Other') -- left NA pending further investigation, not a real zero."
1000881,FRANKLIN COUNTY LANDFILL,Waste,VA,63731,8731,63922,Industry,Weak (no dedicated waste sector in paper),"v1 estimate: Hertwich & Wood (2018) 'Industry' sector ratio (1.14x Scope 1 combined, 12%/88% Scope2:Scope3 split borrowed from the paper's Industry sector only). Confidence: Weak (no dedicated waste sector in paper)."
1000892,Martins Creek,Power Plants,PA,384285.84,15371,111443,Energy,Good,"v1 estimate: Hertwich & Wood (2018) 'Energy' sector ratio (0.33x Scope 1 combined, 12%/88% Scope2:Scope3 split borrowed from the paper's Industry sector only). Confidence: Good."
1000901,Hunlock Creek Energy Center,Power Plants,PA,262323.728,10493,76074,Energy,Good,"v1 estimate: Hertwich & Wood (2018) 'Energy' sector ratio (0.33x Scope 1 combined, 12%/88% Scope2:Scope3 split borrowed from the paper's Industry sector only). Confidence: Good."
1000904,MORNING STAR PACKING CO (Williams),Other,CA,143703.36,NA,NA,NA,Unresolved -- needs further inspection before mapping,"Unresolved sector ('Other') -- left NA pending further investigation, not a real zero."
1000910,Urquhart,Power Plants,SC,871163.014,34847,252637,Energy,Good,"v1 estimate: Hertwich & Wood (2018) 'Energy' sector ratio (0.33x Scope 1 combined, 12%/88% Scope2:Scope3 split borrowed from the paper's Industry sector only). Confidence: Good."
1000912,Williams,Petroleum and Natural Gas Systems,SC,2024627.708,80985,587142,Energy,Good,"v1 estimate: Hertwich & Wood (2018) 'Energy' sector ratio (0.33x Scope 1 combined, 12%/88% Scope2:Scope3 split borrowed from the paper's Industry sector only). Confidence: Good."
1000922,Nueces Bay,Power Plants,TX,447760.64,17910,129851,Energy,Good,"v1 estimate: Hertwich & Wood (2018) 'Energy' sector ratio (0.33x Scope 1 combined, 12%/88% Scope2:Scope3 split borrowed from the paper's Industry sector only). Confidence: Good."
1000924,Victoria Power Station,Power Plants,TX,413303.468,16532,119858,Energy,Good,"v1 estimate: Hertwich & Wood (2018) 'Energy' sector ratio (0.33x Scope 1 combined, 12%/88% Scope2:Scope3 split borrowed from the paper's Industry sector only). Confidence: Good."
1000978,Bay Front,Power Plants,WI,14220.15,569,4124,Energy,Good,"v1 estimate: Hertwich & Wood (2018) 'Energy' sector ratio (0.33x Scope 1 combined, 12%/88% Scope2:Scope3 split borrowed from the paper's Industry sector only). Confidence: Good."
1000982,South Oak Creek,Power Plants,WI,3951884.978,158075,1146047,Energy,Good,"v1 estimate: Hertwich & Wood (2018) 'Energy' sector ratio (0.33x Scope 1 combined, 12%/88% Scope2:Scope3 split borrowed from the paper's Industry sector only). Confidence: Good."
1000986,Weston,Power Plants,WI,3030740.21,121230,878915,Energy,Good,"v1 estimate: Hertwich & Wood (2018) 'Energy' sector ratio (0.33x Scope 1 combined, 12%/88% Scope2:Scope3 split borrowed from the paper's Industry sector only). Confidence: Good."
1000995,J P Madgett,Power Plants,WI,1546537.778,61862,448496,Energy,Good,"v1 estimate: Hertwich & Wood (2018) 'Energy' sector ratio (0.33x Scope 1 combined, 12%/88% Scope2:Scope3 split borrowed from the paper's Industry sector only). Confidence: Good."
1001001,Pleasants Power Station,Power Plants,WV,4583459.554,183338,1329203,Energy,Good,"v1 estimate: Hertwich & Wood (2018) 'Energy' sector ratio (0.33x Scope 1 combined, 12%/88% Scope2:Scope3 split borrowed from the paper's Industry sector only). Confidence: Good."
1001011,Belle River,Power Plants,MI,5816275.892,232651,1686720,Energy,Good,"v1 estimate: Hertwich & Wood (2018) 'Energy' sector ratio (0.33x Scope 1 combined, 12%/88% Scope2:Scope3 split borrowed from the paper's Industry sector only). Confidence: Good."
1001012,Greenwood,Power Plants,MI,619200.548,24768,179568,Energy,Good,"v1 estimate: Hertwich & Wood (2018) 'Energy' sector ratio (0.33x Scope 1 combined, 12%/88% Scope2:Scope3 split borrowed from the paper's Industry sector only). Confidence: Good."
1001020,Colstrip,Power Plants,MT,10967111.138,438684,3180462,Energy,Good,"v1 estimate: Hertwich & Wood (2018) 'Energy' sector ratio (0.33x Scope 1 combined, 12%/88% Scope2:Scope3 split borrowed from the paper's Industry sector only). Confidence: Good."
1001027,Big Stone,Power Plants,SD,1919343.406,76774,556610,Energy,Good,"v1 estimate: Hertwich & Wood (2018) 'Energy' sector ratio (0.33x Scope 1 combined, 12%/88% Scope2:Scope3 split borrowed from the paper's Industry sector only). Confidence: Good."
1001028,Wyodak,Power Plants,WY,2233043.048,89322,647582,Energy,Good,"v1 estimate: Hertwich & Wood (2018) 'Energy' sector ratio (0.33x Scope 1 combined, 12%/88% Scope2:Scope3 split borrowed from the paper's Industry sector only). Confidence: Good."
1001029,Fort St. Vrain,Power Plants,CO,1673244,66930,485241,Energy,Good,"v1 estimate: Hertwich & Wood (2018) 'Energy' sector ratio (0.33x Scope 1 combined, 12%/88% Scope2:Scope3 split borrowed from the paper's Industry sector only). Confidence: Good."
1001038,Coleto Creek,Power Plants,TX,2755586.288,110223,799120,Energy,Good,"v1 estimate: Hertwich & Wood (2018) 'Energy' sector ratio (0.33x Scope 1 combined, 12%/88% Scope2:Scope3 split borrowed from the paper's Industry sector only). Confidence: Good."
1001042,Harrington Station,Power Plants,TX,3465956.924,138638,1005128,Energy,Good,"v1 estimate: Hertwich & Wood (2018) 'Energy' sector ratio (0.33x Scope 1 combined, 12%/88% Scope2:Scope3 split borrowed from the paper's Industry sector only). Confidence: Good."
1001044,John Twitty,Power Plants,MO,1915921.772,76637,555617,Energy,Good,"v1 estimate: Hertwich & Wood (2018) 'Energy' sector ratio (0.33x Scope 1 combined, 12%/88% Scope2:Scope3 split borrowed from the paper's Industry sector only). Confidence: Good."
1001046,Empire District Elec Co Energy Ctr,Power Plants,MO,173513.962,6941,50319,Energy,Good,"v1 estimate: Hertwich & Wood (2018) 'Energy' sector ratio (0.33x Scope 1 combined, 12%/88% Scope2:Scope3 split borrowed from the paper's Industry sector only). Confidence: Good."
1001047,Roland C. Dansby Power Plant,Power Plants,TX,100845.076,4034,29245,Energy,Good,"v1 estimate: Hertwich & Wood (2018) 'Energy' sector ratio (0.33x Scope 1 combined, 12%/88% Scope2:Scope3 split borrowed from the paper's Industry sector only). Confidence: Good."
1001048,Pawnee,Power Plants,CO,3099895.384,123996,898970,Energy,Good,"v1 estimate: Hertwich & Wood (2018) 'Energy' sector ratio (0.33x Scope 1 combined, 12%/88% Scope2:Scope3 split borrowed from the paper's Industry sector only). Confidence: Good."
1001050,Ottumwa,Power Plants,IA,3426759.316,137070,993760,Energy,Good,"v1 estimate: Hertwich & Wood (2018) 'Energy' sector ratio (0.33x Scope 1 combined, 12%/88% Scope2:Scope3 split borrowed from the paper's Industry sector only). Confidence: Good."
1001052,Mountaineer (1301),Power Plants,WV,4870114.652,194805,1412333,Energy,Good,"v1 estimate: Hertwich & Wood (2018) 'Energy' sector ratio (0.33x Scope 1 combined, 12%/88% Scope2:Scope3 split borrowed from the paper's Industry sector only). Confidence: Good."
1001056,Toledo Refining Company,Petroleum Product Suppliers,OH,1470013.824,58801,426304,Energy,Good,"v1 estimate: Hertwich & Wood (2018) 'Energy' sector ratio (0.33x Scope 1 combined, 12%/88% Scope2:Scope3 split borrowed from the paper's Industry sector only). Confidence: Good."
1001057,FCA STERLING HEIGHTS VEHICLE TEST CENTER,Other,MI,364.248,NA,NA,NA,Unresolved -- needs further inspection before mapping,"Unresolved sector ('Other') -- left NA pending further investigation, not a real zero."
1001063,Sikeston,Power Plants,MO,1466563.046,58663,425303,Energy,Good,"v1 estimate: Hertwich & Wood (2018) 'Energy' sector ratio (0.33x Scope 1 combined, 12%/88% Scope2:Scope3 split borrowed from the paper's Industry sector only). Confidence: Good."
1001069,REPUBLIC PAPERBOARD CO,Pulp and Paper,OK,76876.06,10532,77107,Industry,Good,"v1 estimate: Hertwich & Wood (2018) 'Industry' sector ratio (1.14x Scope 1 combined, 12%/88% Scope2:Scope3 split borrowed from the paper's Industry sector only). Confidence: Good."
1001071,DIDION ETHANOL LLC,Other,WI,88974.364,NA,NA,NA,Unresolved -- needs further inspection before mapping,"Unresolved sector ('Other') -- left NA pending further investigation, not a real zero."
1001090,Cargill Texturizing Solutions,Other,IN,71410.232,NA,NA,NA,Unresolved -- needs further inspection before mapping,"Unresolved sector ('Other') -- left NA pending further investigation, not a real zero."
1001092,Cope Station,Power Plants,SC,968629.962,38745,280903,Energy,Good,"v1 estimate: Hertwich & Wood (2018) 'Energy' sector ratio (0.33x Scope 1 combined, 12%/88% Scope2:Scope3 split borrowed from the paper's Industry sector only). Confidence: Good."
1001098,Cane Island,Power Plants,FL,1625344.576,65014,471350,Energy,Good,"v1 estimate: Hertwich & Wood (2018) 'Energy' sector ratio (0.33x Scope 1 combined, 12%/88% Scope2:Scope3 split borrowed from the paper's Industry sector only). Confidence: Good."
1001103,GERDAU AMERISTEEL CARTERSVILLE STEEL MILL,Metals,GA,86209.26,11811,86468,Industry,Good,"v1 estimate: Hertwich & Wood (2018) 'Industry' sector ratio (1.14x Scope 1 combined, 12%/88% Scope2:Scope3 split borrowed from the paper's Industry sector only). Confidence: Good."
1001104,V H Braunig,Power Plants,TX,2077177.4237328025,83087,602381,Energy,Good,"v1 estimate: Hertwich & Wood (2018) 'Energy' sector ratio (0.33x Scope 1 combined, 12%/88% Scope2:Scope3 split borrowed from the paper's Industry sector only). Confidence: Good."
1001108,Paris,Power Plants,WI,118092.314,4724,34247,Energy,Good,"v1 estimate: Hertwich & Wood (2018) 'Energy' sector ratio (0.33x Scope 1 combined, 12%/88% Scope2:Scope3 split borrowed from the paper's Industry sector only). Confidence: Good."
1001112,Hines Energy Complex,Power Plants,FL,4241786.628,169671,1230118,Energy,Good,"v1 estimate: Hertwich & Wood (2018) 'Energy' sector ratio (0.33x Scope 1 combined, 12%/88% Scope2:Scope3 split borrowed from the paper's Industry sector only). Confidence: Good."
1001113,Richard M Flynn (Holtsville),Power Plants,NY,188446.808,7538,54650,Energy,Good,"v1 estimate: Hertwich & Wood (2018) 'Energy' sector ratio (0.33x Scope 1 combined, 12%/88% Scope2:Scope3 split borrowed from the paper's Industry sector only). Confidence: Good."
1001117,George Neal South,Power Plants,IA,963694.71,38548,279471,Energy,Good,"v1 estimate: Hertwich & Wood (2018) 'Energy' sector ratio (0.33x Scope 1 combined, 12%/88% Scope2:Scope3 split borrowed from the paper's Industry sector only). Confidence: Good."
1001119,Coyote Springs,Power Plants,OR,1576674.128,63067,457235,Energy,Good,"v1 estimate: Hertwich & Wood (2018) 'Energy' sector ratio (0.33x Scope 1 combined, 12%/88% Scope2:Scope3 split borrowed from the paper's Industry sector only). Confidence: Good."
1001120,ST PAUL COGENERATION,Power Plants,MN,34885.128,1395,10117,Energy,Good,"v1 estimate: Hertwich & Wood (2018) 'Energy' sector ratio (0.33x Scope 1 combined, 12%/88% Scope2:Scope3 split borrowed from the paper's Industry sector only). Confidence: Good."
1001125,Neil Simpson II,Power Plants,WY,835893.12,33436,242409,Energy,Good,"v1 estimate: Hertwich & Wood (2018) 'Energy' sector ratio (0.33x Scope 1 combined, 12%/88% Scope2:Scope3 split borrowed from the paper's Industry sector only). Confidence: Good."
1001126,McPherson Municipal Power Plant #3,Power Plants,KS,11169.254,447,3239,Energy,Good,"v1 estimate: Hertwich & Wood (2018) 'Energy' sector ratio (0.33x Scope 1 combined, 12%/88% Scope2:Scope3 split borrowed from the paper's Industry sector only). Confidence: Good."
1001129,Procter & Gamble Power Plant,Power Plants,CA,316934.776,12677,91911,Energy,Good,"v1 estimate: Hertwich & Wood (2018) 'Energy' sector ratio (0.33x Scope 1 combined, 12%/88% Scope2:Scope3 split borrowed from the paper's Industry sector only). Confidence: Good."
1001133,River Road,Power Plants,WA,700249.804,28010,203072,Energy,Good,"v1 estimate: Hertwich & Wood (2018) 'Energy' sector ratio (0.33x Scope 1 combined, 12%/88% Scope2:Scope3 split borrowed from the paper's Industry sector only). Confidence: Good."
1001135,Washington County Cogen (Olin),Power Plants,AL,442377.612,17695,128290,Energy,Good,"v1 estimate: Hertwich & Wood (2018) 'Energy' sector ratio (0.33x Scope 1 combined, 12%/88% Scope2:Scope3 split borrowed from the paper's Industry sector only). Confidence: Good."
1001140,Theodore Cogeneration,Power Plants,AL,748923.624,29957,217188,Energy,Good,"v1 estimate: Hertwich & Wood (2018) 'Energy' sector ratio (0.33x Scope 1 combined, 12%/88% Scope2:Scope3 split borrowed from the paper's Industry sector only). Confidence: Good."
1001142,Chouteau Power Plant,Power Plants,OK,2606111.048,104244,755772,Energy,Good,"v1 estimate: Hertwich & Wood (2018) 'Energy' sector ratio (0.33x Scope 1 combined, 12%/88% Scope2:Scope3 split borrowed from the paper's Industry sector only). Confidence: Good."
1001143,CHIPPEWA VALLEY ETHANOL COMPANY,Other,MN,73724.302,NA,NA,NA,Unresolved -- needs further inspection before mapping,"Unresolved sector ('Other') -- left NA pending further investigation, not a real zero."
1001149,Bonanza,Power Plants,UT,3535786.57,141431,1025378,Energy,Good,"v1 estimate: Hertwich & Wood (2018) 'Energy' sector ratio (0.33x Scope 1 combined, 12%/88% Scope2:Scope3 split borrowed from the paper's Industry sector only). Confidence: Good."
1001154,Itafos Conda LLC,Chemicals,ID,138624.812,18992,139041,Industry,Good,"v1 estimate: Hertwich & Wood (2018) 'Industry' sector ratio (1.14x Scope 1 combined, 12%/88% Scope2:Scope3 split borrowed from the paper's Industry sector only). Confidence: Good."
1001158,John S. Rainey Generating Station,Power Plants,SC,2632605.22,105304,763456,Energy,Good,"v1 estimate: Hertwich & Wood (2018) 'Energy' sector ratio (0.33x Scope 1 combined, 12%/88% Scope2:Scope3 split borrowed from the paper's Industry sector only). Confidence: Good."
1001161,Ladysmith Combustion Turbine Sta,Power Plants,VA,471193.78,18848,136646,Energy,Good,"v1 estimate: Hertwich & Wood (2018) 'Energy' sector ratio (0.33x Scope 1 combined, 12%/88% Scope2:Scope3 split borrowed from the paper's Industry sector only). Confidence: Good."
1001163,Plant H. Allen Franklin,Power Plants,AL,5078422.232,203137,1472742,Energy,Good,"v1 estimate: Hertwich & Wood (2018) 'Energy' sector ratio (0.33x Scope 1 combined, 12%/88% Scope2:Scope3 split borrowed from the paper's Industry sector only). Confidence: Good."
1001167,Brandy Branch,Power Plants,FL,1760425.322,70417,510523,Energy,Good,"v1 estimate: Hertwich & Wood (2018) 'Energy' sector ratio (0.33x Scope 1 combined, 12%/88% Scope2:Scope3 split borrowed from the paper's Industry sector only). Confidence: Good."
1001174,Seward Generation LLC,Power Plants,PA,2279070.452,91163,660930,Energy,Good,"v1 estimate: Hertwich & Wood (2018) 'Energy' sector ratio (0.33x Scope 1 combined, 12%/88% Scope2:Scope3 split borrowed from the paper's Industry sector only). Confidence: Good."
1001177,McCartney Generating Station,Power Plants,MO,57799.788,2312,16762,Energy,Good,"v1 estimate: Hertwich & Wood (2018) 'Energy' sector ratio (0.33x Scope 1 combined, 12%/88% Scope2:Scope3 split borrowed from the paper's Industry sector only). Confidence: Good."
1001178,Chattahoochee Energy Facility,Power Plants,GA,1310709.292,52428,380106,Energy,Good,"v1 estimate: Hertwich & Wood (2018) 'Energy' sector ratio (0.33x Scope 1 combined, 12%/88% Scope2:Scope3 split borrowed from the paper's Industry sector only). Confidence: Good."
1001182,Roseton Generating Facility,Power Plants,NY,124823.84,4993,36199,Energy,Good,"v1 estimate: Hertwich & Wood (2018) 'Energy' sector ratio (0.33x Scope 1 combined, 12%/88% Scope2:Scope3 split borrowed from the paper's Industry sector only). Confidence: Good."
1001194,Gen J M Gavin,Power Plants,OH,13451174.216,538047,3900841,Energy,Good,"v1 estimate: Hertwich & Wood (2018) 'Energy' sector ratio (0.33x Scope 1 combined, 12%/88% Scope2:Scope3 split borrowed from the paper's Industry sector only). Confidence: Good."
1001195,Ray D Nixon,Power Plants,CO,1069477.774,42779,310149,Energy,Good,"v1 estimate: Hertwich & Wood (2018) 'Energy' sector ratio (0.33x Scope 1 combined, 12%/88% Scope2:Scope3 split borrowed from the paper's Industry sector only). Confidence: Good."
1001196,Springerville Generating Station,Power Plants,AZ,7022189.542,280888,2036435,Energy,Good,"v1 estimate: Hertwich & Wood (2018) 'Energy' sector ratio (0.33x Scope 1 combined, 12%/88% Scope2:Scope3 split borrowed from the paper's Industry sector only). Confidence: Good."
1001203,"John B. Rich Memorial Power Station, Gilberton Power Company",Power Plants,PA,875724.292,35029,253960,Energy,Good,"v1 estimate: Hertwich & Wood (2018) 'Energy' sector ratio (0.33x Scope 1 combined, 12%/88% Scope2:Scope3 split borrowed from the paper's Industry sector only). Confidence: Good."
1001209,Louisiana 1,Power Plants,LA,2080245.092,83210,603271,Energy,Good,"v1 estimate: Hertwich & Wood (2018) 'Energy' sector ratio (0.33x Scope 1 combined, 12%/88% Scope2:Scope3 split borrowed from the paper's Industry sector only). Confidence: Good."
1001215,PASSAIC VALLEY SEWER COMM,Other,NJ,31066.484,NA,NA,NA,Unresolved -- needs further inspection before mapping,"Unresolved sector ('Other') -- left NA pending further investigation, not a real zero."
1001224,Brush Power Projects,Power Plants,CO,78196.372,3128,22677,Energy,Good,"v1 estimate: Hertwich & Wood (2018) 'Energy' sector ratio (0.33x Scope 1 combined, 12%/88% Scope2:Scope3 split borrowed from the paper's Industry sector only). Confidence: Good."
1001232,Linden Cogeneration Facility,Power Plants,NJ,2812086.604,112483,815505,Energy,Good,"v1 estimate: Hertwich & Wood (2018) 'Energy' sector ratio (0.33x Scope 1 combined, 12%/88% Scope2:Scope3 split borrowed from the paper's Industry sector only). Confidence: Good."
1001243,Indeck-Corinth Energy Center,Power Plants,NY,226907.66,9076,65803,Energy,Good,"v1 estimate: Hertwich & Wood (2018) 'Energy' sector ratio (0.33x Scope 1 combined, 12%/88% Scope2:Scope3 split borrowed from the paper's Industry sector only). Confidence: Good."
1001244,Procter & Gamble Paper Products,Pulp and Paper,PA,685922.578,93971,687980,Industry,Good,"v1 estimate: Hertwich & Wood (2018) 'Industry' sector ratio (1.14x Scope 1 combined, 12%/88% Scope2:Scope3 split borrowed from the paper's Industry sector only). Confidence: Good."
1001250,MICHIGAN STATE UNIVERSITY,Other,MI,298938.1,NA,NA,NA,Unresolved -- needs further inspection before mapping,"Unresolved sector ('Other') -- left NA pending further investigation, not a real zero."
1001257,Carr Street Generating Station,Power Plants,NY,89736.668,3589,26024,Energy,Good,"v1 estimate: Hertwich & Wood (2018) 'Energy' sector ratio (0.33x Scope 1 combined, 12%/88% Scope2:Scope3 split borrowed from the paper's Industry sector only). Confidence: Good."
1001262,Merck Sharp & Dohme LLC,Chemicals,PA,236624.858,32418,237335,Industry,Good,"v1 estimate: Hertwich & Wood (2018) 'Industry' sector ratio (1.14x Scope 1 combined, 12%/88% Scope2:Scope3 split borrowed from the paper's Industry sector only). Confidence: Good."
1001268,KIAC Cogeneration,Power Plants,NY,223890.168,8956,64928,Energy,Good,"v1 estimate: Hertwich & Wood (2018) 'Energy' sector ratio (0.33x Scope 1 combined, 12%/88% Scope2:Scope3 split borrowed from the paper's Industry sector only). Confidence: Good."
1001270,Nissequogue Cogen,Power Plants,NY,169743.418,6790,49226,Energy,Good,"v1 estimate: Hertwich & Wood (2018) 'Energy' sector ratio (0.33x Scope 1 combined, 12%/88% Scope2:Scope3 split borrowed from the paper's Industry sector only). Confidence: Good."
1001275,Mulberry Cogeneration Facility,Power Plants,FL,188772.9,7551,54744,Energy,Good,"v1 estimate: Hertwich & Wood (2018) 'Energy' sector ratio (0.33x Scope 1 combined, 12%/88% Scope2:Scope3 split borrowed from the paper's Industry sector only). Confidence: Good."
1001276,Orlando CoGen,Power Plants,FL,436566.732,17463,126604,Energy,Good,"v1 estimate: Hertwich & Wood (2018) 'Energy' sector ratio (0.33x Scope 1 combined, 12%/88% Scope2:Scope3 split borrowed from the paper's Industry sector only). Confidence: Good."
1001282,St. Nicholas Cogeneration Project,Power Plants,PA,1133244.744,45330,328641,Energy,Good,"v1 estimate: Hertwich & Wood (2018) 'Energy' sector ratio (0.33x Scope 1 combined, 12%/88% Scope2:Scope3 split borrowed from the paper's Industry sector only). Confidence: Good."
1001285,Grays Ferry Cogen Partnership,Power Plants,PA,698236.244,27929,202489,Energy,Good,"v1 estimate: Hertwich & Wood (2018) 'Energy' sector ratio (0.33x Scope 1 combined, 12%/88% Scope2:Scope3 split borrowed from the paper's Industry sector only). Confidence: Good."
1001290,ILLINOIS STATE UNIVERSITY,Other,IL,24728.056,NA,NA,NA,Unresolved -- needs further inspection before mapping,"Unresolved sector ('Other') -- left NA pending further investigation, not a real zero."
1001299,Bridgeport Energy,Power Plants,CT,1012876.096,40515,293734,Energy,Good,"v1 estimate: Hertwich & Wood (2018) 'Energy' sector ratio (0.33x Scope 1 combined, 12%/88% Scope2:Scope3 split borrowed from the paper's Industry sector only). Confidence: Good."
1001305,Mustang Station,Power Plants,TX,891156.92,35646,258436,Energy,Good,"v1 estimate: Hertwich & Wood (2018) 'Energy' sector ratio (0.33x Scope 1 combined, 12%/88% Scope2:Scope3 split borrowed from the paper's Industry sector only). Confidence: Good."
1001308,Zeeland Generating Station,Power Plants,MI,2181723.516,87269,632700,Energy,Good,"v1 estimate: Hertwich & Wood (2018) 'Energy' sector ratio (0.33x Scope 1 combined, 12%/88% Scope2:Scope3 split borrowed from the paper's Industry sector only). Confidence: Good."
1001309,Midlothian Energy,Power Plants,TX,2196477.86,87859,636979,Energy,Good,"v1 estimate: Hertwich & Wood (2018) 'Energy' sector ratio (0.33x Scope 1 combined, 12%/88% Scope2:Scope3 split borrowed from the paper's Industry sector only). Confidence: Good."
1001314,Klamath Cogeneration Project,Power Plants,OR,1145631.892,45825,332233,Energy,Good,"v1 estimate: Hertwich & Wood (2018) 'Energy' sector ratio (0.33x Scope 1 combined, 12%/88% Scope2:Scope3 split borrowed from the paper's Industry sector only). Confidence: Good."
1001315,Rhode Island State Energy Center,Power Plants,RI,1361847.604,54474,394936,Energy,Good,"v1 estimate: Hertwich & Wood (2018) 'Energy' sector ratio (0.33x Scope 1 combined, 12%/88% Scope2:Scope3 split borrowed from the paper's Industry sector only). Confidence: Good."
1001325,Magic Valley Generating Station,Power Plants,TX,1136191.64,45448,329496,Energy,Good,"v1 estimate: Hertwich & Wood (2018) 'Energy' sector ratio (0.33x Scope 1 combined, 12%/88% Scope2:Scope3 split borrowed from the paper's Industry sector only). Confidence: Good."
1001329,Desert Basin Generating Station,Power Plants,AZ,1240576.252,49623,359767,Energy,Good,"v1 estimate: Hertwich & Wood (2018) 'Energy' sector ratio (0.33x Scope 1 combined, 12%/88% Scope2:Scope3 split borrowed from the paper's Industry sector only). Confidence: Good."
1001331,Tenaska Gateway Generating Station,Power Plants,TX,1262932.12,50517,366250,Energy,Good,"v1 estimate: Hertwich & Wood (2018) 'Energy' sector ratio (0.33x Scope 1 combined, 12%/88% Scope2:Scope3 split borrowed from the paper's Industry sector only). Confidence: Good."
1001333,"Rio Nogales Power Project, LP",Power Plants,TX,1676705.094348,67068,486244,Energy,Good,"v1 estimate: Hertwich & Wood (2018) 'Energy' sector ratio (0.33x Scope 1 combined, 12%/88% Scope2:Scope3 split borrowed from the paper's Industry sector only). Confidence: Good."
1001338,Lake Road Generating Company,Power Plants,CT,2159025.448,86361,626117,Energy,Good,"v1 estimate: Hertwich & Wood (2018) 'Energy' sector ratio (0.33x Scope 1 combined, 12%/88% Scope2:Scope3 split borrowed from the paper's Industry sector only). Confidence: Good."
1001347,Acadia Power Station,Power Plants,LA,2330334.516,93213,675797,Energy,Good,"v1 estimate: Hertwich & Wood (2018) 'Energy' sector ratio (0.33x Scope 1 combined, 12%/88% Scope2:Scope3 split borrowed from the paper's Industry sector only). Confidence: Good."
1001351,Dogwood Energy Facility,Power Plants,MO,1048315.716,41933,304012,Energy,Good,"v1 estimate: Hertwich & Wood (2018) 'Energy' sector ratio (0.33x Scope 1 combined, 12%/88% Scope2:Scope3 split borrowed from the paper's Industry sector only). Confidence: Good."
1001352,"Rathdrum Power, LLC",Power Plants,ID,695632.172,27825,201733,Energy,Good,"v1 estimate: Hertwich & Wood (2018) 'Energy' sector ratio (0.33x Scope 1 combined, 12%/88% Scope2:Scope3 split borrowed from the paper's Industry sector only). Confidence: Good."
1001356,Ontelaunee Energy Center,Power Plants,PA,1578806.3,63152,457854,Energy,Good,"v1 estimate: Hertwich & Wood (2018) 'Energy' sector ratio (0.33x Scope 1 combined, 12%/88% Scope2:Scope3 split borrowed from the paper's Industry sector only). Confidence: Good."
1001357,Caledonia,Power Plants,MS,1499073.671,59963,434731,Energy,Good,"v1 estimate: Hertwich & Wood (2018) 'Energy' sector ratio (0.33x Scope 1 combined, 12%/88% Scope2:Scope3 split borrowed from the paper's Industry sector only). Confidence: Good."
1001363,Corpus Christi Energy Center,Power Plants,TX,1366344.332,54654,396240,Energy,Good,"v1 estimate: Hertwich & Wood (2018) 'Energy' sector ratio (0.33x Scope 1 combined, 12%/88% Scope2:Scope3 split borrowed from the paper's Industry sector only). Confidence: Good."
1001372,Freestone Power Generation,Power Plants,TX,2859464.8,114379,829245,Energy,Good,"v1 estimate: Hertwich & Wood (2018) 'Energy' sector ratio (0.33x Scope 1 combined, 12%/88% Scope2:Scope3 split borrowed from the paper's Industry sector only). Confidence: Good."
1001376,Liberty Electric Power Plant,Power Plants,PA,1591349.952,63654,461491,Energy,Good,"v1 estimate: Hertwich & Wood (2018) 'Energy' sector ratio (0.33x Scope 1 combined, 12%/88% Scope2:Scope3 split borrowed from the paper's Industry sector only). Confidence: Good."
1001405,Blythe Energy,Power Plants,CA,674910.248,26996,195724,Energy,Good,"v1 estimate: Hertwich & Wood (2018) 'Energy' sector ratio (0.33x Scope 1 combined, 12%/88% Scope2:Scope3 split borrowed from the paper's Industry sector only). Confidence: Good."
1001407,"Fairless Energy, LLC",Power Plants,PA,2995199.4,119808,868608,Energy,Good,"v1 estimate: Hertwich & Wood (2018) 'Energy' sector ratio (0.33x Scope 1 combined, 12%/88% Scope2:Scope3 split borrowed from the paper's Industry sector only). Confidence: Good."
1001414,E C Gaston,Power Plants,AL,2996029.536,119841,868849,Energy,Good,"v1 estimate: Hertwich & Wood (2018) 'Energy' sector ratio (0.33x Scope 1 combined, 12%/88% Scope2:Scope3 split borrowed from the paper's Industry sector only). Confidence: Good."
1001425,Irvington Generating Station,Power Plants,AZ,751195.952,30048,217847,Energy,Good,"v1 estimate: Hertwich & Wood (2018) 'Energy' sector ratio (0.33x Scope 1 combined, 12%/88% Scope2:Scope3 split borrowed from the paper's Industry sector only). Confidence: Good."
1001435,Mint Farm Generation Station,Power Plants,WA,798750.44,31950,231638,Energy,Good,"v1 estimate: Hertwich & Wood (2018) 'Energy' sector ratio (0.33x Scope 1 combined, 12%/88% Scope2:Scope3 split borrowed from the paper's Industry sector only). Confidence: Good."
1001436,GOLDENDALE GENERATING STATION,Power Plants,WA,826171.788,33047,239590,Energy,Good,"v1 estimate: Hertwich & Wood (2018) 'Energy' sector ratio (0.33x Scope 1 combined, 12%/88% Scope2:Scope3 split borrowed from the paper's Industry sector only). Confidence: Good."
1001437,MAUI ELECTRIC CO (MECO) - KAHULUI GENERATING STATION,Power Plants,HI,159451.61,6378,46241,Energy,Good,"v1 estimate: Hertwich & Wood (2018) 'Energy' sector ratio (0.33x Scope 1 combined, 12%/88% Scope2:Scope3 split borrowed from the paper's Industry sector only). Confidence: Good."
1001438,MAUI ELECTRIC CO (MECO) - MAALAEA GENERATING STATION,Power Plants,HI,464012.148,18560,134564,Energy,Good,"v1 estimate: Hertwich & Wood (2018) 'Energy' sector ratio (0.33x Scope 1 combined, 12%/88% Scope2:Scope3 split borrowed from the paper's Industry sector only). Confidence: Good."
1001451,Mountainview Generating Station,Power Plants,CA,1056295.236,42252,306326,Energy,Good,"v1 estimate: Hertwich & Wood (2018) 'Energy' sector ratio (0.33x Scope 1 combined, 12%/88% Scope2:Scope3 split borrowed from the paper's Industry sector only). Confidence: Good."
1001457,Valley Generating Station,Power Plants,CA,571225.256,22849,165655,Energy,Good,"v1 estimate: Hertwich & Wood (2018) 'Energy' sector ratio (0.33x Scope 1 combined, 12%/88% Scope2:Scope3 split borrowed from the paper's Industry sector only). Confidence: Good."
1001462,Comanche (470),Power Plants,CO,6991405.874,279656,2027508,Energy,Good,"v1 estimate: Hertwich & Wood (2018) 'Energy' sector ratio (0.33x Scope 1 combined, 12%/88% Scope2:Scope3 split borrowed from the paper's Industry sector only). Confidence: Good."
1001466,Hayden,Power Plants,CO,2668816.256,106753,773957,Energy,Good,"v1 estimate: Hertwich & Wood (2018) 'Energy' sector ratio (0.33x Scope 1 combined, 12%/88% Scope2:Scope3 split borrowed from the paper's Industry sector only). Confidence: Good."
1001487,Crystal River Power Plant,Power Plants,FL,8392686.334,335707,2433879,Energy,Good,"v1 estimate: Hertwich & Wood (2018) 'Energy' sector ratio (0.33x Scope 1 combined, 12%/88% Scope2:Scope3 split borrowed from the paper's Industry sector only). Confidence: Good."
1001489,P L Bartow Power Plant,Power Plants,FL,2699795.332,107992,782941,Energy,Good,"v1 estimate: Hertwich & Wood (2018) 'Energy' sector ratio (0.33x Scope 1 combined, 12%/88% Scope2:Scope3 split borrowed from the paper's Industry sector only). Confidence: Good."
1001495,Deerhaven,Power Plants,FL,562600.746,22504,163154,Energy,Good,"v1 estimate: Hertwich & Wood (2018) 'Energy' sector ratio (0.33x Scope 1 combined, 12%/88% Scope2:Scope3 split borrowed from the paper's Industry sector only). Confidence: Good."
1001496,J R Kelly,Power Plants,FL,328371.984,13135,95228,Energy,Good,"v1 estimate: Hertwich & Wood (2018) 'Energy' sector ratio (0.33x Scope 1 combined, 12%/88% Scope2:Scope3 split borrowed from the paper's Industry sector only). Confidence: Good."
1001505,Bowen,Power Plants,GA,10223192.838,408928,2964726,Energy,Good,"v1 estimate: Hertwich & Wood (2018) 'Energy' sector ratio (0.33x Scope 1 combined, 12%/88% Scope2:Scope3 split borrowed from the paper's Industry sector only). Confidence: Good."
1001513,Ponca,Power Plants,OK,15761.792,630,4571,Energy,Good,"v1 estimate: Hertwich & Wood (2018) 'Energy' sector ratio (0.33x Scope 1 combined, 12%/88% Scope2:Scope3 split borrowed from the paper's Industry sector only). Confidence: Good."
1001520,"Kincaid Generation, LLC",Power Plants,IL,2381916.638,95277,690756,Energy,Good,"v1 estimate: Hertwich & Wood (2018) 'Energy' sector ratio (0.33x Scope 1 combined, 12%/88% Scope2:Scope3 split borrowed from the paper's Industry sector only). Confidence: Good."
1001521,Powerton,Power Plants,IL,1701459.082,68058,493423,Energy,Good,"v1 estimate: Hertwich & Wood (2018) 'Energy' sector ratio (0.33x Scope 1 combined, 12%/88% Scope2:Scope3 split borrowed from the paper's Industry sector only). Confidence: Good."
1001531,Clifty Creek,Power Plants,IN,5302010.932,212080,1537583,Energy,Good,"v1 estimate: Hertwich & Wood (2018) 'Energy' sector ratio (0.33x Scope 1 combined, 12%/88% Scope2:Scope3 split borrowed from the paper's Industry sector only). Confidence: Good."
1001535,C. C. Perry K Steam Plant,Power Plants,IN,149323.204,5973,43304,Energy,Good,"v1 estimate: Hertwich & Wood (2018) 'Energy' sector ratio (0.33x Scope 1 combined, 12%/88% Scope2:Scope3 split borrowed from the paper's Industry sector only). Confidence: Good."
1001540,Cayuga,Power Plants,IN,4188339.98,167534,1214619,Energy,Good,"v1 estimate: Hertwich & Wood (2018) 'Energy' sector ratio (0.33x Scope 1 combined, 12%/88% Scope2:Scope3 split borrowed from the paper's Industry sector only). Confidence: Good."
1001551,Walter Scott Jr. Energy Center,Power Plants,IA,5752623.556,230105,1668261,Energy,Good,"v1 estimate: Hertwich & Wood (2018) 'Energy' sector ratio (0.33x Scope 1 combined, 12%/88% Scope2:Scope3 split borrowed from the paper's Industry sector only). Confidence: Good."
1001559,ALLIANCE PIPELINE L.P. - MANCHESTER,Petroleum and Natural Gas Systems,IA,82854.688,3314,24028,Energy,Good,"v1 estimate: Hertwich & Wood (2018) 'Energy' sector ratio (0.33x Scope 1 combined, 12%/88% Scope2:Scope3 split borrowed from the paper's Industry sector only). Confidence: Good."
1001560,ALLIANCE PIPELINE LP-Tampico,Petroleum and Natural Gas Systems,IL,60343.874,2414,17500,Energy,Good,"v1 estimate: Hertwich & Wood (2018) 'Energy' sector ratio (0.33x Scope 1 combined, 12%/88% Scope2:Scope3 split borrowed from the paper's Industry sector only). Confidence: Good."
1001561,US ARMY JOINT BASE LEWIS-MCCHORD,Waste,WA,71410.53,9783,71625,Industry,Weak (no dedicated waste sector in paper),"v1 estimate: Hertwich & Wood (2018) 'Industry' sector ratio (1.14x Scope 1 combined, 12%/88% Scope2:Scope3 split borrowed from the paper's Industry sector only). Confidence: Weak (no dedicated waste sector in paper)."
1001562,NESTLE USA INC,Other,NJ,27991.044,NA,NA,NA,Unresolved -- needs further inspection before mapping,"Unresolved sector ('Other') -- left NA pending further investigation, not a real zero."
1001588,"REYNOLDS FOIL, INC.",Metals,AR,43417.736,5948,43548,Industry,Good,"v1 estimate: Hertwich & Wood (2018) 'Industry' sector ratio (1.14x Scope 1 combined, 12%/88% Scope2:Scope3 split borrowed from the paper's Industry sector only). Confidence: Good."
1001589,Cana Gas Plant,Petroleum and Natural Gas Systems,OK,207285.244,8291,60113,Energy,Good,"v1 estimate: Hertwich & Wood (2018) 'Energy' sector ratio (0.33x Scope 1 combined, 12%/88% Scope2:Scope3 split borrowed from the paper's Industry sector only). Confidence: Good."
1001595,Kapaa and Kalaheo Sanitary Landfills,Waste,HI,1472.5,202,1477,Industry,Weak (no dedicated waste sector in paper),"v1 estimate: Hertwich & Wood (2018) 'Industry' sector ratio (1.14x Scope 1 combined, 12%/88% Scope2:Scope3 split borrowed from the paper's Industry sector only). Confidence: Weak (no dedicated waste sector in paper)."
1001598,Shawnee,Power Plants,KY,5828807.123,233152,1690354,Energy,Good,"v1 estimate: Hertwich & Wood (2018) 'Energy' sector ratio (0.33x Scope 1 combined, 12%/88% Scope2:Scope3 split borrowed from the paper's Industry sector only). Confidence: Good."
1001620,US Steel - Midwest Plant,Metals,IN,110193.036,15096,110524,Industry,Good,"v1 estimate: Hertwich & Wood (2018) 'Industry' sector ratio (1.14x Scope 1 combined, 12%/88% Scope2:Scope3 split borrowed from the paper's Industry sector only). Confidence: Good."
1001621,US STEEL - Minntac,Metals,MN,1305689.084,178879,1309606,Industry,Good,"v1 estimate: Hertwich & Wood (2018) 'Industry' sector ratio (1.14x Scope 1 combined, 12%/88% Scope2:Scope3 split borrowed from the paper's Industry sector only). Confidence: Good."
1001627,CUMBERLAND COUNTY ANN STREET LANDFILL,Waste,NC,75195.5,10302,75421,Industry,Weak (no dedicated waste sector in paper),"v1 estimate: Hertwich & Wood (2018) 'Industry' sector ratio (1.14x Scope 1 combined, 12%/88% Scope2:Scope3 split borrowed from the paper's Industry sector only). Confidence: Weak (no dedicated waste sector in paper)."
1001628,LISBURNE PRODUCTION CENTER,Petroleum and Natural Gas Systems,AK,712809.204,28512,206715,Energy,Good,"v1 estimate: Hertwich & Wood (2018) 'Energy' sector ratio (0.33x Scope 1 combined, 12%/88% Scope2:Scope3 split borrowed from the paper's Industry sector only). Confidence: Good."
1001634,OKLAHOMA STATE UNIVERSITY,Other,OK,25094.956,NA,NA,NA,Unresolved -- needs further inspection before mapping,"Unresolved sector ('Other') -- left NA pending further investigation, not a real zero."
1001649,CENTRAL COMPRESSOR PLANT,Petroleum and Natural Gas Systems,AK,2918099.212,116724,846249,Energy,Good,"v1 estimate: Hertwich & Wood (2018) 'Energy' sector ratio (0.33x Scope 1 combined, 12%/88% Scope2:Scope3 split borrowed from the paper's Industry sector only). Confidence: Good."
1001650,CENTRAL GAS FACILITY,Petroleum and Natural Gas Systems,AK,2076855.438,83074,602288,Energy,Good,"v1 estimate: Hertwich & Wood (2018) 'Energy' sector ratio (0.33x Scope 1 combined, 12%/88% Scope2:Scope3 split borrowed from the paper's Industry sector only). Confidence: Good."
1001651,CENTRAL POWER STATION,Petroleum and Natural Gas Systems,AK,809717.412,32389,234818,Energy,Good,"v1 estimate: Hertwich & Wood (2018) 'Energy' sector ratio (0.33x Scope 1 combined, 12%/88% Scope2:Scope3 split borrowed from the paper's Industry sector only). Confidence: Good."
1001652,TGP Station 241 Lafayette,Petroleum and Natural Gas Systems,NY,41487.754,1660,12031,Energy,Good,"v1 estimate: Hertwich & Wood (2018) 'Energy' sector ratio (0.33x Scope 1 combined, 12%/88% Scope2:Scope3 split borrowed from the paper's Industry sector only). Confidence: Good."
1001656,"SNG Station 5222 Enterprise, MS",Petroleum and Natural Gas Systems,MS,92963.492,3719,26959,Energy,Good,"v1 estimate: Hertwich & Wood (2018) 'Energy' sector ratio (0.33x Scope 1 combined, 12%/88% Scope2:Scope3 split borrowed from the paper's Industry sector only). Confidence: Good."
1001662,TYLER PIPE COMPANY,Metals,TX,64144.056,8788,64336,Industry,Good,"v1 estimate: Hertwich & Wood (2018) 'Industry' sector ratio (1.14x Scope 1 combined, 12%/88% Scope2:Scope3 split borrowed from the paper's Industry sector only). Confidence: Good."
1001663,MORTON SALT,Other,MI,94768.268,NA,NA,NA,Unresolved -- needs further inspection before mapping,"Unresolved sector ('Other') -- left NA pending further investigation, not a real zero."
1001664,McWane Ductile - Ohio,Metals,OH,77169.49,10572,77401,Industry,Good,"v1 estimate: Hertwich & Wood (2018) 'Industry' sector ratio (1.14x Scope 1 combined, 12%/88% Scope2:Scope3 split borrowed from the paper's Industry sector only). Confidence: Good."
1001668,Lantana Landfill (Park Ridge Golf Course),Waste,FL,19279.5,2641,19337,Industry,Weak (no dedicated waste sector in paper),"v1 estimate: Hertwich & Wood (2018) 'Industry' sector ratio (1.14x Scope 1 combined, 12%/88% Scope2:Scope3 split borrowed from the paper's Industry sector only). Confidence: Weak (no dedicated waste sector in paper)."
1001672,ELLWOOD MILL PRODUCTS,Other,PA,39678.252,NA,NA,NA,Unresolved -- needs further inspection before mapping,"Unresolved sector ('Other') -- left NA pending further investigation, not a real zero."
1001675,TATE & LYLE SAGAMORE,Other,IN,124457.26,NA,NA,NA,Unresolved -- needs further inspection before mapping,"Unresolved sector ('Other') -- left NA pending further investigation, not a real zero."
1001677,KAAPA ETHANOL LLC,Other,NE,73391.124,NA,NA,NA,Unresolved -- needs further inspection before mapping,"Unresolved sector ('Other') -- left NA pending further investigation, not a real zero."
1001678,ICM Biofuels LLC,Other,MO,73283.024,NA,NA,NA,Unresolved -- needs further inspection before mapping,"Unresolved sector ('Other') -- left NA pending further investigation, not a real zero."
1001684,Francisco Underground Mine,Other,IN,195940.45,NA,NA,NA,Unresolved -- needs further inspection before mapping,"Unresolved sector ('Other') -- left NA pending further investigation, not a real zero."
1001701,MONARCH CEMENT COMPANY (THE),Minerals,KS,939681.096,128736,942500,Industry,Good,"v1 estimate: Hertwich & Wood (2018) 'Industry' sector ratio (1.14x Scope 1 combined, 12%/88% Scope2:Scope3 split borrowed from the paper's Industry sector only). Confidence: Good."
1001703,TYSON FRESH MEATS INC,Other,IA,73267.566,NA,NA,NA,Unresolved -- needs further inspection before mapping,"Unresolved sector ('Other') -- left NA pending further investigation, not a real zero."
1001704,Occidental Chemical Corporation,Chemicals,KS,106678.148,14615,106998,Industry,Good,"v1 estimate: Hertwich & Wood (2018) 'Industry' sector ratio (1.14x Scope 1 combined, 12%/88% Scope2:Scope3 split borrowed from the paper's Industry sector only). Confidence: Good."
1001705,OCCIDENTAL CHEMICAL CORPORATION INGLESIDE PLANT,Chemicals,TX,1803754.27,247114,1809166,Industry,Good,"v1 estimate: Hertwich & Wood (2018) 'Industry' sector ratio (1.14x Scope 1 combined, 12%/88% Scope2:Scope3 split borrowed from the paper's Industry sector only). Confidence: Good."
1001709,OCCIDENTAL CHEMICAL CORPORATION - Taft Facility,Power Plants,LA,2557973.872,102319,741812,Energy,Good,"v1 estimate: Hertwich & Wood (2018) 'Energy' sector ratio (0.33x Scope 1 combined, 12%/88% Scope2:Scope3 split borrowed from the paper's Industry sector only). Confidence: Good."
1001710,"Oxy Vinyls, LP- Pasadena Facility",Other,TX,115123.516,NA,NA,NA,Unresolved -- needs further inspection before mapping,"Unresolved sector ('Other') -- left NA pending further investigation, not a real zero."
1001713,OXY VINYLS LP - LA PORTE VCM PLANT,Chemicals,TX,1231290.848,168687,1234985,Industry,Good,"v1 estimate: Hertwich & Wood (2018) 'Industry' sector ratio (1.14x Scope 1 combined, 12%/88% Scope2:Scope3 split borrowed from the paper's Industry sector only). Confidence: Good."
1001715,DU PONT PONTCHARTRAIN WORKS,Chemicals,LA,100340.372,13747,100641,Industry,Good,"v1 estimate: Hertwich & Wood (2018) 'Industry' sector ratio (1.14x Scope 1 combined, 12%/88% Scope2:Scope3 split borrowed from the paper's Industry sector only). Confidence: Good."
1001718,GALLO GLASS COMPANY,Minerals,CA,172272.508,23601,172789,Industry,Good,"v1 estimate: Hertwich & Wood (2018) 'Industry' sector ratio (1.14x Scope 1 combined, 12%/88% Scope2:Scope3 split borrowed from the paper's Industry sector only). Confidence: Good."
1001721,"REAL ALLOY SPECIFICATION, LLC.",Metals,IN,57086.338,7821,57258,Industry,Good,"v1 estimate: Hertwich & Wood (2018) 'Industry' sector ratio (1.14x Scope 1 combined, 12%/88% Scope2:Scope3 split borrowed from the paper's Industry sector only). Confidence: Good."
1001722,Ford Motor Company - Flat Rock Assembly Plant,Other,MI,47885.12,NA,NA,NA,Unresolved -- needs further inspection before mapping,"Unresolved sector ('Other') -- left NA pending further investigation, not a real zero."
1001723,REDFIELD ENERGY LLC,Other,SD,68250.244,NA,NA,NA,Unresolved -- needs further inspection before mapping,"Unresolved sector ('Other') -- left NA pending further investigation, not a real zero."
1001735,HILMAR CHEESE COMPANY,Other,CA,71906.376,NA,NA,NA,Unresolved -- needs further inspection before mapping,"Unresolved sector ('Other') -- left NA pending further investigation, not a real zero."
1001737,ENDICOTT PRODUCTION FACILITY,Petroleum and Natural Gas Systems,AK,613604.796,24544,177945,Energy,Good,"v1 estimate: Hertwich & Wood (2018) 'Energy' sector ratio (0.33x Scope 1 combined, 12%/88% Scope2:Scope3 split borrowed from the paper's Industry sector only). Confidence: Good."
1001748,"SOLVAY SPECIALTY POLYMERS USA, LLC",Other,GA,51567.154,NA,NA,NA,Unresolved -- needs further inspection before mapping,"Unresolved sector ('Other') -- left NA pending further investigation, not a real zero."
1001760,Arkansas Loop & Simpson Treating Plants,Petroleum and Natural Gas Systems,CO,333442.368,13338,96698,Energy,Good,"v1 estimate: Hertwich & Wood (2018) 'Energy' sector ratio (0.33x Scope 1 combined, 12%/88% Scope2:Scope3 split borrowed from the paper's Industry sector only). Confidence: Good."
1001762,McKinley Paper WI Company,Power Plants,WI,287870.944,11515,83483,Energy,Good,"v1 estimate: Hertwich & Wood (2018) 'Energy' sector ratio (0.33x Scope 1 combined, 12%/88% Scope2:Scope3 split borrowed from the paper's Industry sector only). Confidence: Good."
1001765,KAUAI ISLAND UTILITY COOPERATIVE - KAPAIA POWER STATION,Power Plants,HI,111260.996,4450,32266,Energy,Good,"v1 estimate: Hertwich & Wood (2018) 'Energy' sector ratio (0.33x Scope 1 combined, 12%/88% Scope2:Scope3 split borrowed from the paper's Industry sector only). Confidence: Good."
1001766,Cedar Rapids/Linn County Solid Waste Agency Site #1,Waste,IA,53053.25,7268,53212,Industry,Weak (no dedicated waste sector in paper),"v1 estimate: Hertwich & Wood (2018) 'Industry' sector ratio (1.14x Scope 1 combined, 12%/88% Scope2:Scope3 split borrowed from the paper's Industry sector only). Confidence: Weak (no dedicated waste sector in paper)."
1001768,"KAUAI ISLAND UTILITY COOPERATIVE, PORT ALLEN GENERATING STATION",Power Plants,HI,34140.798,1366,9901,Energy,Good,"v1 estimate: Hertwich & Wood (2018) 'Energy' sector ratio (0.33x Scope 1 combined, 12%/88% Scope2:Scope3 split borrowed from the paper's Industry sector only). Confidence: Good."
1001770,MOCCASIN MIKE SANITARY LANDFILL,Waste,WI,79332.25,10869,79570,Industry,Weak (no dedicated waste sector in paper),"v1 estimate: Hertwich & Wood (2018) 'Industry' sector ratio (1.14x Scope 1 combined, 12%/88% Scope2:Scope3 split borrowed from the paper's Industry sector only). Confidence: Weak (no dedicated waste sector in paper)."
1001772,QUAKER MFG LLC,Other,IA,27402.596,NA,NA,NA,Unresolved -- needs further inspection before mapping,"Unresolved sector ('Other') -- left NA pending further investigation, not a real zero."
1001775,BUNCOMBE COUNTY NEW LANDFILL,Waste,NC,70463.5,9653,70675,Industry,Weak (no dedicated waste sector in paper),"v1 estimate: Hertwich & Wood (2018) 'Industry' sector ratio (1.14x Scope 1 combined, 12%/88% Scope2:Scope3 split borrowed from the paper's Industry sector only). Confidence: Weak (no dedicated waste sector in paper)."
1001780,Auriga Polymers Inc.,Other,SC,86690.824,NA,NA,NA,Unresolved -- needs further inspection before mapping,"Unresolved sector ('Other') -- left NA pending further investigation, not a real zero."
1001783,WESTERN SUGAR COOPERATIVE,Minerals,MT,122995.764,16850,123365,Industry,Good,"v1 estimate: Hertwich & Wood (2018) 'Industry' sector ratio (1.14x Scope 1 combined, 12%/88% Scope2:Scope3 split borrowed from the paper's Industry sector only). Confidence: Good."
1001790,Hilight-Reno Junction Gas Plant,Natural Gas and Natural Gas Liquids Suppliers,WY,58391.198,2336,16933,Energy,Good,"v1 estimate: Hertwich & Wood (2018) 'Energy' sector ratio (0.33x Scope 1 combined, 12%/88% Scope2:Scope3 split borrowed from the paper's Industry sector only). Confidence: Good."
1001803,STARPET INCORPORATED,Other,NC,34533.92,NA,NA,NA,Unresolved -- needs further inspection before mapping,"Unresolved sector ('Other') -- left NA pending further investigation, not a real zero."
1001806,SEMINOLE GAS PROCESSING PLANT,Petroleum and Natural Gas Systems,TX,499208.472,19968,144770,Energy,Good,"v1 estimate: Hertwich & Wood (2018) 'Energy' sector ratio (0.33x Scope 1 combined, 12%/88% Scope2:Scope3 split borrowed from the paper's Industry sector only). Confidence: Good."
1001807,"RAYONIER PERFORMANCE FIBERS LLC, JESUP MILL",Pulp and Paper,GA,239187.204,32769,239905,Industry,Good,"v1 estimate: Hertwich & Wood (2018) 'Industry' sector ratio (1.14x Scope 1 combined, 12%/88% Scope2:Scope3 split borrowed from the paper's Industry sector only). Confidence: Good."
1001809,MARYSVILLE ETHANOL LLC,Other,MI,83938.532,NA,NA,NA,Unresolved -- needs further inspection before mapping,"Unresolved sector ('Other') -- left NA pending further investigation, not a real zero."
1001810,GOLDEN VALLEY ELECTRIC ASSOC NORTH POLE POWER PLANT,Power Plants,AK,269151.47,10766,78054,Energy,Good,"v1 estimate: Hertwich & Wood (2018) 'Energy' sector ratio (0.33x Scope 1 combined, 12%/88% Scope2:Scope3 split borrowed from the paper's Industry sector only). Confidence: Good."
1001811,BROWN UNIVERSITY MAIN CAMPUS,Other,RI,24994.456,NA,NA,NA,Unresolved -- needs further inspection before mapping,"Unresolved sector ('Other') -- left NA pending further investigation, not a real zero."
1001816,Naval Base Kitsap Bremerton,Other,WA,41809.038,NA,NA,NA,Unresolved -- needs further inspection before mapping,"Unresolved sector ('Other') -- left NA pending further investigation, not a real zero."
1001817,TINKER AIR FORCE BASE,Other,OK,63882.58,NA,NA,NA,Unresolved -- needs further inspection before mapping,"Unresolved sector ('Other') -- left NA pending further investigation, not a real zero."
1001827,TYSON FRESH MEATS INC,Other,KS,54437.894,NA,NA,NA,Unresolved -- needs further inspection before mapping,"Unresolved sector ('Other') -- left NA pending further investigation, not a real zero."
1001828,TOYOTA MOTOR MFG IN INC,Other,IN,57064.536,NA,NA,NA,Unresolved -- needs further inspection before mapping,"Unresolved sector ('Other') -- left NA pending further investigation, not a real zero."
1001835,HEIDELBERG MATERIALS US CEMENT LLC/ NAZARETH,Minerals,PA,646387.056,88555,648326,Industry,Good,"v1 estimate: Hertwich & Wood (2018) 'Industry' sector ratio (1.14x Scope 1 combined, 12%/88% Scope2:Scope3 split borrowed from the paper's Industry sector only). Confidence: Good."
1001840,Evraz Oregon Steel,Metals,OR,92843,12719,93122,Industry,Good,"v1 estimate: Hertwich & Wood (2018) 'Industry' sector ratio (1.14x Scope 1 combined, 12%/88% Scope2:Scope3 split borrowed from the paper's Industry sector only). Confidence: Good."
1001841,"Honda Development & Manufacturing of America, LLC",Other,OH,106936.484,NA,NA,NA,Unresolved -- needs further inspection before mapping,"Unresolved sector ('Other') -- left NA pending further investigation, not a real zero."
1001842,HONDA DEVELOPMENT AND MANUFACTURING OF AMERICA *,Other,OH,36549.13,NA,NA,NA,Unresolved -- needs further inspection before mapping,"Unresolved sector ('Other') -- left NA pending further investigation, not a real zero."
1001845,ADVANCED DISPOSAL CRANBERRY CREEK LANDFILL LLC,Waste,WI,22229.344,3045,22296,Industry,Weak (no dedicated waste sector in paper),"v1 estimate: Hertwich & Wood (2018) 'Industry' sector ratio (1.14x Scope 1 combined, 12%/88% Scope2:Scope3 split borrowed from the paper's Industry sector only). Confidence: Weak (no dedicated waste sector in paper)."
1001851,Smithfield Fresh Meats Corp - Tar Heel,Other,NC,67983.652,NA,NA,NA,Unresolved -- needs further inspection before mapping,"Unresolved sector ('Other') -- left NA pending further investigation, not a real zero."
1001852,"SNG Station 5110 Toca, LA",Petroleum and Natural Gas Systems,LA,22922.584,917,6648,Energy,Good,"v1 estimate: Hertwich & Wood (2018) 'Energy' sector ratio (0.33x Scope 1 combined, 12%/88% Scope2:Scope3 split borrowed from the paper's Industry sector only). Confidence: Good."
1001859,"American Sugar Refining, Inc. - Baltimore Refinery",Other,MD,108611.74,NA,NA,NA,Unresolved -- needs further inspection before mapping,"Unresolved sector ('Other') -- left NA pending further investigation, not a real zero."
1001861,"American Sugar Refining, Inc. - Yonkers Refinery",Other,NY,75865.106,NA,NA,NA,Unresolved -- needs further inspection before mapping,"Unresolved sector ('Other') -- left NA pending further investigation, not a real zero."
1001863,"WAUPACA FOUNDRY, INC-PLANTS 2 & 3",Metals,WI,167495.51,22947,167998,Industry,Good,"v1 estimate: Hertwich & Wood (2018) 'Industry' sector ratio (1.14x Scope 1 combined, 12%/88% Scope2:Scope3 split borrowed from the paper's Industry sector only). Confidence: Good."
1001865,SOUTHWEST IOWA RENEWABLE ENERGY,Other,IA,145412.952,NA,NA,NA,Unresolved -- needs further inspection before mapping,"Unresolved sector ('Other') -- left NA pending further investigation, not a real zero."
1001868,TRUSTEES OF PRINCETON UNIVERSITY,Other,NJ,66282.142,NA,NA,NA,Unresolved -- needs further inspection before mapping,"Unresolved sector ('Other') -- left NA pending further investigation, not a real zero."
1001877,ALCOA INC - WARRICK OPERATIONS,Metals,IN,4867518.536,666850,4882121,Industry,Good,"v1 estimate: Hertwich & Wood (2018) 'Industry' sector ratio (1.14x Scope 1 combined, 12%/88% Scope2:Scope3 split borrowed from the paper's Industry sector only). Confidence: Good."
1001882,SAVANNAH SUGAR REFINERY,Other,GA,138896.67,NA,NA,NA,Unresolved -- needs further inspection before mapping,"Unresolved sector ('Other') -- left NA pending further investigation, not a real zero."
1001884,PINELLAS COUNTY RESOURCE RECOVERY,Waste,FL,737404.51,101024,739617,Industry,Weak (no dedicated waste sector in paper),"v1 estimate: Hertwich & Wood (2018) 'Industry' sector ratio (1.14x Scope 1 combined, 12%/88% Scope2:Scope3 split borrowed from the paper's Industry sector only). Confidence: Weak (no dedicated waste sector in paper)."
1001885,"Hydro Extrusion USA, LLC",Metals,PA,71009.532,9728,71223,Industry,Good,"v1 estimate: Hertwich & Wood (2018) 'Industry' sector ratio (1.14x Scope 1 combined, 12%/88% Scope2:Scope3 split borrowed from the paper's Industry sector only). Confidence: Good."
1001886,Loma Linda University,Other,CA,49210.464,NA,NA,NA,Unresolved -- needs further inspection before mapping,"Unresolved sector ('Other') -- left NA pending further investigation, not a real zero."
1001890,U.S. ARMY ANNISTON ARMY DEPOT,Other,AL,18239.168,NA,NA,NA,Unresolved -- needs further inspection before mapping,"Unresolved sector ('Other') -- left NA pending further investigation, not a real zero."
1001892,Billerud Quinnesec LLC,Pulp and Paper,MI,117240.844,16062,117593,Industry,Good,"v1 estimate: Hertwich & Wood (2018) 'Industry' sector ratio (1.14x Scope 1 combined, 12%/88% Scope2:Scope3 split borrowed from the paper's Industry sector only). Confidence: Good."
1001899,U.S. DOE ARGONNE NATIONAL LABORATORY,Other,IL,59066.776,NA,NA,NA,Unresolved -- needs further inspection before mapping,"Unresolved sector ('Other') -- left NA pending further investigation, not a real zero."
1001901,"USG Interiors, Inc.",Minerals,MN,65289.204,8945,65485,Industry,Good,"v1 estimate: Hertwich & Wood (2018) 'Industry' sector ratio (1.14x Scope 1 combined, 12%/88% Scope2:Scope3 split borrowed from the paper's Industry sector only). Confidence: Good."
1001908,APACHE NITROGEN PRODUCTS - PLANT,Chemicals,AZ,415928.616,56982,417176,Industry,Good,"v1 estimate: Hertwich & Wood (2018) 'Industry' sector ratio (1.14x Scope 1 combined, 12%/88% Scope2:Scope3 split borrowed from the paper's Industry sector only). Confidence: Good."
1001911,ELLWOOD TEXAS FORGE NAVASOTA,Other,TX,39754,NA,NA,NA,Unresolved -- needs further inspection before mapping,"Unresolved sector ('Other') -- left NA pending further investigation, not a real zero."
1001912,"TYSON FRESH MEATS, INC. - WATERLOO",Other,IA,48703.716,NA,NA,NA,Unresolved -- needs further inspection before mapping,"Unresolved sector ('Other') -- left NA pending further investigation, not a real zero."
1001913,Georgia Pacific Muskogee LLC,Pulp and Paper,OK,571973.792,78360,573690,Industry,Good,"v1 estimate: Hertwich & Wood (2018) 'Industry' sector ratio (1.14x Scope 1 combined, 12%/88% Scope2:Scope3 split borrowed from the paper's Industry sector only). Confidence: Good."
1001918,BAYER CROPSCIENCE,Chemicals,MO,45377.578,6217,45514,Industry,Good,"v1 estimate: Hertwich & Wood (2018) 'Industry' sector ratio (1.14x Scope 1 combined, 12%/88% Scope2:Scope3 split borrowed from the paper's Industry sector only). Confidence: Good."
1001920,Phillips 66 Ponca City Refinery,Chemicals,OK,1899802.276,260273,1905502,Industry,Good,"v1 estimate: Hertwich & Wood (2018) 'Industry' sector ratio (1.14x Scope 1 combined, 12%/88% Scope2:Scope3 split borrowed from the paper's Industry sector only). Confidence: Good."
1001921,MEDICAL CENTER COMPANY,Power Plants,OH,72723.076,2909,21090,Energy,Good,"v1 estimate: Hertwich & Wood (2018) 'Energy' sector ratio (0.33x Scope 1 combined, 12%/88% Scope2:Scope3 split borrowed from the paper's Industry sector only). Confidence: Good."
1001929,UNIVERSITY OF VIRGINIA,Other,VA,75337.936,NA,NA,NA,Unresolved -- needs further inspection before mapping,"Unresolved sector ('Other') -- left NA pending further investigation, not a real zero."
1001934,BASF FREEPORT SITE,Chemicals,TX,646435.412,88562,648375,Industry,Good,"v1 estimate: Hertwich & Wood (2018) 'Industry' sector ratio (1.14x Scope 1 combined, 12%/88% Scope2:Scope3 split borrowed from the paper's Industry sector only). Confidence: Good."
1001936,SHELL CHEMICAL CO - GEISMAR PLANT,Chemicals,LA,1069814.486,146565,1073024,Industry,Good,"v1 estimate: Hertwich & Wood (2018) 'Industry' sector ratio (1.14x Scope 1 combined, 12%/88% Scope2:Scope3 split borrowed from the paper's Industry sector only). Confidence: Good."
1001943,BLACKBURN SANITARY LANDFILL,Waste,NC,96948.5,13282,97239,Industry,Weak (no dedicated waste sector in paper),"v1 estimate: Hertwich & Wood (2018) 'Industry' sector ratio (1.14x Scope 1 combined, 12%/88% Scope2:Scope3 split borrowed from the paper's Industry sector only). Confidence: Weak (no dedicated waste sector in paper)."
1001945,ARCHER DANIELS MIDLAND,Other,MN,165658.676,NA,NA,NA,Unresolved -- needs further inspection before mapping,"Unresolved sector ('Other') -- left NA pending further investigation, not a real zero."
1001948,Steelhead Platform,Petroleum and Natural Gas Systems,AK,90005.892,3600,26102,Energy,Good,"v1 estimate: Hertwich & Wood (2018) 'Energy' sector ratio (0.33x Scope 1 combined, 12%/88% Scope2:Scope3 split borrowed from the paper's Industry sector only). Confidence: Good."
1001952,WEST KENTUCKY LANDFILL,Waste,KY,113432.4,15540,113773,Industry,Weak (no dedicated waste sector in paper),"v1 estimate: Hertwich & Wood (2018) 'Industry' sector ratio (1.14x Scope 1 combined, 12%/88% Scope2:Scope3 split borrowed from the paper's Industry sector only). Confidence: Weak (no dedicated waste sector in paper)."
1001958,HUNTINGTON INGALLS INCORPORATED,Metals,VA,49706.726,6810,49856,Industry,Good,"v1 estimate: Hertwich & Wood (2018) 'Industry' sector ratio (1.14x Scope 1 combined, 12%/88% Scope2:Scope3 split borrowed from the paper's Industry sector only). Confidence: Good."
1001960,Grand Island Regional Landfill,Waste,NE,90514.55,12400,90786,Industry,Weak (no dedicated waste sector in paper),"v1 estimate: Hertwich & Wood (2018) 'Industry' sector ratio (1.14x Scope 1 combined, 12%/88% Scope2:Scope3 split borrowed from the paper's Industry sector only). Confidence: Weak (no dedicated waste sector in paper)."
1001961,OWENS BROCKWAY GLASS CONTAINER INCORPORATED,Minerals,OK,71751.768,9830,71967,Industry,Good,"v1 estimate: Hertwich & Wood (2018) 'Industry' sector ratio (1.14x Scope 1 combined, 12%/88% Scope2:Scope3 split borrowed from the paper's Industry sector only). Confidence: Good."
1001962,AMERICAS STYRENICS LLC - ST JAMES PLANT,Chemicals,LA,771321.482,105671,773635,Industry,Good,"v1 estimate: Hertwich & Wood (2018) 'Industry' sector ratio (1.14x Scope 1 combined, 12%/88% Scope2:Scope3 split borrowed from the paper's Industry sector only). Confidence: Good."
1001964,Phillips 66 Los Angeles Refinery - Carson Plant,Chemicals,CA,948505.494,129945,951351,Industry,Good,"v1 estimate: Hertwich & Wood (2018) 'Industry' sector ratio (1.14x Scope 1 combined, 12%/88% Scope2:Scope3 split borrowed from the paper's Industry sector only). Confidence: Good."
1001967,Valero Renewable Fuels LLC Charles City,Other,IA,201940.04,NA,NA,NA,Unresolved -- needs further inspection before mapping,"Unresolved sector ('Other') -- left NA pending further investigation, not a real zero."
1001970,LAKE CITY ARMY AMMUNITION PLANT,Other,MO,40702.996,NA,NA,NA,Unresolved -- needs further inspection before mapping,"Unresolved sector ('Other') -- left NA pending further investigation, not a real zero."
1001975,OWENS-BROCKWAY GLASS CONTAINER INC PLANT 28,Minerals,CO,101575.792,13916,101881,Industry,Good,"v1 estimate: Hertwich & Wood (2018) 'Industry' sector ratio (1.14x Scope 1 combined, 12%/88% Scope2:Scope3 split borrowed from the paper's Industry sector only). Confidence: Good."
1001978,OWENS BROCKWAY GLASS CONTAINER INC. PLT 19,Minerals,PA,76400.856,10467,76630,Industry,Good,"v1 estimate: Hertwich & Wood (2018) 'Industry' sector ratio (1.14x Scope 1 combined, 12%/88% Scope2:Scope3 split borrowed from the paper's Industry sector only). Confidence: Good."
1001980,OWENS-BROCKWAY GLASS CONTAINER INC PLT 18,Minerals,PA,21921.08,3003,21987,Industry,Good,"v1 estimate: Hertwich & Wood (2018) 'Industry' sector ratio (1.14x Scope 1 combined, 12%/88% Scope2:Scope3 split borrowed from the paper's Industry sector only). Confidence: Good."
1001981,"EPNG Station 6312 Cornudas, TX",Petroleum and Natural Gas Systems,TX,155359.618,6214,45054,Energy,Good,"v1 estimate: Hertwich & Wood (2018) 'Energy' sector ratio (0.33x Scope 1 combined, 12%/88% Scope2:Scope3 split borrowed from the paper's Industry sector only). Confidence: Good."
1001985,JR SIMPLOT COMPANY - FOOD GROUP,Other,ID,71412.092,NA,NA,NA,Unresolved -- needs further inspection before mapping,"Unresolved sector ('Other') -- left NA pending further investigation, not a real zero."
1001987,OWENS-BROCKWAY GLASS CONTAINER INC PLANT #35,Minerals,NY,73109.052,10016,73328,Industry,Good,"v1 estimate: Hertwich & Wood (2018) 'Industry' sector ratio (1.14x Scope 1 combined, 12%/88% Scope2:Scope3 split borrowed from the paper's Industry sector only). Confidence: Good."
1001988,"EPNG Station 6335 Hueco, TX",Petroleum and Natural Gas Systems,TX,61724.884,2469,17900,Energy,Good,"v1 estimate: Hertwich & Wood (2018) 'Energy' sector ratio (0.33x Scope 1 combined, 12%/88% Scope2:Scope3 split borrowed from the paper's Industry sector only). Confidence: Good."
1001999,"USG INTERIORS, LLC - GREENVILLE PLANT",Minerals,MS,35042.568,4801,35148,Industry,Good,"v1 estimate: Hertwich & Wood (2018) 'Industry' sector ratio (1.14x Scope 1 combined, 12%/88% Scope2:Scope3 split borrowed from the paper's Industry sector only). Confidence: Good."
1002004,Glen Burnie Landfill,Waste,MD,10838.5,1485,10871,Industry,Weak (no dedicated waste sector in paper),"v1 estimate: Hertwich & Wood (2018) 'Industry' sector ratio (1.14x Scope 1 combined, 12%/88% Scope2:Scope3 split borrowed from the paper's Industry sector only). Confidence: Weak (no dedicated waste sector in paper)."
1002007,OWENS-BROCKWAY GLASS CONTAINER INC.,Minerals,CA,84374.556,11559,84628,Industry,Good,"v1 estimate: Hertwich & Wood (2018) 'Industry' sector ratio (1.14x Scope 1 combined, 12%/88% Scope2:Scope3 split borrowed from the paper's Industry sector only). Confidence: Good."
1002011,KIMBERLY CLARK CORPORATION,Pulp and Paper,SC,148672.338,20368,149118,Industry,Good,"v1 estimate: Hertwich & Wood (2018) 'Industry' sector ratio (1.14x Scope 1 combined, 12%/88% Scope2:Scope3 split borrowed from the paper's Industry sector only). Confidence: Good."
1002013,KIMBERLY-CLARK CORP,Pulp and Paper,WI,39083.552,5354,39201,Industry,Good,"v1 estimate: Hertwich & Wood (2018) 'Industry' sector ratio (1.14x Scope 1 combined, 12%/88% Scope2:Scope3 split borrowed from the paper's Industry sector only). Confidence: Good."
1002019,"OWENS CORNING INSULATING SYSTEMS, LLC - WAXAHACHIE",Minerals,TX,55214.356,7564,55380,Industry,Good,"v1 estimate: Hertwich & Wood (2018) 'Industry' sector ratio (1.14x Scope 1 combined, 12%/88% Scope2:Scope3 split borrowed from the paper's Industry sector only). Confidence: Good."
1002020,Elanco Clinton Laboratories,Chemicals,IN,67885.544,9300,68089,Industry,Good,"v1 estimate: Hertwich & Wood (2018) 'Industry' sector ratio (1.14x Scope 1 combined, 12%/88% Scope2:Scope3 split borrowed from the paper's Industry sector only). Confidence: Good."
1002026,HF SINCLAIR TULSA REFINING LLC - WEST,Petroleum Product Suppliers,OK,476936.366,19077,138312,Energy,Good,"v1 estimate: Hertwich & Wood (2018) 'Energy' sector ratio (0.33x Scope 1 combined, 12%/88% Scope2:Scope3 split borrowed from the paper's Industry sector only). Confidence: Good."
1002027,"St. Paul Park Refining Company, LLC",Chemicals,MN,883679.804,121064,886331,Industry,Good,"v1 estimate: Hertwich & Wood (2018) 'Industry' sector ratio (1.14x Scope 1 combined, 12%/88% Scope2:Scope3 split borrowed from the paper's Industry sector only). Confidence: Good."
1002029,WILCOX GAS PLANT,Natural Gas and Natural Gas Liquids Suppliers,TX,142961.772,5718,41459,Energy,Good,"v1 estimate: Hertwich & Wood (2018) 'Energy' sector ratio (0.33x Scope 1 combined, 12%/88% Scope2:Scope3 split borrowed from the paper's Industry sector only). Confidence: Good."
1002030,MOBILE BAY NGL RECOVERY PLANT,Petroleum and Natural Gas Systems,AL,36454.914,1458,10572,Energy,Good,"v1 estimate: Hertwich & Wood (2018) 'Energy' sector ratio (0.33x Scope 1 combined, 12%/88% Scope2:Scope3 split borrowed from the paper's Industry sector only). Confidence: Good."
1002031,ROGGEN GAS PLANT,Petroleum and Natural Gas Systems,CO,33720.634,1349,9779,Energy,Good,"v1 estimate: Hertwich & Wood (2018) 'Energy' sector ratio (0.33x Scope 1 combined, 12%/88% Scope2:Scope3 split borrowed from the paper's Industry sector only). Confidence: Good."
1002032,BADGER STATE ETHANOL,Other,WI,111350.88,NA,NA,NA,Unresolved -- needs further inspection before mapping,"Unresolved sector ('Other') -- left NA pending further investigation, not a real zero."
1002041,Linde Inc.,Chemicals,UT,172965.6,23696,173484,Industry,Good,"v1 estimate: Hertwich & Wood (2018) 'Industry' sector ratio (1.14x Scope 1 combined, 12%/88% Scope2:Scope3 split borrowed from the paper's Industry sector only). Confidence: Good."
1002042,Matheson - LIMA I PLANT,Chemicals,OH,82793.9,11343,83042,Industry,Good,"v1 estimate: Hertwich & Wood (2018) 'Industry' sector ratio (1.14x Scope 1 combined, 12%/88% Scope2:Scope3 split borrowed from the paper's Industry sector only). Confidence: Good."
1002044,Matheson - LEMONT PLANT,Chemicals,IL,440482,60346,441803,Industry,Good,"v1 estimate: Hertwich & Wood (2018) 'Industry' sector ratio (1.14x Scope 1 combined, 12%/88% Scope2:Scope3 split borrowed from the paper's Industry sector only). Confidence: Good."
1002045,THIELE KAOLIN SANDERSVILLE,Other,GA,79377.15,NA,NA,NA,Unresolved -- needs further inspection before mapping,"Unresolved sector ('Other') -- left NA pending further investigation, not a real zero."
1002046,NOVA CHEMICALS OLEFINS LLC,Chemicals,LA,737597.516,101051,739810,Industry,Good,"v1 estimate: Hertwich & Wood (2018) 'Industry' sector ratio (1.14x Scope 1 combined, 12%/88% Scope2:Scope3 split borrowed from the paper's Industry sector only). Confidence: Good."
1002052,US GYPSUM - BRIDGEPORT PLANT,Minerals,AL,90231.36,12362,90502,Industry,Good,"v1 estimate: Hertwich & Wood (2018) 'Industry' sector ratio (1.14x Scope 1 combined, 12%/88% Scope2:Scope3 split borrowed from the paper's Industry sector only). Confidence: Good."
1002056,Kaiser Aluminum Washington,Metals,WA,124834.28,17102,125209,Industry,Good,"v1 estimate: Hertwich & Wood (2018) 'Industry' sector ratio (1.14x Scope 1 combined, 12%/88% Scope2:Scope3 split borrowed from the paper's Industry sector only). Confidence: Good."
1002064,"EPNG Station 6796 Window Rock, AZ",Petroleum and Natural Gas Systems,AZ,91295.702,3652,26476,Energy,Good,"v1 estimate: Hertwich & Wood (2018) 'Energy' sector ratio (0.33x Scope 1 combined, 12%/88% Scope2:Scope3 split borrowed from the paper's Industry sector only). Confidence: Good."
1002066,GIDDINGS GAS PLANT,Petroleum and Natural Gas Systems,TX,117232.85,4689,33998,Energy,Good,"v1 estimate: Hertwich & Wood (2018) 'Energy' sector ratio (0.33x Scope 1 combined, 12%/88% Scope2:Scope3 split borrowed from the paper's Industry sector only). Confidence: Good."
1002067,AGP SOY/CORN PROCESSING,Other,NE,179938.462,NA,NA,NA,Unresolved -- needs further inspection before mapping,"Unresolved sector ('Other') -- left NA pending further investigation, not a real zero."
1002073,"POET- Biorefining Fairmont, LLC",Other,NE,164763.08,NA,NA,NA,Unresolved -- needs further inspection before mapping,"Unresolved sector ('Other') -- left NA pending further investigation, not a real zero."
1002074,Huron Energy,Other,SD,61951.016,NA,NA,NA,Unresolved -- needs further inspection before mapping,"Unresolved sector ('Other') -- left NA pending further investigation, not a real zero."
1002076,ROHM AND HAAS TEXAS DEER PARK PLANT,Chemicals,TX,332103.128,45498,333099,Industry,Good,"v1 estimate: Hertwich & Wood (2018) 'Industry' sector ratio (1.14x Scope 1 combined, 12%/88% Scope2:Scope3 split borrowed from the paper's Industry sector only). Confidence: Good."
1002078,Opal Gas Plant,Natural Gas and Natural Gas Liquids Suppliers,WY,206701.572,8268,59943,Energy,Good,"v1 estimate: Hertwich & Wood (2018) 'Energy' sector ratio (0.33x Scope 1 combined, 12%/88% Scope2:Scope3 split borrowed from the paper's Industry sector only). Confidence: Good."
1002083,"YUMA ETHANOL, LLC",Other,CO,54449.744,NA,NA,NA,Unresolved -- needs further inspection before mapping,"Unresolved sector ('Other') -- left NA pending further investigation, not a real zero."
1002085,Cefe Valenzuela Landfill,Waste,TX,106575.3,14601,106895,Industry,Weak (no dedicated waste sector in paper),"v1 estimate: Hertwich & Wood (2018) 'Industry' sector ratio (1.14x Scope 1 combined, 12%/88% Scope2:Scope3 split borrowed from the paper's Industry sector only). Confidence: Weak (no dedicated waste sector in paper)."
1002088,ILLINOIS LANDFILL INC,Waste,IL,46769.55,6407,46910,Industry,Weak (no dedicated waste sector in paper),"v1 estimate: Hertwich & Wood (2018) 'Industry' sector ratio (1.14x Scope 1 combined, 12%/88% Scope2:Scope3 split borrowed from the paper's Industry sector only). Confidence: Weak (no dedicated waste sector in paper)."
1002090,LANDCOMP LANDFILL,Waste,IL,22185.85,3039,22252,Industry,Weak (no dedicated waste sector in paper),"v1 estimate: Hertwich & Wood (2018) 'Industry' sector ratio (1.14x Scope 1 combined, 12%/88% Scope2:Scope3 split borrowed from the paper's Industry sector only). Confidence: Weak (no dedicated waste sector in paper)."
1002091,Litchfield-Hillsboro Landfill,Waste,IL,6795.45,931,6816,Industry,Weak (no dedicated waste sector in paper),"v1 estimate: Hertwich & Wood (2018) 'Industry' sector ratio (1.14x Scope 1 combined, 12%/88% Scope2:Scope3 split borrowed from the paper's Industry sector only). Confidence: Weak (no dedicated waste sector in paper)."
1002098,GREEN BAY PACKAGING/ARK KRAFT,Pulp and Paper,AR,174441.756,23899,174965,Industry,Good,"v1 estimate: Hertwich & Wood (2018) 'Industry' sector ratio (1.14x Scope 1 combined, 12%/88% Scope2:Scope3 split borrowed from the paper's Industry sector only). Confidence: Good."
1002100,CGGSWA Regional Landfill,Waste,VA,40559,5557,40681,Industry,Weak (no dedicated waste sector in paper),"v1 estimate: Hertwich & Wood (2018) 'Industry' sector ratio (1.14x Scope 1 combined, 12%/88% Scope2:Scope3 split borrowed from the paper's Industry sector only). Confidence: Weak (no dedicated waste sector in paper)."
1002103,CPI Operations LLC,Petroleum Product Suppliers,NJ,5959.36,238,1728,Energy,Good,"v1 estimate: Hertwich & Wood (2018) 'Energy' sector ratio (0.33x Scope 1 combined, 12%/88% Scope2:Scope3 split borrowed from the paper's Industry sector only). Confidence: Good."
1002106,PRIMA DESHECHA LANDFILL,Waste,CA,105693.25,14480,106010,Industry,Weak (no dedicated waste sector in paper),"v1 estimate: Hertwich & Wood (2018) 'Industry' sector ratio (1.14x Scope 1 combined, 12%/88% Scope2:Scope3 split borrowed from the paper's Industry sector only). Confidence: Weak (no dedicated waste sector in paper)."
1002109,US DOE OAK RIDGE NATIONAL LABORATORY,Other,TN,34203.918,NA,NA,NA,Unresolved -- needs further inspection before mapping,"Unresolved sector ('Other') -- left NA pending further investigation, not a real zero."
1002117,"EPNG Station 6755 Navajo, AZ",Petroleum and Natural Gas Systems,AZ,38481.726,1539,11160,Energy,Good,"v1 estimate: Hertwich & Wood (2018) 'Energy' sector ratio (0.33x Scope 1 combined, 12%/88% Scope2:Scope3 split borrowed from the paper's Industry sector only). Confidence: Good."
1002118,"EPNG Station 6560 Pecos River, NM",Petroleum and Natural Gas Systems,NM,49001.028,1960,14210,Energy,Good,"v1 estimate: Hertwich & Wood (2018) 'Energy' sector ratio (0.33x Scope 1 combined, 12%/88% Scope2:Scope3 split borrowed from the paper's Industry sector only). Confidence: Good."
1002121,AIR PRODUCTS & CHEMICALS INC MARTINEZ WATERFRONT ROAD,Chemicals,CA,609352.7,83481,611181,Industry,Good,"v1 estimate: Hertwich & Wood (2018) 'Industry' sector ratio (1.14x Scope 1 combined, 12%/88% Scope2:Scope3 split borrowed from the paper's Industry sector only). Confidence: Good."
1002123,AIR PRODUCTS AND CHEMICALS INCORPORATED,Chemicals,CA,43250.3,5925,43380,Industry,Good,"v1 estimate: Hertwich & Wood (2018) 'Industry' sector ratio (1.14x Scope 1 combined, 12%/88% Scope2:Scope3 split borrowed from the paper's Industry sector only). Confidence: Good."
1002129,"OWENS CORNING INSULATING SYSTEMS, LLC - DELMAR",Minerals,NY,43315.344,5934,43445,Industry,Good,"v1 estimate: Hertwich & Wood (2018) 'Industry' sector ratio (1.14x Scope 1 combined, 12%/88% Scope2:Scope3 split borrowed from the paper's Industry sector only). Confidence: Good."
1002132,LA SALLE/GRANT PARISH SANITARY LANDFILL,Waste,LA,87375,11970,87637,Industry,Weak (no dedicated waste sector in paper),"v1 estimate: Hertwich & Wood (2018) 'Industry' sector ratio (1.14x Scope 1 combined, 12%/88% Scope2:Scope3 split borrowed from the paper's Industry sector only). Confidence: Weak (no dedicated waste sector in paper)."
1002139,MC 736 A-Thunder Hawk (Complex ID # 2045),Petroleum and Natural Gas Systems,LA,91117.594,3645,26424,Energy,Good,"v1 estimate: Hertwich & Wood (2018) 'Energy' sector ratio (0.33x Scope 1 combined, 12%/88% Scope2:Scope3 split borrowed from the paper's Industry sector only). Confidence: Good."
1002145,"OWENS CORNING INSULATING SYSTEMS, LLC - NEWARK",Minerals,OH,43788.588,5999,43920,Industry,Good,"v1 estimate: Hertwich & Wood (2018) 'Industry' sector ratio (1.14x Scope 1 combined, 12%/88% Scope2:Scope3 split borrowed from the paper's Industry sector only). Confidence: Good."
1002146,"CHEVRON PHILLIPS CHEMICAL COMPANY, LP PORT ARTHUR PLANT",Chemicals,TX,861803.136,118067,864389,Industry,Good,"v1 estimate: Hertwich & Wood (2018) 'Industry' sector ratio (1.14x Scope 1 combined, 12%/88% Scope2:Scope3 split borrowed from the paper's Industry sector only). Confidence: Good."
1002149,International Paper - Springfield Mill,Pulp and Paper,OR,110744.556,15172,111077,Industry,Good,"v1 estimate: Hertwich & Wood (2018) 'Industry' sector ratio (1.14x Scope 1 combined, 12%/88% Scope2:Scope3 split borrowed from the paper's Industry sector only). Confidence: Good."
1002152,PROCTER & GAMBLE PAPER PRODUCTS,Pulp and Paper,CA,276308.208,37854,277137,Industry,Good,"v1 estimate: Hertwich & Wood (2018) 'Industry' sector ratio (1.14x Scope 1 combined, 12%/88% Scope2:Scope3 split borrowed from the paper's Industry sector only). Confidence: Good."
1002159,HASTINGS LANDFILL,Waste,NE,54721.85,7497,54886,Industry,Weak (no dedicated waste sector in paper),"v1 estimate: Hertwich & Wood (2018) 'Industry' sector ratio (1.14x Scope 1 combined, 12%/88% Scope2:Scope3 split borrowed from the paper's Industry sector only). Confidence: Weak (no dedicated waste sector in paper)."
1002160,GUARDIAN INDUSTRIES LLC,Minerals,NY,100891.63,13822,101194,Industry,Good,"v1 estimate: Hertwich & Wood (2018) 'Industry' sector ratio (1.14x Scope 1 combined, 12%/88% Scope2:Scope3 split borrowed from the paper's Industry sector only). Confidence: Good."
1002163,University of Rochester,Other,NY,121809.74,NA,NA,NA,Unresolved -- needs further inspection before mapping,"Unresolved sector ('Other') -- left NA pending further investigation, not a real zero."
1002165,HURON REAL ESTATE ASSOCIATES,Other,NY,30628.484,NA,NA,NA,Unresolved -- needs further inspection before mapping,"Unresolved sector ('Other') -- left NA pending further investigation, not a real zero."
1002167,BARTHOLOMEW COUNTY LANDFILL II,Waste,IN,78387.9,10739,78623,Industry,Weak (no dedicated waste sector in paper),"v1 estimate: Hertwich & Wood (2018) 'Industry' sector ratio (1.14x Scope 1 combined, 12%/88% Scope2:Scope3 split borrowed from the paper's Industry sector only). Confidence: Weak (no dedicated waste sector in paper)."
1002168,BARTHOLOMEW CO LANDFILL,Waste,IN,17040.25,2335,17091,Industry,Weak (no dedicated waste sector in paper),"v1 estimate: Hertwich & Wood (2018) 'Industry' sector ratio (1.14x Scope 1 combined, 12%/88% Scope2:Scope3 split borrowed from the paper's Industry sector only). Confidence: Weak (no dedicated waste sector in paper)."
1002172,RAIN CII CARBON LLC,Petroleum and Natural Gas Systems,MS,17194.838,688,4987,Energy,Good,"v1 estimate: Hertwich & Wood (2018) 'Energy' sector ratio (0.33x Scope 1 combined, 12%/88% Scope2:Scope3 split borrowed from the paper's Industry sector only). Confidence: Good."
1002173,GRANITE FALLS ENERGY LLC,Other,MN,80142.548,NA,NA,NA,Unresolved -- needs further inspection before mapping,"Unresolved sector ('Other') -- left NA pending further investigation, not a real zero."
1002176,CHEMOURS WASHINGTON WORKS,Chemicals,WV,782337.882675,107180,784685,Industry,Good,"v1 estimate: Hertwich & Wood (2018) 'Industry' sector ratio (1.14x Scope 1 combined, 12%/88% Scope2:Scope3 split borrowed from the paper's Industry sector only). Confidence: Good."
1002177,"DENCO II, LLC",Other,MN,39582,NA,NA,NA,Unresolved -- needs further inspection before mapping,"Unresolved sector ('Other') -- left NA pending further investigation, not a real zero."
1002178,Anchor Glass Container. - Plant 42,Minerals,IN,48752.028,6679,48898,Industry,Good,"v1 estimate: Hertwich & Wood (2018) 'Industry' sector ratio (1.14x Scope 1 combined, 12%/88% Scope2:Scope3 split borrowed from the paper's Industry sector only). Confidence: Good."
1002179,KIMBERLY-CLARK CORP.,Pulp and Paper,TN,76893.86,10534,77125,Industry,Good,"v1 estimate: Hertwich & Wood (2018) 'Industry' sector ratio (1.14x Scope 1 combined, 12%/88% Scope2:Scope3 split borrowed from the paper's Industry sector only). Confidence: Good."
1002181,Anchor Glass Container - Plant 41,Minerals,NY,99283.828,13602,99582,Industry,Good,"v1 estimate: Hertwich & Wood (2018) 'Industry' sector ratio (1.14x Scope 1 combined, 12%/88% Scope2:Scope3 split borrowed from the paper's Industry sector only). Confidence: Good."
1002184,"Florida's Natural Growers, Inc.",Other,FL,51310.056,NA,NA,NA,Unresolved -- needs further inspection before mapping,"Unresolved sector ('Other') -- left NA pending further investigation, not a real zero."
1002186,"CertainTeed Gypsum Buchanan, LLC.",Minerals,NY,60011.224,8222,60191,Industry,Good,"v1 estimate: Hertwich & Wood (2018) 'Industry' sector ratio (1.14x Scope 1 combined, 12%/88% Scope2:Scope3 split borrowed from the paper's Industry sector only). Confidence: Good."
1002190,ASCEND PERFORMANCE MATERIALS CHOCOLATE BAYOU FACILITY,Chemicals,TX,553627.712,75847,555289,Industry,Good,"v1 estimate: Hertwich & Wood (2018) 'Industry' sector ratio (1.14x Scope 1 combined, 12%/88% Scope2:Scope3 split borrowed from the paper's Industry sector only). Confidence: Good."
1002195,Sneed Booster Station,Petroleum and Natural Gas Systems,TX,31990.12,1280,9277,Energy,Good,"v1 estimate: Hertwich & Wood (2018) 'Energy' sector ratio (0.33x Scope 1 combined, 12%/88% Scope2:Scope3 split borrowed from the paper's Industry sector only). Confidence: Good."
1002197,PHELPS DODGE REFINING CORPORATION,Metals,TX,87140.972,11938,87402,Industry,Good,"v1 estimate: Hertwich & Wood (2018) 'Industry' sector ratio (1.14x Scope 1 combined, 12%/88% Scope2:Scope3 split borrowed from the paper's Industry sector only). Confidence: Good."
1002200,Waupaca Foundry INC. - PLT 1,Metals,WI,83654.052,11461,83905,Industry,Good,"v1 estimate: Hertwich & Wood (2018) 'Industry' sector ratio (1.14x Scope 1 combined, 12%/88% Scope2:Scope3 split borrowed from the paper's Industry sector only). Confidence: Good."
1002203,"MORTON SALT, INC.",Chemicals,OH,75129.968,10293,75355,Industry,Good,"v1 estimate: Hertwich & Wood (2018) 'Industry' sector ratio (1.14x Scope 1 combined, 12%/88% Scope2:Scope3 split borrowed from the paper's Industry sector only). Confidence: Good."
1002205,FOSTER FARMS LIVINGSTON COMPLEX,Other,CA,52238.804,NA,NA,NA,Unresolved -- needs further inspection before mapping,"Unresolved sector ('Other') -- left NA pending further investigation, not a real zero."
1002209,ARKANSAS LIME COMPANY,Minerals,AR,419337.866,57449,420596,Industry,Good,"v1 estimate: Hertwich & Wood (2018) 'Industry' sector ratio (1.14x Scope 1 combined, 12%/88% Scope2:Scope3 split borrowed from the paper's Industry sector only). Confidence: Good."
1002214,WILLIAMS MOBILE BAY GAS PROCESSING FACILITY,Petroleum and Natural Gas Systems,AL,136213.548,5449,39502,Energy,Good,"v1 estimate: Hertwich & Wood (2018) 'Energy' sector ratio (0.33x Scope 1 combined, 12%/88% Scope2:Scope3 split borrowed from the paper's Industry sector only). Confidence: Good."
1002215,KELLOGG LANCASTER CEREAL PLT,Other,PA,25650.944,NA,NA,NA,Unresolved -- needs further inspection before mapping,"Unresolved sector ('Other') -- left NA pending further investigation, not a real zero."
1002216,CMC Steel Florida,Metals,FL,96116.996,13168,96405,Industry,Good,"v1 estimate: Hertwich & Wood (2018) 'Industry' sector ratio (1.14x Scope 1 combined, 12%/88% Scope2:Scope3 split borrowed from the paper's Industry sector only). Confidence: Good."
1002223,SABINE PARISH LANDFILL,Waste,LA,143248,19625,143678,Industry,Weak (no dedicated waste sector in paper),"v1 estimate: Hertwich & Wood (2018) 'Industry' sector ratio (1.14x Scope 1 combined, 12%/88% Scope2:Scope3 split borrowed from the paper's Industry sector only). Confidence: Weak (no dedicated waste sector in paper)."
1002226,OWENS-BROCKWAY GLASS CONTAINER INC PLANT NO 12,Minerals,OH,80883.784,11081,81126,Industry,Good,"v1 estimate: Hertwich & Wood (2018) 'Industry' sector ratio (1.14x Scope 1 combined, 12%/88% Scope2:Scope3 split borrowed from the paper's Industry sector only). Confidence: Good."
1002229,"PCS Nitrogen Ohio, L.P.",Chemicals,OH,1370574.774,187769,1374686,Industry,Good,"v1 estimate: Hertwich & Wood (2018) 'Industry' sector ratio (1.14x Scope 1 combined, 12%/88% Scope2:Scope3 split borrowed from the paper's Industry sector only). Confidence: Good."
1002230,SAPUTO CHEESE USA INC,Other,CA,61019.62,NA,NA,NA,Unresolved -- needs further inspection before mapping,"Unresolved sector ('Other') -- left NA pending further investigation, not a real zero."
1002232,CHRIN BROTHERS LANDFILL,Waste,PA,65361,8954,65557,Industry,Weak (no dedicated waste sector in paper),"v1 estimate: Hertwich & Wood (2018) 'Industry' sector ratio (1.14x Scope 1 combined, 12%/88% Scope2:Scope3 split borrowed from the paper's Industry sector only). Confidence: Weak (no dedicated waste sector in paper)."
1002235,DISCOVERY PRODUCER SERVICES LLC - DISCOVERY PARADIS FRACTIONATION PLANT,Natural Gas and Natural Gas Liquids Suppliers,LA,133205.686,5328,38630,Energy,Good,"v1 estimate: Hertwich & Wood (2018) 'Energy' sector ratio (0.33x Scope 1 combined, 12%/88% Scope2:Scope3 split borrowed from the paper's Industry sector only). Confidence: Good."
1002239,Echo Springs Gas Plant,Petroleum and Natural Gas Systems,WY,381668.818,15267,110684,Energy,Good,"v1 estimate: Hertwich & Wood (2018) 'Energy' sector ratio (0.33x Scope 1 combined, 12%/88% Scope2:Scope3 split borrowed from the paper's Industry sector only). Confidence: Good."
1002244,CenterPoint Landfill,Waste,OK,41225.5,5648,41349,Industry,Weak (no dedicated waste sector in paper),"v1 estimate: Hertwich & Wood (2018) 'Industry' sector ratio (1.14x Scope 1 combined, 12%/88% Scope2:Scope3 split borrowed from the paper's Industry sector only). Confidence: Weak (no dedicated waste sector in paper)."
1002246,Bayer CropScience LP,Chemicals,IA,73943.572,10130,74165,Industry,Good,"v1 estimate: Hertwich & Wood (2018) 'Industry' sector ratio (1.14x Scope 1 combined, 12%/88% Scope2:Scope3 split borrowed from the paper's Industry sector only). Confidence: Good."
1002248,"INGEVITY SOUTH CAROLINA, LLC - DeRidder Plant",Chemicals,LA,60206.722,8248,60387,Industry,Good,"v1 estimate: Hertwich & Wood (2018) 'Industry' sector ratio (1.14x Scope 1 combined, 12%/88% Scope2:Scope3 split borrowed from the paper's Industry sector only). Confidence: Good."
1002249,LIVINGSTON LANDFILL,Waste,IL,138715.85,19004,139132,Industry,Weak (no dedicated waste sector in paper),"v1 estimate: Hertwich & Wood (2018) 'Industry' sector ratio (1.14x Scope 1 combined, 12%/88% Scope2:Scope3 split borrowed from the paper's Industry sector only). Confidence: Weak (no dedicated waste sector in paper)."
1002251,"Big Escambia Creek Gas Production, Treating and Processing Facility (BEC)",Natural Gas and Natural Gas Liquids Suppliers,AL,248983.27,9959,72205,Energy,Good,"v1 estimate: Hertwich & Wood (2018) 'Energy' sector ratio (0.33x Scope 1 combined, 12%/88% Scope2:Scope3 split borrowed from the paper's Industry sector only). Confidence: Good."
1002256,MARKHAM GAS PROCESSING PLANT,Petroleum and Natural Gas Systems,TX,79632.816,3185,23094,Energy,Good,"v1 estimate: Hertwich & Wood (2018) 'Energy' sector ratio (0.33x Scope 1 combined, 12%/88% Scope2:Scope3 split borrowed from the paper's Industry sector only). Confidence: Good."
1002257,AIR PRODUCTS CARSON HYDROGEN PLANT,Chemicals,CA,657457.5,90072,659430,Industry,Good,"v1 estimate: Hertwich & Wood (2018) 'Industry' sector ratio (1.14x Scope 1 combined, 12%/88% Scope2:Scope3 split borrowed from the paper's Industry sector only). Confidence: Good."
1002258,"KELLOGG USA,INC.",Other,TN,24799.808,NA,NA,NA,Unresolved -- needs further inspection before mapping,"Unresolved sector ('Other') -- left NA pending further investigation, not a real zero."
1002260,"COE Bridgewater LLC c/o Thor Equities, LLC",Other,NJ,28823.59,NA,NA,NA,Unresolved -- needs further inspection before mapping,"Unresolved sector ('Other') -- left NA pending further investigation, not a real zero."
1002262,"ELECTRIC GLASS FIBER AMERICA, LLC",Minerals,NC,72506.962,9933,72724,Industry,Good,"v1 estimate: Hertwich & Wood (2018) 'Industry' sector ratio (1.14x Scope 1 combined, 12%/88% Scope2:Scope3 split borrowed from the paper's Industry sector only). Confidence: Good."
1002263,Advancion Corporation,Chemicals,LA,117619.236,16114,117972,Industry,Good,"v1 estimate: Hertwich & Wood (2018) 'Industry' sector ratio (1.14x Scope 1 combined, 12%/88% Scope2:Scope3 split borrowed from the paper's Industry sector only). Confidence: Good."
1002264,SAN JUAN GAS PLANT,Petroleum and Natural Gas Systems,NM,233828.766,9353,67810,Energy,Good,"v1 estimate: Hertwich & Wood (2018) 'Energy' sector ratio (0.33x Scope 1 combined, 12%/88% Scope2:Scope3 split borrowed from the paper's Industry sector only). Confidence: Good."
1002268,LEE COUNTY SOLID WASTE RESOURCE RECOVERY FACILITY,Waste,FL,241749.482,33120,242475,Industry,Weak (no dedicated waste sector in paper),"v1 estimate: Hertwich & Wood (2018) 'Industry' sector ratio (1.14x Scope 1 combined, 12%/88% Scope2:Scope3 split borrowed from the paper's Industry sector only). Confidence: Weak (no dedicated waste sector in paper)."
1002270,University of Maryland,Other,MD,97315.41,NA,NA,NA,Unresolved -- needs further inspection before mapping,"Unresolved sector ('Other') -- left NA pending further investigation, not a real zero."
1002271,UC DAVIS MEDICAL CENTER,Other,CA,58120.63,NA,NA,NA,Unresolved -- needs further inspection before mapping,"Unresolved sector ('Other') -- left NA pending further investigation, not a real zero."
1002272,"WestRock CP, LLC - Fernandina Beach Mill (Formerly Smurfit-Stone)",Pulp and Paper,FL,380267.592,52097,381408,Industry,Good,"v1 estimate: Hertwich & Wood (2018) 'Industry' sector ratio (1.14x Scope 1 combined, 12%/88% Scope2:Scope3 split borrowed from the paper's Industry sector only). Confidence: Good."
1002277,ISLIP MCARTHUR RESOURCE RECOVERY FACIL,Waste,NY,48138.264,6595,48283,Industry,Weak (no dedicated waste sector in paper),"v1 estimate: Hertwich & Wood (2018) 'Industry' sector ratio (1.14x Scope 1 combined, 12%/88% Scope2:Scope3 split borrowed from the paper's Industry sector only). Confidence: Weak (no dedicated waste sector in paper)."
1002284,MCCAIN FOODS USA INC,Other,WI,39067.116,NA,NA,NA,Unresolved -- needs further inspection before mapping,"Unresolved sector ('Other') -- left NA pending further investigation, not a real zero."
1002285,MCCAIN FOODS USA INC,Other,ID,76423.204,NA,NA,NA,Unresolved -- needs further inspection before mapping,"Unresolved sector ('Other') -- left NA pending further investigation, not a real zero."
1002286,LUNDAY-THAGARD COMPANY,Petroleum Product Suppliers,CA,38843.264,1554,11265,Energy,Good,"v1 estimate: Hertwich & Wood (2018) 'Energy' sector ratio (0.33x Scope 1 combined, 12%/88% Scope2:Scope3 split borrowed from the paper's Industry sector only). Confidence: Good."
1002292,HARFORD WASTE DISPOSAL CENTER,Waste,MD,44442.25,6089,44576,Industry,Weak (no dedicated waste sector in paper),"v1 estimate: Hertwich & Wood (2018) 'Industry' sector ratio (1.14x Scope 1 combined, 12%/88% Scope2:Scope3 split borrowed from the paper's Industry sector only). Confidence: Weak (no dedicated waste sector in paper)."
1002299,SOLUTIA INC - INDIAN ORCHARD PLANT,Other,MA,59347.076,NA,NA,NA,Unresolved -- needs further inspection before mapping,"Unresolved sector ('Other') -- left NA pending further investigation, not a real zero."
1002300,US GYPSUM - EAST CHICAGO PLANT,Minerals,IN,38723.004,5305,38839,Industry,Good,"v1 estimate: Hertwich & Wood (2018) 'Industry' sector ratio (1.14x Scope 1 combined, 12%/88% Scope2:Scope3 split borrowed from the paper's Industry sector only). Confidence: Good."
1002301,"CF INDUSTRIES NITROGEN, LLC - DONALDSONVILLE NITROGEN COMPLEX",Chemicals,LA,9475265.746,1298111,9503692,Industry,Good,"v1 estimate: Hertwich & Wood (2018) 'Industry' sector ratio (1.14x Scope 1 combined, 12%/88% Scope2:Scope3 split borrowed from the paper's Industry sector only). Confidence: Good."
1002305,"WESTROCK TEXAS, L.P.",Pulp and Paper,TX,477024.284,65352,478455,Industry,Good,"v1 estimate: Hertwich & Wood (2018) 'Industry' sector ratio (1.14x Scope 1 combined, 12%/88% Scope2:Scope3 split borrowed from the paper's Industry sector only). Confidence: Good."
1002309,U S GYPSUM - OAKFIELD PLANT,Pulp and Paper,NY,28693.7,3931,28780,Industry,Good,"v1 estimate: Hertwich & Wood (2018) 'Industry' sector ratio (1.14x Scope 1 combined, 12%/88% Scope2:Scope3 split borrowed from the paper's Industry sector only). Confidence: Good."
1002311,Naval Submarine Base New London,Other,CT,33690.214,NA,NA,NA,Unresolved -- needs further inspection before mapping,"Unresolved sector ('Other') -- left NA pending further investigation, not a real zero."
1002313,US GYPSUM - SPERRY PLANT,Minerals,IA,74569.82,10216,74794,Industry,Good,"v1 estimate: Hertwich & Wood (2018) 'Industry' sector ratio (1.14x Scope 1 combined, 12%/88% Scope2:Scope3 split borrowed from the paper's Industry sector only). Confidence: Good."
1002317,SOLAR TURBINES INCORPORATED,Other,CA,34340.708,NA,NA,NA,Unresolved -- needs further inspection before mapping,"Unresolved sector ('Other') -- left NA pending further investigation, not a real zero."
1002319,WILLOW CREEK GAS PLANT,Petroleum and Natural Gas Systems,CO,292396.226,11696,84795,Energy,Good,"v1 estimate: Hertwich & Wood (2018) 'Energy' sector ratio (0.33x Scope 1 combined, 12%/88% Scope2:Scope3 split borrowed from the paper's Industry sector only). Confidence: Good."
1002324,IMCO RECYCLING OF OHIO LLC,Metals,OH,70388.336,9643,70600,Industry,Good,"v1 estimate: Hertwich & Wood (2018) 'Industry' sector ratio (1.14x Scope 1 combined, 12%/88% Scope2:Scope3 split borrowed from the paper's Industry sector only). Confidence: Good."
1002327,"Morton Salt, Inc.",Other,KS,19421.676,NA,NA,NA,Unresolved -- needs further inspection before mapping,"Unresolved sector ('Other') -- left NA pending further investigation, not a real zero."
1002328,City of Akron Steam Generating,Power Plants,OH,41770.59,1671,12113,Energy,Good,"v1 estimate: Hertwich & Wood (2018) 'Energy' sector ratio (0.33x Scope 1 combined, 12%/88% Scope2:Scope3 split borrowed from the paper's Industry sector only). Confidence: Good."
1002334,Jameson Gas Plant,Natural Gas and Natural Gas Liquids Suppliers,TX,117775.644,4711,34155,Energy,Good,"v1 estimate: Hertwich & Wood (2018) 'Energy' sector ratio (0.33x Scope 1 combined, 12%/88% Scope2:Scope3 split borrowed from the paper's Industry sector only). Confidence: Good."
1002349,BRIDGEPORT ETHANOL LLC,Other,NE,53787.748,NA,NA,NA,Unresolved -- needs further inspection before mapping,"Unresolved sector ('Other') -- left NA pending further investigation, not a real zero."
1002350,"Westlake Chemicals and Vinyls, LLC",Chemicals,LA,1167601.176,159961,1171104,Industry,Good,"v1 estimate: Hertwich & Wood (2018) 'Industry' sector ratio (1.14x Scope 1 combined, 12%/88% Scope2:Scope3 split borrowed from the paper's Industry sector only). Confidence: Good."
1002353,CHITWOOD GAS PLANT,Petroleum and Natural Gas Systems,OK,28354.6,1134,8223,Energy,Good,"v1 estimate: Hertwich & Wood (2018) 'Energy' sector ratio (0.33x Scope 1 combined, 12%/88% Scope2:Scope3 split borrowed from the paper's Industry sector only). Confidence: Good."
1002356,ONE EARTH ENERGY LLC,Other,IL,184415.256,NA,NA,NA,Unresolved -- needs further inspection before mapping,"Unresolved sector ('Other') -- left NA pending further investigation, not a real zero."
1002377,Douglas Gas Plant,Natural Gas and Natural Gas Liquids Suppliers,WY,55309.354,2212,16040,Energy,Good,"v1 estimate: Hertwich & Wood (2018) 'Energy' sector ratio (0.33x Scope 1 combined, 12%/88% Scope2:Scope3 split borrowed from the paper's Industry sector only). Confidence: Good."
1002378,SOUTHWEST OZONA GAS PLANT,Petroleum and Natural Gas Systems,TX,46827.992,1873,13580,Energy,Good,"v1 estimate: Hertwich & Wood (2018) 'Energy' sector ratio (0.33x Scope 1 combined, 12%/88% Scope2:Scope3 split borrowed from the paper's Industry sector only). Confidence: Good."
1002379,Valero Fort Dodge Plant,Other,IA,195687.464,NA,NA,NA,Unresolved -- needs further inspection before mapping,"Unresolved sector ('Other') -- left NA pending further investigation, not a real zero."
1002389,CITGO PETROLEUM CORP - LAKE CHARLES MANUFACTURING COMPLEX,Petroleum Product Suppliers,LA,4476975.576,179079,1298323,Energy,Good,"v1 estimate: Hertwich & Wood (2018) 'Energy' sector ratio (0.33x Scope 1 combined, 12%/88% Scope2:Scope3 split borrowed from the paper's Industry sector only). Confidence: Good."
1002390,Georgia-Pacific Gypsum LLC - Fletcher,Minerals,OK,45176.6869104,6189,45312,Industry,Good,"v1 estimate: Hertwich & Wood (2018) 'Industry' sector ratio (1.14x Scope 1 combined, 12%/88% Scope2:Scope3 split borrowed from the paper's Industry sector only). Confidence: Good."
1002393,High-Purity Silicon America Corporation,Metals,AL,35314.868,4838,35421,Industry,Good,"v1 estimate: Hertwich & Wood (2018) 'Industry' sector ratio (1.14x Scope 1 combined, 12%/88% Scope2:Scope3 split borrowed from the paper's Industry sector only). Confidence: Good."
1002395,Texas Lime Company,Minerals,TX,472656.084,64754,474074,Industry,Good,"v1 estimate: Hertwich & Wood (2018) 'Industry' sector ratio (1.14x Scope 1 combined, 12%/88% Scope2:Scope3 split borrowed from the paper's Industry sector only). Confidence: Good."
1002398,REWORLD HEMPSTEAD,Waste,NY,316905.22,43416,317856,Industry,Weak (no dedicated waste sector in paper),"v1 estimate: Hertwich & Wood (2018) 'Industry' sector ratio (1.14x Scope 1 combined, 12%/88% Scope2:Scope3 split borrowed from the paper's Industry sector only). Confidence: Weak (no dedicated waste sector in paper)."
1002399,COLUMBIA UNIVERSITY-410 W 118TH ST,Other,NY,60291.266,NA,NA,NA,Unresolved -- needs further inspection before mapping,"Unresolved sector ('Other') -- left NA pending further investigation, not a real zero."
1002400,REWORLD HUNTINGTON,Waste,NY,126565.348,17339,126945,Industry,Weak (no dedicated waste sector in paper),"v1 estimate: Hertwich & Wood (2018) 'Industry' sector ratio (1.14x Scope 1 combined, 12%/88% Scope2:Scope3 split borrowed from the paper's Industry sector only). Confidence: Weak (no dedicated waste sector in paper)."
1002401,BARTON COUNTY SANITARY LANDFILL,Waste,KS,37850.9,5186,37964,Industry,Weak (no dedicated waste sector in paper),"v1 estimate: Hertwich & Wood (2018) 'Industry' sector ratio (1.14x Scope 1 combined, 12%/88% Scope2:Scope3 split borrowed from the paper's Industry sector only). Confidence: Weak (no dedicated waste sector in paper)."
1002409,"MEP Station 3 Perryville, LA",Petroleum and Natural Gas Systems,LA,66273.404,2651,19219,Energy,Good,"v1 estimate: Hertwich & Wood (2018) 'Energy' sector ratio (0.33x Scope 1 combined, 12%/88% Scope2:Scope3 split borrowed from the paper's Industry sector only). Confidence: Good."
1002421,ASH GROVE CEMENT COMPANY,Minerals,TX,642168.488,87977,644095,Industry,Good,"v1 estimate: Hertwich & Wood (2018) 'Industry' sector ratio (1.14x Scope 1 combined, 12%/88% Scope2:Scope3 split borrowed from the paper's Industry sector only). Confidence: Good."
1002426,GNRL MILLS,Other,IA,45114.494,NA,NA,NA,Unresolved -- needs further inspection before mapping,"Unresolved sector ('Other') -- left NA pending further investigation, not a real zero."
1002433,BUNGE NORTH AMERICA,Other,IN,71512.48,NA,NA,NA,Unresolved -- needs further inspection before mapping,"Unresolved sector ('Other') -- left NA pending further investigation, not a real zero."
1002435,AIR PRODUCTS WILMINGTON HYDROGEN PLANT,Chemicals,CA,827473.79,113364,829956,Industry,Good,"v1 estimate: Hertwich & Wood (2018) 'Industry' sector ratio (1.14x Scope 1 combined, 12%/88% Scope2:Scope3 split borrowed from the paper's Industry sector only). Confidence: Good."
1002437,SIKORSKY AIRCRAFT HEADQUARTERS,Other,CT,52376.45,NA,NA,NA,Unresolved -- needs further inspection before mapping,"Unresolved sector ('Other') -- left NA pending further investigation, not a real zero."
1002443,BIG RIVER RESOURCES WEST BURLINGTON LLC,Other,IA,164882.98,NA,NA,NA,Unresolved -- needs further inspection before mapping,"Unresolved sector ('Other') -- left NA pending further investigation, not a real zero."
1002452,Vicinity Energy Kansas City,Power Plants,MO,156989.608,6280,45527,Energy,Good,"v1 estimate: Hertwich & Wood (2018) 'Energy' sector ratio (0.33x Scope 1 combined, 12%/88% Scope2:Scope3 split borrowed from the paper's Industry sector only). Confidence: Good."
1002458,JOHN DEERE FNDRY WATERLOO,Other,IA,45075.88,NA,NA,NA,Unresolved -- needs further inspection before mapping,"Unresolved sector ('Other') -- left NA pending further investigation, not a real zero."
1002461,ULTRAMAR INC WILMINGTON REFINERY,Petroleum Product Suppliers,CA,1106672.62,44267,320935,Energy,Good,"v1 estimate: Hertwich & Wood (2018) 'Energy' sector ratio (0.33x Scope 1 combined, 12%/88% Scope2:Scope3 split borrowed from the paper's Industry sector only). Confidence: Good."
1002470,WETUMKA GAS PROCESSING PLT,Natural Gas and Natural Gas Liquids Suppliers,OK,32565.114,1303,9444,Energy,Good,"v1 estimate: Hertwich & Wood (2018) 'Energy' sector ratio (0.33x Scope 1 combined, 12%/88% Scope2:Scope3 split borrowed from the paper's Industry sector only). Confidence: Good."
1002471,Tessman Road Landfill,Waste,TX,198476,27191,199071,Industry,Weak (no dedicated waste sector in paper),"v1 estimate: Hertwich & Wood (2018) 'Industry' sector ratio (1.14x Scope 1 combined, 12%/88% Scope2:Scope3 split borrowed from the paper's Industry sector only). Confidence: Weak (no dedicated waste sector in paper)."
1002478,PINE RIDGE LANDFIL,Waste,GA,155632.25,21322,156099,Industry,Weak (no dedicated waste sector in paper),"v1 estimate: Hertwich & Wood (2018) 'Industry' sector ratio (1.14x Scope 1 combined, 12%/88% Scope2:Scope3 split borrowed from the paper's Industry sector only). Confidence: Weak (no dedicated waste sector in paper)."
1002484,HIBBING PUBLIC UTILITIES COMMISSION,Natural Gas and Natural Gas Liquids Suppliers,MN,60198.48,2408,17458,Energy,Good,"v1 estimate: Hertwich & Wood (2018) 'Energy' sector ratio (0.33x Scope 1 combined, 12%/88% Scope2:Scope3 split borrowed from the paper's Industry sector only). Confidence: Good."
1002497,GILLETTE CO,Other,MA,44354.832,NA,NA,NA,Unresolved -- needs further inspection before mapping,"Unresolved sector ('Other') -- left NA pending further investigation, not a real zero."
1002499,"Pilkington North America, Inc.",Minerals,OH,186764.348,25587,187325,Industry,Good,"v1 estimate: Hertwich & Wood (2018) 'Industry' sector ratio (1.14x Scope 1 combined, 12%/88% Scope2:Scope3 split borrowed from the paper's Industry sector only). Confidence: Good."
1002504,Ardagh Glass Inc. (Bridgeton),Minerals,NJ,52229.704,7155,52386,Industry,Good,"v1 estimate: Hertwich & Wood (2018) 'Industry' sector ratio (1.14x Scope 1 combined, 12%/88% Scope2:Scope3 split borrowed from the paper's Industry sector only). Confidence: Good."
1002509,Charter Waste Landfill,Waste,TX,143487.5,19658,143918,Industry,Weak (no dedicated waste sector in paper),"v1 estimate: Hertwich & Wood (2018) 'Industry' sector ratio (1.14x Scope 1 combined, 12%/88% Scope2:Scope3 split borrowed from the paper's Industry sector only). Confidence: Weak (no dedicated waste sector in paper)."
1002512,ROYAL OAKS LANDFILL,Waste,TX,128466.5,17600,128852,Industry,Weak (no dedicated waste sector in paper),"v1 estimate: Hertwich & Wood (2018) 'Industry' sector ratio (1.14x Scope 1 combined, 12%/88% Scope2:Scope3 split borrowed from the paper's Industry sector only). Confidence: Weak (no dedicated waste sector in paper)."
1002514,WHISPERING PINES LANDFILL,Waste,TX,22773.5,3120,22842,Industry,Weak (no dedicated waste sector in paper),"v1 estimate: Hertwich & Wood (2018) 'Industry' sector ratio (1.14x Scope 1 combined, 12%/88% Scope2:Scope3 split borrowed from the paper's Industry sector only). Confidence: Weak (no dedicated waste sector in paper)."
1002516,GEORGIA PACIFIC GYPSUM,Minerals,GA,57331.7433164,7854,57504,Industry,Good,"v1 estimate: Hertwich & Wood (2018) 'Industry' sector ratio (1.14x Scope 1 combined, 12%/88% Scope2:Scope3 split borrowed from the paper's Industry sector only). Confidence: Good."
1002521,King Ranch Gas Plant,Natural Gas and Natural Gas Liquids Suppliers,TX,254984.188,10199,73945,Energy,Good,"v1 estimate: Hertwich & Wood (2018) 'Energy' sector ratio (0.33x Scope 1 combined, 12%/88% Scope2:Scope3 split borrowed from the paper's Industry sector only). Confidence: Good."
1002526,BUNGE NORTH AMERICA,Other,OH,74719.568,NA,NA,NA,Unresolved -- needs further inspection before mapping,"Unresolved sector ('Other') -- left NA pending further investigation, not a real zero."
1002529,Corteva Agriscience LLC  Harbor Beach Operations,Chemicals,MI,56532.988,7745,56703,Industry,Good,"v1 estimate: Hertwich & Wood (2018) 'Industry' sector ratio (1.14x Scope 1 combined, 12%/88% Scope2:Scope3 split borrowed from the paper's Industry sector only). Confidence: Good."
1002531,ASH GROVE CEMENT COMPANY-MONTANA CITY,Minerals,MT,323957.688,44382,324930,Industry,Good,"v1 estimate: Hertwich & Wood (2018) 'Industry' sector ratio (1.14x Scope 1 combined, 12%/88% Scope2:Scope3 split borrowed from the paper's Industry sector only). Confidence: Good."
1002532,Ignacio Gas Plant,Natural Gas and Natural Gas Liquids Suppliers,CO,403629.102,16145,117052,Energy,Good,"v1 estimate: Hertwich & Wood (2018) 'Energy' sector ratio (0.33x Scope 1 combined, 12%/88% Scope2:Scope3 split borrowed from the paper's Industry sector only). Confidence: Good."
1002537,ASH GROVE CEMENT COMPANY-SEATTLE,Minerals,WA,367650.9,50368,368754,Industry,Good,"v1 estimate: Hertwich & Wood (2018) 'Industry' sector ratio (1.14x Scope 1 combined, 12%/88% Scope2:Scope3 split borrowed from the paper's Industry sector only). Confidence: Good."
1002538,City of Midland MSW Landfill,Waste,TX,134071.25,18368,134473,Industry,Weak (no dedicated waste sector in paper),"v1 estimate: Hertwich & Wood (2018) 'Industry' sector ratio (1.14x Scope 1 combined, 12%/88% Scope2:Scope3 split borrowed from the paper's Industry sector only). Confidence: Weak (no dedicated waste sector in paper)."
1002545,PAINESVILLE MUNICIPAL ELECTRIC PLANT,Power Plants,OH,1607.066,64,466,Energy,Good,"v1 estimate: Hertwich & Wood (2018) 'Energy' sector ratio (0.33x Scope 1 combined, 12%/88% Scope2:Scope3 split borrowed from the paper's Industry sector only). Confidence: Good."
1002547,"THREE RIVERS SOLID WASTE MANAGEMENT AUTHORITY, THREE RIVERS REGIONAL LANDFILL",Waste,MS,186480.25,25548,187040,Industry,Weak (no dedicated waste sector in paper),"v1 estimate: Hertwich & Wood (2018) 'Industry' sector ratio (1.14x Scope 1 combined, 12%/88% Scope2:Scope3 split borrowed from the paper's Industry sector only). Confidence: Weak (no dedicated waste sector in paper)."
1002548,DOW SILICONES CORPORATION,Chemicals,KY,166597.174,22824,167097,Industry,Good,"v1 estimate: Hertwich & Wood (2018) 'Industry' sector ratio (1.14x Scope 1 combined, 12%/88% Scope2:Scope3 split borrowed from the paper's Industry sector only). Confidence: Good."
1002550,SALINA MUNICIPAL SOLID WASTE LANDFILL,Waste,KS,81644.1,11185,81889,Industry,Weak (no dedicated waste sector in paper),"v1 estimate: Hertwich & Wood (2018) 'Industry' sector ratio (1.14x Scope 1 combined, 12%/88% Scope2:Scope3 split borrowed from the paper's Industry sector only). Confidence: Weak (no dedicated waste sector in paper)."
1002551,Lhoist North America APEX PLANT,Minerals,NV,585504.172,80214,587261,Industry,Good,"v1 estimate: Hertwich & Wood (2018) 'Industry' sector ratio (1.14x Scope 1 combined, 12%/88% Scope2:Scope3 split borrowed from the paper's Industry sector only). Confidence: Good."
1002556,CONESTOGA LANDFILL,Waste,PA,116327.6,15937,116677,Industry,Weak (no dedicated waste sector in paper),"v1 estimate: Hertwich & Wood (2018) 'Industry' sector ratio (1.14x Scope 1 combined, 12%/88% Scope2:Scope3 split borrowed from the paper's Industry sector only). Confidence: Weak (no dedicated waste sector in paper)."
1002557,LEE COUNTY LANDFILL,Waste,SC,65177.25,8929,65373,Industry,Weak (no dedicated waste sector in paper),"v1 estimate: Hertwich & Wood (2018) 'Industry' sector ratio (1.14x Scope 1 combined, 12%/88% Scope2:Scope3 split borrowed from the paper's Industry sector only). Confidence: Weak (no dedicated waste sector in paper)."
1002559,"JELD-WEN, INC.",Other,PA,48572.728,NA,NA,NA,Unresolved -- needs further inspection before mapping,"Unresolved sector ('Other') -- left NA pending further investigation, not a real zero."
1002561,SUSQUEHANNA RESOURCE MGMT COMPLEX,Waste,PA,109850.868,15050,110180,Industry,Weak (no dedicated waste sector in paper),"v1 estimate: Hertwich & Wood (2018) 'Industry' sector ratio (1.14x Scope 1 combined, 12%/88% Scope2:Scope3 split borrowed from the paper's Industry sector only). Confidence: Weak (no dedicated waste sector in paper)."
1002565,SAN JOAQUIN REFINING CO INC,Chemicals,CA,86934.868,11910,87196,Industry,Good,"v1 estimate: Hertwich & Wood (2018) 'Industry' sector ratio (1.14x Scope 1 combined, 12%/88% Scope2:Scope3 split borrowed from the paper's Industry sector only). Confidence: Good."
1002567,WHITESIDE COUNTY LANDFILL,Waste,IL,104451.598,14310,104765,Industry,Weak (no dedicated waste sector in paper),"v1 estimate: Hertwich & Wood (2018) 'Industry' sector ratio (1.14x Scope 1 combined, 12%/88% Scope2:Scope3 split borrowed from the paper's Industry sector only). Confidence: Weak (no dedicated waste sector in paper)."
1002571,Northrop Grumman Systems Corporation,Other,UT,51816.446,NA,NA,NA,Unresolved -- needs further inspection before mapping,"Unresolved sector ('Other') -- left NA pending further investigation, not a real zero."
1002575,Caterpillar Inc. - East Peoria Plant,Other,IL,52137.468,NA,NA,NA,Unresolved -- needs further inspection before mapping,"Unresolved sector ('Other') -- left NA pending further investigation, not a real zero."
1002579,Georgia-Pacific Gypsum LLC - Cumberland,Minerals,TN,92313.7237582068,12647,92591,Industry,Good,"v1 estimate: Hertwich & Wood (2018) 'Industry' sector ratio (1.14x Scope 1 combined, 12%/88% Scope2:Scope3 split borrowed from the paper's Industry sector only). Confidence: Good."
1002581,HOFFMAN ROAD SANITARY LANDFILL,Waste,OH,15679.05,2148,15726,Industry,Weak (no dedicated waste sector in paper),"v1 estimate: Hertwich & Wood (2018) 'Industry' sector ratio (1.14x Scope 1 combined, 12%/88% Scope2:Scope3 split borrowed from the paper's Industry sector only). Confidence: Weak (no dedicated waste sector in paper)."
1002583,NOVELIS CORPORATION,Metals,NY,191768.192,26272,192343,Industry,Good,"v1 estimate: Hertwich & Wood (2018) 'Industry' sector ratio (1.14x Scope 1 combined, 12%/88% Scope2:Scope3 split borrowed from the paper's Industry sector only). Confidence: Good."
1002598,Lhoist North America - MONTEVALLO PLANT,Minerals,AL,975733.832,133676,978661,Industry,Good,"v1 estimate: Hertwich & Wood (2018) 'Industry' sector ratio (1.14x Scope 1 combined, 12%/88% Scope2:Scope3 split borrowed from the paper's Industry sector only). Confidence: Good."
1002599,CLINTON COUNTY SANITARY LANDFILL (EAST),Waste,IA,39638.448,5430,39757,Industry,Weak (no dedicated waste sector in paper),"v1 estimate: Hertwich & Wood (2018) 'Industry' sector ratio (1.14x Scope 1 combined, 12%/88% Scope2:Scope3 split borrowed from the paper's Industry sector only). Confidence: Weak (no dedicated waste sector in paper)."
1002606,"PHARMACIA & UPJOHN COMPANY, LLC",Chemicals,MI,89979.212,12327,90249,Industry,Good,"v1 estimate: Hertwich & Wood (2018) 'Industry' sector ratio (1.14x Scope 1 combined, 12%/88% Scope2:Scope3 split borrowed from the paper's Industry sector only). Confidence: Good."
1002609,OTTUMWA / WAPELLO COUNTY SANITARY LANDFILL,Waste,IA,39467.1,5407,39586,Industry,Weak (no dedicated waste sector in paper),"v1 estimate: Hertwich & Wood (2018) 'Industry' sector ratio (1.14x Scope 1 combined, 12%/88% Scope2:Scope3 split borrowed from the paper's Industry sector only). Confidence: Weak (no dedicated waste sector in paper)."
1002610,DES MOINES COUNTY REGIONAL SOLID WASTE COMMISSION,Waste,IA,61585.4,8437,61770,Industry,Weak (no dedicated waste sector in paper),"v1 estimate: Hertwich & Wood (2018) 'Industry' sector ratio (1.14x Scope 1 combined, 12%/88% Scope2:Scope3 split borrowed from the paper's Industry sector only). Confidence: Weak (no dedicated waste sector in paper)."
1002611,ENERGY TRANSFER MARKETING & TERMINALS L.P. - MARCUS HOOK TERMINAL,Petroleum and Natural Gas Systems,PA,144779.844,5791,41986,Energy,Good,"v1 estimate: Hertwich & Wood (2018) 'Energy' sector ratio (0.33x Scope 1 combined, 12%/88% Scope2:Scope3 split borrowed from the paper's Industry sector only). Confidence: Good."
1002612,UNIVERSITY OF CALIFORNIA SAN DIEGO,Other,CA,161282.544,NA,NA,NA,Unresolved -- needs further inspection before mapping,"Unresolved sector ('Other') -- left NA pending further investigation, not a real zero."
1002615,PRYOR SOLAE,Other,OK,108774.34,NA,NA,NA,Unresolved -- needs further inspection before mapping,"Unresolved sector ('Other') -- left NA pending further investigation, not a real zero."
1002620,LHOIST NORTH AMERICA,Minerals,MO,845891.584,115887,848429,Industry,Good,"v1 estimate: Hertwich & Wood (2018) 'Industry' sector ratio (1.14x Scope 1 combined, 12%/88% Scope2:Scope3 split borrowed from the paper's Industry sector only). Confidence: Good."
1002621,"NUCOR STEEL KANKAKEE, INC.",Metals,IL,120039.208,16445,120399,Industry,Good,"v1 estimate: Hertwich & Wood (2018) 'Industry' sector ratio (1.14x Scope 1 combined, 12%/88% Scope2:Scope3 split borrowed from the paper's Industry sector only). Confidence: Good."
1002623,"Copano Energy Houston Central Plant, TX",Natural Gas and Natural Gas Liquids Suppliers,TX,394026.072,15761,114268,Energy,Good,"v1 estimate: Hertwich & Wood (2018) 'Energy' sector ratio (0.33x Scope 1 combined, 12%/88% Scope2:Scope3 split borrowed from the paper's Industry sector only). Confidence: Good."
1002626,FORD MOTOR COMPANY - FORD KENTUCKY TRUCK PLANT,Other,KY,78715.304,NA,NA,NA,Unresolved -- needs further inspection before mapping,"Unresolved sector ('Other') -- left NA pending further investigation, not a real zero."
1002627,ABSOLUTE ENERGY LLC,Other,IA,151260.98,NA,NA,NA,Unresolved -- needs further inspection before mapping,"Unresolved sector ('Other') -- left NA pending further investigation, not a real zero."
1002628,DISCOVERY PRODUCER SERVICES LLC - LAROSE GAS PROCESSING PLANT,Petroleum and Natural Gas Systems,LA,160416.162,6417,46521,Energy,Good,"v1 estimate: Hertwich & Wood (2018) 'Energy' sector ratio (0.33x Scope 1 combined, 12%/88% Scope2:Scope3 split borrowed from the paper's Industry sector only). Confidence: Good."
1002629,WASSON CO2 REMOVAL PLANT,Petroleum and Natural Gas Systems,TX,137043.592,5482,39743,Energy,Good,"v1 estimate: Hertwich & Wood (2018) 'Energy' sector ratio (0.33x Scope 1 combined, 12%/88% Scope2:Scope3 split borrowed from the paper's Industry sector only). Confidence: Good."
1002643,MALOY SOLID WASTE LANDFILL,Waste,TX,112808.5,15455,113147,Industry,Weak (no dedicated waste sector in paper),"v1 estimate: Hertwich & Wood (2018) 'Industry' sector ratio (1.14x Scope 1 combined, 12%/88% Scope2:Scope3 split borrowed from the paper's Industry sector only). Confidence: Weak (no dedicated waste sector in paper)."
1002644,CSC DISPOSAL AND LANDFILL,Waste,TX,83604,11454,83855,Industry,Weak (no dedicated waste sector in paper),"v1 estimate: Hertwich & Wood (2018) 'Industry' sector ratio (1.14x Scope 1 combined, 12%/88% Scope2:Scope3 split borrowed from the paper's Industry sector only). Confidence: Weak (no dedicated waste sector in paper)."
1002646,Pineview Landfill,Waste,AL,39108.25,5358,39226,Industry,Weak (no dedicated waste sector in paper),"v1 estimate: Hertwich & Wood (2018) 'Industry' sector ratio (1.14x Scope 1 combined, 12%/88% Scope2:Scope3 split borrowed from the paper's Industry sector only). Confidence: Weak (no dedicated waste sector in paper)."
1002649,CARTER VALLEY LANDFILL,Waste,TN,27781.25,3806,27865,Industry,Weak (no dedicated waste sector in paper),"v1 estimate: Hertwich & Wood (2018) 'Industry' sector ratio (1.14x Scope 1 combined, 12%/88% Scope2:Scope3 split borrowed from the paper's Industry sector only). Confidence: Weak (no dedicated waste sector in paper)."
1002654,GOODYEAR TIRE AND RUBBER COMPANY DANVILLE,Other,VA,50329.16,NA,NA,NA,Unresolved -- needs further inspection before mapping,"Unresolved sector ('Other') -- left NA pending further investigation, not a real zero."
1002655,PRINCE GEORGES COUNTY BROWN STATION ROA,Waste,MD,41825.796,5730,41951,Industry,Weak (no dedicated waste sector in paper),"v1 estimate: Hertwich & Wood (2018) 'Industry' sector ratio (1.14x Scope 1 combined, 12%/88% Scope2:Scope3 split borrowed from the paper's Industry sector only). Confidence: Weak (no dedicated waste sector in paper)."
1002662,UNITED WISCONSIN GRAIN PRODUCERS LLC,Other,WI,86983.472,NA,NA,NA,Unresolved -- needs further inspection before mapping,"Unresolved sector ('Other') -- left NA pending further investigation, not a real zero."
1002664,SHOLEM GAS PLANT,Petroleum and Natural Gas Systems,OK,65652.2,2626,19039,Energy,Good,"v1 estimate: Hertwich & Wood (2018) 'Energy' sector ratio (0.33x Scope 1 combined, 12%/88% Scope2:Scope3 split borrowed from the paper's Industry sector only). Confidence: Good."
1002665,ASH GROVE CEMENT CO-CHANUTE PLANT,Minerals,KS,1299989.504,178099,1303889,Industry,Good,"v1 estimate: Hertwich & Wood (2018) 'Industry' sector ratio (1.14x Scope 1 combined, 12%/88% Scope2:Scope3 split borrowed from the paper's Industry sector only). Confidence: Good."
1002674,PROCTER & GAMBLE PAPER PRODUCTS CO,Pulp and Paper,MO,157540.756,21583,158013,Industry,Good,"v1 estimate: Hertwich & Wood (2018) 'Industry' sector ratio (1.14x Scope 1 combined, 12%/88% Scope2:Scope3 split borrowed from the paper's Industry sector only). Confidence: Good."
1002677,CenTrio,Power Plants,WA,68650.524,2746,19909,Energy,Good,"v1 estimate: Hertwich & Wood (2018) 'Energy' sector ratio (0.33x Scope 1 combined, 12%/88% Scope2:Scope3 split borrowed from the paper's Industry sector only). Confidence: Good."
1002678,SACROC CO2 TREATMENT,Petroleum and Natural Gas Systems,TX,435406.81,17416,126268,Energy,Good,"v1 estimate: Hertwich & Wood (2018) 'Energy' sector ratio (0.33x Scope 1 combined, 12%/88% Scope2:Scope3 split borrowed from the paper's Industry sector only). Confidence: Good."
1002679,MC 807 A,Petroleum and Natural Gas Systems,LA,194360.752,7774,56365,Energy,Good,"v1 estimate: Hertwich & Wood (2018) 'Energy' sector ratio (0.33x Scope 1 combined, 12%/88% Scope2:Scope3 split borrowed from the paper's Industry sector only). Confidence: Good."
1002682,University of Washington Seattle Campus,Other,WA,80935.838,NA,NA,NA,Unresolved -- needs further inspection before mapping,"Unresolved sector ('Other') -- left NA pending further investigation, not a real zero."
1002690,Valero Hartley Plant,Other,IA,192779.224,NA,NA,NA,Unresolved -- needs further inspection before mapping,"Unresolved sector ('Other') -- left NA pending further investigation, not a real zero."
1002696,TYSON FOODS-RIVER VALLEY,Other,AR,96754.886,NA,NA,NA,Unresolved -- needs further inspection before mapping,"Unresolved sector ('Other') -- left NA pending further investigation, not a real zero."
1002698,AIR PRODUCTS & CHEMICALS INC - Geismar SMR,Chemicals,LA,55611,7619,55778,Industry,Good,"v1 estimate: Hertwich & Wood (2018) 'Industry' sector ratio (1.14x Scope 1 combined, 12%/88% Scope2:Scope3 split borrowed from the paper's Industry sector only). Confidence: Good."
1002700,CITY OF SNYDER LANDFILL,Waste,TX,33923.25,4647,34025,Industry,Weak (no dedicated waste sector in paper),"v1 estimate: Hertwich & Wood (2018) 'Industry' sector ratio (1.14x Scope 1 combined, 12%/88% Scope2:Scope3 split borrowed from the paper's Industry sector only). Confidence: Weak (no dedicated waste sector in paper)."
1002702,CUMBERLAND COUNTY IMPROVEMENT AUTHORITY SWC,Waste,NJ,17625.4,2415,17678,Industry,Weak (no dedicated waste sector in paper),"v1 estimate: Hertwich & Wood (2018) 'Industry' sector ratio (1.14x Scope 1 combined, 12%/88% Scope2:Scope3 split borrowed from the paper's Industry sector only). Confidence: Weak (no dedicated waste sector in paper)."
1002706,Gold Bond - MED Plant,Minerals,KS,51246.708,7021,51400,Industry,Good,"v1 estimate: Hertwich & Wood (2018) 'Industry' sector ratio (1.14x Scope 1 combined, 12%/88% Scope2:Scope3 split borrowed from the paper's Industry sector only). Confidence: Good."
1002708,CLEARWATER PAPER CORP-CYPRESS BEND MILL,Pulp and Paper,AR,244831.91,33542,245566,Industry,Good,"v1 estimate: Hertwich & Wood (2018) 'Industry' sector ratio (1.14x Scope 1 combined, 12%/88% Scope2:Scope3 split borrowed from the paper's Industry sector only). Confidence: Good."
1002709,COVORO MINING SOLUTIONS LLC,Chemicals,TN,33486.124,4588,33587,Industry,Good,"v1 estimate: Hertwich & Wood (2018) 'Industry' sector ratio (1.14x Scope 1 combined, 12%/88% Scope2:Scope3 split borrowed from the paper's Industry sector only). Confidence: Good."
1002712,DUPONT EXPERIMENTAL STATION,Other,DE,39430.594,NA,NA,NA,Unresolved -- needs further inspection before mapping,"Unresolved sector ('Other') -- left NA pending further investigation, not a real zero."
1002715,PERDUE AGRIBUSINESS LLC,Other,MD,45020.78,NA,NA,NA,Unresolved -- needs further inspection before mapping,"Unresolved sector ('Other') -- left NA pending further investigation, not a real zero."
1002720,GRANGER Grand River Avenue Landfill,Waste,MI,128213.5,17565,128598,Industry,Weak (no dedicated waste sector in paper),"v1 estimate: Hertwich & Wood (2018) 'Industry' sector ratio (1.14x Scope 1 combined, 12%/88% Scope2:Scope3 split borrowed from the paper's Industry sector only). Confidence: Weak (no dedicated waste sector in paper)."
1002725,Port Inland Plant,Minerals,MI,235535.632,32268,236242,Industry,Good,"v1 estimate: Hertwich & Wood (2018) 'Industry' sector ratio (1.14x Scope 1 combined, 12%/88% Scope2:Scope3 split borrowed from the paper's Industry sector only). Confidence: Good."
1002726,UNIVERSITY OF CALIFORNIA DAVIS,Other,CA,49930.858,NA,NA,NA,Unresolved -- needs further inspection before mapping,"Unresolved sector ('Other') -- left NA pending further investigation, not a real zero."
1002729,Ponca City Landfill,Waste,OK,39751,5446,39870,Industry,Weak (no dedicated waste sector in paper),"v1 estimate: Hertwich & Wood (2018) 'Industry' sector ratio (1.14x Scope 1 combined, 12%/88% Scope2:Scope3 split borrowed from the paper's Industry sector only). Confidence: Weak (no dedicated waste sector in paper)."
1002730,Rhea County Landfill,Waste,TN,248100.5,33990,248845,Industry,Weak (no dedicated waste sector in paper),"v1 estimate: Hertwich & Wood (2018) 'Industry' sector ratio (1.14x Scope 1 combined, 12%/88% Scope2:Scope3 split borrowed from the paper's Industry sector only). Confidence: Weak (no dedicated waste sector in paper)."
1002735,EAST VACUUM LIQUID RECOVERY PLANT/CO2 PLANT,Petroleum and Natural Gas Systems,NM,17375.132,695,5039,Energy,Good,"v1 estimate: Hertwich & Wood (2018) 'Energy' sector ratio (0.33x Scope 1 combined, 12%/88% Scope2:Scope3 split borrowed from the paper's Industry sector only). Confidence: Good."
1002738,NORTHERN NATURAL GAS CO-OGDEN COMPRESSOR,Petroleum and Natural Gas Systems,IA,64526.982,2581,18713,Energy,Good,"v1 estimate: Hertwich & Wood (2018) 'Energy' sector ratio (0.33x Scope 1 combined, 12%/88% Scope2:Scope3 split borrowed from the paper's Industry sector only). Confidence: Good."
1002744,SOUTHEASTERN CT RESOURCE RECOVERY FACILITY,Waste,CT,103872.84,14231,104184,Industry,Weak (no dedicated waste sector in paper),"v1 estimate: Hertwich & Wood (2018) 'Industry' sector ratio (1.14x Scope 1 combined, 12%/88% Scope2:Scope3 split borrowed from the paper's Industry sector only). Confidence: Weak (no dedicated waste sector in paper)."
1002745,"NGPL Station 103, Minneola, KS",Petroleum and Natural Gas Systems,KS,48758.738,1950,14140,Energy,Good,"v1 estimate: Hertwich & Wood (2018) 'Energy' sector ratio (0.33x Scope 1 combined, 12%/88% Scope2:Scope3 split borrowed from the paper's Industry sector only). Confidence: Good."
1002746,Rock Prairie Road Landfill,Waste,TX,97187,13315,97479,Industry,Weak (no dedicated waste sector in paper),"v1 estimate: Hertwich & Wood (2018) 'Industry' sector ratio (1.14x Scope 1 combined, 12%/88% Scope2:Scope3 split borrowed from the paper's Industry sector only). Confidence: Weak (no dedicated waste sector in paper)."
1002747,US DOE BROOKHAVEN NATIONAL LABORATORY,Other,NY,32466.122,NA,NA,NA,Unresolved -- needs further inspection before mapping,"Unresolved sector ('Other') -- left NA pending further investigation, not a real zero."
1002749,"SYNGENTA CROP PROTECTION, LLC. - ST GABRIEL PLANT",Chemicals,LA,52250.704,7158,52407,Industry,Good,"v1 estimate: Hertwich & Wood (2018) 'Industry' sector ratio (1.14x Scope 1 combined, 12%/88% Scope2:Scope3 split borrowed from the paper's Industry sector only). Confidence: Good."
1002750,Argos Cement LLC - Harleyville Plant,Minerals,SC,617387.27,84582,619239,Industry,Good,"v1 estimate: Hertwich & Wood (2018) 'Industry' sector ratio (1.14x Scope 1 combined, 12%/88% Scope2:Scope3 split borrowed from the paper's Industry sector only). Confidence: Good."
1002755,FORD MOTOR COMPANY - FORD MICHIGAN ASSEMBLY SITE,Other,MI,53033.448,NA,NA,NA,Unresolved -- needs further inspection before mapping,"Unresolved sector ('Other') -- left NA pending further investigation, not a real zero."
1002756,"Waupaca Foundry, Inc.",Metals,IN,210470.59,28834,211102,Industry,Good,"v1 estimate: Hertwich & Wood (2018) 'Industry' sector ratio (1.14x Scope 1 combined, 12%/88% Scope2:Scope3 split borrowed from the paper's Industry sector only). Confidence: Good."
1002758,EQUISTAR CHEMICALS LAPORTE COMPLEX,Chemicals,TX,1315541.208,180229,1319488,Industry,Good,"v1 estimate: Hertwich & Wood (2018) 'Industry' sector ratio (1.14x Scope 1 combined, 12%/88% Scope2:Scope3 split borrowed from the paper's Industry sector only). Confidence: Good."
1002761,KERN RIVER GAS TRANSMISSION COMPANY: MUDDY CREEK COMPRESSOR STATION,Petroleum and Natural Gas Systems,WY,215565.596,8623,62514,Energy,Good,"v1 estimate: Hertwich & Wood (2018) 'Energy' sector ratio (0.33x Scope 1 combined, 12%/88% Scope2:Scope3 split borrowed from the paper's Industry sector only). Confidence: Good."
1002762,KERN RIVER GAS TRANSMISSION COMPANY: GOODSPRINGS COMPRESSOR STATION,Petroleum and Natural Gas Systems,NV,91759.858,3670,26610,Energy,Good,"v1 estimate: Hertwich & Wood (2018) 'Energy' sector ratio (0.33x Scope 1 combined, 12%/88% Scope2:Scope3 split borrowed from the paper's Industry sector only). Confidence: Good."
1002763,KERN RIVER GAS TRANSMISSION COMPANY: DRY LAKE COMPRESSOR STATION,Petroleum and Natural Gas Systems,NV,61290.784,2452,17774,Energy,Good,"v1 estimate: Hertwich & Wood (2018) 'Energy' sector ratio (0.33x Scope 1 combined, 12%/88% Scope2:Scope3 split borrowed from the paper's Industry sector only). Confidence: Good."
1002771,LOGAN ALUMINUM INC,Metals,KY,230179.684,31535,230870,Industry,Good,"v1 estimate: Hertwich & Wood (2018) 'Industry' sector ratio (1.14x Scope 1 combined, 12%/88% Scope2:Scope3 split borrowed from the paper's Industry sector only). Confidence: Good."
1002775,U.S. AIR FORCE PLANT 6 LOCKHEED MARTIN AERONAUTICS CO,Other,GA,43417.684,NA,NA,NA,Unresolved -- needs further inspection before mapping,"Unresolved sector ('Other') -- left NA pending further investigation, not a real zero."
1002777,"HAVERHILL COKE COMPANY, LLC",Metals,OH,921343.314,126224,924107,Industry,Good,"v1 estimate: Hertwich & Wood (2018) 'Industry' sector ratio (1.14x Scope 1 combined, 12%/88% Scope2:Scope3 split borrowed from the paper's Industry sector only). Confidence: Good."
1002784,FLORIDA GAS TRANSMISSION COMPANY - FRANKLINTON,Petroleum and Natural Gas Systems,LA,66163.128,2647,19187,Energy,Good,"v1 estimate: Hertwich & Wood (2018) 'Energy' sector ratio (0.33x Scope 1 combined, 12%/88% Scope2:Scope3 split borrowed from the paper's Industry sector only). Confidence: Good."
1002788,ENID CITY LNDFLL,Waste,OK,91541.5,12541,91816,Industry,Weak (no dedicated waste sector in paper),"v1 estimate: Hertwich & Wood (2018) 'Industry' sector ratio (1.14x Scope 1 combined, 12%/88% Scope2:Scope3 split borrowed from the paper's Industry sector only). Confidence: Weak (no dedicated waste sector in paper)."
1002789,Deltech Monomers OpCo,Chemicals,LA,100626.572,13786,100928,Industry,Good,"v1 estimate: Hertwich & Wood (2018) 'Industry' sector ratio (1.14x Scope 1 combined, 12%/88% Scope2:Scope3 split borrowed from the paper's Industry sector only). Confidence: Good."
1002790,GREEN VALLEY CHEMICAL CORP,Chemicals,IA,65745.24,9007,65942,Industry,Good,"v1 estimate: Hertwich & Wood (2018) 'Industry' sector ratio (1.14x Scope 1 combined, 12%/88% Scope2:Scope3 split borrowed from the paper's Industry sector only). Confidence: Good."
1002792,USDA-NATIONAL ANIMAL DISEASE CENTER,Other,IA,28205.332,NA,NA,NA,Unresolved -- needs further inspection before mapping,"Unresolved sector ('Other') -- left NA pending further investigation, not a real zero."
1002795,ARCONIC TENNESSEE OPERATIONS,Metals,TN,208741.964,28598,209368,Industry,Good,"v1 estimate: Hertwich & Wood (2018) 'Industry' sector ratio (1.14x Scope 1 combined, 12%/88% Scope2:Scope3 split borrowed from the paper's Industry sector only). Confidence: Good."
1002798,HUNT SOUTHLAND REFINING COMPANY,Petroleum Product Suppliers,MS,30709.172,1228,8906,Energy,Good,"v1 estimate: Hertwich & Wood (2018) 'Energy' sector ratio (0.33x Scope 1 combined, 12%/88% Scope2:Scope3 split borrowed from the paper's Industry sector only). Confidence: Good."
1002802,KLEEN ENERGY SYSTEMS POWER PLANT,Power Plants,CT,1014344.376,40574,294160,Energy,Good,"v1 estimate: Hertwich & Wood (2018) 'Energy' sector ratio (0.33x Scope 1 combined, 12%/88% Scope2:Scope3 split borrowed from the paper's Industry sector only). Confidence: Good."
1002803,University of Vermont and State Agricultural College,Other,VT,26908.246,NA,NA,NA,Unresolved -- needs further inspection before mapping,"Unresolved sector ('Other') -- left NA pending further investigation, not a real zero."
1002804,J R SIMPLOT CO,Other,WA,107816.9,NA,NA,NA,Unresolved -- needs further inspection before mapping,"Unresolved sector ('Other') -- left NA pending further investigation, not a real zero."
1002807,Gold Bond - SHI Plant,Minerals,PA,72151.528,9885,72368,Industry,Good,"v1 estimate: Hertwich & Wood (2018) 'Industry' sector ratio (1.14x Scope 1 combined, 12%/88% Scope2:Scope3 split borrowed from the paper's Industry sector only). Confidence: Good."
1002818,TREASURE COAST ENERGY CENTER,Power Plants,FL,716181.296,28647,207693,Energy,Good,"v1 estimate: Hertwich & Wood (2018) 'Energy' sector ratio (0.33x Scope 1 combined, 12%/88% Scope2:Scope3 split borrowed from the paper's Industry sector only). Confidence: Good."
1002820,DOUBLE C LIMITED,Power Plants,CA,12901.152,516,3741,Energy,Good,"v1 estimate: Hertwich & Wood (2018) 'Energy' sector ratio (0.33x Scope 1 combined, 12%/88% Scope2:Scope3 split borrowed from the paper's Industry sector only). Confidence: Good."
1002821,HIGH SIERRA LIMITED,Power Plants,CA,12863.352,515,3730,Energy,Good,"v1 estimate: Hertwich & Wood (2018) 'Energy' sector ratio (0.33x Scope 1 combined, 12%/88% Scope2:Scope3 split borrowed from the paper's Industry sector only). Confidence: Good."
1002832,J. R. Simplot Co.,Other,WA,26271.28,NA,NA,NA,Unresolved -- needs further inspection before mapping,"Unresolved sector ('Other') -- left NA pending further investigation, not a real zero."
1002838,FLORIDA GAS TRANSMISSION COMPANY - ORLANDO,Petroleum and Natural Gas Systems,FL,40243.728,1610,11671,Energy,Good,"v1 estimate: Hertwich & Wood (2018) 'Energy' sector ratio (0.33x Scope 1 combined, 12%/88% Scope2:Scope3 split borrowed from the paper's Industry sector only). Confidence: Good."
1002849,"MEP Station 4 Vicksburg, MS",Petroleum and Natural Gas Systems,MS,62462.97,2499,18114,Energy,Good,"v1 estimate: Hertwich & Wood (2018) 'Energy' sector ratio (0.33x Scope 1 combined, 12%/88% Scope2:Scope3 split borrowed from the paper's Industry sector only). Confidence: Good."
1002855,City of Okmulgee Landfill,Waste,OK,32442.25,4445,32540,Industry,Weak (no dedicated waste sector in paper),"v1 estimate: Hertwich & Wood (2018) 'Industry' sector ratio (1.14x Scope 1 combined, 12%/88% Scope2:Scope3 split borrowed from the paper's Industry sector only). Confidence: Weak (no dedicated waste sector in paper)."
1002861,SONOCO - NEWPORT,Pulp and Paper,TN,30003.488,4110,30093,Industry,Good,"v1 estimate: Hertwich & Wood (2018) 'Industry' sector ratio (1.14x Scope 1 combined, 12%/88% Scope2:Scope3 split borrowed from the paper's Industry sector only). Confidence: Good."
1002862,U S PAPER MILLS Menasha,Pulp and Paper,WI,49678.712,6806,49828,Industry,Good,"v1 estimate: Hertwich & Wood (2018) 'Industry' sector ratio (1.14x Scope 1 combined, 12%/88% Scope2:Scope3 split borrowed from the paper's Industry sector only). Confidence: Good."
1002863,DALTON WHITFIELD REGIONAL SW MANAGEMENT,Waste,GA,159268,21820,159746,Industry,Weak (no dedicated waste sector in paper),"v1 estimate: Hertwich & Wood (2018) 'Industry' sector ratio (1.14x Scope 1 combined, 12%/88% Scope2:Scope3 split borrowed from the paper's Industry sector only). Confidence: Weak (no dedicated waste sector in paper)."
1002864,GUARDIAN INDUSTRIES - DeWitt,Minerals,IA,98145.74,13446,98440,Industry,Good,"v1 estimate: Hertwich & Wood (2018) 'Industry' sector ratio (1.14x Scope 1 combined, 12%/88% Scope2:Scope3 split borrowed from the paper's Industry sector only). Confidence: Good."
1002866,U.S. AIR FORCE PLANT 4 LOCKHEED MARTIN AERONAUTICS CO,Other,TX,21045.42,NA,NA,NA,Unresolved -- needs further inspection before mapping,"Unresolved sector ('Other') -- left NA pending further investigation, not a real zero."
1002867,ANHEUSER BUSCH INC. - L.A. BREWERY,Other,CA,29572.14,NA,NA,NA,Unresolved -- needs further inspection before mapping,"Unresolved sector ('Other') -- left NA pending further investigation, not a real zero."
1002871,Little Rapids - Shawano Paper Mill,Pulp and Paper,WI,33063.976,4530,33163,Industry,Good,"v1 estimate: Hertwich & Wood (2018) 'Industry' sector ratio (1.14x Scope 1 combined, 12%/88% Scope2:Scope3 split borrowed from the paper's Industry sector only). Confidence: Good."
1002874,LAND O\LAKES INCORPORATED,Other,CA,60694.572,NA,NA,NA,Unresolved -- needs further inspection before mapping,"Unresolved sector ('Other') -- left NA pending further investigation, not a real zero."
1002875,GENERAL MOTORS LLC BEDFORD CETC,Metals,IN,52719.582,7223,52878,Industry,Good,"v1 estimate: Hertwich & Wood (2018) 'Industry' sector ratio (1.14x Scope 1 combined, 12%/88% Scope2:Scope3 split borrowed from the paper's Industry sector only). Confidence: Good."
1002876,U.S. AIR FORCE ROBINS AFB GA,Other,GA,48008.262,NA,NA,NA,Unresolved -- needs further inspection before mapping,"Unresolved sector ('Other') -- left NA pending further investigation, not a real zero."
1002879,INEOS ABS,Other,OH,26940.3,NA,NA,NA,Unresolved -- needs further inspection before mapping,"Unresolved sector ('Other') -- left NA pending further investigation, not a real zero."
1002880,UW CENTRAL ENERGY PLANT,Power Plants,WY,24844.26,994,7205,Energy,Good,"v1 estimate: Hertwich & Wood (2018) 'Energy' sector ratio (0.33x Scope 1 combined, 12%/88% Scope2:Scope3 split borrowed from the paper's Industry sector only). Confidence: Good."
1002881,Darling Ingredients Inc.,Other,TN,42923.978,NA,NA,NA,Unresolved -- needs further inspection before mapping,"Unresolved sector ('Other') -- left NA pending further investigation, not a real zero."
1002882,"CARDINAL ETHANOL, LLC",Other,IN,166670.372,NA,NA,NA,Unresolved -- needs further inspection before mapping,"Unresolved sector ('Other') -- left NA pending further investigation, not a real zero."
1002887,Gold Bond - MLT Plant,Minerals,PA,44822.432,6141,44957,Industry,Good,"v1 estimate: Hertwich & Wood (2018) 'Industry' sector ratio (1.14x Scope 1 combined, 12%/88% Scope2:Scope3 split borrowed from the paper's Industry sector only). Confidence: Good."
1002890,FORT CAVAZOS,Waste,TX,71448.628,9788,71663,Industry,Weak (no dedicated waste sector in paper),"v1 estimate: Hertwich & Wood (2018) 'Industry' sector ratio (1.14x Scope 1 combined, 12%/88% Scope2:Scope3 split borrowed from the paper's Industry sector only). Confidence: Weak (no dedicated waste sector in paper)."
1002905,GUARDIAN INDUSTRIES CARLETON FACILITY,Minerals,MI,144570.572,19806,145004,Industry,Good,"v1 estimate: Hertwich & Wood (2018) 'Industry' sector ratio (1.14x Scope 1 combined, 12%/88% Scope2:Scope3 split borrowed from the paper's Industry sector only). Confidence: Good."
1002910,GRAYMONT PA INC/PLEASANT GAP PLT,Minerals,PA,742586.648,101734,744814,Industry,Good,"v1 estimate: Hertwich & Wood (2018) 'Industry' sector ratio (1.14x Scope 1 combined, 12%/88% Scope2:Scope3 split borrowed from the paper's Industry sector only). Confidence: Good."
1002911,OWENS-BROCKWAY GLASS CONTAINER INC. - PLANT 06,Minerals,NC,67571.264,9257,67774,Industry,Good,"v1 estimate: Hertwich & Wood (2018) 'Industry' sector ratio (1.14x Scope 1 combined, 12%/88% Scope2:Scope3 split borrowed from the paper's Industry sector only). Confidence: Good."
1002916,ARCHER DANIEL MIDLAND COMPANY,Other,NE,1115108.488,NA,NA,NA,Unresolved -- needs further inspection before mapping,"Unresolved sector ('Other') -- left NA pending further investigation, not a real zero."
1002919,GRAYMONT (WI) LLC,Minerals,WI,521550.87,71452,523116,Industry,Good,"v1 estimate: Hertwich & Wood (2018) 'Industry' sector ratio (1.14x Scope 1 combined, 12%/88% Scope2:Scope3 split borrowed from the paper's Industry sector only). Confidence: Good."
1002923,"KMTP Station 553 Katy, TX",Petroleum and Natural Gas Systems,TX,62482.98,2499,18120,Energy,Good,"v1 estimate: Hertwich & Wood (2018) 'Energy' sector ratio (0.33x Scope 1 combined, 12%/88% Scope2:Scope3 split borrowed from the paper's Industry sector only). Confidence: Good."
1002925,"SOLVAY SPECIALTY POLYMERS USA, LLC",Industrial Gas Suppliers,NJ,8378.068,1148,8403,Industry,Reasonable,"v1 estimate: Hertwich & Wood (2018) 'Industry' sector ratio (1.14x Scope 1 combined, 12%/88% Scope2:Scope3 split borrowed from the paper's Industry sector only). Confidence: Reasonable."
1002928,GRAYMONT WESTERN US INC. CRICKET MOUNTAIN,Minerals,UT,785085.32,107557,787441,Industry,Good,"v1 estimate: Hertwich & Wood (2018) 'Industry' sector ratio (1.14x Scope 1 combined, 12%/88% Scope2:Scope3 split borrowed from the paper's Industry sector only). Confidence: Good."
1002929,OWENS-BROCKWAY GLASS CONTAINER INC. PLANT 29,Minerals,VA,48540.62,6650,48686,Industry,Good,"v1 estimate: Hertwich & Wood (2018) 'Industry' sector ratio (1.14x Scope 1 combined, 12%/88% Scope2:Scope3 split borrowed from the paper's Industry sector only). Confidence: Good."
1002933,Novelis ALR Aluminum LLC (Davenport Casting),Metals,IA,49269.164,6750,49417,Industry,Good,"v1 estimate: Hertwich & Wood (2018) 'Industry' sector ratio (1.14x Scope 1 combined, 12%/88% Scope2:Scope3 split borrowed from the paper's Industry sector only). Confidence: Good."
1002943,"BARGATH, INC.- PARACHUTE",Petroleum and Natural Gas Systems,CO,215169.31,8607,62399,Energy,Good,"v1 estimate: Hertwich & Wood (2018) 'Energy' sector ratio (0.33x Scope 1 combined, 12%/88% Scope2:Scope3 split borrowed from the paper's Industry sector only). Confidence: Good."
1002954,BRIDGESTONE FIRESTONE INCORPORATED,Other,NC,40372.592,NA,NA,NA,Unresolved -- needs further inspection before mapping,"Unresolved sector ('Other') -- left NA pending further investigation, not a real zero."
1002955,INEOS NITRILES USA LLC,Chemicals,OH,118078.804,16177,118433,Industry,Good,"v1 estimate: Hertwich & Wood (2018) 'Industry' sector ratio (1.14x Scope 1 combined, 12%/88% Scope2:Scope3 split borrowed from the paper's Industry sector only). Confidence: Good."
1002958,NUCOR STEEL HERTFORD COUNTY,Metals,NC,216464.492,29656,217114,Industry,Good,"v1 estimate: Hertwich & Wood (2018) 'Industry' sector ratio (1.14x Scope 1 combined, 12%/88% Scope2:Scope3 split borrowed from the paper's Industry sector only). Confidence: Good."
1002961,DAL TILE INTERNATIONAL,Minerals,TX,33048.276,4528,33147,Industry,Good,"v1 estimate: Hertwich & Wood (2018) 'Industry' sector ratio (1.14x Scope 1 combined, 12%/88% Scope2:Scope3 split borrowed from the paper's Industry sector only). Confidence: Good."
1002962,E ENERGY ADAMS,Other,NE,118294.204,NA,NA,NA,Unresolved -- needs further inspection before mapping,"Unresolved sector ('Other') -- left NA pending further investigation, not a real zero."
1002964,City of Wichita Falls Landfill,Waste,TX,151475.5,20752,151930,Industry,Weak (no dedicated waste sector in paper),"v1 estimate: Hertwich & Wood (2018) 'Industry' sector ratio (1.14x Scope 1 combined, 12%/88% Scope2:Scope3 split borrowed from the paper's Industry sector only). Confidence: Weak (no dedicated waste sector in paper)."
1002968,ARMSTRONG WORLD INDUSTRIES INC.,Other,FL,24275.008,NA,NA,NA,Unresolved -- needs further inspection before mapping,"Unresolved sector ('Other') -- left NA pending further investigation, not a real zero."
1002970,CITGO CORPUS CHRISTI REFINERY - WEST PLANT,Petroleum Product Suppliers,TX,420042.984,16802,121812,Energy,Good,"v1 estimate: Hertwich & Wood (2018) 'Energy' sector ratio (0.33x Scope 1 combined, 12%/88% Scope2:Scope3 split borrowed from the paper's Industry sector only). Confidence: Good."
1002983,ABBOTT PARK FACILITY,Other,IL,53455.748,NA,NA,NA,Unresolved -- needs further inspection before mapping,"Unresolved sector ('Other') -- left NA pending further investigation, not a real zero."
1002987,Montclair State University,Other,NJ,36784.158,NA,NA,NA,Unresolved -- needs further inspection before mapping,"Unresolved sector ('Other') -- left NA pending further investigation, not a real zero."
1002988,LOUIS DREYFUS COMPANY AGRICULTURAL INDUSTRIES LL,Other,IN,91741.304,NA,NA,NA,Unresolved -- needs further inspection before mapping,"Unresolved sector ('Other') -- left NA pending further investigation, not a real zero."
1002989,Valero Bloominburg Plant,Other,OH,196763.96,NA,NA,NA,Unresolved -- needs further inspection before mapping,"Unresolved sector ('Other') -- left NA pending further investigation, not a real zero."
1002993,HUNTSMAN PETROCHEMICAL LLC,Chemicals,TX,47864.52,6557,48008,Industry,Good,"v1 estimate: Hertwich & Wood (2018) 'Industry' sector ratio (1.14x Scope 1 combined, 12%/88% Scope2:Scope3 split borrowed from the paper's Industry sector only). Confidence: Good."
1002994,"PETE LIEN & SONS, INC.",Minerals,SD,278549.214,38161,279385,Industry,Good,"v1 estimate: Hertwich & Wood (2018) 'Industry' sector ratio (1.14x Scope 1 combined, 12%/88% Scope2:Scope3 split borrowed from the paper's Industry sector only). Confidence: Good."
1002995,"LITTLE SIOUX CORN PROCESSORS, LLC",Other,IA,193903.82,NA,NA,NA,Unresolved -- needs further inspection before mapping,"Unresolved sector ('Other') -- left NA pending further investigation, not a real zero."
1002997,COOPER TIRE COMPANY,Other,AR,41107.096,NA,NA,NA,Unresolved -- needs further inspection before mapping,"Unresolved sector ('Other') -- left NA pending further investigation, not a real zero."
1003005,CARMEUSE LIME BLACK RIVER OPERATION,Minerals,KY,886781.38,121489,889442,Industry,Good,"v1 estimate: Hertwich & Wood (2018) 'Industry' sector ratio (1.14x Scope 1 combined, 12%/88% Scope2:Scope3 split borrowed from the paper's Industry sector only). Confidence: Good."
1003007,"Sekisui Specialty Chemicals America, LLC - Pasadena",Other,TX,16155.64,NA,NA,NA,Unresolved -- needs further inspection before mapping,"Unresolved sector ('Other') -- left NA pending further investigation, not a real zero."
1003029,MADISON COUNTY LANDFILL,Waste,NY,9396.65,1287,9425,Industry,Weak (no dedicated waste sector in paper),"v1 estimate: Hertwich & Wood (2018) 'Industry' sector ratio (1.14x Scope 1 combined, 12%/88% Scope2:Scope3 split borrowed from the paper's Industry sector only). Confidence: Weak (no dedicated waste sector in paper)."
1003033,AVA LANDFILL,Waste,NY,85639.898,11733,85897,Industry,Weak (no dedicated waste sector in paper),"v1 estimate: Hertwich & Wood (2018) 'Industry' sector ratio (1.14x Scope 1 combined, 12%/88% Scope2:Scope3 split borrowed from the paper's Industry sector only). Confidence: Weak (no dedicated waste sector in paper)."
1003035,Coastal Regional Solid Waste Management Authority,Waste,NC,138924.75,19033,139342,Industry,Weak (no dedicated waste sector in paper),"v1 estimate: Hertwich & Wood (2018) 'Industry' sector ratio (1.14x Scope 1 combined, 12%/88% Scope2:Scope3 split borrowed from the paper's Industry sector only). Confidence: Weak (no dedicated waste sector in paper)."
1003038,"ADVANCED DISPOSAL MAPLE HILL LANDFILL, LLC",Waste,MO,26771.15,3668,26851,Industry,Weak (no dedicated waste sector in paper),"v1 estimate: Hertwich & Wood (2018) 'Industry' sector ratio (1.14x Scope 1 combined, 12%/88% Scope2:Scope3 split borrowed from the paper's Industry sector only). Confidence: Weak (no dedicated waste sector in paper)."
1003039,Greenwood County Landfills,Waste,SC,54865.5,7517,55030,Industry,Weak (no dedicated waste sector in paper),"v1 estimate: Hertwich & Wood (2018) 'Industry' sector ratio (1.14x Scope 1 combined, 12%/88% Scope2:Scope3 split borrowed from the paper's Industry sector only). Confidence: Weak (no dedicated waste sector in paper)."
1003043,Garyville Refinery,Petroleum Product Suppliers,LA,4207065.072,168283,1220049,Energy,Good,"v1 estimate: Hertwich & Wood (2018) 'Energy' sector ratio (0.33x Scope 1 combined, 12%/88% Scope2:Scope3 split borrowed from the paper's Industry sector only). Confidence: Good."
1003045,Petro-Hunt L.L.C.,Natural Gas and Natural Gas Liquids Suppliers,ND,30338.252,1214,8798,Energy,Good,"v1 estimate: Hertwich & Wood (2018) 'Energy' sector ratio (0.33x Scope 1 combined, 12%/88% Scope2:Scope3 split borrowed from the paper's Industry sector only). Confidence: Good."
1003048,"Sappi North America, Inc. - Somerset Operations",Pulp and Paper,ME,316253.638,43327,317202,Industry,Good,"v1 estimate: Hertwich & Wood (2018) 'Industry' sector ratio (1.14x Scope 1 combined, 12%/88% Scope2:Scope3 split borrowed from the paper's Industry sector only). Confidence: Good."
1003052,GERDAU - FORT SMITH MILL,Metals,AR,76305.292,10454,76534,Industry,Good,"v1 estimate: Hertwich & Wood (2018) 'Industry' sector ratio (1.14x Scope 1 combined, 12%/88% Scope2:Scope3 split borrowed from the paper's Industry sector only). Confidence: Good."
1003058,Oaktown Fuels Mine No.1,Other,IN,728930.85,NA,NA,NA,Unresolved -- needs further inspection before mapping,"Unresolved sector ('Other') -- left NA pending further investigation, not a real zero."
1003063,MERCURY MARINE FOND DU LAC COMPLEX,Other,WI,33504.346,NA,NA,NA,Unresolved -- needs further inspection before mapping,"Unresolved sector ('Other') -- left NA pending further investigation, not a real zero."
1003068,PANHANDLE EASTERN PIPE LINE CO - LIBERAL,Petroleum and Natural Gas Systems,KS,38343.94,1534,11120,Energy,Good,"v1 estimate: Hertwich & Wood (2018) 'Energy' sector ratio (0.33x Scope 1 combined, 12%/88% Scope2:Scope3 split borrowed from the paper's Industry sector only). Confidence: Good."
1003081,"ALPEK POLYESTER MISSISSIPPI, INC.",Other,MS,56461.488,NA,NA,NA,Unresolved -- needs further inspection before mapping,"Unresolved sector ('Other') -- left NA pending further investigation, not a real zero."
1003084,"Vicinity Energy Trenton, L.P.",Power Plants,NJ,26809.4,1072,7775,Energy,Good,"v1 estimate: Hertwich & Wood (2018) 'Energy' sector ratio (0.33x Scope 1 combined, 12%/88% Scope2:Scope3 split borrowed from the paper's Industry sector only). Confidence: Good."
1003097,TRINIDAD GAS PROCESSING PLANT,Petroleum and Natural Gas Systems,TX,65802.654,2632,19083,Energy,Good,"v1 estimate: Hertwich & Wood (2018) 'Energy' sector ratio (0.33x Scope 1 combined, 12%/88% Scope2:Scope3 split borrowed from the paper's Industry sector only). Confidence: Good."
1003101,EAST CAROLINA REGIONAL LANDFILL,Waste,NC,92680,12697,92958,Industry,Weak (no dedicated waste sector in paper),"v1 estimate: Hertwich & Wood (2018) 'Industry' sector ratio (1.14x Scope 1 combined, 12%/88% Scope2:Scope3 split borrowed from the paper's Industry sector only). Confidence: Weak (no dedicated waste sector in paper)."
1003103,IMPERIAL Landfill,Waste,PA,34693.75,4753,34798,Industry,Weak (no dedicated waste sector in paper),"v1 estimate: Hertwich & Wood (2018) 'Industry' sector ratio (1.14x Scope 1 combined, 12%/88% Scope2:Scope3 split borrowed from the paper's Industry sector only). Confidence: Weak (no dedicated waste sector in paper)."
1003110,DUTCHESS CO RESOURCE RECOVERY FACILITY,Waste,NY,35187.722,4821,35293,Industry,Weak (no dedicated waste sector in paper),"v1 estimate: Hertwich & Wood (2018) 'Industry' sector ratio (1.14x Scope 1 combined, 12%/88% Scope2:Scope3 split borrowed from the paper's Industry sector only). Confidence: Weak (no dedicated waste sector in paper)."
1003134,PAMPA PLANT,Chemicals,TX,122111.848,16729,122478,Industry,Good,"v1 estimate: Hertwich & Wood (2018) 'Industry' sector ratio (1.14x Scope 1 combined, 12%/88% Scope2:Scope3 split borrowed from the paper's Industry sector only). Confidence: Good."
1003135,CARBON GREEN BIOENERGY,Other,MI,80617.642,NA,NA,NA,Unresolved -- needs further inspection before mapping,"Unresolved sector ('Other') -- left NA pending further investigation, not a real zero."
1003141,ENKEI AMERICA INC,Metals,IN,26284.952,3601,26364,Industry,Good,"v1 estimate: Hertwich & Wood (2018) 'Industry' sector ratio (1.14x Scope 1 combined, 12%/88% Scope2:Scope3 split borrowed from the paper's Industry sector only). Confidence: Good."
1003145,US Army Fort Drum,Other,NY,48746.856,NA,NA,NA,Unresolved -- needs further inspection before mapping,"Unresolved sector ('Other') -- left NA pending further investigation, not a real zero."
1003147,ALCOA-MARYVILLE-BLOUNT COUNTY LANDFILL,Waste,TN,91614.5,12551,91889,Industry,Weak (no dedicated waste sector in paper),"v1 estimate: Hertwich & Wood (2018) 'Industry' sector ratio (1.14x Scope 1 combined, 12%/88% Scope2:Scope3 split borrowed from the paper's Industry sector only). Confidence: Weak (no dedicated waste sector in paper)."
1003150,"Valero Renewable Fuels Campany LLC, dba Valero Albion Plant",Other,NE,188635.24,NA,NA,NA,Unresolved -- needs further inspection before mapping,"Unresolved sector ('Other') -- left NA pending further investigation, not a real zero."
1003153,PANHANDLE EASTERN PIPE LINE CO - GLENARM,Petroleum and Natural Gas Systems,IL,23502.2,940,6816,Energy,Good,"v1 estimate: Hertwich & Wood (2018) 'Energy' sector ratio (0.33x Scope 1 combined, 12%/88% Scope2:Scope3 split borrowed from the paper's Industry sector only). Confidence: Good."
1003157,SNF Holding Company,Chemicals,GA,56391.388,7726,56561,Industry,Good,"v1 estimate: Hertwich & Wood (2018) 'Industry' sector ratio (1.14x Scope 1 combined, 12%/88% Scope2:Scope3 split borrowed from the paper's Industry sector only). Confidence: Good."
1003158,CROSSTEX PROCESSING SERVICES LLC - RIVERSIDE FRACTIONATION,Natural Gas and Natural Gas Liquids Suppliers,LA,64027.36,2561,18568,Energy,Good,"v1 estimate: Hertwich & Wood (2018) 'Energy' sector ratio (0.33x Scope 1 combined, 12%/88% Scope2:Scope3 split borrowed from the paper's Industry sector only). Confidence: Good."
1003176,ANHEUSER BUSCH LLC,Other,VA,29532.488,NA,NA,NA,Unresolved -- needs further inspection before mapping,"Unresolved sector ('Other') -- left NA pending further investigation, not a real zero."
1003186,"INEOS Americas, LLC",Chemicals,TX,55830.84,7649,55998,Industry,Good,"v1 estimate: Hertwich & Wood (2018) 'Industry' sector ratio (1.14x Scope 1 combined, 12%/88% Scope2:Scope3 split borrowed from the paper's Industry sector only). Confidence: Good."
1003187,"WM BOLTHOUSE FARMS, INC.",Other,CA,29374.44,NA,NA,NA,Unresolved -- needs further inspection before mapping,"Unresolved sector ('Other') -- left NA pending further investigation, not a real zero."
1003191,FLORIDA GAS TRANSMISSION COMPANY - WIGGINS,Petroleum and Natural Gas Systems,MS,68910.794,2756,19984,Energy,Good,"v1 estimate: Hertwich & Wood (2018) 'Energy' sector ratio (0.33x Scope 1 combined, 12%/88% Scope2:Scope3 split borrowed from the paper's Industry sector only). Confidence: Good."
1003193,PANHANDLE EASTERN PIPE LINE CO - ALVA N HOPETON,Petroleum and Natural Gas Systems,OK,38820.934,1553,11258,Energy,Good,"v1 estimate: Hertwich & Wood (2018) 'Energy' sector ratio (0.33x Scope 1 combined, 12%/88% Scope2:Scope3 split borrowed from the paper's Industry sector only). Confidence: Good."
1003204,GATEWAY ENERGY & COKE CO LLC,Metals,IL,472576.632,64743,473994,Industry,Good,"v1 estimate: Hertwich & Wood (2018) 'Industry' sector ratio (1.14x Scope 1 combined, 12%/88% Scope2:Scope3 split borrowed from the paper's Industry sector only). Confidence: Good."
1003205,Abbott Nutrition - A Division of Abbott Laboratories,Other,VA,30662.284,NA,NA,NA,Unresolved -- needs further inspection before mapping,"Unresolved sector ('Other') -- left NA pending further investigation, not a real zero."
1003208,ARMSTRONG WORLD IND MARIETTA CEILING PLT,Other,PA,69218.488,NA,NA,NA,Unresolved -- needs further inspection before mapping,"Unresolved sector ('Other') -- left NA pending further investigation, not a real zero."
1003223,Florida River Gas Processing Facility,Petroleum and Natural Gas Systems,CO,196109.25,7844,56872,Energy,Good,"v1 estimate: Hertwich & Wood (2018) 'Energy' sector ratio (0.33x Scope 1 combined, 12%/88% Scope2:Scope3 split borrowed from the paper's Industry sector only). Confidence: Good."
1003227,IRIS GLEN ENVIRONMENTAL CENTER,Waste,TN,31913.45,4372,32009,Industry,Weak (no dedicated waste sector in paper),"v1 estimate: Hertwich & Wood (2018) 'Industry' sector ratio (1.14x Scope 1 combined, 12%/88% Scope2:Scope3 split borrowed from the paper's Industry sector only). Confidence: Weak (no dedicated waste sector in paper)."
1003242,COVANTA LAKE II INC,Waste,FL,64322.696,8812,64516,Industry,Weak (no dedicated waste sector in paper),"v1 estimate: Hertwich & Wood (2018) 'Industry' sector ratio (1.14x Scope 1 combined, 12%/88% Scope2:Scope3 split borrowed from the paper's Industry sector only). Confidence: Weak (no dedicated waste sector in paper)."
1003243,PCSW RESOURCE RECOVERY FACILITY,Waste,FL,142155.544,19475,142582,Industry,Weak (no dedicated waste sector in paper),"v1 estimate: Hertwich & Wood (2018) 'Industry' sector ratio (1.14x Scope 1 combined, 12%/88% Scope2:Scope3 split borrowed from the paper's Industry sector only). Confidence: Weak (no dedicated waste sector in paper)."
1003247,DART CONTAINER CORPORATION OF KENTUCKY,Other,KY,27086.048,NA,NA,NA,Unresolved -- needs further inspection before mapping,"Unresolved sector ('Other') -- left NA pending further investigation, not a real zero."
1003261,MERCK SHARP & DOHME LLC - RAHWAY,Chemicals,NJ,88290.156,12096,88555,Industry,Good,"v1 estimate: Hertwich & Wood (2018) 'Industry' sector ratio (1.14x Scope 1 combined, 12%/88% Scope2:Scope3 split borrowed from the paper's Industry sector only). Confidence: Good."
1003267,Hoover Diana Platform (AC25-HA),Petroleum and Natural Gas Systems,TX,86192.468,3448,24996,Energy,Good,"v1 estimate: Hertwich & Wood (2018) 'Energy' sector ratio (0.33x Scope 1 combined, 12%/88% Scope2:Scope3 split borrowed from the paper's Industry sector only). Confidence: Good."
1003268,ALTON STEEL COMPANY,Metals,IL,24279.296,3326,24352,Industry,Good,"v1 estimate: Hertwich & Wood (2018) 'Industry' sector ratio (1.14x Scope 1 combined, 12%/88% Scope2:Scope3 split borrowed from the paper's Industry sector only). Confidence: Good."
1003276,SAFETY-KLEEN SYSTEMS,Petroleum and Natural Gas Systems,IN,80092.836,3204,23227,Energy,Good,"v1 estimate: Hertwich & Wood (2018) 'Energy' sector ratio (0.33x Scope 1 combined, 12%/88% Scope2:Scope3 split borrowed from the paper's Industry sector only). Confidence: Good."
1003277,Dunn Compressor Station,Petroleum and Natural Gas Systems,AR,29965.712,1199,8690,Energy,Good,"v1 estimate: Hertwich & Wood (2018) 'Energy' sector ratio (0.33x Scope 1 combined, 12%/88% Scope2:Scope3 split borrowed from the paper's Industry sector only). Confidence: Good."
1003280,PACKAGING CORP. OF AMERICA,Pulp and Paper,GA,72717.09,9962,72935,Industry,Good,"v1 estimate: Hertwich & Wood (2018) 'Industry' sector ratio (1.14x Scope 1 combined, 12%/88% Scope2:Scope3 split borrowed from the paper's Industry sector only). Confidence: Good."
1003286,Chevron Pascagoula Refinery,Chemicals,MS,4784595.208,655490,4798949,Industry,Good,"v1 estimate: Hertwich & Wood (2018) 'Industry' sector ratio (1.14x Scope 1 combined, 12%/88% Scope2:Scope3 split borrowed from the paper's Industry sector only). Confidence: Good."
1003289,GRIFFIN PIPE PRODUCTS COMPANY - LYNCHBURG,Metals,VA,68595,9398,68801,Industry,Good,"v1 estimate: Hertwich & Wood (2018) 'Industry' sector ratio (1.14x Scope 1 combined, 12%/88% Scope2:Scope3 split borrowed from the paper's Industry sector only). Confidence: Good."
1003293,WESTERN MICHIGAN UNIVERSITY,Other,MI,69527.488,NA,NA,NA,Unresolved -- needs further inspection before mapping,"Unresolved sector ('Other') -- left NA pending further investigation, not a real zero."
1003297,DUKE UNIVERSITY,Other,NC,91985.848,NA,NA,NA,Unresolved -- needs further inspection before mapping,"Unresolved sector ('Other') -- left NA pending further investigation, not a real zero."
1003299,WASTE MANAGEMENT OF LA LLC/RELIABLE LANDFILL,Waste,LA,37441,5129,37553,Industry,Weak (no dedicated waste sector in paper),"v1 estimate: Hertwich & Wood (2018) 'Industry' sector ratio (1.14x Scope 1 combined, 12%/88% Scope2:Scope3 split borrowed from the paper's Industry sector only). Confidence: Weak (no dedicated waste sector in paper)."
1003304,"PPG INDUSTRIES, INC.",Other,OH,18389.38,NA,NA,NA,Unresolved -- needs further inspection before mapping,"Unresolved sector ('Other') -- left NA pending further investigation, not a real zero."
1003328,AVENAL REGIONAL LANDFILL,Waste,CA,23404.25,3206,23474,Industry,Weak (no dedicated waste sector in paper),"v1 estimate: Hertwich & Wood (2018) 'Industry' sector ratio (1.14x Scope 1 combined, 12%/88% Scope2:Scope3 split borrowed from the paper's Industry sector only). Confidence: Weak (no dedicated waste sector in paper)."
1003335,MURRAY COUNTY LANDFILL,Waste,GA,49318.25,6757,49466,Industry,Weak (no dedicated waste sector in paper),"v1 estimate: Hertwich & Wood (2018) 'Industry' sector ratio (1.14x Scope 1 combined, 12%/88% Scope2:Scope3 split borrowed from the paper's Industry sector only). Confidence: Weak (no dedicated waste sector in paper)."
1003337,IESI East Texas Regional Landfill,Waste,TX,119009.25,16304,119366,Industry,Weak (no dedicated waste sector in paper),"v1 estimate: Hertwich & Wood (2018) 'Industry' sector ratio (1.14x Scope 1 combined, 12%/88% Scope2:Scope3 split borrowed from the paper's Industry sector only). Confidence: Weak (no dedicated waste sector in paper)."
1003339,IESI Buffalo Creek Landfill,Waste,TX,128420.25,17594,128806,Industry,Weak (no dedicated waste sector in paper),"v1 estimate: Hertwich & Wood (2018) 'Industry' sector ratio (1.14x Scope 1 combined, 12%/88% Scope2:Scope3 split borrowed from the paper's Industry sector only). Confidence: Weak (no dedicated waste sector in paper)."
1003340,Southeast Resource Recovery Facility (SERRF),Waste,CA,118603.96,16249,118960,Industry,Weak (no dedicated waste sector in paper),"v1 estimate: Hertwich & Wood (2018) 'Industry' sector ratio (1.14x Scope 1 combined, 12%/88% Scope2:Scope3 split borrowed from the paper's Industry sector only). Confidence: Weak (no dedicated waste sector in paper)."
1003346,Sterling Gas Plant,Petroleum and Natural Gas Systems,TX,36911.904909801786,1476,10704,Energy,Good,"v1 estimate: Hertwich & Wood (2018) 'Energy' sector ratio (0.33x Scope 1 combined, 12%/88% Scope2:Scope3 split borrowed from the paper's Industry sector only). Confidence: Good."
1003347,Mertzon Gas Plant,Petroleum and Natural Gas Systems,TX,32723.845232484135,1309,9490,Energy,Good,"v1 estimate: Hertwich & Wood (2018) 'Energy' sector ratio (0.33x Scope 1 combined, 12%/88% Scope2:Scope3 split borrowed from the paper's Industry sector only). Confidence: Good."
1003348,JOHNS MANVILLE INTERNATIONAL INC PLANT NO 8,Minerals,OH,34614.572,4742,34718,Industry,Good,"v1 estimate: Hertwich & Wood (2018) 'Industry' sector ratio (1.14x Scope 1 combined, 12%/88% Scope2:Scope3 split borrowed from the paper's Industry sector only). Confidence: Good."
1003360,PASCAGOULA GAS PLANT,Petroleum and Natural Gas Systems,MS,29578.394,1183,8578,Energy,Good,"v1 estimate: Hertwich & Wood (2018) 'Energy' sector ratio (0.33x Scope 1 combined, 12%/88% Scope2:Scope3 split borrowed from the paper's Industry sector only). Confidence: Good."
1003370,ICL,Chemicals,KS,49155.352,6734,49303,Industry,Good,"v1 estimate: Hertwich & Wood (2018) 'Industry' sector ratio (1.14x Scope 1 combined, 12%/88% Scope2:Scope3 split borrowed from the paper's Industry sector only). Confidence: Good."
1003377,Green Plains Mount Vernon LLC,Other,IN,133620.796,NA,NA,NA,Unresolved -- needs further inspection before mapping,"Unresolved sector ('Other') -- left NA pending further investigation, not a real zero."
1003378,GARRETT COUNTY SOLID WASTE DISPOSAL & RECYCLING FACILITY,Waste,MD,44856.75,6145,44991,Industry,Weak (no dedicated waste sector in paper),"v1 estimate: Hertwich & Wood (2018) 'Industry' sector ratio (1.14x Scope 1 combined, 12%/88% Scope2:Scope3 split borrowed from the paper's Industry sector only). Confidence: Weak (no dedicated waste sector in paper)."
1003379,Arconic US LLC,Metals,PA,115844.064,15871,116192,Industry,Good,"v1 estimate: Hertwich & Wood (2018) 'Industry' sector ratio (1.14x Scope 1 combined, 12%/88% Scope2:Scope3 split borrowed from the paper's Industry sector only). Confidence: Good."
1003380,Cleveland-Cliffs Warren,Metals,OH,162965.476,22326,163454,Industry,Good,"v1 estimate: Hertwich & Wood (2018) 'Industry' sector ratio (1.14x Scope 1 combined, 12%/88% Scope2:Scope3 split borrowed from the paper's Industry sector only). Confidence: Good."
1003382,SABINE RIVER OPERATIONS,Chemicals,TX,908295.706,124437,911021,Industry,Good,"v1 estimate: Hertwich & Wood (2018) 'Industry' sector ratio (1.14x Scope 1 combined, 12%/88% Scope2:Scope3 split borrowed from the paper's Industry sector only). Confidence: Good."
1003383,HEXCEL CORP,Other,UT,69976.734,NA,NA,NA,Unresolved -- needs further inspection before mapping,"Unresolved sector ('Other') -- left NA pending further investigation, not a real zero."
1003385,HEXCEL CORPORATION,Other,AL,75694.764,NA,NA,NA,Unresolved -- needs further inspection before mapping,"Unresolved sector ('Other') -- left NA pending further investigation, not a real zero."
1003387,KENT COUNTY WASTE TO ENERGY FACILITY,Waste,MI,73486.024,10068,73706,Industry,Weak (no dedicated waste sector in paper),"v1 estimate: Hertwich & Wood (2018) 'Industry' sector ratio (1.14x Scope 1 combined, 12%/88% Scope2:Scope3 split borrowed from the paper's Industry sector only). Confidence: Weak (no dedicated waste sector in paper)."
1003391,Mid-Town Thermal Center,Power Plants,NJ,43174.436,1727,12521,Energy,Good,"v1 estimate: Hertwich & Wood (2018) 'Energy' sector ratio (0.33x Scope 1 combined, 12%/88% Scope2:Scope3 split borrowed from the paper's Industry sector only). Confidence: Good."
1003392,GENEVA LANDFILL,Waste,OH,45378.102,6217,45514,Industry,Weak (no dedicated waste sector in paper),"v1 estimate: Hertwich & Wood (2018) 'Industry' sector ratio (1.14x Scope 1 combined, 12%/88% Scope2:Scope3 split borrowed from the paper's Industry sector only). Confidence: Weak (no dedicated waste sector in paper)."
1003398,SPRING GARDENS STEAM PLANT,Power Plants,MD,55077.944,2203,15973,Energy,Good,"v1 estimate: Hertwich & Wood (2018) 'Energy' sector ratio (0.33x Scope 1 combined, 12%/88% Scope2:Scope3 split borrowed from the paper's Industry sector only). Confidence: Good."
1003402,ALBEMARLE CORPORATION HOUSTON PLANT,Chemicals,TX,43255.924,5926,43386,Industry,Good,"v1 estimate: Hertwich & Wood (2018) 'Industry' sector ratio (1.14x Scope 1 combined, 12%/88% Scope2:Scope3 split borrowed from the paper's Industry sector only). Confidence: Good."
1003403,CLEVELAND-CLIFFS STEEL CORPORATION DEARBORN WORKS,Metals,MI,1006822.77,137935,1009843,Industry,Good,"v1 estimate: Hertwich & Wood (2018) 'Industry' sector ratio (1.14x Scope 1 combined, 12%/88% Scope2:Scope3 split borrowed from the paper's Industry sector only). Confidence: Good."
1003405,BUSCH AGRICULTURAL RESOURCES,Other,ID,57982.932,NA,NA,NA,Unresolved -- needs further inspection before mapping,"Unresolved sector ('Other') -- left NA pending further investigation, not a real zero."
1003408,3M INDUSTRIAL MINERAL PRODUCTS DIVISION,Minerals,AR,32128.98,4402,32225,Industry,Good,"v1 estimate: Hertwich & Wood (2018) 'Industry' sector ratio (1.14x Scope 1 combined, 12%/88% Scope2:Scope3 split borrowed from the paper's Industry sector only). Confidence: Good."
1003413,Benson Valley LF,Waste,KY,26621.9,3647,26702,Industry,Weak (no dedicated waste sector in paper),"v1 estimate: Hertwich & Wood (2018) 'Industry' sector ratio (1.14x Scope 1 combined, 12%/88% Scope2:Scope3 split borrowed from the paper's Industry sector only). Confidence: Weak (no dedicated waste sector in paper)."
1003417,Cleveland-Cliffs Steel Corporation,Metals,OH,37239.36,5102,37351,Industry,Good,"v1 estimate: Hertwich & Wood (2018) 'Industry' sector ratio (1.14x Scope 1 combined, 12%/88% Scope2:Scope3 split borrowed from the paper's Industry sector only). Confidence: Good."
1003422,ADKINS ENERGY LLC,Other,IL,89423.364,NA,NA,NA,Unresolved -- needs further inspection before mapping,"Unresolved sector ('Other') -- left NA pending further investigation, not a real zero."
1003426,MMSD-JONES ISLAND WASTEWATER TREATMENT PLANT,Other,WI,73395.356,NA,NA,NA,Unresolved -- needs further inspection before mapping,"Unresolved sector ('Other') -- left NA pending further investigation, not a real zero."
1003427,"SUMITOMO RUBBER USA, LLC",Other,NY,32665.628,NA,NA,NA,Unresolved -- needs further inspection before mapping,"Unresolved sector ('Other') -- left NA pending further investigation, not a real zero."
1003434,NOVELIS CORP - GREENSBORO,Metals,GA,33165.024,4544,33265,Industry,Good,"v1 estimate: Hertwich & Wood (2018) 'Industry' sector ratio (1.14x Scope 1 combined, 12%/88% Scope2:Scope3 split borrowed from the paper's Industry sector only). Confidence: Good."
1003444,TYSON FOODS INCORPORATED,Other,AR,25456.104,NA,NA,NA,Unresolved -- needs further inspection before mapping,"Unresolved sector ('Other') -- left NA pending further investigation, not a real zero."
1003449,KaMin LLC-Macon,Other,GA,22783.264,NA,NA,NA,Unresolved -- needs further inspection before mapping,"Unresolved sector ('Other') -- left NA pending further investigation, not a real zero."
1003455,Eastern Gas Transmission and Storage - Leidy and Finnefrock Stations (Stor and Tran),Petroleum and Natural Gas Systems,PA,137147.764,5486,39773,Energy,Good,"v1 estimate: Hertwich & Wood (2018) 'Energy' sector ratio (0.33x Scope 1 combined, 12%/88% Scope2:Scope3 split borrowed from the paper's Industry sector only). Confidence: Good."
1003456,ARDEN LDFL,Waste,PA,21666.16,2968,21731,Industry,Weak (no dedicated waste sector in paper),"v1 estimate: Hertwich & Wood (2018) 'Industry' sector ratio (1.14x Scope 1 combined, 12%/88% Scope2:Scope3 split borrowed from the paper's Industry sector only). Confidence: Weak (no dedicated waste sector in paper)."
1003458,Dominion Energy Ohio - Robinson Station (Stor),Petroleum and Natural Gas Systems,OH,20180.634,807,5852,Energy,Good,"v1 estimate: Hertwich & Wood (2018) 'Energy' sector ratio (0.33x Scope 1 combined, 12%/88% Scope2:Scope3 split borrowed from the paper's Industry sector only). Confidence: Good."
1003465,ROCKY MOUNTAIN BOTTLE COMPANY,Minerals,CO,75102.608,10289,75328,Industry,Good,"v1 estimate: Hertwich & Wood (2018) 'Industry' sector ratio (1.14x Scope 1 combined, 12%/88% Scope2:Scope3 split borrowed from the paper's Industry sector only). Confidence: Good."
1003466,CAVE CREEK MSW LANDFILL,Waste,AZ,19227,2634,19285,Industry,Weak (no dedicated waste sector in paper),"v1 estimate: Hertwich & Wood (2018) 'Industry' sector ratio (1.14x Scope 1 combined, 12%/88% Scope2:Scope3 split borrowed from the paper's Industry sector only). Confidence: Weak (no dedicated waste sector in paper)."
1003467,QUEEN CREEK MSW LANDFILL,Waste,AZ,53734.75,7362,53896,Industry,Weak (no dedicated waste sector in paper),"v1 estimate: Hertwich & Wood (2018) 'Industry' sector ratio (1.14x Scope 1 combined, 12%/88% Scope2:Scope3 split borrowed from the paper's Industry sector only). Confidence: Weak (no dedicated waste sector in paper)."
1003473,TC INDUSTRIES INC,Other,IL,19443.776,NA,NA,NA,Unresolved -- needs further inspection before mapping,"Unresolved sector ('Other') -- left NA pending further investigation, not a real zero."
1003474,CHARTER STEEL CLEVELAND *,Metals,OH,130935.032,17938,131328,Industry,Good,"v1 estimate: Hertwich & Wood (2018) 'Industry' sector ratio (1.14x Scope 1 combined, 12%/88% Scope2:Scope3 split borrowed from the paper's Industry sector only). Confidence: Good."
1003478,BERKELEY COUNTY LANDFILL,Waste,SC,61644.5,8445,61829,Industry,Weak (no dedicated waste sector in paper),"v1 estimate: Hertwich & Wood (2018) 'Industry' sector ratio (1.14x Scope 1 combined, 12%/88% Scope2:Scope3 split borrowed from the paper's Industry sector only). Confidence: Weak (no dedicated waste sector in paper)."
1003479,MISSISSIPPI LIME CO - CALERA PLANT,Minerals,AL,463623.774,63516,465015,Industry,Good,"v1 estimate: Hertwich & Wood (2018) 'Industry' sector ratio (1.14x Scope 1 combined, 12%/88% Scope2:Scope3 split borrowed from the paper's Industry sector only). Confidence: Good."
1003481,ROBESON COUNTY LANDFILL,Waste,NC,127840.25,17514,128224,Industry,Weak (no dedicated waste sector in paper),"v1 estimate: Hertwich & Wood (2018) 'Industry' sector ratio (1.14x Scope 1 combined, 12%/88% Scope2:Scope3 split borrowed from the paper's Industry sector only). Confidence: Weak (no dedicated waste sector in paper)."
1003482,Streetman Plant,Minerals,TX,81653.962,11187,81899,Industry,Good,"v1 estimate: Hertwich & Wood (2018) 'Industry' sector ratio (1.14x Scope 1 combined, 12%/88% Scope2:Scope3 split borrowed from the paper's Industry sector only). Confidence: Good."
1003484,EXXONMOBIL CHEMICAL CO - BATON ROUGE PLASTICS PLANT,Other,LA,74312.72,NA,NA,NA,Unresolved -- needs further inspection before mapping,"Unresolved sector ('Other') -- left NA pending further investigation, not a real zero."
1003486,TITAN TIRE CORPORATION OF FREEPORT,Other,IL,30192.284,NA,NA,NA,Unresolved -- needs further inspection before mapping,"Unresolved sector ('Other') -- left NA pending further investigation, not a real zero."
1003488,RAND-WHITNEY CONTAINERBOARD LP,Pulp and Paper,CT,92176.752,12628,92453,Industry,Good,"v1 estimate: Hertwich & Wood (2018) 'Industry' sector ratio (1.14x Scope 1 combined, 12%/88% Scope2:Scope3 split borrowed from the paper's Industry sector only). Confidence: Good."
1003489,PCS NITROGEN FERTILIZER LP - GEISMAR AGRICULTURAL NITROGEN & PHOSPHATE PLANT,Chemicals,LA,1666091.196,228254,1671089,Industry,Good,"v1 estimate: Hertwich & Wood (2018) 'Industry' sector ratio (1.14x Scope 1 combined, 12%/88% Scope2:Scope3 split borrowed from the paper's Industry sector only). Confidence: Good."
1003490,U.S. BORAX INC.,Other,CA,339372.572,NA,NA,NA,Unresolved -- needs further inspection before mapping,"Unresolved sector ('Other') -- left NA pending further investigation, not a real zero."
1003494,JW Aluminum,Metals,SC,52140.304,7143,52297,Industry,Good,"v1 estimate: Hertwich & Wood (2018) 'Industry' sector ratio (1.14x Scope 1 combined, 12%/88% Scope2:Scope3 split borrowed from the paper's Industry sector only). Confidence: Good."
1003498,POET BIOREFINING,Other,IA,111870.028,NA,NA,NA,Unresolved -- needs further inspection before mapping,"Unresolved sector ('Other') -- left NA pending further investigation, not a real zero."
1003505,MONROE COUNTY LANDFILL,Waste,IN,17657.25,2419,17710,Industry,Weak (no dedicated waste sector in paper),"v1 estimate: Hertwich & Wood (2018) 'Industry' sector ratio (1.14x Scope 1 combined, 12%/88% Scope2:Scope3 split borrowed from the paper's Industry sector only). Confidence: Weak (no dedicated waste sector in paper)."
1003507,"Gerdau Ameristeel US, Inc - Charlotte Mill",Metals,NC,50136.46,6869,50287,Industry,Good,"v1 estimate: Hertwich & Wood (2018) 'Industry' sector ratio (1.14x Scope 1 combined, 12%/88% Scope2:Scope3 split borrowed from the paper's Industry sector only). Confidence: Good."
1003508,SANDERS LEAD COMPANY INCORPORATED,Metals,AL,219877.02,30123,220537,Industry,Good,"v1 estimate: Hertwich & Wood (2018) 'Industry' sector ratio (1.14x Scope 1 combined, 12%/88% Scope2:Scope3 split borrowed from the paper's Industry sector only). Confidence: Good."
1003516,Knox County Landfill,Waste,IL,79811.1,10934,80051,Industry,Weak (no dedicated waste sector in paper),"v1 estimate: Hertwich & Wood (2018) 'Industry' sector ratio (1.14x Scope 1 combined, 12%/88% Scope2:Scope3 split borrowed from the paper's Industry sector only). Confidence: Weak (no dedicated waste sector in paper)."
1003518,LANXESS Corporation Kalama Site,Chemicals,WA,60119.924,8236,60300,Industry,Good,"v1 estimate: Hertwich & Wood (2018) 'Industry' sector ratio (1.14x Scope 1 combined, 12%/88% Scope2:Scope3 split borrowed from the paper's Industry sector only). Confidence: Good."
1003521,FREY FARM-CRESWELL LDFL,Waste,PA,15296.75,2096,15343,Industry,Weak (no dedicated waste sector in paper),"v1 estimate: Hertwich & Wood (2018) 'Industry' sector ratio (1.14x Scope 1 combined, 12%/88% Scope2:Scope3 split borrowed from the paper's Industry sector only). Confidence: Weak (no dedicated waste sector in paper)."
1003531,Eastern Gas Transmission and Storage - Oakford and Rock Springs Stations (Stor and Tran),Petroleum and Natural Gas Systems,PA,40436.066,1617,11726,Energy,Good,"v1 estimate: Hertwich & Wood (2018) 'Energy' sector ratio (0.33x Scope 1 combined, 12%/88% Scope2:Scope3 split borrowed from the paper's Industry sector only). Confidence: Good."
1003533,Borger Carbon Black Plant,Chemicals,TX,193500.624,26510,194081,Industry,Good,"v1 estimate: Hertwich & Wood (2018) 'Industry' sector ratio (1.14x Scope 1 combined, 12%/88% Scope2:Scope3 split borrowed from the paper's Industry sector only). Confidence: Good."
1003540,HURON LANDFILL CORPORATION,Waste,MI,69383,9505,69591,Industry,Weak (no dedicated waste sector in paper),"v1 estimate: Hertwich & Wood (2018) 'Industry' sector ratio (1.14x Scope 1 combined, 12%/88% Scope2:Scope3 split borrowed from the paper's Industry sector only). Confidence: Weak (no dedicated waste sector in paper)."
1003542,Metro Nashville District Energy System,Power Plants,TN,29485.14,1179,8551,Energy,Good,"v1 estimate: Hertwich & Wood (2018) 'Energy' sector ratio (0.33x Scope 1 combined, 12%/88% Scope2:Scope3 split borrowed from the paper's Industry sector only). Confidence: Good."
1003543,BROWARD COUNTY LANDFILL,Waste,FL,33793.5,4630,33895,Industry,Weak (no dedicated waste sector in paper),"v1 estimate: Hertwich & Wood (2018) 'Industry' sector ratio (1.14x Scope 1 combined, 12%/88% Scope2:Scope3 split borrowed from the paper's Industry sector only). Confidence: Weak (no dedicated waste sector in paper)."
1003544,"DISPOSAL SERVICE, INC. SANITARY LANDFILL",Waste,WV,97036.848,13294,97328,Industry,Weak (no dedicated waste sector in paper),"v1 estimate: Hertwich & Wood (2018) 'Industry' sector ratio (1.14x Scope 1 combined, 12%/88% Scope2:Scope3 split borrowed from the paper's Industry sector only). Confidence: Weak (no dedicated waste sector in paper)."
1003548,DIVISION OF WILDLIFE RESOURCES LEEKAY LANDFILL,Waste,UT,55580,7614,55747,Industry,Weak (no dedicated waste sector in paper),"v1 estimate: Hertwich & Wood (2018) 'Industry' sector ratio (1.14x Scope 1 combined, 12%/88% Scope2:Scope3 split borrowed from the paper's Industry sector only). Confidence: Weak (no dedicated waste sector in paper)."
1003550,KANSAS STATE UNIV MAIN CAMPUS,Other,KS,37052.16,NA,NA,NA,Unresolved -- needs further inspection before mapping,"Unresolved sector ('Other') -- left NA pending further investigation, not a real zero."
1003555,"Thunder Horse, MMS Platform ID 02481, Complex ID 1101-1",Petroleum and Natural Gas Systems,LA,251340.33,10054,72889,Energy,Good,"v1 estimate: Hertwich & Wood (2018) 'Energy' sector ratio (0.33x Scope 1 combined, 12%/88% Scope2:Scope3 split borrowed from the paper's Industry sector only). Confidence: Good."
1003557,TEXAS GAS TRANSMISSION - GREENVILLE STATION,Petroleum and Natural Gas Systems,MS,66408.746,2656,19259,Energy,Good,"v1 estimate: Hertwich & Wood (2018) 'Energy' sector ratio (0.33x Scope 1 combined, 12%/88% Scope2:Scope3 split borrowed from the paper's Industry sector only). Confidence: Good."
1003570,Ketjen Bayport Plant,Chemicals,TX,112892.674,15466,113231,Industry,Good,"v1 estimate: Hertwich & Wood (2018) 'Industry' sector ratio (1.14x Scope 1 combined, 12%/88% Scope2:Scope3 split borrowed from the paper's Industry sector only). Confidence: Good."
1003573,"POET Biorefining- Iowa Falls, LLC",Other,IA,142204.964,NA,NA,NA,Unresolved -- needs further inspection before mapping,"Unresolved sector ('Other') -- left NA pending further investigation, not a real zero."
1003574,EGAN,Petroleum and Natural Gas Systems,LA,79181.422,3167,22963,Energy,Good,"v1 estimate: Hertwich & Wood (2018) 'Energy' sector ratio (0.33x Scope 1 combined, 12%/88% Scope2:Scope3 split borrowed from the paper's Industry sector only). Confidence: Good."
1003577,GERDAU AMERISTEEL US INC,Metals,IA,31886.756,4368,31982,Industry,Good,"v1 estimate: Hertwich & Wood (2018) 'Industry' sector ratio (1.14x Scope 1 combined, 12%/88% Scope2:Scope3 split borrowed from the paper's Industry sector only). Confidence: Good."
1003581,Cleveland-Cliffs Tek Inc. and Cleveland-Cliffs Kote Inc.,Metals,IN,98928.028,13553,99225,Industry,Good,"v1 estimate: Hertwich & Wood (2018) 'Industry' sector ratio (1.14x Scope 1 combined, 12%/88% Scope2:Scope3 split borrowed from the paper's Industry sector only). Confidence: Good."
1003583,DAKOTA MUNICIPAL SOLID WASTE LANDFILL,Waste,ND,65007.942,8906,65203,Industry,Weak (no dedicated waste sector in paper),"v1 estimate: Hertwich & Wood (2018) 'Industry' sector ratio (1.14x Scope 1 combined, 12%/88% Scope2:Scope3 split borrowed from the paper's Industry sector only). Confidence: Weak (no dedicated waste sector in paper)."
1003585,TOYOTA MOTOR MANUFACTURING TEXAS INC,Other,TX,32499.528,NA,NA,NA,Unresolved -- needs further inspection before mapping,"Unresolved sector ('Other') -- left NA pending further investigation, not a real zero."
1003589,VERTEX REFINING ALABAMA LLC,Petroleum Product Suppliers,AL,407719.716,16309,118239,Energy,Good,"v1 estimate: Hertwich & Wood (2018) 'Energy' sector ratio (0.33x Scope 1 combined, 12%/88% Scope2:Scope3 split borrowed from the paper's Industry sector only). Confidence: Good."
1003593,LAND O LAKES DRY CONDENSED MILK MFG,Other,PA,42486.24,NA,NA,NA,Unresolved -- needs further inspection before mapping,"Unresolved sector ('Other') -- left NA pending further investigation, not a real zero."
1003595,Merck Sharp & Dohme LLC,Chemicals,VA,40614.69,5564,40737,Industry,Good,"v1 estimate: Hertwich & Wood (2018) 'Industry' sector ratio (1.14x Scope 1 combined, 12%/88% Scope2:Scope3 split borrowed from the paper's Industry sector only). Confidence: Good."
1003597,Mohegan Tribe of Indians of Connecticut,Other,CT,28084.884,NA,NA,NA,Unresolved -- needs further inspection before mapping,"Unresolved sector ('Other') -- left NA pending further investigation, not a real zero."
1003605,CITY OF MUSCATINE LANDFILL,Waste,IA,42668.5,5846,42797,Industry,Weak (no dedicated waste sector in paper),"v1 estimate: Hertwich & Wood (2018) 'Industry' sector ratio (1.14x Scope 1 combined, 12%/88% Scope2:Scope3 split borrowed from the paper's Industry sector only). Confidence: Weak (no dedicated waste sector in paper)."
1003607,"Dunn Paper - Ladysmith, LLC",Pulp and Paper,WI,29542.088,4047,29631,Industry,Good,"v1 estimate: Hertwich & Wood (2018) 'Industry' sector ratio (1.14x Scope 1 combined, 12%/88% Scope2:Scope3 split borrowed from the paper's Industry sector only). Confidence: Good."
1003609,Lenzing Fibers Inc.,Other,AL,63570.76,NA,NA,NA,Unresolved -- needs further inspection before mapping,"Unresolved sector ('Other') -- left NA pending further investigation, not a real zero."
1003610,CHEVRON PRODS.CO. RICHMOND REFY,Chemicals,CA,4366328.768,598187,4379428,Industry,Good,"v1 estimate: Hertwich & Wood (2018) 'Industry' sector ratio (1.14x Scope 1 combined, 12%/88% Scope2:Scope3 split borrowed from the paper's Industry sector only). Confidence: Good."
1003611,PAINTED DESERT LANDFILL,Waste,AZ,3350.25,459,3360,Industry,Weak (no dedicated waste sector in paper),"v1 estimate: Hertwich & Wood (2018) 'Industry' sector ratio (1.14x Scope 1 combined, 12%/88% Scope2:Scope3 split borrowed from the paper's Industry sector only). Confidence: Weak (no dedicated waste sector in paper)."
1003612,IRONWOOD LANDFILL,Waste,AZ,25558,3501,25635,Industry,Weak (no dedicated waste sector in paper),"v1 estimate: Hertwich & Wood (2018) 'Industry' sector ratio (1.14x Scope 1 combined, 12%/88% Scope2:Scope3 split borrowed from the paper's Industry sector only). Confidence: Weak (no dedicated waste sector in paper)."
1003623,FOREST LAWN LANDFILL,Waste,MI,11513.15,1577,11548,Industry,Weak (no dedicated waste sector in paper),"v1 estimate: Hertwich & Wood (2018) 'Industry' sector ratio (1.14x Scope 1 combined, 12%/88% Scope2:Scope3 split borrowed from the paper's Industry sector only). Confidence: Weak (no dedicated waste sector in paper)."
1003628,DAVIESS COUNTY LANDFILL,Waste,IN,32758.7,4488,32857,Industry,Weak (no dedicated waste sector in paper),"v1 estimate: Hertwich & Wood (2018) 'Industry' sector ratio (1.14x Scope 1 combined, 12%/88% Scope2:Scope3 split borrowed from the paper's Industry sector only). Confidence: Weak (no dedicated waste sector in paper)."
1003643,PHOENIX CEMENT COMPANY\S CLARKDALE FACILITY,Minerals,AZ,768127.186,105233,770432,Industry,Good,"v1 estimate: Hertwich & Wood (2018) 'Industry' sector ratio (1.14x Scope 1 combined, 12%/88% Scope2:Scope3 split borrowed from the paper's Industry sector only). Confidence: Good."
1003649,PREPA San Juan Steam Power Plant,Power Plants,PR,1837314.654,73493,532821,Energy,Good,"v1 estimate: Hertwich & Wood (2018) 'Energy' sector ratio (0.33x Scope 1 combined, 12%/88% Scope2:Scope3 split borrowed from the paper's Industry sector only). Confidence: Good."
1003657,Stateline Compressor Station,Petroleum and Natural Gas Systems,TX,48018.896,1921,13925,Energy,Good,"v1 estimate: Hertwich & Wood (2018) 'Energy' sector ratio (0.33x Scope 1 combined, 12%/88% Scope2:Scope3 split borrowed from the paper's Industry sector only). Confidence: Good."
1003665,GENENTECH INCORPORATED,Chemicals,CA,26699.5,3658,26780,Industry,Good,"v1 estimate: Hertwich & Wood (2018) 'Industry' sector ratio (1.14x Scope 1 combined, 12%/88% Scope2:Scope3 split borrowed from the paper's Industry sector only). Confidence: Good."
1003669,Cleveland-Cliffs Minorca Mine,Metals,MN,238238.308,32639,238953,Industry,Good,"v1 estimate: Hertwich & Wood (2018) 'Industry' sector ratio (1.14x Scope 1 combined, 12%/88% Scope2:Scope3 split borrowed from the paper's Industry sector only). Confidence: Good."
1003676,ROOSEVELT REGIONAL LANDFILL,Waste,WA,235650.15,32284,236357,Industry,Weak (no dedicated waste sector in paper),"v1 estimate: Hertwich & Wood (2018) 'Industry' sector ratio (1.14x Scope 1 combined, 12%/88% Scope2:Scope3 split borrowed from the paper's Industry sector only). Confidence: Weak (no dedicated waste sector in paper)."
1003688,"STEEL DYNAMICS, INC. (SDI)",Metals,IN,186944.324,25611,187505,Industry,Good,"v1 estimate: Hertwich & Wood (2018) 'Industry' sector ratio (1.14x Scope 1 combined, 12%/88% Scope2:Scope3 split borrowed from the paper's Industry sector only). Confidence: Good."
1003691,NEWTON COUNTY LANDFILL,Waste,IN,150743.248,20652,151195,Industry,Weak (no dedicated waste sector in paper),"v1 estimate: Hertwich & Wood (2018) 'Industry' sector ratio (1.14x Scope 1 combined, 12%/88% Scope2:Scope3 split borrowed from the paper's Industry sector only). Confidence: Weak (no dedicated waste sector in paper)."
1003692,UNITED REFUSE LANDFILL,Waste,IN,13949.6,1911,13991,Industry,Weak (no dedicated waste sector in paper),"v1 estimate: Hertwich & Wood (2018) 'Industry' sector ratio (1.14x Scope 1 combined, 12%/88% Scope2:Scope3 split borrowed from the paper's Industry sector only). Confidence: Weak (no dedicated waste sector in paper)."
1003695,WILLIAMS COUNTY LANDFILL,Waste,OH,133403.3,18276,133804,Industry,Weak (no dedicated waste sector in paper),"v1 estimate: Hertwich & Wood (2018) 'Industry' sector ratio (1.14x Scope 1 combined, 12%/88% Scope2:Scope3 split borrowed from the paper's Industry sector only). Confidence: Weak (no dedicated waste sector in paper)."
1003707,Philip Morris USA,Other,VA,35055.416,NA,NA,NA,Unresolved -- needs further inspection before mapping,"Unresolved sector ('Other') -- left NA pending further investigation, not a real zero."
1003712,FRESENIUS MEDICAL CARE,Chemicals,UT,71650.88,9816,71866,Industry,Good,"v1 estimate: Hertwich & Wood (2018) 'Industry' sector ratio (1.14x Scope 1 combined, 12%/88% Scope2:Scope3 split borrowed from the paper's Industry sector only). Confidence: Good."
1003713,INDIANA UNIVERSITY,Other,IN,87562.882,NA,NA,NA,Unresolved -- needs further inspection before mapping,"Unresolved sector ('Other') -- left NA pending further investigation, not a real zero."
1003714,Iroquois Bio Energy Company,Other,IN,80935.446,NA,NA,NA,Unresolved -- needs further inspection before mapping,"Unresolved sector ('Other') -- left NA pending further investigation, not a real zero."
1003716,"Ferroglobe USA Bridgeport, LLC, FKA-TENNESSEE ALLOYS CORPORATION",Metals,AL,158997.676,21783,159475,Industry,Good,"v1 estimate: Hertwich & Wood (2018) 'Industry' sector ratio (1.14x Scope 1 combined, 12%/88% Scope2:Scope3 split borrowed from the paper's Industry sector only). Confidence: Good."
1003718,BENTONITE PERFORMANCE MINERALS LLC LOVELL,Other,WY,37711.178,NA,NA,NA,Unresolved -- needs further inspection before mapping,"Unresolved sector ('Other') -- left NA pending further investigation, not a real zero."
1003722,UNIVERSITY OF DELAWARE,Other,DE,37843.406,NA,NA,NA,Unresolved -- needs further inspection before mapping,"Unresolved sector ('Other') -- left NA pending further investigation, not a real zero."
1003725,FLORIDA GAS TRANSMISSION COMPANY - SILVER SPRINGS,Petroleum and Natural Gas Systems,FL,51055.046,2042,14806,Energy,Good,"v1 estimate: Hertwich & Wood (2018) 'Energy' sector ratio (0.33x Scope 1 combined, 12%/88% Scope2:Scope3 split borrowed from the paper's Industry sector only). Confidence: Good."
1003736,OFS GPRP Custer Gas Plant,Petroleum and Natural Gas Systems,OK,70208.318,2808,20360,Energy,Good,"v1 estimate: Hertwich & Wood (2018) 'Energy' sector ratio (0.33x Scope 1 combined, 12%/88% Scope2:Scope3 split borrowed from the paper's Industry sector only). Confidence: Good."
1003740,DEANS BRIDGE RD MSW LANDFILL,Waste,GA,287480.75,39385,288343,Industry,Weak (no dedicated waste sector in paper),"v1 estimate: Hertwich & Wood (2018) 'Industry' sector ratio (1.14x Scope 1 combined, 12%/88% Scope2:Scope3 split borrowed from the paper's Industry sector only). Confidence: Weak (no dedicated waste sector in paper)."
1003742,31st Street Landfill,Waste,IL,29263.95,4009,29352,Industry,Weak (no dedicated waste sector in paper),"v1 estimate: Hertwich & Wood (2018) 'Industry' sector ratio (1.14x Scope 1 combined, 12%/88% Scope2:Scope3 split borrowed from the paper's Industry sector only). Confidence: Weak (no dedicated waste sector in paper)."
1003748,AIR LIQUIDE LARGE INDUSTRIES US LP - RODEO HYDROGEN PLANT,Chemicals,CA,821122.3,112494,823586,Industry,Good,"v1 estimate: Hertwich & Wood (2018) 'Industry' sector ratio (1.14x Scope 1 combined, 12%/88% Scope2:Scope3 split borrowed from the paper's Industry sector only). Confidence: Good."
1003749,INGEVITY VIRGINIA CORPORATION - CARBON PLANT,Chemicals,KY,80867.896,11079,81110,Industry,Good,"v1 estimate: Hertwich & Wood (2018) 'Industry' sector ratio (1.14x Scope 1 combined, 12%/88% Scope2:Scope3 split borrowed from the paper's Industry sector only). Confidence: Good."
1003752,"ADA Carbon Solutions (Red River), LLC",Chemicals,LA,292347.774,40052,293225,Industry,Good,"v1 estimate: Hertwich & Wood (2018) 'Industry' sector ratio (1.14x Scope 1 combined, 12%/88% Scope2:Scope3 split borrowed from the paper's Industry sector only). Confidence: Good."
1003770,GIANT CEMENT COMPANY,Minerals,SC,499783.106,68470,501282,Industry,Good,"v1 estimate: Hertwich & Wood (2018) 'Industry' sector ratio (1.14x Scope 1 combined, 12%/88% Scope2:Scope3 split borrowed from the paper's Industry sector only). Confidence: Good."
1003779,VALERO RENEWABLE FUELS LLC,Other,SD,201939.44,NA,NA,NA,Unresolved -- needs further inspection before mapping,"Unresolved sector ('Other') -- left NA pending further investigation, not a real zero."
1003781,Orange Carbon Black Plant,Chemicals,TX,173739.456,23802,174261,Industry,Good,"v1 estimate: Hertwich & Wood (2018) 'Industry' sector ratio (1.14x Scope 1 combined, 12%/88% Scope2:Scope3 split borrowed from the paper's Industry sector only). Confidence: Good."
1003812,IOWA CITY SANITARY LANDFILL,Waste,IA,26464.948,3626,26544,Industry,Weak (no dedicated waste sector in paper),"v1 estimate: Hertwich & Wood (2018) 'Industry' sector ratio (1.14x Scope 1 combined, 12%/88% Scope2:Scope3 split borrowed from the paper's Industry sector only). Confidence: Weak (no dedicated waste sector in paper)."
1003814,FINK ROAD LANDFILL,Waste,CA,34776.5,4764,34881,Industry,Weak (no dedicated waste sector in paper),"v1 estimate: Hertwich & Wood (2018) 'Industry' sector ratio (1.14x Scope 1 combined, 12%/88% Scope2:Scope3 split borrowed from the paper's Industry sector only). Confidence: Weak (no dedicated waste sector in paper)."
1003818,BOUNTIFUL SANITARY LANDFILL,Waste,UT,58909.05,8071,59086,Industry,Weak (no dedicated waste sector in paper),"v1 estimate: Hertwich & Wood (2018) 'Industry' sector ratio (1.14x Scope 1 combined, 12%/88% Scope2:Scope3 split borrowed from the paper's Industry sector only). Confidence: Weak (no dedicated waste sector in paper)."
1003819,UNIVERSITY OF MN - TWIN CITIES,Other,MN,202750.912,NA,NA,NA,Unresolved -- needs further inspection before mapping,"Unresolved sector ('Other') -- left NA pending further investigation, not a real zero."
1003829,NORTH AMERICAN SALT CO,Chemicals,KS,57451.284,7871,57624,Industry,Good,"v1 estimate: Hertwich & Wood (2018) 'Industry' sector ratio (1.14x Scope 1 combined, 12%/88% Scope2:Scope3 split borrowed from the paper's Industry sector only). Confidence: Good."
1003834,"POET Biorefining- Menlo, LLC",Other,IA,180626.02,NA,NA,NA,Unresolved -- needs further inspection before mapping,"Unresolved sector ('Other') -- left NA pending further investigation, not a real zero."
1003837,BUSHMILLS ETHANOL INC.,Other,MN,113085.224,NA,NA,NA,Unresolved -- needs further inspection before mapping,"Unresolved sector ('Other') -- left NA pending further investigation, not a real zero."
1003847,"The Goodyear Tire & Rubber Co, Inc",Other,NC,37781.106,NA,NA,NA,Unresolved -- needs further inspection before mapping,"Unresolved sector ('Other') -- left NA pending further investigation, not a real zero."
1003850,"NISSAN NORTH AMERICA, INC.",Other,TN,62102.516,NA,NA,NA,Unresolved -- needs further inspection before mapping,"Unresolved sector ('Other') -- left NA pending further investigation, not a real zero."
1003853,AFTON CHEMICAL CORP,Petroleum and Natural Gas Systems,IL,47111.772,1884,13662,Energy,Good,"v1 estimate: Hertwich & Wood (2018) 'Energy' sector ratio (0.33x Scope 1 combined, 12%/88% Scope2:Scope3 split borrowed from the paper's Industry sector only). Confidence: Good."
1003854,Clayton County SR 3 Lovejoy Landfill,Waste,GA,47286.25,6478,47428,Industry,Weak (no dedicated waste sector in paper),"v1 estimate: Hertwich & Wood (2018) 'Industry' sector ratio (1.14x Scope 1 combined, 12%/88% Scope2:Scope3 split borrowed from the paper's Industry sector only). Confidence: Weak (no dedicated waste sector in paper)."
1003855,LOUIS DREYFUS COMMODITIES GRAND JUNCTION LLC,Other,IA,163738.684,NA,NA,NA,Unresolved -- needs further inspection before mapping,"Unresolved sector ('Other') -- left NA pending further investigation, not a real zero."
1003863,Columbus Pine Grove MSWLF,Waste,GA,97037.5,13294,97329,Industry,Weak (no dedicated waste sector in paper),"v1 estimate: Hertwich & Wood (2018) 'Industry' sector ratio (1.14x Scope 1 combined, 12%/88% Scope2:Scope3 split borrowed from the paper's Industry sector only). Confidence: Weak (no dedicated waste sector in paper)."
1003865,CITY OF MIDLAND MUNICIPAL SOLID WASTE FACILITY,Waste,MI,149628.24,20499,150077,Industry,Weak (no dedicated waste sector in paper),"v1 estimate: Hertwich & Wood (2018) 'Industry' sector ratio (1.14x Scope 1 combined, 12%/88% Scope2:Scope3 split borrowed from the paper's Industry sector only). Confidence: Weak (no dedicated waste sector in paper)."
1003893,HAYES LANDFILL,Waste,IN,79904.9,10947,80145,Industry,Weak (no dedicated waste sector in paper),"v1 estimate: Hertwich & Wood (2018) 'Industry' sector ratio (1.14x Scope 1 combined, 12%/88% Scope2:Scope3 split borrowed from the paper's Industry sector only). Confidence: Weak (no dedicated waste sector in paper)."
1003898,"BRIDGESTONE AMERICAS TIRE OPERATIONS, LLC",Other,IA,41169.244,NA,NA,NA,Unresolved -- needs further inspection before mapping,"Unresolved sector ('Other') -- left NA pending further investigation, not a real zero."
1003899,GREEN LAKE PLANT,Chemicals,TX,325989.75,44661,326968,Industry,Good,"v1 estimate: Hertwich & Wood (2018) 'Industry' sector ratio (1.14x Scope 1 combined, 12%/88% Scope2:Scope3 split borrowed from the paper's Industry sector only). Confidence: Good."
1003901,CENTRAL BI-PRODUCTS - REDWOOD FALLS,Other,MN,27921.098,NA,NA,NA,Unresolved -- needs further inspection before mapping,"Unresolved sector ('Other') -- left NA pending further investigation, not a real zero."
1003902,CF & I STEEL L P/ DBA ROCKY MOUNTAIN STEEL MILLS,Metals,CO,275194.204,37702,276020,Industry,Good,"v1 estimate: Hertwich & Wood (2018) 'Industry' sector ratio (1.14x Scope 1 combined, 12%/88% Scope2:Scope3 split borrowed from the paper's Industry sector only). Confidence: Good."
1003903,"Westlake, Aberdeen",Other,MS,56277.788,NA,NA,NA,Unresolved -- needs further inspection before mapping,"Unresolved sector ('Other') -- left NA pending further investigation, not a real zero."
1003904,TESORO CORPORATION-ANACORTES REFINERY,Petroleum Product Suppliers,WA,1202266.938,48091,348657,Energy,Good,"v1 estimate: Hertwich & Wood (2018) 'Energy' sector ratio (0.33x Scope 1 combined, 12%/88% Scope2:Scope3 split borrowed from the paper's Industry sector only). Confidence: Good."
1003910,AIR LIQUIDE AMERICA CORP,Chemicals,TX,481525,65969,482970,Industry,Good,"v1 estimate: Hertwich & Wood (2018) 'Industry' sector ratio (1.14x Scope 1 combined, 12%/88% Scope2:Scope3 split borrowed from the paper's Industry sector only). Confidence: Good."
1003921,Maxwell Creek Landfill,Waste,TX,68043.75,9322,68248,Industry,Weak (no dedicated waste sector in paper),"v1 estimate: Hertwich & Wood (2018) 'Industry' sector ratio (1.14x Scope 1 combined, 12%/88% Scope2:Scope3 split borrowed from the paper's Industry sector only). Confidence: Weak (no dedicated waste sector in paper)."
1003930,OWENSBORO GRAIN CO,Other,KY,61798.468,NA,NA,NA,Unresolved -- needs further inspection before mapping,"Unresolved sector ('Other') -- left NA pending further investigation, not a real zero."
1003933,Camden County SR 110 MSW Landfill,Waste,GA,100992.5,13836,101295,Industry,Weak (no dedicated waste sector in paper),"v1 estimate: Hertwich & Wood (2018) 'Industry' sector ratio (1.14x Scope 1 combined, 12%/88% Scope2:Scope3 split borrowed from the paper's Industry sector only). Confidence: Weak (no dedicated waste sector in paper)."
1003943,GREIF RIVERVILLE LLC,Pulp and Paper,VA,162500.74,22263,162988,Industry,Good,"v1 estimate: Hertwich & Wood (2018) 'Industry' sector ratio (1.14x Scope 1 combined, 12%/88% Scope2:Scope3 split borrowed from the paper's Industry sector only). Confidence: Good."
1003944,"Total Petrochemicals & Refining USA, Inc.",Other,TX,47961.12,NA,NA,NA,Unresolved -- needs further inspection before mapping,"Unresolved sector ('Other') -- left NA pending further investigation, not a real zero."
1003945,TEXAS INSTRUMENTS NORTH CAMPUS,Other,TX,535084.1103083,NA,NA,NA,Unresolved -- needs further inspection before mapping,"Unresolved sector ('Other') -- left NA pending further investigation, not a real zero."
1003949,CITY OF LOGAN LANDFILL,Waste,UT,58861.2,8064,59038,Industry,Weak (no dedicated waste sector in paper),"v1 estimate: Hertwich & Wood (2018) 'Industry' sector ratio (1.14x Scope 1 combined, 12%/88% Scope2:Scope3 split borrowed from the paper's Industry sector only). Confidence: Weak (no dedicated waste sector in paper)."
1003954,"CIE Norfolk GNS, LLC",Other,NE,61153.62,NA,NA,NA,Unresolved -- needs further inspection before mapping,"Unresolved sector ('Other') -- left NA pending further investigation, not a real zero."
1003955,OFS GPRP Antelope Hills Gas Plant,Petroleum and Natural Gas Systems,OK,27535.176,1101,7985,Energy,Good,"v1 estimate: Hertwich & Wood (2018) 'Energy' sector ratio (0.33x Scope 1 combined, 12%/88% Scope2:Scope3 split borrowed from the paper's Industry sector only). Confidence: Good."
1003962,Cleveland-Cliffs Burns Harbor LLC,Metals,IN,7644163.344,1047250,7667096,Industry,Good,"v1 estimate: Hertwich & Wood (2018) 'Industry' sector ratio (1.14x Scope 1 combined, 12%/88% Scope2:Scope3 split borrowed from the paper's Industry sector only). Confidence: Good."
1003969,COLUMBIA SANITARY LANDFILL,Waste,MO,28457.28,3899,28543,Industry,Weak (no dedicated waste sector in paper),"v1 estimate: Hertwich & Wood (2018) 'Industry' sector ratio (1.14x Scope 1 combined, 12%/88% Scope2:Scope3 split borrowed from the paper's Industry sector only). Confidence: Weak (no dedicated waste sector in paper)."
1003970,"POET Biorefining Shell Rock, LLC.",Other,IA,174101.044,NA,NA,NA,Unresolved -- needs further inspection before mapping,"Unresolved sector ('Other') -- left NA pending further investigation, not a real zero."
1003975,ASCEND PERFORMANCE MATERIALS OPERATIONS LLC,Other,SC,50087.21,NA,NA,NA,Unresolved -- needs further inspection before mapping,"Unresolved sector ('Other') -- left NA pending further investigation, not a real zero."
1003978,ENERGY CENTER SAN FRANCISCO,Power Plants,CA,59256.976,2370,17185,Energy,Good,"v1 estimate: Hertwich & Wood (2018) 'Energy' sector ratio (0.33x Scope 1 combined, 12%/88% Scope2:Scope3 split borrowed from the paper's Industry sector only). Confidence: Good."
1003979,CITY OF ELKO MUNICIPAL LANDFILL,Waste,NV,39308.45,5385,39426,Industry,Weak (no dedicated waste sector in paper),"v1 estimate: Hertwich & Wood (2018) 'Industry' sector ratio (1.14x Scope 1 combined, 12%/88% Scope2:Scope3 split borrowed from the paper's Industry sector only). Confidence: Weak (no dedicated waste sector in paper)."
1003981,SMI STEEL LLC,Metals,AL,95472.52,13080,95759,Industry,Good,"v1 estimate: Hertwich & Wood (2018) 'Industry' sector ratio (1.14x Scope 1 combined, 12%/88% Scope2:Scope3 split borrowed from the paper's Industry sector only). Confidence: Good."
1003993,EL DORADO CHEMICAL COMPANY,Chemicals,AR,1027771.684,140805,1030855,Industry,Good,"v1 estimate: Hertwich & Wood (2018) 'Industry' sector ratio (1.14x Scope 1 combined, 12%/88% Scope2:Scope3 split borrowed from the paper's Industry sector only). Confidence: Good."
1003994,"Sawyer Disposal Services, LLC",Waste,ND,21197.25,2904,21261,Industry,Weak (no dedicated waste sector in paper),"v1 estimate: Hertwich & Wood (2018) 'Industry' sector ratio (1.14x Scope 1 combined, 12%/88% Scope2:Scope3 split borrowed from the paper's Industry sector only). Confidence: Weak (no dedicated waste sector in paper)."
1004011,KELLER CANYON LANDFILL,Waste,CA,135702,18591,136109,Industry,Weak (no dedicated waste sector in paper),"v1 estimate: Hertwich & Wood (2018) 'Industry' sector ratio (1.14x Scope 1 combined, 12%/88% Scope2:Scope3 split borrowed from the paper's Industry sector only). Confidence: Weak (no dedicated waste sector in paper)."
1004014,Jefferson County Landfill No.1,Waste,AL,236177.25,32356,236886,Industry,Weak (no dedicated waste sector in paper),"v1 estimate: Hertwich & Wood (2018) 'Industry' sector ratio (1.14x Scope 1 combined, 12%/88% Scope2:Scope3 split borrowed from the paper's Industry sector only). Confidence: Weak (no dedicated waste sector in paper)."
1004016,Cleveland Clinic,Other,OH,53699.648,NA,NA,NA,Unresolved -- needs further inspection before mapping,"Unresolved sector ('Other') -- left NA pending further investigation, not a real zero."
1004018,"MONUMENT CHEMICAL HOUSTON, LLC",Chemicals,TX,63500.46,8700,63691,Industry,Good,"v1 estimate: Hertwich & Wood (2018) 'Industry' sector ratio (1.14x Scope 1 combined, 12%/88% Scope2:Scope3 split borrowed from the paper's Industry sector only). Confidence: Good."
1004020,CARMEUSE OHIO INC - MAPLEGROVE LIME PLANT,Minerals,OH,485543.888,66520,487001,Industry,Good,"v1 estimate: Hertwich & Wood (2018) 'Industry' sector ratio (1.14x Scope 1 combined, 12%/88% Scope2:Scope3 split borrowed from the paper's Industry sector only). Confidence: Good."
1004022,JBS Swift Beef Company - Greeley Plant,Other,CO,56423.188,NA,NA,NA,Unresolved -- needs further inspection before mapping,"Unresolved sector ('Other') -- left NA pending further investigation, not a real zero."
1004024,WESTROCK (DALLAS MILL),Pulp and Paper,TX,30070.336,4120,30161,Industry,Good,"v1 estimate: Hertwich & Wood (2018) 'Industry' sector ratio (1.14x Scope 1 combined, 12%/88% Scope2:Scope3 split borrowed from the paper's Industry sector only). Confidence: Good."
1004036,CARPENTER TECHNOLOGY,Metals,PA,168154.952,23037,168659,Industry,Good,"v1 estimate: Hertwich & Wood (2018) 'Industry' sector ratio (1.14x Scope 1 combined, 12%/88% Scope2:Scope3 split borrowed from the paper's Industry sector only). Confidence: Good."
1004039,"Nebraska Corn Processing, LLC",Other,NE,51969.004,NA,NA,NA,Unresolved -- needs further inspection before mapping,"Unresolved sector ('Other') -- left NA pending further investigation, not a real zero."
1004040,TEXAS TECH UNIVERSITY,Other,TX,68767.292,NA,NA,NA,Unresolved -- needs further inspection before mapping,"Unresolved sector ('Other') -- left NA pending further investigation, not a real zero."
1004041,TWIN CHIMNEYS LANDFILL,Waste,SC,159378.28,21835,159856,Industry,Weak (no dedicated waste sector in paper),"v1 estimate: Hertwich & Wood (2018) 'Industry' sector ratio (1.14x Scope 1 combined, 12%/88% Scope2:Scope3 split borrowed from the paper's Industry sector only). Confidence: Weak (no dedicated waste sector in paper)."
1004044,GRAND FORKS LANDFILL,Waste,ND,38365.05,5256,38480,Industry,Weak (no dedicated waste sector in paper),"v1 estimate: Hertwich & Wood (2018) 'Industry' sector ratio (1.14x Scope 1 combined, 12%/88% Scope2:Scope3 split borrowed from the paper's Industry sector only). Confidence: Weak (no dedicated waste sector in paper)."
1004053,City of Spokane Waste-to-Energy,Waste,WA,100598.634,13782,100900,Industry,Weak (no dedicated waste sector in paper),"v1 estimate: Hertwich & Wood (2018) 'Industry' sector ratio (1.14x Scope 1 combined, 12%/88% Scope2:Scope3 split borrowed from the paper's Industry sector only). Confidence: Weak (no dedicated waste sector in paper)."
1004055,GEORGIA-PACIFIC TOLEDO LLC,Pulp and Paper,OR,336730.862,46132,337741,Industry,Good,"v1 estimate: Hertwich & Wood (2018) 'Industry' sector ratio (1.14x Scope 1 combined, 12%/88% Scope2:Scope3 split borrowed from the paper's Industry sector only). Confidence: Good."
1004056,LA PAZ COUNTY LANDFILL,Waste,AZ,45304.398,6207,45440,Industry,Weak (no dedicated waste sector in paper),"v1 estimate: Hertwich & Wood (2018) 'Industry' sector ratio (1.14x Scope 1 combined, 12%/88% Scope2:Scope3 split borrowed from the paper's Industry sector only). Confidence: Weak (no dedicated waste sector in paper)."
1004057,DANC SOLID WASTE MANAGEMENT FACILITY,Waste,NY,47808.798,6550,47952,Industry,Weak (no dedicated waste sector in paper),"v1 estimate: Hertwich & Wood (2018) 'Industry' sector ratio (1.14x Scope 1 combined, 12%/88% Scope2:Scope3 split borrowed from the paper's Industry sector only). Confidence: Weak (no dedicated waste sector in paper)."
1004062,US MARINE CORPS BASE CAMP LEJEUNE,Waste,NC,84379.872,11560,84633,Industry,Weak (no dedicated waste sector in paper),"v1 estimate: Hertwich & Wood (2018) 'Industry' sector ratio (1.14x Scope 1 combined, 12%/88% Scope2:Scope3 split borrowed from the paper's Industry sector only). Confidence: Weak (no dedicated waste sector in paper)."
1004071,CONTINENTAL CARBON Sunray Plant,Chemicals,TX,155210.972,21264,155677,Industry,Good,"v1 estimate: Hertwich & Wood (2018) 'Industry' sector ratio (1.14x Scope 1 combined, 12%/88% Scope2:Scope3 split borrowed from the paper's Industry sector only). Confidence: Good."
1004074,ENOREE LANDFILL,Waste,SC,64869.596,8887,65064,Industry,Weak (no dedicated waste sector in paper),"v1 estimate: Hertwich & Wood (2018) 'Industry' sector ratio (1.14x Scope 1 combined, 12%/88% Scope2:Scope3 split borrowed from the paper's Industry sector only). Confidence: Weak (no dedicated waste sector in paper)."
1004079,Poet Biorefining Fairbank LLC,Other,IA,196145.312,NA,NA,NA,Unresolved -- needs further inspection before mapping,"Unresolved sector ('Other') -- left NA pending further investigation, not a real zero."
1004085,Fuyao Glass Illinois Inc.,Minerals,IL,196678.496,26945,197269,Industry,Good,"v1 estimate: Hertwich & Wood (2018) 'Industry' sector ratio (1.14x Scope 1 combined, 12%/88% Scope2:Scope3 split borrowed from the paper's Industry sector only). Confidence: Good."
1004091,"BONANZA BIOENERGY, LLC",Other,KS,56157.288,NA,NA,NA,Unresolved -- needs further inspection before mapping,"Unresolved sector ('Other') -- left NA pending further investigation, not a real zero."
1004094,WHEELABRATOR BALTIMORE LP,Waste,MD,282460.834,38697,283308,Industry,Weak (no dedicated waste sector in paper),"v1 estimate: Hertwich & Wood (2018) 'Industry' sector ratio (1.14x Scope 1 combined, 12%/88% Scope2:Scope3 split borrowed from the paper's Industry sector only). Confidence: Weak (no dedicated waste sector in paper)."
1004097,"MARTIN MARIETTA MAGNESIA SPECIALTIES, LLC",Minerals,OH,1314749.77,180121,1318694,Industry,Good,"v1 estimate: Hertwich & Wood (2018) 'Industry' sector ratio (1.14x Scope 1 combined, 12%/88% Scope2:Scope3 split borrowed from the paper's Industry sector only). Confidence: Good."
1004098,"MARCAL MANUFACTURING, LLC.",Pulp and Paper,NJ,29614.14,4057,29703,Industry,Good,"v1 estimate: Hertwich & Wood (2018) 'Industry' sector ratio (1.14x Scope 1 combined, 12%/88% Scope2:Scope3 split borrowed from the paper's Industry sector only). Confidence: Good."
1004099,CHARLESTON COUNTY LANDFILL,Waste,SC,122935.25,16842,123304,Industry,Weak (no dedicated waste sector in paper),"v1 estimate: Hertwich & Wood (2018) 'Industry' sector ratio (1.14x Scope 1 combined, 12%/88% Scope2:Scope3 split borrowed from the paper's Industry sector only). Confidence: Weak (no dedicated waste sector in paper)."
1004102,VANDERBILT UNIVERSITY,Other,TN,117988.304,NA,NA,NA,Unresolved -- needs further inspection before mapping,"Unresolved sector ('Other') -- left NA pending further investigation, not a real zero."
1004103,"POET RESEARCH CENTER, INC.",Other,SD,16315.788,NA,NA,NA,Unresolved -- needs further inspection before mapping,"Unresolved sector ('Other') -- left NA pending further investigation, not a real zero."
1004105,"BUNGE NORTH AMERICA, INC.",Other,KS,32615.528,NA,NA,NA,Unresolved -- needs further inspection before mapping,"Unresolved sector ('Other') -- left NA pending further investigation, not a real zero."
1004110,West Frenchie Draw Amine Plant,Petroleum and Natural Gas Systems,WY,29379.238,1175,8520,Energy,Good,"v1 estimate: Hertwich & Wood (2018) 'Energy' sector ratio (0.33x Scope 1 combined, 12%/88% Scope2:Scope3 split borrowed from the paper's Industry sector only). Confidence: Good."
1004119,HAROLD J LANDRY LANDFILL,Waste,LA,117053.5,16036,117405,Industry,Weak (no dedicated waste sector in paper),"v1 estimate: Hertwich & Wood (2018) 'Industry' sector ratio (1.14x Scope 1 combined, 12%/88% Scope2:Scope3 split borrowed from the paper's Industry sector only). Confidence: Weak (no dedicated waste sector in paper)."
1004130,HOUSTON REFINING,Petroleum Product Suppliers,TX,1930871.36,77235,559953,Energy,Good,"v1 estimate: Hertwich & Wood (2018) 'Energy' sector ratio (0.33x Scope 1 combined, 12%/88% Scope2:Scope3 split borrowed from the paper's Industry sector only). Confidence: Good."
1004132,CITY OF FLAGSTAFF - CINDER LAKE LANDFILL,Waste,AZ,98814,13538,99110,Industry,Weak (no dedicated waste sector in paper),"v1 estimate: Hertwich & Wood (2018) 'Industry' sector ratio (1.14x Scope 1 combined, 12%/88% Scope2:Scope3 split borrowed from the paper's Industry sector only). Confidence: Weak (no dedicated waste sector in paper)."
1004136,COVATION BIOMATERIALS KINSTON SITE,Other,NC,34955.468,NA,NA,NA,Unresolved -- needs further inspection before mapping,"Unresolved sector ('Other') -- left NA pending further investigation, not a real zero."
1004144,XTO - New Teague Plant,Petroleum and Natural Gas Systems,TX,42016.834,1681,12185,Energy,Good,"v1 estimate: Hertwich & Wood (2018) 'Energy' sector ratio (0.33x Scope 1 combined, 12%/88% Scope2:Scope3 split borrowed from the paper's Industry sector only). Confidence: Good."
1004149,PORTER LANDFILL,Waste,OK,26478.5,3628,26558,Industry,Weak (no dedicated waste sector in paper),"v1 estimate: Hertwich & Wood (2018) 'Industry' sector ratio (1.14x Scope 1 combined, 12%/88% Scope2:Scope3 split borrowed from the paper's Industry sector only). Confidence: Weak (no dedicated waste sector in paper)."
1004152,NUCOR STEEL BIRMINGHAM INC,Metals,AL,78877.922,10806,79115,Industry,Good,"v1 estimate: Hertwich & Wood (2018) 'Industry' sector ratio (1.14x Scope 1 combined, 12%/88% Scope2:Scope3 split borrowed from the paper's Industry sector only). Confidence: Good."
1004155,SUBARU of INDIANA AUTOMOTIVE INCORPORATED,Other,IN,49356.264,NA,NA,NA,Unresolved -- needs further inspection before mapping,"Unresolved sector ('Other') -- left NA pending further investigation, not a real zero."
1004161,COLUMBIA GAS FILES CREEK COMPRESSOR STATION,Petroleum and Natural Gas Systems,WV,55040.756,2202,15962,Energy,Good,"v1 estimate: Hertwich & Wood (2018) 'Energy' sector ratio (0.33x Scope 1 combined, 12%/88% Scope2:Scope3 split borrowed from the paper's Industry sector only). Confidence: Good."
1004165,"IROQUOIS GAS TRANSMISSION SYSTEM, L.P. - BROOKFIELD COMPRESSOR STATION",Petroleum and Natural Gas Systems,CT,50539.012,2022,14656,Energy,Good,"v1 estimate: Hertwich & Wood (2018) 'Energy' sector ratio (0.33x Scope 1 combined, 12%/88% Scope2:Scope3 split borrowed from the paper's Industry sector only). Confidence: Good."
1004168,COLUMBIA GULF TRANSMISSION CO - DELHI COMPRESSOR STATION,Petroleum and Natural Gas Systems,LA,118953.224,4758,34496,Energy,Good,"v1 estimate: Hertwich & Wood (2018) 'Energy' sector ratio (0.33x Scope 1 combined, 12%/88% Scope2:Scope3 split borrowed from the paper's Industry sector only). Confidence: Good."
1004171,BALL STATE UNIVERSITY,Other,IN,19020.328,NA,NA,NA,Unresolved -- needs further inspection before mapping,"Unresolved sector ('Other') -- left NA pending further investigation, not a real zero."
1004174,NEVADA CEMENT COMPANY,Minerals,NV,385164.99,52768,386320,Industry,Good,"v1 estimate: Hertwich & Wood (2018) 'Industry' sector ratio (1.14x Scope 1 combined, 12%/88% Scope2:Scope3 split borrowed from the paper's Industry sector only). Confidence: Good."
1004183,"CF Industries Nitrogen, LLC - Yazoo City Facility",Chemicals,MS,2433916.714,333447,2441218,Industry,Good,"v1 estimate: Hertwich & Wood (2018) 'Industry' sector ratio (1.14x Scope 1 combined, 12%/88% Scope2:Scope3 split borrowed from the paper's Industry sector only). Confidence: Good."
1004187,"Carmeuse Lime, Inc. Buffington",Minerals,IN,896322.774,122796,899012,Industry,Good,"v1 estimate: Hertwich & Wood (2018) 'Industry' sector ratio (1.14x Scope 1 combined, 12%/88% Scope2:Scope3 split borrowed from the paper's Industry sector only). Confidence: Good."
1004191,NOVELIS ALUMINUM CORPORATION,Metals,KY,56053.588,7679,56222,Industry,Good,"v1 estimate: Hertwich & Wood (2018) 'Industry' sector ratio (1.14x Scope 1 combined, 12%/88% Scope2:Scope3 split borrowed from the paper's Industry sector only). Confidence: Good."
1004205,"CAMPBELL SOUP SUPPLY COMPANY, LLC DBA DIXON CANNING CORP.",Other,CA,38238.156,NA,NA,NA,Unresolved -- needs further inspection before mapping,"Unresolved sector ('Other') -- left NA pending further investigation, not a real zero."
1004206,3M Chemical Operations' Decatur Facility,Chemicals,AL,37564.427924,5146,37677,Industry,Good,"v1 estimate: Hertwich & Wood (2018) 'Industry' sector ratio (1.14x Scope 1 combined, 12%/88% Scope2:Scope3 split borrowed from the paper's Industry sector only). Confidence: Good."
1004211,HF Sinclair Puget Sound Refining LLC,Petroleum Product Suppliers,WA,1900998.896,76040,551290,Energy,Good,"v1 estimate: Hertwich & Wood (2018) 'Energy' sector ratio (0.33x Scope 1 combined, 12%/88% Scope2:Scope3 split borrowed from the paper's Industry sector only). Confidence: Good."
1004220,COOPER TIRE AND RUBBER CO *,Other,OH,44700.132,NA,NA,NA,Unresolved -- needs further inspection before mapping,"Unresolved sector ('Other') -- left NA pending further investigation, not a real zero."
1004222,Essity Professional Hygiene North America LLC,Pulp and Paper,WI,63906.76,8755,64098,Industry,Good,"v1 estimate: Hertwich & Wood (2018) 'Industry' sector ratio (1.14x Scope 1 combined, 12%/88% Scope2:Scope3 split borrowed from the paper's Industry sector only). Confidence: Good."
1004223,CLOVIS REGIONAL SOLID WASTE FACILITY,Waste,NM,46711.75,6400,46852,Industry,Weak (no dedicated waste sector in paper),"v1 estimate: Hertwich & Wood (2018) 'Industry' sector ratio (1.14x Scope 1 combined, 12%/88% Scope2:Scope3 split borrowed from the paper's Industry sector only). Confidence: Weak (no dedicated waste sector in paper)."
1004225,Cardinal FG Company,Minerals,WA,107117.576,14675,107439,Industry,Good,"v1 estimate: Hertwich & Wood (2018) 'Industry' sector ratio (1.14x Scope 1 combined, 12%/88% Scope2:Scope3 split borrowed from the paper's Industry sector only). Confidence: Good."
1004230,"POET Biorefining - Preston, LLC",Other,MN,77680.608,NA,NA,NA,Unresolved -- needs further inspection before mapping,"Unresolved sector ('Other') -- left NA pending further investigation, not a real zero."
1004233,"Atlantis, MMS Platform ID 02481, Complex ID 1223-1",Petroleum and Natural Gas Systems,LA,256467.728,10259,74376,Energy,Good,"v1 estimate: Hertwich & Wood (2018) 'Energy' sector ratio (0.33x Scope 1 combined, 12%/88% Scope2:Scope3 split borrowed from the paper's Industry sector only). Confidence: Good."
1004239,UTILITY PLANTS SECTION,Power Plants,AK,304842.338,12194,88404,Energy,Good,"v1 estimate: Hertwich & Wood (2018) 'Energy' sector ratio (0.33x Scope 1 combined, 12%/88% Scope2:Scope3 split borrowed from the paper's Industry sector only). Confidence: Good."
1004244,WHEELABRATOR WESTCHESTER LP,Waste,NY,297789.814,40797,298683,Industry,Weak (no dedicated waste sector in paper),"v1 estimate: Hertwich & Wood (2018) 'Industry' sector ratio (1.14x Scope 1 combined, 12%/88% Scope2:Scope3 split borrowed from the paper's Industry sector only). Confidence: Weak (no dedicated waste sector in paper)."
1004249,MERCEDES-BENZ US INTERNATIONAL INC,Other,AL,42141.392,NA,NA,NA,Unresolved -- needs further inspection before mapping,"Unresolved sector ('Other') -- left NA pending further investigation, not a real zero."
1004252,JOHNSTON COUNTY MSW LANDFILL,Waste,NC,98907.25,13550,99204,Industry,Weak (no dedicated waste sector in paper),"v1 estimate: Hertwich & Wood (2018) 'Industry' sector ratio (1.14x Scope 1 combined, 12%/88% Scope2:Scope3 split borrowed from the paper's Industry sector only). Confidence: Weak (no dedicated waste sector in paper)."
1004254,CAMPBELL SOUP COMPANY (0335010105),Other,OH,79401.452,NA,NA,NA,Unresolved -- needs further inspection before mapping,"Unresolved sector ('Other') -- left NA pending further investigation, not a real zero."
1004259,STRUCTURAL METALS INC,Metals,TX,213757.176,29285,214398,Industry,Good,"v1 estimate: Hertwich & Wood (2018) 'Industry' sector ratio (1.14x Scope 1 combined, 12%/88% Scope2:Scope3 split borrowed from the paper's Industry sector only). Confidence: Good."
1004266,UNIVERSITY OF CONNECTICUT,Other,CT,95455.93,NA,NA,NA,Unresolved -- needs further inspection before mapping,"Unresolved sector ('Other') -- left NA pending further investigation, not a real zero."
1004269,Spearman Gas Processing Plant,Petroleum and Natural Gas Systems,TX,43948.862,1758,12745,Energy,Good,"v1 estimate: Hertwich & Wood (2018) 'Energy' sector ratio (0.33x Scope 1 combined, 12%/88% Scope2:Scope3 split borrowed from the paper's Industry sector only). Confidence: Good."
1004270,CAPITOL CEMENT PLANT,Minerals,TX,492032.354,67408,493508,Industry,Good,"v1 estimate: Hertwich & Wood (2018) 'Industry' sector ratio (1.14x Scope 1 combined, 12%/88% Scope2:Scope3 split borrowed from the paper's Industry sector only). Confidence: Good."
1004271,WESTERN ILLINOIS UNIVERSITY,Other,IL,23210.912,NA,NA,NA,Unresolved -- needs further inspection before mapping,"Unresolved sector ('Other') -- left NA pending further investigation, not a real zero."
1004272,PG&E HINKLEY COMPRESSOR STATION,Petroleum and Natural Gas Systems,CA,59971.538,2399,17392,Energy,Good,"v1 estimate: Hertwich & Wood (2018) 'Energy' sector ratio (0.33x Scope 1 combined, 12%/88% Scope2:Scope3 split borrowed from the paper's Industry sector only). Confidence: Good."
1004274,FutureFuel Chemical Company,Chemicals,AR,164909.444,22593,165404,Industry,Good,"v1 estimate: Hertwich & Wood (2018) 'Industry' sector ratio (1.14x Scope 1 combined, 12%/88% Scope2:Scope3 split borrowed from the paper's Industry sector only). Confidence: Good."
1004276,CHS-Rochelle,Other,IL,192859.218,NA,NA,NA,Unresolved -- needs further inspection before mapping,"Unresolved sector ('Other') -- left NA pending further investigation, not a real zero."
1004279,"WHEELABRATOR GLOUCESTER COMPANY, L.P.",Waste,NJ,65373.226,8956,65569,Industry,Weak (no dedicated waste sector in paper),"v1 estimate: Hertwich & Wood (2018) 'Industry' sector ratio (1.14x Scope 1 combined, 12%/88% Scope2:Scope3 split borrowed from the paper's Industry sector only). Confidence: Weak (no dedicated waste sector in paper)."
1004283,Wheelabrator Bridgeport L.P.,Waste,CT,309543.362,42407,310472,Industry,Weak (no dedicated waste sector in paper),"v1 estimate: Hertwich & Wood (2018) 'Industry' sector ratio (1.14x Scope 1 combined, 12%/88% Scope2:Scope3 split borrowed from the paper's Industry sector only). Confidence: Weak (no dedicated waste sector in paper)."
1004288,PINNACLE ETHANOL LLC d/b/a POET BIOREFINING - CORNING,Other,IA,110032.736,NA,NA,NA,Unresolved -- needs further inspection before mapping,"Unresolved sector ('Other') -- left NA pending further investigation, not a real zero."
1004291,HF SINCLAIR EL DORADO REFINING LLC,Chemicals,KS,1851451.162,253649,1857006,Industry,Good,"v1 estimate: Hertwich & Wood (2018) 'Industry' sector ratio (1.14x Scope 1 combined, 12%/88% Scope2:Scope3 split borrowed from the paper's Industry sector only). Confidence: Good."
1004292,Weyerhaeuser NR- Columbia Falls,Other,MT,40706.242,NA,NA,NA,Unresolved -- needs further inspection before mapping,"Unresolved sector ('Other') -- left NA pending further investigation, not a real zero."
1004295,PRATT & WHITNEY MIDDLETOWN,Other,CT,31813.526,NA,NA,NA,Unresolved -- needs further inspection before mapping,"Unresolved sector ('Other') -- left NA pending further investigation, not a real zero."
1004300,Onsemi East Fishkill Facility,Other,NY,127631.3529204,NA,NA,NA,Unresolved -- needs further inspection before mapping,"Unresolved sector ('Other') -- left NA pending further investigation, not a real zero."
1004302,Beaver Gas Plant,Petroleum and Natural Gas Systems,OK,55504.986,2220,16096,Energy,Good,"v1 estimate: Hertwich & Wood (2018) 'Energy' sector ratio (0.33x Scope 1 combined, 12%/88% Scope2:Scope3 split borrowed from the paper's Industry sector only). Confidence: Good."
1004305,Phillips 66 BAYWAY REFINERY,Chemicals,NJ,2112076.454,289354,2118413,Industry,Good,"v1 estimate: Hertwich & Wood (2018) 'Industry' sector ratio (1.14x Scope 1 combined, 12%/88% Scope2:Scope3 split borrowed from the paper's Industry sector only). Confidence: Good."
1004307,ALBEMARLE CORPORATION-SOUTH PLANT,Chemicals,AR,73523.124,10073,73744,Industry,Good,"v1 estimate: Hertwich & Wood (2018) 'Industry' sector ratio (1.14x Scope 1 combined, 12%/88% Scope2:Scope3 split borrowed from the paper's Industry sector only). Confidence: Good."
1004313,Worthington Landfill,Waste,IN,35132.75,4813,35238,Industry,Weak (no dedicated waste sector in paper),"v1 estimate: Hertwich & Wood (2018) 'Industry' sector ratio (1.14x Scope 1 combined, 12%/88% Scope2:Scope3 split borrowed from the paper's Industry sector only). Confidence: Weak (no dedicated waste sector in paper)."
1004315,"MITSUBISHI CHEMICAL AMERICA, INC. - POLYESTER FILM DIVISION",Other,SC,30446.836,NA,NA,NA,Unresolved -- needs further inspection before mapping,"Unresolved sector ('Other') -- left NA pending further investigation, not a real zero."
1004317,General Motors LLC Wentzville,Other,MO,69168.64,NA,NA,NA,Unresolved -- needs further inspection before mapping,"Unresolved sector ('Other') -- left NA pending further investigation, not a real zero."
1004325,"MICRON TECHNOLOGY, INC.",Other,ID,60486.195,NA,NA,NA,Unresolved -- needs further inspection before mapping,"Unresolved sector ('Other') -- left NA pending further investigation, not a real zero."
1004328,JANESVILLE CITY/ROCK COUNTY LANDFILL,Waste,WI,143192.5,19617,143622,Industry,Weak (no dedicated waste sector in paper),"v1 estimate: Hertwich & Wood (2018) 'Industry' sector ratio (1.14x Scope 1 combined, 12%/88% Scope2:Scope3 split borrowed from the paper's Industry sector only). Confidence: Weak (no dedicated waste sector in paper)."
1004332,GREEN PLAINS SHENANDOAH LLC,Other,IA,101170.12,NA,NA,NA,Unresolved -- needs further inspection before mapping,"Unresolved sector ('Other') -- left NA pending further investigation, not a real zero."
1004335,ALL PURPOSE LANDFILL,Waste,CA,39544,5418,39663,Industry,Weak (no dedicated waste sector in paper),"v1 estimate: Hertwich & Wood (2018) 'Industry' sector ratio (1.14x Scope 1 combined, 12%/88% Scope2:Scope3 split borrowed from the paper's Industry sector only). Confidence: Weak (no dedicated waste sector in paper)."
1004340,"PCS NITROGEN FERTILIZER, L.P.",Chemicals,GA,1566702.416,214638,1571403,Industry,Good,"v1 estimate: Hertwich & Wood (2018) 'Industry' sector ratio (1.14x Scope 1 combined, 12%/88% Scope2:Scope3 split borrowed from the paper's Industry sector only). Confidence: Good."
1004343,Pfizer,Chemicals,MA,47362.816,6489,47505,Industry,Good,"v1 estimate: Hertwich & Wood (2018) 'Industry' sector ratio (1.14x Scope 1 combined, 12%/88% Scope2:Scope3 split borrowed from the paper's Industry sector only). Confidence: Good."
1004345,ELEMENT RESOURCES-GARFIELD FACILITY LLC,Metals,IN,44386.692,6081,44520,Industry,Good,"v1 estimate: Hertwich & Wood (2018) 'Industry' sector ratio (1.14x Scope 1 combined, 12%/88% Scope2:Scope3 split borrowed from the paper's Industry sector only). Confidence: Good."
1004347,Pike Co. Landfill,Waste,KY,47953,6570,48097,Industry,Weak (no dedicated waste sector in paper),"v1 estimate: Hertwich & Wood (2018) 'Industry' sector ratio (1.14x Scope 1 combined, 12%/88% Scope2:Scope3 split borrowed from the paper's Industry sector only). Confidence: Weak (no dedicated waste sector in paper)."
1004356,Columbia Gas Transmission LLC Kenova CS,Petroleum and Natural Gas Systems,WV,27472.734,1099,7967,Energy,Good,"v1 estimate: Hertwich & Wood (2018) 'Energy' sector ratio (0.33x Scope 1 combined, 12%/88% Scope2:Scope3 split borrowed from the paper's Industry sector only). Confidence: Good."
1004357,Columbia Gas Transmission LLC Lost River CS,Petroleum and Natural Gas Systems,WV,93242.72,3730,27040,Energy,Good,"v1 estimate: Hertwich & Wood (2018) 'Energy' sector ratio (0.33x Scope 1 combined, 12%/88% Scope2:Scope3 split borrowed from the paper's Industry sector only). Confidence: Good."
1004365,TROPICANA MANUFACTURING CO INC,Other,FL,126879.382,NA,NA,NA,Unresolved -- needs further inspection before mapping,"Unresolved sector ('Other') -- left NA pending further investigation, not a real zero."
1004368,INEOS CHOCOLATE BAYOU PLANT,Chemicals,TX,2510015.376,343872,2517545,Industry,Good,"v1 estimate: Hertwich & Wood (2018) 'Industry' sector ratio (1.14x Scope 1 combined, 12%/88% Scope2:Scope3 split borrowed from the paper's Industry sector only). Confidence: Good."
1004373,UNIVERSITY OF NOTRE DAME,Other,IN,122566.19,NA,NA,NA,Unresolved -- needs further inspection before mapping,"Unresolved sector ('Other') -- left NA pending further investigation, not a real zero."
1004375,CARMEUSE LIME & STONE ROCKWELL OPERATION,Minerals,WI,160190.21,21946,160671,Industry,Good,"v1 estimate: Hertwich & Wood (2018) 'Industry' sector ratio (1.14x Scope 1 combined, 12%/88% Scope2:Scope3 split borrowed from the paper's Industry sector only). Confidence: Good."
1004381,"Coffeyville Resources Refining & Marketing, LLC",Chemicals,KS,1000741.05,137102,1003743,Industry,Good,"v1 estimate: Hertwich & Wood (2018) 'Industry' sector ratio (1.14x Scope 1 combined, 12%/88% Scope2:Scope3 split borrowed from the paper's Industry sector only). Confidence: Good."
1004382,Carthage,Petroleum and Natural Gas Systems,TX,82000.654,3280,23780,Energy,Good,"v1 estimate: Hertwich & Wood (2018) 'Energy' sector ratio (0.33x Scope 1 combined, 12%/88% Scope2:Scope3 split borrowed from the paper's Industry sector only). Confidence: Good."
1004384,Hidden Valley Landfill,Waste,WA,5313,728,5329,Industry,Weak (no dedicated waste sector in paper),"v1 estimate: Hertwich & Wood (2018) 'Industry' sector ratio (1.14x Scope 1 combined, 12%/88% Scope2:Scope3 split borrowed from the paper's Industry sector only). Confidence: Weak (no dedicated waste sector in paper)."
1004385,Central Plains Cement Company LLC,Minerals,MO,745107.296,102080,747343,Industry,Good,"v1 estimate: Hertwich & Wood (2018) 'Industry' sector ratio (1.14x Scope 1 combined, 12%/88% Scope2:Scope3 split borrowed from the paper's Industry sector only). Confidence: Good."
1004386,MISSISSIPPI LIME COMPANY,Minerals,MO,2525594.148,346006,2533171,Industry,Good,"v1 estimate: Hertwich & Wood (2018) 'Industry' sector ratio (1.14x Scope 1 combined, 12%/88% Scope2:Scope3 split borrowed from the paper's Industry sector only). Confidence: Good."
1004388,GEORGIA INSTITUTE OF TECHNOLOGY,Other,GA,33909.072,NA,NA,NA,Unresolved -- needs further inspection before mapping,"Unresolved sector ('Other') -- left NA pending further investigation, not a real zero."
1004412,GE GLOBAL RESEARCH CENTER,Other,NY,18259.29,NA,NA,NA,Unresolved -- needs further inspection before mapping,"Unresolved sector ('Other') -- left NA pending further investigation, not a real zero."
1004423,City of Greenville Closed Landfill,Waste,SC,23786.75,3259,23858,Industry,Weak (no dedicated waste sector in paper),"v1 estimate: Hertwich & Wood (2018) 'Industry' sector ratio (1.14x Scope 1 combined, 12%/88% Scope2:Scope3 split borrowed from the paper's Industry sector only). Confidence: Weak (no dedicated waste sector in paper)."
1004434,Carpenter Technology - Latrobe Operations,Metals,PA,61338.532,8403,61523,Industry,Good,"v1 estimate: Hertwich & Wood (2018) 'Industry' sector ratio (1.14x Scope 1 combined, 12%/88% Scope2:Scope3 split borrowed from the paper's Industry sector only). Confidence: Good."
1004442,Air Products LLC - Corpus Christi,Chemicals,TX,160648,22009,161130,Industry,Good,"v1 estimate: Hertwich & Wood (2018) 'Industry' sector ratio (1.14x Scope 1 combined, 12%/88% Scope2:Scope3 split borrowed from the paper's Industry sector only). Confidence: Good."
1004459,WYOMING REFINING COMPANY,Petroleum Product Suppliers,WY,156346.336,6254,45340,Energy,Good,"v1 estimate: Hertwich & Wood (2018) 'Energy' sector ratio (0.33x Scope 1 combined, 12%/88% Scope2:Scope3 split borrowed from the paper's Industry sector only). Confidence: Good."
1004465,American Canyon Landfill,Waste,CA,33076.5,4531,33176,Industry,Weak (no dedicated waste sector in paper),"v1 estimate: Hertwich & Wood (2018) 'Industry' sector ratio (1.14x Scope 1 combined, 12%/88% Scope2:Scope3 split borrowed from the paper's Industry sector only). Confidence: Weak (no dedicated waste sector in paper)."
1004467,OHIO COUNTY BALEFILL LANDFILL,Waste,KY,30310.65,4153,30402,Industry,Weak (no dedicated waste sector in paper),"v1 estimate: Hertwich & Wood (2018) 'Industry' sector ratio (1.14x Scope 1 combined, 12%/88% Scope2:Scope3 split borrowed from the paper's Industry sector only). Confidence: Weak (no dedicated waste sector in paper)."
1004470,CATERPILLAR INCORPORATED,Other,IN,33561.97,NA,NA,NA,Unresolved -- needs further inspection before mapping,"Unresolved sector ('Other') -- left NA pending further investigation, not a real zero."
1004478,"USS-UPI, LLC",Metals,CA,28086.444,3848,28171,Industry,Good,"v1 estimate: Hertwich & Wood (2018) 'Industry' sector ratio (1.14x Scope 1 combined, 12%/88% Scope2:Scope3 split borrowed from the paper's Industry sector only). Confidence: Good."
1004480,MISSISSIPPI COUNTY LANDFILL,Waste,AR,95717.45,13113,96005,Industry,Weak (no dedicated waste sector in paper),"v1 estimate: Hertwich & Wood (2018) 'Industry' sector ratio (1.14x Scope 1 combined, 12%/88% Scope2:Scope3 split borrowed from the paper's Industry sector only). Confidence: Weak (no dedicated waste sector in paper)."
1004485,UNION COUNTY REGIONAL MSW LANDFILL,Waste,SC,141816,19429,142241,Industry,Weak (no dedicated waste sector in paper),"v1 estimate: Hertwich & Wood (2018) 'Industry' sector ratio (1.14x Scope 1 combined, 12%/88% Scope2:Scope3 split borrowed from the paper's Industry sector only). Confidence: Weak (no dedicated waste sector in paper)."
1004491,CHARLES M HINTON JR REGIONAL LANDFILL,Waste,TX,282235.45,38666,283082,Industry,Weak (no dedicated waste sector in paper),"v1 estimate: Hertwich & Wood (2018) 'Industry' sector ratio (1.14x Scope 1 combined, 12%/88% Scope2:Scope3 split borrowed from the paper's Industry sector only). Confidence: Weak (no dedicated waste sector in paper)."
1004492,WESTHOLLOW TECHNOLOGY CENTER,Other,TX,19917.776,NA,NA,NA,Unresolved -- needs further inspection before mapping,"Unresolved sector ('Other') -- left NA pending further investigation, not a real zero."
1004493,GERDAU AMERISTEEL,Metals,TN,88005.124,12057,88269,Industry,Good,"v1 estimate: Hertwich & Wood (2018) 'Industry' sector ratio (1.14x Scope 1 combined, 12%/88% Scope2:Scope3 split borrowed from the paper's Industry sector only). Confidence: Good."
1004499,Chaco Gas Plant,Petroleum and Natural Gas Systems,NM,335243.11,13410,97221,Energy,Good,"v1 estimate: Hertwich & Wood (2018) 'Energy' sector ratio (0.33x Scope 1 combined, 12%/88% Scope2:Scope3 split borrowed from the paper's Industry sector only). Confidence: Good."
1004500,ESSITY PROFESSIONAL HYGIENE NORTH AMERICA LLC BARTON OPERATIONS,Pulp and Paper,AL,67703.146,9275,67906,Industry,Good,"v1 estimate: Hertwich & Wood (2018) 'Industry' sector ratio (1.14x Scope 1 combined, 12%/88% Scope2:Scope3 split borrowed from the paper's Industry sector only). Confidence: Good."
1004504,ISP LIMA LLC,Chemicals,OH,92551.402,12680,92829,Industry,Good,"v1 estimate: Hertwich & Wood (2018) 'Industry' sector ratio (1.14x Scope 1 combined, 12%/88% Scope2:Scope3 split borrowed from the paper's Industry sector only). Confidence: Good."
1004511,ABC COKE,Metals,AL,159778.754,21890,160258,Industry,Good,"v1 estimate: Hertwich & Wood (2018) 'Industry' sector ratio (1.14x Scope 1 combined, 12%/88% Scope2:Scope3 split borrowed from the paper's Industry sector only). Confidence: Good."
1004517,MISSISSIPPI LIME CO - VERONA PLANT,Minerals,KY,322597.484,44196,323565,Industry,Good,"v1 estimate: Hertwich & Wood (2018) 'Industry' sector ratio (1.14x Scope 1 combined, 12%/88% Scope2:Scope3 split borrowed from the paper's Industry sector only). Confidence: Good."
1004520,NORTHWESTERN UNIVERSITY,Other,IL,74623.42,NA,NA,NA,Unresolved -- needs further inspection before mapping,"Unresolved sector ('Other') -- left NA pending further investigation, not a real zero."
1004521,OXBOW CALCINING LLC,Petroleum and Natural Gas Systems,OK,352611.478,14104,102257,Energy,Good,"v1 estimate: Hertwich & Wood (2018) 'Energy' sector ratio (0.33x Scope 1 combined, 12%/88% Scope2:Scope3 split borrowed from the paper's Industry sector only). Confidence: Good."
1004528,JIM BEAM BRANDS COMPANY,Other,KY,52992.51,NA,NA,NA,Unresolved -- needs further inspection before mapping,"Unresolved sector ('Other') -- left NA pending further investigation, not a real zero."
1004529,JIM BEAM BRANDS COMPANY,Other,KY,28006.944,NA,NA,NA,Unresolved -- needs further inspection before mapping,"Unresolved sector ('Other') -- left NA pending further investigation, not a real zero."
1004530,"MGPI of Indiana, LLC",Other,IN,65360.604,NA,NA,NA,Unresolved -- needs further inspection before mapping,"Unresolved sector ('Other') -- left NA pending further investigation, not a real zero."
1004531,"WHEELABRATOR SOUTH BROWARD, INC - RESOURCE RECOVERY FACILITY",Waste,FL,289415.078,39650,290283,Industry,Weak (no dedicated waste sector in paper),"v1 estimate: Hertwich & Wood (2018) 'Industry' sector ratio (1.14x Scope 1 combined, 12%/88% Scope2:Scope3 split borrowed from the paper's Industry sector only). Confidence: Weak (no dedicated waste sector in paper)."
1004536,"Greif Packaging, LLC",Pulp and Paper,OH,64836.356,8883,65031,Industry,Good,"v1 estimate: Hertwich & Wood (2018) 'Industry' sector ratio (1.14x Scope 1 combined, 12%/88% Scope2:Scope3 split borrowed from the paper's Industry sector only). Confidence: Good."
1004540,Wheelabrator Lisbon Inc.,Waste,CT,75615.104,10359,75842,Industry,Weak (no dedicated waste sector in paper),"v1 estimate: Hertwich & Wood (2018) 'Industry' sector ratio (1.14x Scope 1 combined, 12%/88% Scope2:Scope3 split borrowed from the paper's Industry sector only). Confidence: Weak (no dedicated waste sector in paper)."
1004541,Morris Community Landfill,Waste,IL,38122.5,5223,38237,Industry,Weak (no dedicated waste sector in paper),"v1 estimate: Hertwich & Wood (2018) 'Industry' sector ratio (1.14x Scope 1 combined, 12%/88% Scope2:Scope3 split borrowed from the paper's Industry sector only). Confidence: Weak (no dedicated waste sector in paper)."
1004542,Wieland Rolled Products North America,Metals,IL,27292.826,3739,27375,Industry,Good,"v1 estimate: Hertwich & Wood (2018) 'Industry' sector ratio (1.14x Scope 1 combined, 12%/88% Scope2:Scope3 split borrowed from the paper's Industry sector only). Confidence: Good."
1004544,"ROLLING MEADOWS LANDFILL, INC.",Waste,AR,151944,20816,152400,Industry,Weak (no dedicated waste sector in paper),"v1 estimate: Hertwich & Wood (2018) 'Industry' sector ratio (1.14x Scope 1 combined, 12%/88% Scope2:Scope3 split borrowed from the paper's Industry sector only). Confidence: Weak (no dedicated waste sector in paper)."
1004551,Blacks Fork Gas Plant,Natural Gas and Natural Gas Liquids Suppliers,WY,112470.88,4499,32617,Energy,Good,"v1 estimate: Hertwich & Wood (2018) 'Energy' sector ratio (0.33x Scope 1 combined, 12%/88% Scope2:Scope3 split borrowed from the paper's Industry sector only). Confidence: Good."
1004561,FORT WORTH REGIONAL LANDFILL,Waste,TX,2200.75,302,2207,Industry,Weak (no dedicated waste sector in paper),"v1 estimate: Hertwich & Wood (2018) 'Industry' sector ratio (1.14x Scope 1 combined, 12%/88% Scope2:Scope3 split borrowed from the paper's Industry sector only). Confidence: Weak (no dedicated waste sector in paper)."
1004571,Cheney Lime and Cement Company,Minerals,AL,494756.588,67782,496241,Industry,Good,"v1 estimate: Hertwich & Wood (2018) 'Industry' sector ratio (1.14x Scope 1 combined, 12%/88% Scope2:Scope3 split borrowed from the paper's Industry sector only). Confidence: Good."
1004572,MCKAY BAY FACILITY,Waste,FL,126880.668,17383,127261,Industry,Weak (no dedicated waste sector in paper),"v1 estimate: Hertwich & Wood (2018) 'Industry' sector ratio (1.14x Scope 1 combined, 12%/88% Scope2:Scope3 split borrowed from the paper's Industry sector only). Confidence: Weak (no dedicated waste sector in paper)."
1004580,University of Nebraska Lincoln (City Campus),Other,NE,25371.154,NA,NA,NA,Unresolved -- needs further inspection before mapping,"Unresolved sector ('Other') -- left NA pending further investigation, not a real zero."
1004581,COLORADO STATE UNIVERSITY,Other,CO,44836.432,NA,NA,NA,Unresolved -- needs further inspection before mapping,"Unresolved sector ('Other') -- left NA pending further investigation, not a real zero."
1004584,"POET Biorefining - Caro, LLC",Other,MI,105803.852,NA,NA,NA,Unresolved -- needs further inspection before mapping,"Unresolved sector ('Other') -- left NA pending further investigation, not a real zero."
1004585,Georgetown Facility,Minerals,SC,90034.76,12335,90305,Industry,Good,"v1 estimate: Hertwich & Wood (2018) 'Industry' sector ratio (1.14x Scope 1 combined, 12%/88% Scope2:Scope3 split borrowed from the paper's Industry sector only). Confidence: Good."
1004586,"Air Products and Chemicals, Inc. - BR SMR",Chemicals,LA,916362.4,125542,919111,Industry,Good,"v1 estimate: Hertwich & Wood (2018) 'Industry' sector ratio (1.14x Scope 1 combined, 12%/88% Scope2:Scope3 split borrowed from the paper's Industry sector only). Confidence: Good."
1004587,Former Town of Babylon Landfill,Waste,NY,29149.75,3994,29237,Industry,Weak (no dedicated waste sector in paper),"v1 estimate: Hertwich & Wood (2018) 'Industry' sector ratio (1.14x Scope 1 combined, 12%/88% Scope2:Scope3 split borrowed from the paper's Industry sector only). Confidence: Weak (no dedicated waste sector in paper)."
1004604,U.S. Army IMCOM and Fort Leonard Wood,Waste,MO,41204.206,5645,41328,Industry,Weak (no dedicated waste sector in paper),"v1 estimate: Hertwich & Wood (2018) 'Industry' sector ratio (1.14x Scope 1 combined, 12%/88% Scope2:Scope3 split borrowed from the paper's Industry sector only). Confidence: Weak (no dedicated waste sector in paper)."
1004610,THE GOODYEAR TIRE & RUBBER COMPANY - TOPEKA KANSAS PLANT,Other,KS,43399.336,NA,NA,NA,Unresolved -- needs further inspection before mapping,"Unresolved sector ('Other') -- left NA pending further investigation, not a real zero."
1004612,CalPortland Redding Cement Plant,Minerals,CA,365332.298,50051,366428,Industry,Good,"v1 estimate: Hertwich & Wood (2018) 'Industry' sector ratio (1.14x Scope 1 combined, 12%/88% Scope2:Scope3 split borrowed from the paper's Industry sector only). Confidence: Good."
1004616,"Steel Dynamics Columbus, LLC",Metals,MS,498161.676,68248,499656,Industry,Good,"v1 estimate: Hertwich & Wood (2018) 'Industry' sector ratio (1.14x Scope 1 combined, 12%/88% Scope2:Scope3 split borrowed from the paper's Industry sector only). Confidence: Good."
1004626,"PRATT PAPER (NY), INC.",Pulp and Paper,NY,90468.66,12394,90740,Industry,Good,"v1 estimate: Hertwich & Wood (2018) 'Industry' sector ratio (1.14x Scope 1 combined, 12%/88% Scope2:Scope3 split borrowed from the paper's Industry sector only). Confidence: Good."
1004629,NEW YORK UNIVERSITY CENTRAL PLANT,Other,NY,62399.602,NA,NA,NA,Unresolved -- needs further inspection before mapping,"Unresolved sector ('Other') -- left NA pending further investigation, not a real zero."
1004631,Cardinal FG - Spring Hill Plant,Minerals,KS,109188,14959,109516,Industry,Good,"v1 estimate: Hertwich & Wood (2018) 'Industry' sector ratio (1.14x Scope 1 combined, 12%/88% Scope2:Scope3 split borrowed from the paper's Industry sector only). Confidence: Good."
1004632,Kohler Co.,Minerals,WI,64409.284,8824,64603,Industry,Good,"v1 estimate: Hertwich & Wood (2018) 'Industry' sector ratio (1.14x Scope 1 combined, 12%/88% Scope2:Scope3 split borrowed from the paper's Industry sector only). Confidence: Good."
1004633,POST FOODS,Other,MI,39663.4,NA,NA,NA,Unresolved -- needs further inspection before mapping,"Unresolved sector ('Other') -- left NA pending further investigation, not a real zero."
1004640,GRAIN PROCESSING CORP,Other,IN,229632.908,NA,NA,NA,Unresolved -- needs further inspection before mapping,"Unresolved sector ('Other') -- left NA pending further investigation, not a real zero."
1004646,Trinity Oaks Landfill,Waste,TX,2267.75,311,2275,Industry,Weak (no dedicated waste sector in paper),"v1 estimate: Hertwich & Wood (2018) 'Industry' sector ratio (1.14x Scope 1 combined, 12%/88% Scope2:Scope3 split borrowed from the paper's Industry sector only). Confidence: Weak (no dedicated waste sector in paper)."
1004656,CHS MANKATO,Other,MN,86253.976,NA,NA,NA,Unresolved -- needs further inspection before mapping,"Unresolved sector ('Other') -- left NA pending further investigation, not a real zero."
1004658,OREGON STATE UNIVERSITY,Other,OR,35354.816,NA,NA,NA,Unresolved -- needs further inspection before mapping,"Unresolved sector ('Other') -- left NA pending further investigation, not a real zero."
1004659,UNIVERSITY OF KENTUCKY,Other,KY,67867.192,NA,NA,NA,Unresolved -- needs further inspection before mapping,"Unresolved sector ('Other') -- left NA pending further investigation, not a real zero."
1004660,PITTSBURGH CORNING CORPORATION,Minerals,MO,30469.644,4174,30561,Industry,Good,"v1 estimate: Hertwich & Wood (2018) 'Industry' sector ratio (1.14x Scope 1 combined, 12%/88% Scope2:Scope3 split borrowed from the paper's Industry sector only). Confidence: Good."
1004667,Fort Stewart Hqs 3rd Infantry Division (Mechanized),Waste,GA,58200.618,7973,58375,Industry,Weak (no dedicated waste sector in paper),"v1 estimate: Hertwich & Wood (2018) 'Industry' sector ratio (1.14x Scope 1 combined, 12%/88% Scope2:Scope3 split borrowed from the paper's Industry sector only). Confidence: Weak (no dedicated waste sector in paper)."
1004673,TANGIPAHOA PARISH REGIONAL SOLID WASTE FACILITY,Waste,LA,28614.25,3920,28700,Industry,Weak (no dedicated waste sector in paper),"v1 estimate: Hertwich & Wood (2018) 'Industry' sector ratio (1.14x Scope 1 combined, 12%/88% Scope2:Scope3 split borrowed from the paper's Industry sector only). Confidence: Weak (no dedicated waste sector in paper)."
1004680,58TH ST LF (MAIN COUNTY LF),Waste,FL,53834,7375,53996,Industry,Weak (no dedicated waste sector in paper),"v1 estimate: Hertwich & Wood (2018) 'Industry' sector ratio (1.14x Scope 1 combined, 12%/88% Scope2:Scope3 split borrowed from the paper's Industry sector only). Confidence: Weak (no dedicated waste sector in paper)."
1004682,SOUTH DADE SOLID WASTE DISPOSAL FACILITY,Waste,FL,59885.25,8204,60065,Industry,Weak (no dedicated waste sector in paper),"v1 estimate: Hertwich & Wood (2018) 'Industry' sector ratio (1.14x Scope 1 combined, 12%/88% Scope2:Scope3 split borrowed from the paper's Industry sector only). Confidence: Weak (no dedicated waste sector in paper)."
1004687,NESTLE PURINA PET CARE CO,Other,MO,74473.144,NA,NA,NA,Unresolved -- needs further inspection before mapping,"Unresolved sector ('Other') -- left NA pending further investigation, not a real zero."
1004701,Borman Specialty Materials,Chemicals,NV,25740.904,3527,25818,Industry,Good,"v1 estimate: Hertwich & Wood (2018) 'Industry' sector ratio (1.14x Scope 1 combined, 12%/88% Scope2:Scope3 split borrowed from the paper's Industry sector only). Confidence: Good."
1004702,"Hankinson Renewable Energy, LLC",Other,ND,186974.096,NA,NA,NA,Unresolved -- needs further inspection before mapping,"Unresolved sector ('Other') -- left NA pending further investigation, not a real zero."
1004705,CLEARWATER PAPER CORP,Pulp and Paper,ID,294660.32,40368,295544,Industry,Good,"v1 estimate: Hertwich & Wood (2018) 'Industry' sector ratio (1.14x Scope 1 combined, 12%/88% Scope2:Scope3 split borrowed from the paper's Industry sector only). Confidence: Good."
1004713,Poet Biorefining-Big Stone,Other,SD,96557.536,NA,NA,NA,Unresolved -- needs further inspection before mapping,"Unresolved sector ('Other') -- left NA pending further investigation, not a real zero."
1004716,J BAR J LANDFILL,Waste,NE,64328.1,8813,64521,Industry,Weak (no dedicated waste sector in paper),"v1 estimate: Hertwich & Wood (2018) 'Industry' sector ratio (1.14x Scope 1 combined, 12%/88% Scope2:Scope3 split borrowed from the paper's Industry sector only). Confidence: Weak (no dedicated waste sector in paper)."
1004718,"Imerys Filtration Minerals, Inc.",Other,CA,30768.584,NA,NA,NA,Unresolved -- needs further inspection before mapping,"Unresolved sector ('Other') -- left NA pending further investigation, not a real zero."
1004730,"JESSOP STEEL, LLC WASHINGTON FACILITY",Metals,PA,31117.332,4263,31211,Industry,Good,"v1 estimate: Hertwich & Wood (2018) 'Industry' sector ratio (1.14x Scope 1 combined, 12%/88% Scope2:Scope3 split borrowed from the paper's Industry sector only). Confidence: Good."
1004737,Kordsa Inc. - Chattanooga,Other,TN,28776.292,NA,NA,NA,Unresolved -- needs further inspection before mapping,"Unresolved sector ('Other') -- left NA pending further investigation, not a real zero."
1004740,BASIC AMERICAN FOODS,Other,ID,63061.312,NA,NA,NA,Unresolved -- needs further inspection before mapping,"Unresolved sector ('Other') -- left NA pending further investigation, not a real zero."
1004743,TOLAND ROAD LANDFILL,Waste,CA,49415,6770,49563,Industry,Weak (no dedicated waste sector in paper),"v1 estimate: Hertwich & Wood (2018) 'Industry' sector ratio (1.14x Scope 1 combined, 12%/88% Scope2:Scope3 split borrowed from the paper's Industry sector only). Confidence: Weak (no dedicated waste sector in paper)."
1004749,"P4 Production, LLC",Petroleum and Natural Gas Systems,WY,154569.774,6183,44825,Energy,Good,"v1 estimate: Hertwich & Wood (2018) 'Energy' sector ratio (0.33x Scope 1 combined, 12%/88% Scope2:Scope3 split borrowed from the paper's Industry sector only). Confidence: Good."
1004750,Cedar Trails Class III,Waste,FL,395109.1,54130,396294,Industry,Weak (no dedicated waste sector in paper),"v1 estimate: Hertwich & Wood (2018) 'Industry' sector ratio (1.14x Scope 1 combined, 12%/88% Scope2:Scope3 split borrowed from the paper's Industry sector only). Confidence: Weak (no dedicated waste sector in paper)."
1004753,KELCO,Other,CA,116483.512,NA,NA,NA,Unresolved -- needs further inspection before mapping,"Unresolved sector ('Other') -- left NA pending further investigation, not a real zero."
1004756,UNIVERSITY OF ILLINOIS AT CHICAGO,Other,IL,122904.836,NA,NA,NA,Unresolved -- needs further inspection before mapping,"Unresolved sector ('Other') -- left NA pending further investigation, not a real zero."
1004761,ACE ETHANOL LLC,Other,WI,80642.396,NA,NA,NA,Unresolved -- needs further inspection before mapping,"Unresolved sector ('Other') -- left NA pending further investigation, not a real zero."
1004771,Northern Border Pipeline Saint Anthony CS#7,Petroleum and Natural Gas Systems,ND,98676.33,3947,28616,Energy,Good,"v1 estimate: Hertwich & Wood (2018) 'Energy' sector ratio (0.33x Scope 1 combined, 12%/88% Scope2:Scope3 split borrowed from the paper's Industry sector only). Confidence: Good."
1004773,Gas Transmission Northwest Pipeline Rosalia CS#6,Petroleum and Natural Gas Systems,WA,113466.928,4539,32905,Energy,Good,"v1 estimate: Hertwich & Wood (2018) 'Energy' sector ratio (0.33x Scope 1 combined, 12%/88% Scope2:Scope3 split borrowed from the paper's Industry sector only). Confidence: Good."
1004780,Gas Transmission Northwest Pipeline Bonanza CS#14,Petroleum and Natural Gas Systems,OR,68113.848,2725,19753,Energy,Good,"v1 estimate: Hertwich & Wood (2018) 'Energy' sector ratio (0.33x Scope 1 combined, 12%/88% Scope2:Scope3 split borrowed from the paper's Industry sector only). Confidence: Good."
1004781,Gas Transmission Northwest Pipeline Athol CS#5,Petroleum and Natural Gas Systems,ID,138499.992,5540,40165,Energy,Good,"v1 estimate: Hertwich & Wood (2018) 'Energy' sector ratio (0.33x Scope 1 combined, 12%/88% Scope2:Scope3 split borrowed from the paper's Industry sector only). Confidence: Good."
1004790,UNIV OF IOWA MAIN PWR PLANT,Other,IA,148015.812,NA,NA,NA,Unresolved -- needs further inspection before mapping,"Unresolved sector ('Other') -- left NA pending further investigation, not a real zero."
1004793,GOODYEAR TIRE & RUBBER COMPANY,Other,OK,50473.86,NA,NA,NA,Unresolved -- needs further inspection before mapping,"Unresolved sector ('Other') -- left NA pending further investigation, not a real zero."
1004795,Hennepin Energy Recovery Center,Waste,MN,166043.388,22748,166542,Industry,Weak (no dedicated waste sector in paper),"v1 estimate: Hertwich & Wood (2018) 'Industry' sector ratio (1.14x Scope 1 combined, 12%/88% Scope2:Scope3 split borrowed from the paper's Industry sector only). Confidence: Weak (no dedicated waste sector in paper)."
1004796,DENVER INTERNATIONAL AIRPORT,Other,CO,28551.392,NA,NA,NA,Unresolved -- needs further inspection before mapping,"Unresolved sector ('Other') -- left NA pending further investigation, not a real zero."
1004799,WE HEREFORD LLC,Other,TX,105274.504,NA,NA,NA,Unresolved -- needs further inspection before mapping,"Unresolved sector ('Other') -- left NA pending further investigation, not a real zero."
1004800,YALE UNIVERSITY - SCHOOL OF MEDICINE,Other,CT,98780.96,NA,NA,NA,Unresolved -- needs further inspection before mapping,"Unresolved sector ('Other') -- left NA pending further investigation, not a real zero."
1004804,3M NEVADA PLANT,Other,MO,31394.032,NA,NA,NA,Unresolved -- needs further inspection before mapping,"Unresolved sector ('Other') -- left NA pending further investigation, not a real zero."
1004808,Bordeaux Landfill,Waste,TN,40072,5490,40192,Industry,Weak (no dedicated waste sector in paper),"v1 estimate: Hertwich & Wood (2018) 'Industry' sector ratio (1.14x Scope 1 combined, 12%/88% Scope2:Scope3 split borrowed from the paper's Industry sector only). Confidence: Weak (no dedicated waste sector in paper)."
1004809,TYSON POULTRY INC PINE BLUFF JEFFERSON PARKWAY PLANT,Other,AR,27366.996,NA,NA,NA,Unresolved -- needs further inspection before mapping,"Unresolved sector ('Other') -- left NA pending further investigation, not a real zero."
1004811,KEYSTONE STEEL & WIRE CO,Metals,IL,126064.376,17271,126443,Industry,Good,"v1 estimate: Hertwich & Wood (2018) 'Industry' sector ratio (1.14x Scope 1 combined, 12%/88% Scope2:Scope3 split borrowed from the paper's Industry sector only). Confidence: Good."
1004815,BEECH HOLLOW SANITARY LANDFILL *,Waste,OH,325170.4,44548,326146,Industry,Weak (no dedicated waste sector in paper),"v1 estimate: Hertwich & Wood (2018) 'Industry' sector ratio (1.14x Scope 1 combined, 12%/88% Scope2:Scope3 split borrowed from the paper's Industry sector only). Confidence: Weak (no dedicated waste sector in paper)."
1004819,GEORGIA PACIFIC Gypsum LLC,Minerals,WY,35313.87405912,4838,35420,Industry,Good,"v1 estimate: Hertwich & Wood (2018) 'Industry' sector ratio (1.14x Scope 1 combined, 12%/88% Scope2:Scope3 split borrowed from the paper's Industry sector only). Confidence: Good."
1004822,Meeker Gas Plant,Petroleum and Natural Gas Systems,CO,361197.82,14448,104747,Energy,Good,"v1 estimate: Hertwich & Wood (2018) 'Energy' sector ratio (0.33x Scope 1 combined, 12%/88% Scope2:Scope3 split borrowed from the paper's Industry sector only). Confidence: Good."
1004829,TRECORA HYDROCARBONS LLC,Chemicals,TX,83079.088,11382,83328,Industry,Good,"v1 estimate: Hertwich & Wood (2018) 'Industry' sector ratio (1.14x Scope 1 combined, 12%/88% Scope2:Scope3 split borrowed from the paper's Industry sector only). Confidence: Good."
1004831,UWHARRIE ENVIRONMENTAL,Waste,NC,69761,9557,69970,Industry,Weak (no dedicated waste sector in paper),"v1 estimate: Hertwich & Wood (2018) 'Industry' sector ratio (1.14x Scope 1 combined, 12%/88% Scope2:Scope3 split borrowed from the paper's Industry sector only). Confidence: Weak (no dedicated waste sector in paper)."
1004832,J.G. Boswell Tomato Company Kings LLC,Other,CA,26457.4,NA,NA,NA,Unresolved -- needs further inspection before mapping,"Unresolved sector ('Other') -- left NA pending further investigation, not a real zero."
1004833,EVONIK CORPORATION TIPPECANOE LABORATORIES,Chemicals,IN,75021.268,10278,75246,Industry,Good,"v1 estimate: Hertwich & Wood (2018) 'Industry' sector ratio (1.14x Scope 1 combined, 12%/88% Scope2:Scope3 split borrowed from the paper's Industry sector only). Confidence: Good."
1004835,YALE UNIVERSITY CENTRAL POWER PLANT,Other,CT,95583.674,NA,NA,NA,Unresolved -- needs further inspection before mapping,"Unresolved sector ('Other') -- left NA pending further investigation, not a real zero."
1004845,AMERICAN GYPSUM COMPANY,Minerals,NM,46036.876,6307,46175,Industry,Good,"v1 estimate: Hertwich & Wood (2018) 'Industry' sector ratio (1.14x Scope 1 combined, 12%/88% Scope2:Scope3 split borrowed from the paper's Industry sector only). Confidence: Good."
1004850,NOBLE ROAD LANDFILL (0370000134),Waste,OH,357602.5,48992,358675,Industry,Weak (no dedicated waste sector in paper),"v1 estimate: Hertwich & Wood (2018) 'Industry' sector ratio (1.14x Scope 1 combined, 12%/88% Scope2:Scope3 split borrowed from the paper's Industry sector only). Confidence: Weak (no dedicated waste sector in paper)."
1004852,OWENS CORNING - JACKSON TN,Minerals,TN,43431.012,5950,43561,Industry,Good,"v1 estimate: Hertwich & Wood (2018) 'Industry' sector ratio (1.14x Scope 1 combined, 12%/88% Scope2:Scope3 split borrowed from the paper's Industry sector only). Confidence: Good."
1004858,Northern Border Pipeline Zeeland CS#8,Petroleum and Natural Gas Systems,ND,106706.204,4268,30945,Energy,Good,"v1 estimate: Hertwich & Wood (2018) 'Energy' sector ratio (0.33x Scope 1 combined, 12%/88% Scope2:Scope3 split borrowed from the paper's Industry sector only). Confidence: Good."
1004859,"VIKING ENERGY OF LINCOLN, LLC",Power Plants,MI,29358.642,1174,8514,Energy,Good,"v1 estimate: Hertwich & Wood (2018) 'Energy' sector ratio (0.33x Scope 1 combined, 12%/88% Scope2:Scope3 split borrowed from the paper's Industry sector only). Confidence: Good."
1004861,"Alto ICP, LLC",Other,IL,163962.286,NA,NA,NA,Unresolved -- needs further inspection before mapping,"Unresolved sector ('Other') -- left NA pending further investigation, not a real zero."
1004876,Tangerine Landfill,Waste,AZ,60483.25,8286,60665,Industry,Weak (no dedicated waste sector in paper),"v1 estimate: Hertwich & Wood (2018) 'Industry' sector ratio (1.14x Scope 1 combined, 12%/88% Scope2:Scope3 split borrowed from the paper's Industry sector only). Confidence: Weak (no dedicated waste sector in paper)."
1004884,Brownsville Municipal Landfill,Waste,TX,123646.25,16940,124017,Industry,Weak (no dedicated waste sector in paper),"v1 estimate: Hertwich & Wood (2018) 'Industry' sector ratio (1.14x Scope 1 combined, 12%/88% Scope2:Scope3 split borrowed from the paper's Industry sector only). Confidence: Weak (no dedicated waste sector in paper)."
1004887,LANDFILL 33 LTD,Waste,IL,87639.5,12007,87902,Industry,Weak (no dedicated waste sector in paper),"v1 estimate: Hertwich & Wood (2018) 'Industry' sector ratio (1.14x Scope 1 combined, 12%/88% Scope2:Scope3 split borrowed from the paper's Industry sector only). Confidence: Weak (no dedicated waste sector in paper)."
1004898,"FRITO-LAY, INC. - PERRY PLANT",Other,GA,31603.23,NA,NA,NA,Unresolved -- needs further inspection before mapping,"Unresolved sector ('Other') -- left NA pending further investigation, not a real zero."
1004901,International Paper-Port Wentworth,Pulp and Paper,GA,108096.91,14809,108421,Industry,Good,"v1 estimate: Hertwich & Wood (2018) 'Industry' sector ratio (1.14x Scope 1 combined, 12%/88% Scope2:Scope3 split borrowed from the paper's Industry sector only). Confidence: Good."
1004906,Northern Border Pipeline Clark CS#10,Petroleum and Natural Gas Systems,ND,104212.56,4169,30222,Energy,Good,"v1 estimate: Hertwich & Wood (2018) 'Energy' sector ratio (0.33x Scope 1 combined, 12%/88% Scope2:Scope3 split borrowed from the paper's Industry sector only). Confidence: Good."
1004908,Northern Border Pipeline Estelline CS#11,Petroleum and Natural Gas Systems,ND,101253.37,4050,29363,Energy,Good,"v1 estimate: Hertwich & Wood (2018) 'Energy' sector ratio (0.33x Scope 1 combined, 12%/88% Scope2:Scope3 split borrowed from the paper's Industry sector only). Confidence: Good."
1004909,"Quad/Graphics, Inc. - Martinsburg Facility",Pulp and Paper,WV,25288.9,3465,25365,Industry,Good,"v1 estimate: Hertwich & Wood (2018) 'Industry' sector ratio (1.14x Scope 1 combined, 12%/88% Scope2:Scope3 split borrowed from the paper's Industry sector only). Confidence: Good."
1004912,Northern Border Pipeline Glen Ullin CS#6,Petroleum and Natural Gas Systems,ND,106376.302,4255,30849,Energy,Good,"v1 estimate: Hertwich & Wood (2018) 'Energy' sector ratio (0.33x Scope 1 combined, 12%/88% Scope2:Scope3 split borrowed from the paper's Industry sector only). Confidence: Good."
1004916,YAKIMA COUNTY TERRACE HTS LANDFILL,Waste,WA,130876.25,17930,131269,Industry,Weak (no dedicated waste sector in paper),"v1 estimate: Hertwich & Wood (2018) 'Industry' sector ratio (1.14x Scope 1 combined, 12%/88% Scope2:Scope3 split borrowed from the paper's Industry sector only). Confidence: Weak (no dedicated waste sector in paper)."
1004917,Northern Border Pipeline Trimont CS#13,Petroleum and Natural Gas Systems,MN,103199.914,4128,29928,Energy,Good,"v1 estimate: Hertwich & Wood (2018) 'Energy' sector ratio (0.33x Scope 1 combined, 12%/88% Scope2:Scope3 split borrowed from the paper's Industry sector only). Confidence: Good."
1004918,YAKIMA CNTY CHEYNE LANDFILL,Waste,WA,47466.25,6503,47609,Industry,Weak (no dedicated waste sector in paper),"v1 estimate: Hertwich & Wood (2018) 'Industry' sector ratio (1.14x Scope 1 combined, 12%/88% Scope2:Scope3 split borrowed from the paper's Industry sector only). Confidence: Weak (no dedicated waste sector in paper)."
1004922,Northern Border Pipeline Wetonka CS#9,Petroleum and Natural Gas Systems,ND,106505.15,4260,30886,Energy,Good,"v1 estimate: Hertwich & Wood (2018) 'Energy' sector ratio (0.33x Scope 1 combined, 12%/88% Scope2:Scope3 split borrowed from the paper's Industry sector only). Confidence: Good."
1004926,ANR Pipeline Birmingham CS,Petroleum and Natural Gas Systems,IA,30814.436,1233,8936,Energy,Good,"v1 estimate: Hertwich & Wood (2018) 'Energy' sector ratio (0.33x Scope 1 combined, 12%/88% Scope2:Scope3 split borrowed from the paper's Industry sector only). Confidence: Good."
1004933,ANR Pipeline Woolfolk CS,Petroleum and Natural Gas Systems,MI,21276.49,851,6170,Energy,Good,"v1 estimate: Hertwich & Wood (2018) 'Energy' sector ratio (0.33x Scope 1 combined, 12%/88% Scope2:Scope3 split borrowed from the paper's Industry sector only). Confidence: Good."
1004942,Anchor Glass Container Corporation. - Plant 12,Minerals,MN,79975.744,10957,80216,Industry,Good,"v1 estimate: Hertwich & Wood (2018) 'Industry' sector ratio (1.14x Scope 1 combined, 12%/88% Scope2:Scope3 split borrowed from the paper's Industry sector only). Confidence: Good."
1004943,Anchor Glass Container Corporation - Plant 14,Minerals,GA,61343.572,8404,61528,Industry,Good,"v1 estimate: Hertwich & Wood (2018) 'Industry' sector ratio (1.14x Scope 1 combined, 12%/88% Scope2:Scope3 split borrowed from the paper's Industry sector only). Confidence: Good."
1004944,TITANIUM METALS CORP TORONTO PLANT,Metals,OH,36543.112,5006,36653,Industry,Good,"v1 estimate: Hertwich & Wood (2018) 'Industry' sector ratio (1.14x Scope 1 combined, 12%/88% Scope2:Scope3 split borrowed from the paper's Industry sector only). Confidence: Good."
1004946,Gulf South Pipeline - Tallulah Station,Petroleum and Natural Gas Systems,LA,180040.038,7202,52212,Energy,Good,"v1 estimate: Hertwich & Wood (2018) 'Energy' sector ratio (0.33x Scope 1 combined, 12%/88% Scope2:Scope3 split borrowed from the paper's Industry sector only). Confidence: Good."
1004953,SUNNYSIDE COGENERATION ASSOCIATES,Power Plants,UT,401048.15,16042,116304,Energy,Good,"v1 estimate: Hertwich & Wood (2018) 'Energy' sector ratio (0.33x Scope 1 combined, 12%/88% Scope2:Scope3 split borrowed from the paper's Industry sector only). Confidence: Good."
1004965,UNITED STATES PIPE & FOUNDRY CO LLC,Metals,CA,44274.358,6066,44407,Industry,Good,"v1 estimate: Hertwich & Wood (2018) 'Industry' sector ratio (1.14x Scope 1 combined, 12%/88% Scope2:Scope3 split borrowed from the paper's Industry sector only). Confidence: Good."
1004968,WHEELABRATOR HUDSON FALLS LLC,Waste,NY,64213.418,8797,64406,Industry,Weak (no dedicated waste sector in paper),"v1 estimate: Hertwich & Wood (2018) 'Industry' sector ratio (1.14x Scope 1 combined, 12%/88% Scope2:Scope3 split borrowed from the paper's Industry sector only). Confidence: Weak (no dedicated waste sector in paper)."
1004976,Citizens Disposal Landfill,Waste,MI,49422.05,6771,49570,Industry,Weak (no dedicated waste sector in paper),"v1 estimate: Hertwich & Wood (2018) 'Industry' sector ratio (1.14x Scope 1 combined, 12%/88% Scope2:Scope3 split borrowed from the paper's Industry sector only). Confidence: Weak (no dedicated waste sector in paper)."
1004982,GRAPHIC PACKAGING INT INC,Pulp and Paper,OH,41904.692,5741,42030,Industry,Good,"v1 estimate: Hertwich & Wood (2018) 'Industry' sector ratio (1.14x Scope 1 combined, 12%/88% Scope2:Scope3 split borrowed from the paper's Industry sector only). Confidence: Good."
1004983,FRITO-LAY,Other,CT,40904.896,NA,NA,NA,Unresolved -- needs further inspection before mapping,"Unresolved sector ('Other') -- left NA pending further investigation, not a real zero."
1004984,POET BIOREFINING LADDONIA,Other,MO,67472.196,NA,NA,NA,Unresolved -- needs further inspection before mapping,"Unresolved sector ('Other') -- left NA pending further investigation, not a real zero."
1004985,TAMINCO US LLC,Chemicals,LA,48424.268,6634,48570,Industry,Good,"v1 estimate: Hertwich & Wood (2018) 'Industry' sector ratio (1.14x Scope 1 combined, 12%/88% Scope2:Scope3 split borrowed from the paper's Industry sector only). Confidence: Good."
1004987,"Tyson Farms, Inc/ Cuthbert Plant",Other,GA,97465.84,NA,NA,NA,Unresolved -- needs further inspection before mapping,"Unresolved sector ('Other') -- left NA pending further investigation, not a real zero."
1004989,Forest City Facility LLC,Metals,MO,21664.232,2968,21729,Industry,Good,"v1 estimate: Hertwich & Wood (2018) 'Industry' sector ratio (1.14x Scope 1 combined, 12%/88% Scope2:Scope3 split borrowed from the paper's Industry sector only). Confidence: Good."
1004995,Delhi (SESH) Compressor Station,Petroleum and Natural Gas Systems,LA,123033.248,4921,35680,Energy,Good,"v1 estimate: Hertwich & Wood (2018) 'Energy' sector ratio (0.33x Scope 1 combined, 12%/88% Scope2:Scope3 split borrowed from the paper's Industry sector only). Confidence: Good."
1004998,ConocoPhillips Alaska Inc - KRU CPF3,Petroleum and Natural Gas Systems,AK,337420.78,13497,97852,Energy,Good,"v1 estimate: Hertwich & Wood (2018) 'Energy' sector ratio (0.33x Scope 1 combined, 12%/88% Scope2:Scope3 split borrowed from the paper's Industry sector only). Confidence: Good."
1005000,AUDUBON METALS LLC,Metals,KY,49175.164,6737,49323,Industry,Good,"v1 estimate: Hertwich & Wood (2018) 'Industry' sector ratio (1.14x Scope 1 combined, 12%/88% Scope2:Scope3 split borrowed from the paper's Industry sector only). Confidence: Good."
1005002,SHOUP GAS PROCESSING AND FRACTIONATION PLANT,Natural Gas and Natural Gas Liquids Suppliers,TX,214027.554,8561,62068,Energy,Good,"v1 estimate: Hertwich & Wood (2018) 'Energy' sector ratio (0.33x Scope 1 combined, 12%/88% Scope2:Scope3 split borrowed from the paper's Industry sector only). Confidence: Good."
1005003,BRACKENRIDGE PLANT,Metals,PA,121703.668,16673,122069,Industry,Good,"v1 estimate: Hertwich & Wood (2018) 'Industry' sector ratio (1.14x Scope 1 combined, 12%/88% Scope2:Scope3 split borrowed from the paper's Industry sector only). Confidence: Good."
1005008,Gas Transmission Northwest Pipeline Sandpoint CS#4,Petroleum and Natural Gas Systems,ID,111439.036,4458,32317,Energy,Good,"v1 estimate: Hertwich & Wood (2018) 'Energy' sector ratio (0.33x Scope 1 combined, 12%/88% Scope2:Scope3 split borrowed from the paper's Industry sector only). Confidence: Good."
1005011,Northern Border Pipeline Manning CS#5,Petroleum and Natural Gas Systems,ND,101287.176,4051,29373,Energy,Good,"v1 estimate: Hertwich & Wood (2018) 'Energy' sector ratio (0.33x Scope 1 combined, 12%/88% Scope2:Scope3 split borrowed from the paper's Industry sector only). Confidence: Good."
1005012,"WESTROCK CP, LLC - HODGE MILL",Pulp and Paper,LA,372720.518,51063,373839,Industry,Good,"v1 estimate: Hertwich & Wood (2018) 'Industry' sector ratio (1.14x Scope 1 combined, 12%/88% Scope2:Scope3 split borrowed from the paper's Industry sector only). Confidence: Good."
1005019,Bunge Chevron Ag Renewables LLC  Cairo Facility,Other,IL,50713.76,NA,NA,NA,Unresolved -- needs further inspection before mapping,"Unresolved sector ('Other') -- left NA pending further investigation, not a real zero."
1005020,"Poet Biorefining Lake Crystal, LLC",Other,MN,81703.39,NA,NA,NA,Unresolved -- needs further inspection before mapping,"Unresolved sector ('Other') -- left NA pending further investigation, not a real zero."
1005022,Bunge Chevron Ag Renewables LLC,Other,LA,43635.336,NA,NA,NA,Unresolved -- needs further inspection before mapping,"Unresolved sector ('Other') -- left NA pending further investigation, not a real zero."
1005023,BREVARD CO BOARD OF COUNTY COMMISSIONERS,Waste,FL,671663.178,92018,673678,Industry,Weak (no dedicated waste sector in paper),"v1 estimate: Hertwich & Wood (2018) 'Industry' sector ratio (1.14x Scope 1 combined, 12%/88% Scope2:Scope3 split borrowed from the paper's Industry sector only). Confidence: Weak (no dedicated waste sector in paper)."
1005024,FORD MOTOR COMPANY - FORD KANSAS CITY ASSEMBLY PLANT,Other,MO,75073.968,NA,NA,NA,Unresolved -- needs further inspection before mapping,"Unresolved sector ('Other') -- left NA pending further investigation, not a real zero."
1005026,Lenoir County Landfill,Waste,NC,21403.25,2932,21467,Industry,Weak (no dedicated waste sector in paper),"v1 estimate: Hertwich & Wood (2018) 'Industry' sector ratio (1.14x Scope 1 combined, 12%/88% Scope2:Scope3 split borrowed from the paper's Industry sector only). Confidence: Weak (no dedicated waste sector in paper)."
1005027,Gulf South Pipeline - Mira Station,Petroleum and Natural Gas Systems,LA,66701.218,2668,19343,Energy,Good,"v1 estimate: Hertwich & Wood (2018) 'Energy' sector ratio (0.33x Scope 1 combined, 12%/88% Scope2:Scope3 split borrowed from the paper's Industry sector only). Confidence: Good."
1005029,Pioneer Cryogenic Plant,Petroleum and Natural Gas Systems,WY,40218.004,1609,11663,Energy,Good,"v1 estimate: Hertwich & Wood (2018) 'Energy' sector ratio (0.33x Scope 1 combined, 12%/88% Scope2:Scope3 split borrowed from the paper's Industry sector only). Confidence: Good."
1005031,Port Allen Complex,Natural Gas and Natural Gas Liquids Suppliers,LA,77628.138,3105,22512,Energy,Good,"v1 estimate: Hertwich & Wood (2018) 'Energy' sector ratio (0.33x Scope 1 combined, 12%/88% Scope2:Scope3 split borrowed from the paper's Industry sector only). Confidence: Good."
1005033,UNIVERSITY OF NORTHERN IOWA - POWER PLANT/MAIN CAMPUS,Other,IA,59124.75,NA,NA,NA,Unresolved -- needs further inspection before mapping,"Unresolved sector ('Other') -- left NA pending further investigation, not a real zero."
1005035,JR SIMPLOT COMPANY DON SIDING COMPLEX,Chemicals,ID,105807.044,14496,106124,Industry,Good,"v1 estimate: Hertwich & Wood (2018) 'Industry' sector ratio (1.14x Scope 1 combined, 12%/88% Scope2:Scope3 split borrowed from the paper's Industry sector only). Confidence: Good."
1005051,"Marquis Energy - Wisconsin, LLC",Other,WI,136084.388,NA,NA,NA,Unresolved -- needs further inspection before mapping,"Unresolved sector ('Other') -- left NA pending further investigation, not a real zero."
1005056,BROWN COUNTY LANDFILL,Waste,SD,55468,7599,55634,Industry,Weak (no dedicated waste sector in paper),"v1 estimate: Hertwich & Wood (2018) 'Industry' sector ratio (1.14x Scope 1 combined, 12%/88% Scope2:Scope3 split borrowed from the paper's Industry sector only). Confidence: Weak (no dedicated waste sector in paper)."
1005059,GEORGIA-PACIFIC GYPSUM LLC,Minerals,WA,49843.23638584,6829,49993,Industry,Good,"v1 estimate: Hertwich & Wood (2018) 'Industry' sector ratio (1.14x Scope 1 combined, 12%/88% Scope2:Scope3 split borrowed from the paper's Industry sector only). Confidence: Good."
1005062,DAIKIN AMERICA INC.,Chemicals,AL,625970.8067,85758,627849,Industry,Good,"v1 estimate: Hertwich & Wood (2018) 'Industry' sector ratio (1.14x Scope 1 combined, 12%/88% Scope2:Scope3 split borrowed from the paper's Industry sector only). Confidence: Good."
1005063,Southern California Gas Company - Honor Rancho,Petroleum and Natural Gas Systems,CA,26837.962,1074,7783,Energy,Good,"v1 estimate: Hertwich & Wood (2018) 'Energy' sector ratio (0.33x Scope 1 combined, 12%/88% Scope2:Scope3 split borrowed from the paper's Industry sector only). Confidence: Good."
1005074,Anchor Glass Container Corporation - Plant 15,Minerals,OK,95412.048,13071,95698,Industry,Good,"v1 estimate: Hertwich & Wood (2018) 'Industry' sector ratio (1.14x Scope 1 combined, 12%/88% Scope2:Scope3 split borrowed from the paper's Industry sector only). Confidence: Good."
1005075,BUNGE NORTH AMERICA INC,Other,AL,84066.532,NA,NA,NA,Unresolved -- needs further inspection before mapping,"Unresolved sector ('Other') -- left NA pending further investigation, not a real zero."
1005077,MALLINCKRODT,Chemicals,MO,23602.412,3234,23673,Industry,Good,"v1 estimate: Hertwich & Wood (2018) 'Industry' sector ratio (1.14x Scope 1 combined, 12%/88% Scope2:Scope3 split borrowed from the paper's Industry sector only). Confidence: Good."
1005090,WEST DAVIES COUNTY LANDFILL,Waste,KY,195321.75,26759,195908,Industry,Weak (no dedicated waste sector in paper),"v1 estimate: Hertwich & Wood (2018) 'Industry' sector ratio (1.14x Scope 1 combined, 12%/88% Scope2:Scope3 split borrowed from the paper's Industry sector only). Confidence: Weak (no dedicated waste sector in paper)."
1005091,WASHINGTON STATE UNIVERSITY,Other,WA,59448.04,NA,NA,NA,Unresolved -- needs further inspection before mapping,"Unresolved sector ('Other') -- left NA pending further investigation, not a real zero."
1005097,L P GILL LANDFILL,Waste,NE,91739.35,12568,92015,Industry,Weak (no dedicated waste sector in paper),"v1 estimate: Hertwich & Wood (2018) 'Industry' sector ratio (1.14x Scope 1 combined, 12%/88% Scope2:Scope3 split borrowed from the paper's Industry sector only). Confidence: Weak (no dedicated waste sector in paper)."
1005105,METROPOLITAN AIRPORTS COMMISSION,Other,MN,27339.998,NA,NA,NA,Unresolved -- needs further inspection before mapping,"Unresolved sector ('Other') -- left NA pending further investigation, not a real zero."
1005110,Carville Energy Center,Power Plants,LA,1422172.78,56887,412430,Energy,Good,"v1 estimate: Hertwich & Wood (2018) 'Energy' sector ratio (0.33x Scope 1 combined, 12%/88% Scope2:Scope3 split borrowed from the paper's Industry sector only). Confidence: Good."
1005111,WARBASSE HOUSES & POWER PLANT,Power Plants,NY,30341.884,1214,8799,Energy,Good,"v1 estimate: Hertwich & Wood (2018) 'Energy' sector ratio (0.33x Scope 1 combined, 12%/88% Scope2:Scope3 split borrowed from the paper's Industry sector only). Confidence: Good."
1005114,COLUMBIAN CHEMICALS CO - NORTH BEND PLANT,Chemicals,LA,249372.008,34164,250120,Industry,Good,"v1 estimate: Hertwich & Wood (2018) 'Industry' sector ratio (1.14x Scope 1 combined, 12%/88% Scope2:Scope3 split borrowed from the paper's Industry sector only). Confidence: Good."
1005115,COMMONWEALTH AGRI-ENERGY LLC,Other,KY,64908.956,NA,NA,NA,Unresolved -- needs further inspection before mapping,"Unresolved sector ('Other') -- left NA pending further investigation, not a real zero."
1005116,Hibbing Taconite Company,Metals,MN,286265.224,39218,287124,Industry,Good,"v1 estimate: Hertwich & Wood (2018) 'Industry' sector ratio (1.14x Scope 1 combined, 12%/88% Scope2:Scope3 split borrowed from the paper's Industry sector only). Confidence: Good."
1005121,Libbey Glass Inc.,Minerals,OH,71038.424,9732,71252,Industry,Good,"v1 estimate: Hertwich & Wood (2018) 'Industry' sector ratio (1.14x Scope 1 combined, 12%/88% Scope2:Scope3 split borrowed from the paper's Industry sector only). Confidence: Good."
1005125,CALUMET SHREVPORT REFINING LLC,Chemicals,LA,375379.984,51427,376506,Industry,Good,"v1 estimate: Hertwich & Wood (2018) 'Industry' sector ratio (1.14x Scope 1 combined, 12%/88% Scope2:Scope3 split borrowed from the paper's Industry sector only). Confidence: Good."
1005126,"BIRLA CARBON USA, Inc.",Chemicals,KS,105506.248,14454,105823,Industry,Good,"v1 estimate: Hertwich & Wood (2018) 'Industry' sector ratio (1.14x Scope 1 combined, 12%/88% Scope2:Scope3 split borrowed from the paper's Industry sector only). Confidence: Good."
1005136,UMASS PHYSICAL PLANT BUILDING,Other,MA,103468.332,NA,NA,NA,Unresolved -- needs further inspection before mapping,"Unresolved sector ('Other') -- left NA pending further investigation, not a real zero."
1005138,Alamance County Landfill,Waste,NC,134681.75,18451,135086,Industry,Weak (no dedicated waste sector in paper),"v1 estimate: Hertwich & Wood (2018) 'Industry' sector ratio (1.14x Scope 1 combined, 12%/88% Scope2:Scope3 split borrowed from the paper's Industry sector only). Confidence: Weak (no dedicated waste sector in paper)."
1005140,Gwinville (SESH) Compressor Station,Petroleum and Natural Gas Systems,MS,112732.978,4509,32693,Energy,Good,"v1 estimate: Hertwich & Wood (2018) 'Energy' sector ratio (0.33x Scope 1 combined, 12%/88% Scope2:Scope3 split borrowed from the paper's Industry sector only). Confidence: Good."
1005146,ROBARDS PROCESSING - TYSON CHICKEN INC.,Other,KY,62614.364,NA,NA,NA,Unresolved -- needs further inspection before mapping,"Unresolved sector ('Other') -- left NA pending further investigation, not a real zero."
1005150,CARLTON FORGE WORKS,Other,CA,31109.032,NA,NA,NA,Unresolved -- needs further inspection before mapping,"Unresolved sector ('Other') -- left NA pending further investigation, not a real zero."
1005156,SOLVAY CHEMICALS INC,Chemicals,WA,50067.5,6859,50218,Industry,Good,"v1 estimate: Hertwich & Wood (2018) 'Industry' sector ratio (1.14x Scope 1 combined, 12%/88% Scope2:Scope3 split borrowed from the paper's Industry sector only). Confidence: Good."
1005159,SNG Plant,Petroleum and Natural Gas Systems,HI,26625.922,1065,7722,Energy,Good,"v1 estimate: Hertwich & Wood (2018) 'Energy' sector ratio (0.33x Scope 1 combined, 12%/88% Scope2:Scope3 split borrowed from the paper's Industry sector only). Confidence: Good."
1005161,Guaynabo Landfill,Waste,PR,49394.7,6767,49543,Industry,Weak (no dedicated waste sector in paper),"v1 estimate: Hertwich & Wood (2018) 'Industry' sector ratio (1.14x Scope 1 combined, 12%/88% Scope2:Scope3 split borrowed from the paper's Industry sector only). Confidence: Weak (no dedicated waste sector in paper)."
1005172,"COVANTA BRISTOL, INC",Waste,CT,85035.586,11650,85291,Industry,Weak (no dedicated waste sector in paper),"v1 estimate: Hertwich & Wood (2018) 'Industry' sector ratio (1.14x Scope 1 combined, 12%/88% Scope2:Scope3 split borrowed from the paper's Industry sector only). Confidence: Weak (no dedicated waste sector in paper)."
1005179,COVANTA HAVERHILL INC,Waste,MA,235182.938,32220,235888,Industry,Weak (no dedicated waste sector in paper),"v1 estimate: Hertwich & Wood (2018) 'Industry' sector ratio (1.14x Scope 1 combined, 12%/88% Scope2:Scope3 split borrowed from the paper's Industry sector only). Confidence: Weak (no dedicated waste sector in paper)."
1005185,TRANS ALASKA PIPELINE SYSTEM PUMP STATION 3,Other,AK,66599.5,NA,NA,NA,Unresolved -- needs further inspection before mapping,"Unresolved sector ('Other') -- left NA pending further investigation, not a real zero."
1005187,TRANS ALASKA PIPELINE SYSTEM PUMP STATION 4,Other,AK,54578.144,NA,NA,NA,Unresolved -- needs further inspection before mapping,"Unresolved sector ('Other') -- left NA pending further investigation, not a real zero."
1005198,TPC GROUP LLC,Chemicals,TX,730010.352,100011,732200,Industry,Good,"v1 estimate: Hertwich & Wood (2018) 'Industry' sector ratio (1.14x Scope 1 combined, 12%/88% Scope2:Scope3 split borrowed from the paper's Industry sector only). Confidence: Good."
1005207,PYCO INDUSTRIES AVENUE A FACILITY,Other,TX,22957.264,NA,NA,NA,Unresolved -- needs further inspection before mapping,"Unresolved sector ('Other') -- left NA pending further investigation, not a real zero."
1005211,Delta Air Lines Inc.- Atlanta Operations,Other,GA,42269.774,NA,NA,NA,Unresolved -- needs further inspection before mapping,"Unresolved sector ('Other') -- left NA pending further investigation, not a real zero."
1005217,WESTERN NEW YORK ENERGY LLC,Other,NY,82821.588,NA,NA,NA,Unresolved -- needs further inspection before mapping,"Unresolved sector ('Other') -- left NA pending further investigation, not a real zero."
1005261,NEWSVT LANDFILL,Waste,VT,62901.9,8618,63091,Industry,Weak (no dedicated waste sector in paper),"v1 estimate: Hertwich & Wood (2018) 'Industry' sector ratio (1.14x Scope 1 combined, 12%/88% Scope2:Scope3 split borrowed from the paper's Industry sector only). Confidence: Weak (no dedicated waste sector in paper)."
1005263,FLORIM USA INC,Minerals,TN,54429.996,7457,54593,Industry,Good,"v1 estimate: Hertwich & Wood (2018) 'Industry' sector ratio (1.14x Scope 1 combined, 12%/88% Scope2:Scope3 split borrowed from the paper's Industry sector only). Confidence: Good."
1005264,DARTMOUTH COLLEGE HEATING PLANT,Other,NH,41362.49,NA,NA,NA,Unresolved -- needs further inspection before mapping,"Unresolved sector ('Other') -- left NA pending further investigation, not a real zero."
1005266,WM - Tekoi Landfill,Waste,UT,55723.192,7634,55890,Industry,Weak (no dedicated waste sector in paper),"v1 estimate: Hertwich & Wood (2018) 'Industry' sector ratio (1.14x Scope 1 combined, 12%/88% Scope2:Scope3 split borrowed from the paper's Industry sector only). Confidence: Weak (no dedicated waste sector in paper)."
1005277,NORTHEASTERN UNIVERSITY,Other,MA,27778.844,NA,NA,NA,Unresolved -- needs further inspection before mapping,"Unresolved sector ('Other') -- left NA pending further investigation, not a real zero."
1005283,SSAB ALABAMA INCORPORATED,Metals,AL,335796.532,46004,336804,Industry,Good,"v1 estimate: Hertwich & Wood (2018) 'Industry' sector ratio (1.14x Scope 1 combined, 12%/88% Scope2:Scope3 split borrowed from the paper's Industry sector only). Confidence: Good."
1005294,UNITED TACONITE LLC - FAIRLANE PLANT,Metals,MN,398435.458,54586,399631,Industry,Good,"v1 estimate: Hertwich & Wood (2018) 'Industry' sector ratio (1.14x Scope 1 combined, 12%/88% Scope2:Scope3 split borrowed from the paper's Industry sector only). Confidence: Good."
1005295,CENTRAL SANITARY LANDFILL,Waste,MD,121694.75,16672,122060,Industry,Weak (no dedicated waste sector in paper),"v1 estimate: Hertwich & Wood (2018) 'Industry' sector ratio (1.14x Scope 1 combined, 12%/88% Scope2:Scope3 split borrowed from the paper's Industry sector only). Confidence: Weak (no dedicated waste sector in paper)."
1005302,LONE STAR INDUSTRIES INC,Minerals,IN,1028904.308,140960,1031991,Industry,Good,"v1 estimate: Hertwich & Wood (2018) 'Industry' sector ratio (1.14x Scope 1 combined, 12%/88% Scope2:Scope3 split borrowed from the paper's Industry sector only). Confidence: Good."
1005308,Searles Valley Minerals,Other,CA,1429567.708,NA,NA,NA,Unresolved -- needs further inspection before mapping,"Unresolved sector ('Other') -- left NA pending further investigation, not a real zero."
1005310,AES - PUERTO RICO COGENERATION PLANT,Power Plants,PR,3170977.366,126839,919583,Energy,Good,"v1 estimate: Hertwich & Wood (2018) 'Energy' sector ratio (0.33x Scope 1 combined, 12%/88% Scope2:Scope3 split borrowed from the paper's Industry sector only). Confidence: Good."
1005312,PMC BIOGENIX INC,Chemicals,TN,101463.268,13900,101768,Industry,Good,"v1 estimate: Hertwich & Wood (2018) 'Industry' sector ratio (1.14x Scope 1 combined, 12%/88% Scope2:Scope3 split borrowed from the paper's Industry sector only). Confidence: Good."
1005314,SAVANNAH-DEAN FOREST ROAD LANDFILL,Waste,GA,142461.25,19517,142889,Industry,Weak (no dedicated waste sector in paper),"v1 estimate: Hertwich & Wood (2018) 'Industry' sector ratio (1.14x Scope 1 combined, 12%/88% Scope2:Scope3 split borrowed from the paper's Industry sector only). Confidence: Weak (no dedicated waste sector in paper)."
1005318,CITY OF CONWAY LANDFILL & MRF,Waste,AR,95578.25,13094,95865,Industry,Weak (no dedicated waste sector in paper),"v1 estimate: Hertwich & Wood (2018) 'Industry' sector ratio (1.14x Scope 1 combined, 12%/88% Scope2:Scope3 split borrowed from the paper's Industry sector only). Confidence: Weak (no dedicated waste sector in paper)."
1005319,NORTHEAST ARKANSAS REGIONAL SOLID WASTE MANAGEMENT DISTRICT,Waste,AR,94592.25,12959,94876,Industry,Weak (no dedicated waste sector in paper),"v1 estimate: Hertwich & Wood (2018) 'Industry' sector ratio (1.14x Scope 1 combined, 12%/88% Scope2:Scope3 split borrowed from the paper's Industry sector only). Confidence: Weak (no dedicated waste sector in paper)."
1005322,PINE LAKE CORN PROCESSORS,Other,IA,124046.332,NA,NA,NA,Unresolved -- needs further inspection before mapping,"Unresolved sector ('Other') -- left NA pending further investigation, not a real zero."
1005327,AMERICAN CAST IRON PIPE CO,Metals,AL,169389.734,23206,169898,Industry,Good,"v1 estimate: Hertwich & Wood (2018) 'Industry' sector ratio (1.14x Scope 1 combined, 12%/88% Scope2:Scope3 split borrowed from the paper's Industry sector only). Confidence: Good."
1005332,Lucedale (SESH) Compressor Station,Petroleum and Natural Gas Systems,MS,45363.93,1815,13156,Energy,Good,"v1 estimate: Hertwich & Wood (2018) 'Energy' sector ratio (0.33x Scope 1 combined, 12%/88% Scope2:Scope3 split borrowed from the paper's Industry sector only). Confidence: Good."
1005335,RICE COUNTY LANDFILL,Waste,MN,54669.798,7490,54834,Industry,Weak (no dedicated waste sector in paper),"v1 estimate: Hertwich & Wood (2018) 'Industry' sector ratio (1.14x Scope 1 combined, 12%/88% Scope2:Scope3 split borrowed from the paper's Industry sector only). Confidence: Weak (no dedicated waste sector in paper)."
1005337,"DECORATIVE PANELS INTERNATIONAL, INC.",Other,MI,79610.356,NA,NA,NA,Unresolved -- needs further inspection before mapping,"Unresolved sector ('Other') -- left NA pending further investigation, not a real zero."
1005338,STEEL DUST RECYCLING LLC,Metals,AL,209664.228,28724,210293,Industry,Good,"v1 estimate: Hertwich & Wood (2018) 'Industry' sector ratio (1.14x Scope 1 combined, 12%/88% Scope2:Scope3 split borrowed from the paper's Industry sector only). Confidence: Good."
1005339,WILLIAM BEAUMONT HOSPITAL,Other,MI,32222.678,NA,NA,NA,Unresolved -- needs further inspection before mapping,"Unresolved sector ('Other') -- left NA pending further investigation, not a real zero."
1005341,HONDA MANUFACTURING OF ALABAMA LLC,Other,AL,53416.846,NA,NA,NA,Unresolved -- needs further inspection before mapping,"Unresolved sector ('Other') -- left NA pending further investigation, not a real zero."
1005344,CHAPARRAL STEEL MIDLOTHIAN PLANT,Metals,TX,272960.996,37396,273780,Industry,Good,"v1 estimate: Hertwich & Wood (2018) 'Industry' sector ratio (1.14x Scope 1 combined, 12%/88% Scope2:Scope3 split borrowed from the paper's Industry sector only). Confidence: Good."
1005349,CENTRAL PENINSULA BALING FACILITY-SOLDOTNA LF,Waste,AK,56027.688,7676,56196,Industry,Weak (no dedicated waste sector in paper),"v1 estimate: Hertwich & Wood (2018) 'Industry' sector ratio (1.14x Scope 1 combined, 12%/88% Scope2:Scope3 split borrowed from the paper's Industry sector only). Confidence: Weak (no dedicated waste sector in paper)."
1005352,LEHIGH CEMENT CO LLC,Minerals,IA,446400.136,61157,447739,Industry,Good,"v1 estimate: Hertwich & Wood (2018) 'Industry' sector ratio (1.14x Scope 1 combined, 12%/88% Scope2:Scope3 split borrowed from the paper's Industry sector only). Confidence: Good."
1005353,ABERDEEN ENERGY LLC,Other,SD,197928.404,NA,NA,NA,Unresolved -- needs further inspection before mapping,"Unresolved sector ('Other') -- left NA pending further investigation, not a real zero."
1005358,CARDINAL FG,Minerals,WI,124207.156,17016,124580,Industry,Good,"v1 estimate: Hertwich & Wood (2018) 'Industry' sector ratio (1.14x Scope 1 combined, 12%/88% Scope2:Scope3 split borrowed from the paper's Industry sector only). Confidence: Good."
1005362,LOUISIANA TECH UNIVERSITY,Power Plants,LA,34965.02,1399,10140,Energy,Good,"v1 estimate: Hertwich & Wood (2018) 'Energy' sector ratio (0.33x Scope 1 combined, 12%/88% Scope2:Scope3 split borrowed from the paper's Industry sector only). Confidence: Good."
1005363,"CALUMET KARNS CITY REFINING, LLC.",Petroleum and Natural Gas Systems,PA,31730.056,1269,9202,Energy,Good,"v1 estimate: Hertwich & Wood (2018) 'Energy' sector ratio (0.33x Scope 1 combined, 12%/88% Scope2:Scope3 split borrowed from the paper's Industry sector only). Confidence: Good."
1005365,LEXINGTON / FAYETTE LANDFILL,Waste,KY,48884.25,6697,49031,Industry,Weak (no dedicated waste sector in paper),"v1 estimate: Hertwich & Wood (2018) 'Industry' sector ratio (1.14x Scope 1 combined, 12%/88% Scope2:Scope3 split borrowed from the paper's Industry sector only). Confidence: Weak (no dedicated waste sector in paper)."
1005367,US ARMY - FORT BELVOIR,Other,VA,23584.054,NA,NA,NA,Unresolved -- needs further inspection before mapping,"Unresolved sector ('Other') -- left NA pending further investigation, not a real zero."
1005369,HUSKER AG L L C,Other,NE,99896.724,NA,NA,NA,Unresolved -- needs further inspection before mapping,"Unresolved sector ('Other') -- left NA pending further investigation, not a real zero."
1005371,Tazewell County Landfill,Waste,VA,66084,9054,66282,Industry,Weak (no dedicated waste sector in paper),"v1 estimate: Hertwich & Wood (2018) 'Industry' sector ratio (1.14x Scope 1 combined, 12%/88% Scope2:Scope3 split borrowed from the paper's Industry sector only). Confidence: Weak (no dedicated waste sector in paper)."
1005385,ARCELORMITTAL TUBULAR PRODUCTS USA LLC,Metals,OH,61586.568,8437,61771,Industry,Good,"v1 estimate: Hertwich & Wood (2018) 'Industry' sector ratio (1.14x Scope 1 combined, 12%/88% Scope2:Scope3 split borrowed from the paper's Industry sector only). Confidence: Good."
1005386,Glacial Lakes Energy,Other,SD,183158.16,NA,NA,NA,Unresolved -- needs further inspection before mapping,"Unresolved sector ('Other') -- left NA pending further investigation, not a real zero."
1005389,MONARCH CERAMIC TILE INC,Minerals,AL,18273.832,2504,18329,Industry,Good,"v1 estimate: Hertwich & Wood (2018) 'Industry' sector ratio (1.14x Scope 1 combined, 12%/88% Scope2:Scope3 split borrowed from the paper's Industry sector only). Confidence: Good."
1005390,Canton Refinery,Petroleum Product Suppliers,OH,536090.068,21444,155466,Energy,Good,"v1 estimate: Hertwich & Wood (2018) 'Energy' sector ratio (0.33x Scope 1 combined, 12%/88% Scope2:Scope3 split borrowed from the paper's Industry sector only). Confidence: Good."
1005391,XTO - Farrar Plant,Petroleum and Natural Gas Systems,TX,35371.458,1415,10258,Energy,Good,"v1 estimate: Hertwich & Wood (2018) 'Energy' sector ratio (0.33x Scope 1 combined, 12%/88% Scope2:Scope3 split borrowed from the paper's Industry sector only). Confidence: Good."
1005399,ST. GEORGE CITY POWER: MILLCREEK GENERATION STATION,Power Plants,UT,65481.856,2619,18990,Energy,Good,"v1 estimate: Hertwich & Wood (2018) 'Energy' sector ratio (0.33x Scope 1 combined, 12%/88% Scope2:Scope3 split borrowed from the paper's Industry sector only). Confidence: Good."
1005415,SMITHFIELD FRESH MEATS CORP-DENISON,Other,IA,48538.646,NA,NA,NA,Unresolved -- needs further inspection before mapping,"Unresolved sector ('Other') -- left NA pending further investigation, not a real zero."
1005423,UNIVERSAL STAINLESS BRIDGEVILLE PLT,Metals,PA,42448.248,5815,42576,Industry,Good,"v1 estimate: Hertwich & Wood (2018) 'Industry' sector ratio (1.14x Scope 1 combined, 12%/88% Scope2:Scope3 split borrowed from the paper's Industry sector only). Confidence: Good."
1005425,"Futamura USA, Inc.",Other,KS,40731.396,NA,NA,NA,Unresolved -- needs further inspection before mapping,"Unresolved sector ('Other') -- left NA pending further investigation, not a real zero."
1005432,AMERICAN AIRLINES,Other,OK,34261.918,NA,NA,NA,Unresolved -- needs further inspection before mapping,"Unresolved sector ('Other') -- left NA pending further investigation, not a real zero."
1005434,CARGILL INC/SALT DIVISION,Other,KS,46962.824,NA,NA,NA,Unresolved -- needs further inspection before mapping,"Unresolved sector ('Other') -- left NA pending further investigation, not a real zero."
1005440,Upper Southwest Regional Soild Waste Management District,Waste,AR,82702,11330,82950,Industry,Weak (no dedicated waste sector in paper),"v1 estimate: Hertwich & Wood (2018) 'Industry' sector ratio (1.14x Scope 1 combined, 12%/88% Scope2:Scope3 split borrowed from the paper's Industry sector only). Confidence: Weak (no dedicated waste sector in paper)."
1005446,MIDSTREAM ENERGY PARTNERS NORTH COLES LEVEE GAS PLANT,Natural Gas and Natural Gas Liquids Suppliers,CA,29576.194,1183,8577,Energy,Good,"v1 estimate: Hertwich & Wood (2018) 'Energy' sector ratio (0.33x Scope 1 combined, 12%/88% Scope2:Scope3 split borrowed from the paper's Industry sector only). Confidence: Good."
1005459,"Mitsubishi Electric Power Products, Inc.",Import and Export of Equipment Containing Fluorintaed GHGs,PA,54655.8636,NA,NA,NA,No fit -- left NA (alt. spelling),"No sector fit in Hertwich & Wood (2018) -- left NA, not a real zero."
1005461,LINCOLN COUNTY LANDFILL,Waste,NC,48874,6696,49021,Industry,Weak (no dedicated waste sector in paper),"v1 estimate: Hertwich & Wood (2018) 'Industry' sector ratio (1.14x Scope 1 combined, 12%/88% Scope2:Scope3 split borrowed from the paper's Industry sector only). Confidence: Weak (no dedicated waste sector in paper)."
1005464,Eastern Michigan University,Other,MI,38610.556,NA,NA,NA,Unresolved -- needs further inspection before mapping,"Unresolved sector ('Other') -- left NA pending further investigation, not a real zero."
1005465,EVONIK CORPORATION,Chemicals,IL,73207.068,10029,73427,Industry,Good,"v1 estimate: Hertwich & Wood (2018) 'Industry' sector ratio (1.14x Scope 1 combined, 12%/88% Scope2:Scope3 split borrowed from the paper's Industry sector only). Confidence: Good."
1005471,TEMPLE UNIVERSITY HEALTH SCIENCES CAMPUS,Other,PA,26924.648,NA,NA,NA,Unresolved -- needs further inspection before mapping,"Unresolved sector ('Other') -- left NA pending further investigation, not a real zero."
1005476,MID AMERICA AGRI PRODUCTS WHEATLAND LLC,Other,NE,48376.968,NA,NA,NA,Unresolved -- needs further inspection before mapping,"Unresolved sector ('Other') -- left NA pending further investigation, not a real zero."
1005479,"Ingredion Incorporated, Indianapolis Plant",Other,IN,60943.22,NA,NA,NA,Unresolved -- needs further inspection before mapping,"Unresolved sector ('Other') -- left NA pending further investigation, not a real zero."
1005480,West Texas Region Disposal Facility,Waste,TX,137591.5,18850,138004,Industry,Weak (no dedicated waste sector in paper),"v1 estimate: Hertwich & Wood (2018) 'Industry' sector ratio (1.14x Scope 1 combined, 12%/88% Scope2:Scope3 split borrowed from the paper's Industry sector only). Confidence: Weak (no dedicated waste sector in paper)."
1005482,Caliche Canyon Landfill,Waste,TX,65654,8995,65851,Industry,Weak (no dedicated waste sector in paper),"v1 estimate: Hertwich & Wood (2018) 'Industry' sector ratio (1.14x Scope 1 combined, 12%/88% Scope2:Scope3 split borrowed from the paper's Industry sector only). Confidence: Weak (no dedicated waste sector in paper)."
1005493,EBR NORTH LANDFILL,Waste,LA,456059.25,62480,457427,Industry,Weak (no dedicated waste sector in paper),"v1 estimate: Hertwich & Wood (2018) 'Industry' sector ratio (1.14x Scope 1 combined, 12%/88% Scope2:Scope3 split borrowed from the paper's Industry sector only). Confidence: Weak (no dedicated waste sector in paper)."
1005501,"University of California, Los Angeles",Other,CA,204920.628,NA,NA,NA,Unresolved -- needs further inspection before mapping,"Unresolved sector ('Other') -- left NA pending further investigation, not a real zero."
1005502,"East Dubuque Nitrogen Fertilizers, LLC",Chemicals,IL,807616.216,110643,810039,Industry,Good,"v1 estimate: Hertwich & Wood (2018) 'Industry' sector ratio (1.14x Scope 1 combined, 12%/88% Scope2:Scope3 split borrowed from the paper's Industry sector only). Confidence: Good."
1005508,Caesars Entertainment Consolidated Properties Source ID 257,Other,NV,56095.788,NA,NA,NA,Unresolved -- needs further inspection before mapping,"Unresolved sector ('Other') -- left NA pending further investigation, not a real zero."
1005525,BELLEFIELD BOILER PLANT,Power Plants,PA,48730.016,1949,14132,Energy,Good,"v1 estimate: Hertwich & Wood (2018) 'Energy' sector ratio (0.33x Scope 1 combined, 12%/88% Scope2:Scope3 split borrowed from the paper's Industry sector only). Confidence: Good."
1005536,STD STEEL BURNHAM PLT,Metals,PA,68869.968,9435,69077,Industry,Good,"v1 estimate: Hertwich & Wood (2018) 'Industry' sector ratio (1.14x Scope 1 combined, 12%/88% Scope2:Scope3 split borrowed from the paper's Industry sector only). Confidence: Good."
1005544,NEW MEXICO STATE UNIVERSITY CAMPUS,Other,NM,30291.736,NA,NA,NA,Unresolved -- needs further inspection before mapping,"Unresolved sector ('Other') -- left NA pending further investigation, not a real zero."
1005551,FCA JEFFERSON NORTH ASSEMBLY PLANT,Other,MI,76753.86,NA,NA,NA,Unresolved -- needs further inspection before mapping,"Unresolved sector ('Other') -- left NA pending further investigation, not a real zero."
1005556,WAYNE STATE UNIVERSITY,Other,MI,33054.376,NA,NA,NA,Unresolved -- needs further inspection before mapping,"Unresolved sector ('Other') -- left NA pending further investigation, not a real zero."
1005558,CARDINAL FG COMPANY,Minerals,WI,114972.84,15751,115318,Industry,Good,"v1 estimate: Hertwich & Wood (2018) 'Industry' sector ratio (1.14x Scope 1 combined, 12%/88% Scope2:Scope3 split borrowed from the paper's Industry sector only). Confidence: Good."
1005564,WESTLAKE STYRENE LLC - STYRENE MONOMER PRODUCTION FACILITY,Chemicals,LA,166186.924,22768,166685,Industry,Good,"v1 estimate: Hertwich & Wood (2018) 'Industry' sector ratio (1.14x Scope 1 combined, 12%/88% Scope2:Scope3 split borrowed from the paper's Industry sector only). Confidence: Good."
1005567,FCA Warren PDC,Other,MI,5313.28,NA,NA,NA,Unresolved -- needs further inspection before mapping,"Unresolved sector ('Other') -- left NA pending further investigation, not a real zero."
1005577,CSL BEHRING LLC,Chemicals,IL,49728.712,6813,49878,Industry,Good,"v1 estimate: Hertwich & Wood (2018) 'Industry' sector ratio (1.14x Scope 1 combined, 12%/88% Scope2:Scope3 split borrowed from the paper's Industry sector only). Confidence: Good."
1005579,"WestRock CP, LLC - West Point Mill",Pulp and Paper,VA,587189.196,80445,588951,Industry,Good,"v1 estimate: Hertwich & Wood (2018) 'Industry' sector ratio (1.14x Scope 1 combined, 12%/88% Scope2:Scope3 split borrowed from the paper's Industry sector only). Confidence: Good."
1005580,SHAW INDUSTRIES GROUP INC PLANT 4,Other,GA,33093.676,NA,NA,NA,Unresolved -- needs further inspection before mapping,"Unresolved sector ('Other') -- left NA pending further investigation, not a real zero."
1005583,CHEYENNE LANDFILL,Waste,WY,68038.25,9321,68242,Industry,Weak (no dedicated waste sector in paper),"v1 estimate: Hertwich & Wood (2018) 'Industry' sector ratio (1.14x Scope 1 combined, 12%/88% Scope2:Scope3 split borrowed from the paper's Industry sector only). Confidence: Weak (no dedicated waste sector in paper)."
1005584,STEEL DYNAMICS INC,Metals,IN,982503.42,134603,985451,Industry,Good,"v1 estimate: Hertwich & Wood (2018) 'Industry' sector ratio (1.14x Scope 1 combined, 12%/88% Scope2:Scope3 split borrowed from the paper's Industry sector only). Confidence: Good."
1005585,Galveston Bay Refinery,Other,TX,6633324.474,NA,NA,NA,Unresolved -- needs further inspection before mapping,"Unresolved sector ('Other') -- left NA pending further investigation, not a real zero."
1005586,HIGHWATER ETHANOL LLC,Other,MN,81610.292,NA,NA,NA,Unresolved -- needs further inspection before mapping,"Unresolved sector ('Other') -- left NA pending further investigation, not a real zero."
1005588,VISTA METALS CORPORATION,Metals,CA,32234.228,4416,32331,Industry,Good,"v1 estimate: Hertwich & Wood (2018) 'Industry' sector ratio (1.14x Scope 1 combined, 12%/88% Scope2:Scope3 split borrowed from the paper's Industry sector only). Confidence: Good."
1005590,AMERICAN REFINING GROUP INC,Petroleum Product Suppliers,PA,122544.272,4902,35538,Energy,Good,"v1 estimate: Hertwich & Wood (2018) 'Energy' sector ratio (0.33x Scope 1 combined, 12%/88% Scope2:Scope3 split borrowed from the paper's Industry sector only). Confidence: Good."
1005592,ISOLATEK INTERNATIONAL,Minerals,IN,21903.494,3001,21969,Industry,Good,"v1 estimate: Hertwich & Wood (2018) 'Industry' sector ratio (1.14x Scope 1 combined, 12%/88% Scope2:Scope3 split borrowed from the paper's Industry sector only). Confidence: Good."
1005594,CITY OF ALBEMARLE LANDFILL,Waste,NC,61211.25,8386,61395,Industry,Weak (no dedicated waste sector in paper),"v1 estimate: Hertwich & Wood (2018) 'Industry' sector ratio (1.14x Scope 1 combined, 12%/88% Scope2:Scope3 split borrowed from the paper's Industry sector only). Confidence: Weak (no dedicated waste sector in paper)."
1005598,JEWELL COAL & COKE,Metals,VA,376576.398,51591,377706,Industry,Good,"v1 estimate: Hertwich & Wood (2018) 'Industry' sector ratio (1.14x Scope 1 combined, 12%/88% Scope2:Scope3 split borrowed from the paper's Industry sector only). Confidence: Good."
1005602,"STEEL DYNAMICS. INC. (SDI), STRUCTUAL AND RAIL DIVISION",Metals,IN,328102.768,44950,329087,Industry,Good,"v1 estimate: Hertwich & Wood (2018) 'Industry' sector ratio (1.14x Scope 1 combined, 12%/88% Scope2:Scope3 split borrowed from the paper's Industry sector only). Confidence: Good."
1005619,TACOMA CITY SOLID WASTE FAC,Waste,WA,6948.216,952,6969,Industry,Weak (no dedicated waste sector in paper),"v1 estimate: Hertwich & Wood (2018) 'Industry' sector ratio (1.14x Scope 1 combined, 12%/88% Scope2:Scope3 split borrowed from the paper's Industry sector only). Confidence: Weak (no dedicated waste sector in paper)."
1005621,Sisecam Wyoming LLC,Minerals,WY,815087.468,111667,817533,Industry,Good,"v1 estimate: Hertwich & Wood (2018) 'Industry' sector ratio (1.14x Scope 1 combined, 12%/88% Scope2:Scope3 split borrowed from the paper's Industry sector only). Confidence: Good."
1005622,KEYSTONE CEMENT COMPANY,Minerals,PA,684874.088,93828,686929,Industry,Good,"v1 estimate: Hertwich & Wood (2018) 'Industry' sector ratio (1.14x Scope 1 combined, 12%/88% Scope2:Scope3 split borrowed from the paper's Industry sector only). Confidence: Good."
1005626,BIG RIVER UNITED ENERGY LLC,Other,IA,174051.244,NA,NA,NA,Unresolved -- needs further inspection before mapping,"Unresolved sector ('Other') -- left NA pending further investigation, not a real zero."
1005629,St Marys Cement INC,Minerals,MI,1425742.296,195327,1430020,Industry,Good,"v1 estimate: Hertwich & Wood (2018) 'Industry' sector ratio (1.14x Scope 1 combined, 12%/88% Scope2:Scope3 split borrowed from the paper's Industry sector only). Confidence: Good."
1005637,HENNEPIN COUNTY ENERGY CENTER,Power Plants,MN,31325.732,1253,9084,Energy,Good,"v1 estimate: Hertwich & Wood (2018) 'Energy' sector ratio (0.33x Scope 1 combined, 12%/88% Scope2:Scope3 split borrowed from the paper's Industry sector only). Confidence: Good."
1005638,SEMINOLE ROAD MSW LANDFILL,Waste,GA,353121.82,48378,354181,Industry,Weak (no dedicated waste sector in paper),"v1 estimate: Hertwich & Wood (2018) 'Industry' sector ratio (1.14x Scope 1 combined, 12%/88% Scope2:Scope3 split borrowed from the paper's Industry sector only). Confidence: Weak (no dedicated waste sector in paper)."
1005640,ELEMENTIS CHROMIUM,Chemicals,NC,120282.924,16479,120644,Industry,Good,"v1 estimate: Hertwich & Wood (2018) 'Industry' sector ratio (1.14x Scope 1 combined, 12%/88% Scope2:Scope3 split borrowed from the paper's Industry sector only). Confidence: Good."
1005641,LINAM RANCH GAS PLANT,Injection of CO2,NM,222121.942,8885,64415,Energy,Assumption,"v1 estimate: Hertwich & Wood (2018) 'Energy' sector ratio (0.33x Scope 1 combined, 12%/88% Scope2:Scope3 split borrowed from the paper's Industry sector only). Confidence: Assumption."
1005651,LAMB WESTON INCORPORATED,Other,OR,36455.112,NA,NA,NA,Unresolved -- needs further inspection before mapping,"Unresolved sector ('Other') -- left NA pending further investigation, not a real zero."
1005653,INTERNATIONAL PAPER - BOGALUSA MILL,Pulp and Paper,LA,101018.304,13840,101321,Industry,Good,"v1 estimate: Hertwich & Wood (2018) 'Industry' sector ratio (1.14x Scope 1 combined, 12%/88% Scope2:Scope3 split borrowed from the paper's Industry sector only). Confidence: Good."
1005658,CALIFORNIA DAIRIES INC FRESNO,Other,CA,32644.528,NA,NA,NA,Unresolved -- needs further inspection before mapping,"Unresolved sector ('Other') -- left NA pending further investigation, not a real zero."
1005659,CALIFORNIA DAIRIES INC VISALIA,Other,CA,65761.752,NA,NA,NA,Unresolved -- needs further inspection before mapping,"Unresolved sector ('Other') -- left NA pending further investigation, not a real zero."
1005660,Virginia Tech,Other,VA,66031.752,NA,NA,NA,Unresolved -- needs further inspection before mapping,"Unresolved sector ('Other') -- left NA pending further investigation, not a real zero."
1005661,Archer Daniels Midland Co.,Injection of CO2,IL,3819217.302,152769,1107573,Energy,Assumption,"v1 estimate: Hertwich & Wood (2018) 'Energy' sector ratio (0.33x Scope 1 combined, 12%/88% Scope2:Scope3 split borrowed from the paper's Industry sector only). Confidence: Assumption."
1005662,Mitsubishi Cement Corp Cushenbury Cement Plant,Minerals,CA,1178981.544,161520,1182518,Industry,Good,"v1 estimate: Hertwich & Wood (2018) 'Industry' sector ratio (1.14x Scope 1 combined, 12%/88% Scope2:Scope3 split borrowed from the paper's Industry sector only). Confidence: Good."
1005665,City of Port Arthur Landfill,Waste,TX,134980.75,18492,135386,Industry,Weak (no dedicated waste sector in paper),"v1 estimate: Hertwich & Wood (2018) 'Industry' sector ratio (1.14x Scope 1 combined, 12%/88% Scope2:Scope3 split borrowed from the paper's Industry sector only). Confidence: Weak (no dedicated waste sector in paper)."
1005668,FORD MOTOR COMPANY - FORD ROUGE SITE,Other,MI,72646.276,NA,NA,NA,Unresolved -- needs further inspection before mapping,"Unresolved sector ('Other') -- left NA pending further investigation, not a real zero."
1005673,REGIONAL WASTE SYSTEMS INCORPORATED,Waste,ME,62777.74,8601,62966,Industry,Weak (no dedicated waste sector in paper),"v1 estimate: Hertwich & Wood (2018) 'Industry' sector ratio (1.14x Scope 1 combined, 12%/88% Scope2:Scope3 split borrowed from the paper's Industry sector only). Confidence: Weak (no dedicated waste sector in paper)."
1005675,NIPPON CHEMICAL TEXAS INC,Chemicals,TX,40841.596,5595,40964,Industry,Good,"v1 estimate: Hertwich & Wood (2018) 'Industry' sector ratio (1.14x Scope 1 combined, 12%/88% Scope2:Scope3 split borrowed from the paper's Industry sector only). Confidence: Good."
1005678,PLATTEVILLE GAS PLANT,Petroleum and Natural Gas Systems,CO,46780.526,1871,13566,Energy,Good,"v1 estimate: Hertwich & Wood (2018) 'Energy' sector ratio (0.33x Scope 1 combined, 12%/88% Scope2:Scope3 split borrowed from the paper's Industry sector only). Confidence: Good."
1005683,"SIOUXLAND ETHANOL, LLC",Other,NE,105129.63,NA,NA,NA,Unresolved -- needs further inspection before mapping,"Unresolved sector ('Other') -- left NA pending further investigation, not a real zero."
1005691,Waha Gas Plant,Injection of CO2,TX,73030.398,2921,21179,Energy,Assumption,"v1 estimate: Hertwich & Wood (2018) 'Energy' sector ratio (0.33x Scope 1 combined, 12%/88% Scope2:Scope3 split borrowed from the paper's Industry sector only). Confidence: Assumption."
1005693,WEST BISTINEAU FACILITY,Petroleum and Natural Gas Systems,LA,155328.952,6213,45045,Energy,Good,"v1 estimate: Hertwich & Wood (2018) 'Energy' sector ratio (0.33x Scope 1 combined, 12%/88% Scope2:Scope3 split borrowed from the paper's Industry sector only). Confidence: Good."
1005694,CARGILL INC SOY PROCESSING PLANT *,Other,OH,63970.86,NA,NA,NA,Unresolved -- needs further inspection before mapping,"Unresolved sector ('Other') -- left NA pending further investigation, not a real zero."
1005699,NCSU CENTRAL HEAT PLANT,Other,NC,112758.352,NA,NA,NA,Unresolved -- needs further inspection before mapping,"Unresolved sector ('Other') -- left NA pending further investigation, not a real zero."
1005705,ALLIANCE PIPELINE - OLIVIA 23-A,Petroleum and Natural Gas Systems,MN,86135.976,3445,24979,Energy,Good,"v1 estimate: Hertwich & Wood (2018) 'Energy' sector ratio (0.33x Scope 1 combined, 12%/88% Scope2:Scope3 split borrowed from the paper's Industry sector only). Confidence: Good."
1005706,"Domtar Paper Company, LLC",Pulp and Paper,PA,165410.37,22661,165907,Industry,Good,"v1 estimate: Hertwich & Wood (2018) 'Industry' sector ratio (1.14x Scope 1 combined, 12%/88% Scope2:Scope3 split borrowed from the paper's Industry sector only). Confidence: Good."
1005713,Limestone,Power Plants,TX,6616810.576,264672,1918875,Energy,Good,"v1 estimate: Hertwich & Wood (2018) 'Energy' sector ratio (0.33x Scope 1 combined, 12%/88% Scope2:Scope3 split borrowed from the paper's Industry sector only). Confidence: Good."
1005715,Carver-Marion-Wareham Landfill,Waste,MA,39734.65,5444,39854,Industry,Weak (no dedicated waste sector in paper),"v1 estimate: Hertwich & Wood (2018) 'Industry' sector ratio (1.14x Scope 1 combined, 12%/88% Scope2:Scope3 split borrowed from the paper's Industry sector only). Confidence: Weak (no dedicated waste sector in paper)."
1005722,GRIMES COUNTY CMP STN,Petroleum and Natural Gas Systems,TX,36649.942,1466,10628,Energy,Good,"v1 estimate: Hertwich & Wood (2018) 'Energy' sector ratio (0.33x Scope 1 combined, 12%/88% Scope2:Scope3 split borrowed from the paper's Industry sector only). Confidence: Good."
1005725,"Potters Industries LLC. - Apex, NC",Minerals,NC,32591.328,4465,32689,Industry,Good,"v1 estimate: Hertwich & Wood (2018) 'Industry' sector ratio (1.14x Scope 1 combined, 12%/88% Scope2:Scope3 split borrowed from the paper's Industry sector only). Confidence: Good."
1005727,"POET BIOREFINING - GOWRIE, LLC",Other,IA,107850.544,NA,NA,NA,Unresolved -- needs further inspection before mapping,"Unresolved sector ('Other') -- left NA pending further investigation, not a real zero."
1005732,PORT TOWNSEND PAPER CORP,Pulp and Paper,WA,62519.286,8565,62707,Industry,Good,"v1 estimate: Hertwich & Wood (2018) 'Industry' sector ratio (1.14x Scope 1 combined, 12%/88% Scope2:Scope3 split borrowed from the paper's Industry sector only). Confidence: Good."
1005734,CHRISTY MINERALS CO-HIGH HILL,Other,MO,23923.492,NA,NA,NA,Unresolved -- needs further inspection before mapping,"Unresolved sector ('Other') -- left NA pending further investigation, not a real zero."
1005738,International Paper - Mansfield Mill,Pulp and Paper,LA,671632.066,92014,673647,Industry,Good,"v1 estimate: Hertwich & Wood (2018) 'Industry' sector ratio (1.14x Scope 1 combined, 12%/88% Scope2:Scope3 split borrowed from the paper's Industry sector only). Confidence: Good."
1005743,"TotalEnergies Petrochemicals & Refining USA, Inc. - Port Arthur Refinery",Petroleum Product Suppliers,TX,1860674.7,74427,539596,Energy,Good,"v1 estimate: Hertwich & Wood (2018) 'Energy' sector ratio (0.33x Scope 1 combined, 12%/88% Scope2:Scope3 split borrowed from the paper's Industry sector only). Confidence: Good."
1005751,AMERICAN CRYSTAL SUGAR - E GRAND FORKS,Minerals,MN,327865.604,44918,328849,Industry,Good,"v1 estimate: Hertwich & Wood (2018) 'Industry' sector ratio (1.14x Scope 1 combined, 12%/88% Scope2:Scope3 split borrowed from the paper's Industry sector only). Confidence: Good."
1005753,AMERICAN CRYSTAL SUGAR - HILLSBORO,Minerals,ND,488892.74,66978,490359,Industry,Good,"v1 estimate: Hertwich & Wood (2018) 'Industry' sector ratio (1.14x Scope 1 combined, 12%/88% Scope2:Scope3 split borrowed from the paper's Industry sector only). Confidence: Good."
1005755,CASCADE STEEL ROLLING MILLS INC,Metals,OR,75234.72,10307,75460,Industry,Good,"v1 estimate: Hertwich & Wood (2018) 'Industry' sector ratio (1.14x Scope 1 combined, 12%/88% Scope2:Scope3 split borrowed from the paper's Industry sector only). Confidence: Good."
1005758,MICHIGAN SUGAR COMPANY - Bay City,Minerals,MI,179043.442,24529,179581,Industry,Good,"v1 estimate: Hertwich & Wood (2018) 'Industry' sector ratio (1.14x Scope 1 combined, 12%/88% Scope2:Scope3 split borrowed from the paper's Industry sector only). Confidence: Good."
1005761,Bailey Mine-Crabapple Portal,Other,PA,2817632.218,NA,NA,NA,Unresolved -- needs further inspection before mapping,"Unresolved sector ('Other') -- left NA pending further investigation, not a real zero."
1005766,Dyno Nobel,Chemicals,OR,190239.436,26063,190810,Industry,Good,"v1 estimate: Hertwich & Wood (2018) 'Industry' sector ratio (1.14x Scope 1 combined, 12%/88% Scope2:Scope3 split borrowed from the paper's Industry sector only). Confidence: Good."
1005768,WESTROCK CONVERTING COMPANY - STROUDSBURG MILL,Pulp and Paper,PA,26778.5,3669,26859,Industry,Good,"v1 estimate: Hertwich & Wood (2018) 'Industry' sector ratio (1.14x Scope 1 combined, 12%/88% Scope2:Scope3 split borrowed from the paper's Industry sector only). Confidence: Good."
1005770,AUX SABLE LIQUID PRODUCTS INC,Natural Gas and Natural Gas Liquids Suppliers,IL,290345.67,11614,84200,Energy,Good,"v1 estimate: Hertwich & Wood (2018) 'Energy' sector ratio (0.33x Scope 1 combined, 12%/88% Scope2:Scope3 split borrowed from the paper's Industry sector only). Confidence: Good."
1005772,CERTAINTEED GYPSUM,Minerals,WV,71076.432,9737,71290,Industry,Good,"v1 estimate: Hertwich & Wood (2018) 'Industry' sector ratio (1.14x Scope 1 combined, 12%/88% Scope2:Scope3 split borrowed from the paper's Industry sector only). Confidence: Good."
1005773,THE BELDEN BRICK COMPANY (0679000118),Minerals,OH,66878.848,9162,67079,Industry,Good,"v1 estimate: Hertwich & Wood (2018) 'Industry' sector ratio (1.14x Scope 1 combined, 12%/88% Scope2:Scope3 split borrowed from the paper's Industry sector only). Confidence: Good."
1005777,NUCOR STEEL - UTAH,Metals,UT,243502.736,33360,244233,Industry,Good,"v1 estimate: Hertwich & Wood (2018) 'Industry' sector ratio (1.14x Scope 1 combined, 12%/88% Scope2:Scope3 split borrowed from the paper's Industry sector only). Confidence: Good."
1005780,CAMPBELL SOUP SUPPLY COMPANY,Other,NC,46011.876,NA,NA,NA,Unresolved -- needs further inspection before mapping,"Unresolved sector ('Other') -- left NA pending further investigation, not a real zero."
1005784,Port Jefferson Energy Center,Power Plants,NY,236516.784,9461,68590,Energy,Good,"v1 estimate: Hertwich & Wood (2018) 'Energy' sector ratio (0.33x Scope 1 combined, 12%/88% Scope2:Scope3 split borrowed from the paper's Industry sector only). Confidence: Good."
1005788,TERRA INTERNATIONAL (OKLAHOMA) LLC,Chemicals,OK,1190499.648,163098,1194071,Industry,Good,"v1 estimate: Hertwich & Wood (2018) 'Industry' sector ratio (1.14x Scope 1 combined, 12%/88% Scope2:Scope3 split borrowed from the paper's Industry sector only). Confidence: Good."
1005789,ConocoPhillips Alaska Inc - KRU CPF1,Petroleum Product Suppliers,AK,492539.018,19702,142836,Energy,Good,"v1 estimate: Hertwich & Wood (2018) 'Energy' sector ratio (0.33x Scope 1 combined, 12%/88% Scope2:Scope3 split borrowed from the paper's Industry sector only). Confidence: Good."
1005798,Energy Center Pittsburgh LLC,Power Plants,PA,35906.164,1436,10413,Energy,Good,"v1 estimate: Hertwich & Wood (2018) 'Energy' sector ratio (0.33x Scope 1 combined, 12%/88% Scope2:Scope3 split borrowed from the paper's Industry sector only). Confidence: Good."
1005804,KERN RIVER GAS TRANSMISSION COMPANY: SALT LAKE COMPRESSOR STATION,Petroleum and Natural Gas Systems,UT,43870.844,1755,12723,Energy,Good,"v1 estimate: Hertwich & Wood (2018) 'Energy' sector ratio (0.33x Scope 1 combined, 12%/88% Scope2:Scope3 split borrowed from the paper's Industry sector only). Confidence: Good."
1005805,FILLMORE COMPRESSOR STATION,Petroleum and Natural Gas Systems,UT,72740.336,2910,21095,Energy,Good,"v1 estimate: Hertwich & Wood (2018) 'Energy' sector ratio (0.33x Scope 1 combined, 12%/88% Scope2:Scope3 split borrowed from the paper's Industry sector only). Confidence: Good."
1005806,KERN RIVER GAS TRANSMISSION CO: COYOTE CREEK COMPRESSOR STATION,Petroleum and Natural Gas Systems,WY,62382.922,2495,18091,Energy,Good,"v1 estimate: Hertwich & Wood (2018) 'Energy' sector ratio (0.33x Scope 1 combined, 12%/88% Scope2:Scope3 split borrowed from the paper's Industry sector only). Confidence: Good."
1005810,Aucilla Area Solid Waste Facility,Waste,FL,58080.5,7957,58255,Industry,Weak (no dedicated waste sector in paper),"v1 estimate: Hertwich & Wood (2018) 'Industry' sector ratio (1.14x Scope 1 combined, 12%/88% Scope2:Scope3 split borrowed from the paper's Industry sector only). Confidence: Weak (no dedicated waste sector in paper)."
1005812,GreenAmerica Biofuels Ord LLC,Other,NE,84242.732,NA,NA,NA,Unresolved -- needs further inspection before mapping,"Unresolved sector ('Other') -- left NA pending further investigation, not a real zero."
1005814,Befesa Zinc US INC,Metals,SC,105187.384,14411,105503,Industry,Good,"v1 estimate: Hertwich & Wood (2018) 'Industry' sector ratio (1.14x Scope 1 combined, 12%/88% Scope2:Scope3 split borrowed from the paper's Industry sector only). Confidence: Good."
1005820,CENTERPOINT LANDFILL,Waste,IN,20957.25,2871,21020,Industry,Weak (no dedicated waste sector in paper),"v1 estimate: Hertwich & Wood (2018) 'Industry' sector ratio (1.14x Scope 1 combined, 12%/88% Scope2:Scope3 split borrowed from the paper's Industry sector only). Confidence: Weak (no dedicated waste sector in paper)."
1005822,Blackhawk Station,Power Plants,TX,948824.6,37953,275159,Energy,Good,"v1 estimate: Hertwich & Wood (2018) 'Energy' sector ratio (0.33x Scope 1 combined, 12%/88% Scope2:Scope3 split borrowed from the paper's Industry sector only). Confidence: Good."
1005825,CLEVELAND COUNTY LANDFILL,Waste,NC,143437,19651,143867,Industry,Weak (no dedicated waste sector in paper),"v1 estimate: Hertwich & Wood (2018) 'Industry' sector ratio (1.14x Scope 1 combined, 12%/88% Scope2:Scope3 split borrowed from the paper's Industry sector only). Confidence: Weak (no dedicated waste sector in paper)."
1005831,Southaven Combined Cycle,Power Plants,MS,1681841.868,67274,487734,Energy,Good,"v1 estimate: Hertwich & Wood (2018) 'Energy' sector ratio (0.33x Scope 1 combined, 12%/88% Scope2:Scope3 split borrowed from the paper's Industry sector only). Confidence: Good."
1005832,NUCOR STEEL-TEXAS,Metals,TX,181047.508,24804,181591,Industry,Good,"v1 estimate: Hertwich & Wood (2018) 'Industry' sector ratio (1.14x Scope 1 combined, 12%/88% Scope2:Scope3 split borrowed from the paper's Industry sector only). Confidence: Good."
1005840,NEW PARIS PIKE LDFL,Waste,IN,46341,6349,46480,Industry,Weak (no dedicated waste sector in paper),"v1 estimate: Hertwich & Wood (2018) 'Industry' sector ratio (1.14x Scope 1 combined, 12%/88% Scope2:Scope3 split borrowed from the paper's Industry sector only). Confidence: Weak (no dedicated waste sector in paper)."
1005844,EAGLE COUNTY LANDFILL,Waste,CO,60119.75,8236,60300,Industry,Weak (no dedicated waste sector in paper),"v1 estimate: Hertwich & Wood (2018) 'Industry' sector ratio (1.14x Scope 1 combined, 12%/88% Scope2:Scope3 split borrowed from the paper's Industry sector only). Confidence: Weak (no dedicated waste sector in paper)."
1005846,BLOOMFIELD CMP STN,Petroleum and Natural Gas Systems,NM,22347.886,894,6481,Energy,Good,"v1 estimate: Hertwich & Wood (2018) 'Energy' sector ratio (0.33x Scope 1 combined, 12%/88% Scope2:Scope3 split borrowed from the paper's Industry sector only). Confidence: Good."
1005848,Rain CII CARBON LLC - LAKE CHARLES CALCINING PLANT,Petroleum and Natural Gas Systems,LA,267285.636,10691,77513,Energy,Good,"v1 estimate: Hertwich & Wood (2018) 'Energy' sector ratio (0.33x Scope 1 combined, 12%/88% Scope2:Scope3 split borrowed from the paper's Industry sector only). Confidence: Good."
1005849,U S SALT - WATKINS GLEN REFINERY,Other,NY,77690.308,NA,NA,NA,Unresolved -- needs further inspection before mapping,"Unresolved sector ('Other') -- left NA pending further investigation, not a real zero."
1005850,BASF BEAUMONT AGRO PLANT,Chemicals,TX,46598.624,6384,46738,Industry,Good,"v1 estimate: Hertwich & Wood (2018) 'Industry' sector ratio (1.14x Scope 1 combined, 12%/88% Scope2:Scope3 split borrowed from the paper's Industry sector only). Confidence: Good."
1005853,POET BIOREFINING - PORTLAND,Other,IN,115876.062,NA,NA,NA,Unresolved -- needs further inspection before mapping,"Unresolved sector ('Other') -- left NA pending further investigation, not a real zero."
1005855,"MARTIN MARIETTA MAGNESIA SPECIALTIES, LLC",Minerals,MI,73890.772,10123,74112,Industry,Good,"v1 estimate: Hertwich & Wood (2018) 'Industry' sector ratio (1.14x Scope 1 combined, 12%/88% Scope2:Scope3 split borrowed from the paper's Industry sector only). Confidence: Good."
1005856,GEISMAR FRACTIONATION PLANT,Natural Gas and Natural Gas Liquids Suppliers,LA,44920.58,1797,13027,Energy,Good,"v1 estimate: Hertwich & Wood (2018) 'Energy' sector ratio (0.33x Scope 1 combined, 12%/88% Scope2:Scope3 split borrowed from the paper's Industry sector only). Confidence: Good."
1005860,EAST CENTRAL SOLID WASTE COMMISSION,Waste,MN,41683.898,5711,41809,Industry,Weak (no dedicated waste sector in paper),"v1 estimate: Hertwich & Wood (2018) 'Industry' sector ratio (1.14x Scope 1 combined, 12%/88% Scope2:Scope3 split borrowed from the paper's Industry sector only). Confidence: Weak (no dedicated waste sector in paper)."
1005862,ALLEGANY BALLISTICS LABORATORY,Other,WV,23245.064,NA,NA,NA,Unresolved -- needs further inspection before mapping,"Unresolved sector ('Other') -- left NA pending further investigation, not a real zero."
1005868,UNIVERSITY OF CHICAGO,Other,IL,115065.716,NA,NA,NA,Unresolved -- needs further inspection before mapping,"Unresolved sector ('Other') -- left NA pending further investigation, not a real zero."
1005870,"COVANTA BABYLON, INC.",Waste,NY,91755.248,12570,92031,Industry,Weak (no dedicated waste sector in paper),"v1 estimate: Hertwich & Wood (2018) 'Industry' sector ratio (1.14x Scope 1 combined, 12%/88% Scope2:Scope3 split borrowed from the paper's Industry sector only). Confidence: Weak (no dedicated waste sector in paper)."
1005871,Kingston,Power Plants,TN,2925736.939,117029,848464,Energy,Good,"v1 estimate: Hertwich & Wood (2018) 'Energy' sector ratio (0.33x Scope 1 combined, 12%/88% Scope2:Scope3 split borrowed from the paper's Industry sector only). Confidence: Good."
1005874,HOLCIM (US) INC. D/B/A LAFARGE ALPENA,Minerals,MI,1769012.8,242355,1774320,Industry,Good,"v1 estimate: Hertwich & Wood (2018) 'Industry' sector ratio (1.14x Scope 1 combined, 12%/88% Scope2:Scope3 split borrowed from the paper's Industry sector only). Confidence: Good."
1005878,LAKE COUNTY SOLID WASTE FACILITY *,Waste,OH,50927,6977,51080,Industry,Weak (no dedicated waste sector in paper),"v1 estimate: Hertwich & Wood (2018) 'Industry' sector ratio (1.14x Scope 1 combined, 12%/88% Scope2:Scope3 split borrowed from the paper's Industry sector only). Confidence: Weak (no dedicated waste sector in paper)."
1005879,HUNT REFINING COMPANY,Chemicals,AL,896528.29,122824,899218,Industry,Good,"v1 estimate: Hertwich & Wood (2018) 'Industry' sector ratio (1.14x Scope 1 combined, 12%/88% Scope2:Scope3 split borrowed from the paper's Industry sector only). Confidence: Good."
1005880,BMW MANUFACTURING CORPORATION,Other,SC,55825.276,NA,NA,NA,Unresolved -- needs further inspection before mapping,"Unresolved sector ('Other') -- left NA pending further investigation, not a real zero."
1005895,GREENWOOD FARMS LANDFILL,Waste,TX,59556,8159,59735,Industry,Weak (no dedicated waste sector in paper),"v1 estimate: Hertwich & Wood (2018) 'Industry' sector ratio (1.14x Scope 1 combined, 12%/88% Scope2:Scope3 split borrowed from the paper's Industry sector only). Confidence: Weak (no dedicated waste sector in paper)."
1005898,Modelfill Landfill,Waste,AR,5857.25,802,5875,Industry,Weak (no dedicated waste sector in paper),"v1 estimate: Hertwich & Wood (2018) 'Industry' sector ratio (1.14x Scope 1 combined, 12%/88% Scope2:Scope3 split borrowed from the paper's Industry sector only). Confidence: Weak (no dedicated waste sector in paper)."
1005899,COUNTRYMARK REFINING & LOGISTICS LLC,Petroleum Product Suppliers,IN,196503.088,7860,56986,Energy,Good,"v1 estimate: Hertwich & Wood (2018) 'Energy' sector ratio (0.33x Scope 1 combined, 12%/88% Scope2:Scope3 split borrowed from the paper's Industry sector only). Confidence: Good."
1005905,"E F Kenilworth, Inc.",Power Plants,NJ,84346.932,3374,24461,Energy,Good,"v1 estimate: Hertwich & Wood (2018) 'Energy' sector ratio (0.33x Scope 1 combined, 12%/88% Scope2:Scope3 split borrowed from the paper's Industry sector only). Confidence: Good."
1005906,AR GLASS CONTAINER CORP,Minerals,AR,34015.788,4660,34118,Industry,Good,"v1 estimate: Hertwich & Wood (2018) 'Industry' sector ratio (1.14x Scope 1 combined, 12%/88% Scope2:Scope3 split borrowed from the paper's Industry sector only). Confidence: Good."
1005907,DALTON CORP WARSAW MFG FACILITY,Metals,IN,17940.21,2458,17994,Industry,Good,"v1 estimate: Hertwich & Wood (2018) 'Industry' sector ratio (1.14x Scope 1 combined, 12%/88% Scope2:Scope3 split borrowed from the paper's Industry sector only). Confidence: Good."
1005911,Norco Manufacturing Complex,Chemicals,LA,4143881.274,567712,4156313,Industry,Good,"v1 estimate: Hertwich & Wood (2018) 'Industry' sector ratio (1.14x Scope 1 combined, 12%/88% Scope2:Scope3 split borrowed from the paper's Industry sector only). Confidence: Good."
1005915,CARDINAL FG FLAT GLASS PLANT,Minerals,NC,106520.328,14593,106840,Industry,Good,"v1 estimate: Hertwich & Wood (2018) 'Industry' sector ratio (1.14x Scope 1 combined, 12%/88% Scope2:Scope3 split borrowed from the paper's Industry sector only). Confidence: Good."
1005918,WHEATLAND TUBE COMPANY - COUNCIL,Metals,PA,42957.188,5885,43086,Industry,Good,"v1 estimate: Hertwich & Wood (2018) 'Industry' sector ratio (1.14x Scope 1 combined, 12%/88% Scope2:Scope3 split borrowed from the paper's Industry sector only). Confidence: Good."
1005920,HILLSBOROUGH COUNTY RESOURCE RECOVERY FACILITY,Waste,FL,200218.128,27430,200819,Industry,Weak (no dedicated waste sector in paper),"v1 estimate: Hertwich & Wood (2018) 'Industry' sector ratio (1.14x Scope 1 combined, 12%/88% Scope2:Scope3 split borrowed from the paper's Industry sector only). Confidence: Weak (no dedicated waste sector in paper)."
1005924,Cheyenne Plant,Chemicals,WY,383736.302,52572,384888,Industry,Good,"v1 estimate: Hertwich & Wood (2018) 'Industry' sector ratio (1.14x Scope 1 combined, 12%/88% Scope2:Scope3 split borrowed from the paper's Industry sector only). Confidence: Good."
1005928,LARIMER COUNTY LANDFILL,Waste,CO,213903.498,29305,214545,Industry,Weak (no dedicated waste sector in paper),"v1 estimate: Hertwich & Wood (2018) 'Industry' sector ratio (1.14x Scope 1 combined, 12%/88% Scope2:Scope3 split borrowed from the paper's Industry sector only). Confidence: Weak (no dedicated waste sector in paper)."
1005929,HERON LAKE BIOENERGY LLC,Other,MN,79209.552,NA,NA,NA,Unresolved -- needs further inspection before mapping,"Unresolved sector ('Other') -- left NA pending further investigation, not a real zero."
1005938,"New-Indy Ontario, LLC",Pulp and Paper,CA,207409.82,28415,208032,Industry,Good,"v1 estimate: Hertwich & Wood (2018) 'Industry' sector ratio (1.14x Scope 1 combined, 12%/88% Scope2:Scope3 split borrowed from the paper's Industry sector only). Confidence: Good."
1005940,ARCHER DANIELS MIDLAND PROCESSING,Other,ND,46348.424,NA,NA,NA,Unresolved -- needs further inspection before mapping,"Unresolved sector ('Other') -- left NA pending further investigation, not a real zero."
1005947,Dixie Chemical Company,Chemicals,TX,44971.88,6161,45107,Industry,Good,"v1 estimate: Hertwich & Wood (2018) 'Industry' sector ratio (1.14x Scope 1 combined, 12%/88% Scope2:Scope3 split borrowed from the paper's Industry sector only). Confidence: Good."
1005948,GEORGIA-PACIFIC BREWTON LLC,Pulp and Paper,AL,544666.836,74619,546301,Industry,Good,"v1 estimate: Hertwich & Wood (2018) 'Industry' sector ratio (1.14x Scope 1 combined, 12%/88% Scope2:Scope3 split borrowed from the paper's Industry sector only). Confidence: Good."
1005949,Apache Station,Power Plants,AZ,1458091.254,58324,422846,Energy,Good,"v1 estimate: Hertwich & Wood (2018) 'Energy' sector ratio (0.33x Scope 1 combined, 12%/88% Scope2:Scope3 split borrowed from the paper's Industry sector only). Confidence: Good."
1005950,"Bavarian Trucking Co., Inc.",Waste,KY,32575.65,4463,32673,Industry,Weak (no dedicated waste sector in paper),"v1 estimate: Hertwich & Wood (2018) 'Industry' sector ratio (1.14x Scope 1 combined, 12%/88% Scope2:Scope3 split borrowed from the paper's Industry sector only). Confidence: Weak (no dedicated waste sector in paper)."
1005958,ANR Pipeline Blue Lake Complex Gas Storage Facility,Petroleum and Natural Gas Systems,MI,36386.33,1455,10552,Energy,Good,"v1 estimate: Hertwich & Wood (2018) 'Energy' sector ratio (0.33x Scope 1 combined, 12%/88% Scope2:Scope3 split borrowed from the paper's Industry sector only). Confidence: Good."
1005960,QUAD CNTY CORN PROCESSORS,Other,IA,70827.084,NA,NA,NA,Unresolved -- needs further inspection before mapping,"Unresolved sector ('Other') -- left NA pending further investigation, not a real zero."
1005964,GOLDEN TRIANGLE REGIONAL SOLID WASTE MANAGEMENT AUTHORITY,Waste,MS,106328.862,14567,106648,Industry,Weak (no dedicated waste sector in paper),"v1 estimate: Hertwich & Wood (2018) 'Industry' sector ratio (1.14x Scope 1 combined, 12%/88% Scope2:Scope3 split borrowed from the paper's Industry sector only). Confidence: Weak (no dedicated waste sector in paper)."
1005966,Marathon Mandan Refinery,Petroleum Product Suppliers,ND,682315.766,27293,197872,Energy,Good,"v1 estimate: Hertwich & Wood (2018) 'Energy' sector ratio (0.33x Scope 1 combined, 12%/88% Scope2:Scope3 split borrowed from the paper's Industry sector only). Confidence: Good."
1005969,THE ANDERSONS MARATHON HOLDINGS LLC,Other,IN,191801.328,NA,NA,NA,Unresolved -- needs further inspection before mapping,"Unresolved sector ('Other') -- left NA pending further investigation, not a real zero."
1005977,Ardagh Glass Inc. (Burlington),Minerals,WI,76121.098,10429,76349,Industry,Good,"v1 estimate: Hertwich & Wood (2018) 'Industry' sector ratio (1.14x Scope 1 combined, 12%/88% Scope2:Scope3 split borrowed from the paper's Industry sector only). Confidence: Good."
1005978,MOUNTAIN CEMENT CO,Minerals,WY,522258.23,71549,523825,Industry,Good,"v1 estimate: Hertwich & Wood (2018) 'Industry' sector ratio (1.14x Scope 1 combined, 12%/88% Scope2:Scope3 split borrowed from the paper's Industry sector only). Confidence: Good."
1005984,"Corning Pharmaceutical Glass, LLC",Minerals,NJ,31362.284,4297,31456,Industry,Good,"v1 estimate: Hertwich & Wood (2018) 'Industry' sector ratio (1.14x Scope 1 combined, 12%/88% Scope2:Scope3 split borrowed from the paper's Industry sector only). Confidence: Good."
1005990,CATERPILLAR INC.-MAPLETON,Metals,IL,189158.328,25915,189726,Industry,Good,"v1 estimate: Hertwich & Wood (2018) 'Industry' sector ratio (1.14x Scope 1 combined, 12%/88% Scope2:Scope3 split borrowed from the paper's Industry sector only). Confidence: Good."
1005992,SWEENY REFINERY,Petroleum Product Suppliers,TX,1967424.934,78697,570553,Energy,Good,"v1 estimate: Hertwich & Wood (2018) 'Energy' sector ratio (0.33x Scope 1 combined, 12%/88% Scope2:Scope3 split borrowed from the paper's Industry sector only). Confidence: Good."
1005994,DOMTAR AW LLC ASHDOWN MILL,Pulp and Paper,AR,408170.852,55919,409395,Industry,Good,"v1 estimate: Hertwich & Wood (2018) 'Industry' sector ratio (1.14x Scope 1 combined, 12%/88% Scope2:Scope3 split borrowed from the paper's Industry sector only). Confidence: Good."
1005997,PETRO STAR VALDEZ REFINERY,Chemicals,AK,76997.524,10549,77229,Industry,Good,"v1 estimate: Hertwich & Wood (2018) 'Industry' sector ratio (1.14x Scope 1 combined, 12%/88% Scope2:Scope3 split borrowed from the paper's Industry sector only). Confidence: Good."
1006005,"CF Industries Nitrogen, LLC-Port Neal Nitrogen Complex",Chemicals,IA,3191236.552,437199,3200810,Industry,Good,"v1 estimate: Hertwich & Wood (2018) 'Industry' sector ratio (1.14x Scope 1 combined, 12%/88% Scope2:Scope3 split borrowed from the paper's Industry sector only). Confidence: Good."
1006007,POET Biorefining - Hanlontown LLC,Other,IA,102352.064,NA,NA,NA,Unresolved -- needs further inspection before mapping,"Unresolved sector ('Other') -- left NA pending further investigation, not a real zero."
1006008,CLEWISTON SUGAR HOUSE,Other,FL,41831.62,NA,NA,NA,Unresolved -- needs further inspection before mapping,"Unresolved sector ('Other') -- left NA pending further investigation, not a real zero."
1006011,ROCHDALE VILLAGE,Other,NY,67615.844,NA,NA,NA,Unresolved -- needs further inspection before mapping,"Unresolved sector ('Other') -- left NA pending further investigation, not a real zero."
1006012,PHILLIPS 66 CO - LAKE CHARLES REFINERY,Petroleum Product Suppliers,LA,1694915.17,67797,491525,Energy,Good,"v1 estimate: Hertwich & Wood (2018) 'Energy' sector ratio (0.33x Scope 1 combined, 12%/88% Scope2:Scope3 split borrowed from the paper's Industry sector only). Confidence: Good."
1006016,FREEPORT LNG IMPORT TERMINAL,Petroleum and Natural Gas Systems,TX,50805.092,2032,14733,Energy,Good,"v1 estimate: Hertwich & Wood (2018) 'Energy' sector ratio (0.33x Scope 1 combined, 12%/88% Scope2:Scope3 split borrowed from the paper's Industry sector only). Confidence: Good."
1006019,"Potters Industries, Inc. - Brownwood, TX",Minerals,TX,25064.956,3434,25140,Industry,Good,"v1 estimate: Hertwich & Wood (2018) 'Industry' sector ratio (1.14x Scope 1 combined, 12%/88% Scope2:Scope3 split borrowed from the paper's Industry sector only). Confidence: Good."
1006021,CHEMUNG COUNTY LANDFILL,Waste,NY,33487.2,4588,33588,Industry,Weak (no dedicated waste sector in paper),"v1 estimate: Hertwich & Wood (2018) 'Industry' sector ratio (1.14x Scope 1 combined, 12%/88% Scope2:Scope3 split borrowed from the paper's Industry sector only). Confidence: Weak (no dedicated waste sector in paper)."
1006022,"Big River Resources Boyceville, LLC",Other,WI,87265.472,NA,NA,NA,Unresolved -- needs further inspection before mapping,"Unresolved sector ('Other') -- left NA pending further investigation, not a real zero."
1006024,Duluth Steam One,Power Plants,MN,40363.836,1615,11706,Energy,Good,"v1 estimate: Hertwich & Wood (2018) 'Energy' sector ratio (0.33x Scope 1 combined, 12%/88% Scope2:Scope3 split borrowed from the paper's Industry sector only). Confidence: Good."
1006025,WALKER MOUNTAIN LANDFILL-ROME-FLOYD SW COMMISSION,Waste,GA,98379,13478,98674,Industry,Weak (no dedicated waste sector in paper),"v1 estimate: Hertwich & Wood (2018) 'Industry' sector ratio (1.14x Scope 1 combined, 12%/88% Scope2:Scope3 split borrowed from the paper's Industry sector only). Confidence: Weak (no dedicated waste sector in paper)."
1006028,"NEW GEORGIA LANDFILL, BIRMINGHAM",Waste,AL,120324.75,16484,120686,Industry,Weak (no dedicated waste sector in paper),"v1 estimate: Hertwich & Wood (2018) 'Industry' sector ratio (1.14x Scope 1 combined, 12%/88% Scope2:Scope3 split borrowed from the paper's Industry sector only). Confidence: Weak (no dedicated waste sector in paper)."
1006030,POET Biorefining - Hudson,Other,SD,99740.824,NA,NA,NA,Unresolved -- needs further inspection before mapping,"Unresolved sector ('Other') -- left NA pending further investigation, not a real zero."
1006032,FORELAND REFINING CORP EAGLE SPRINGS REFINERY,Petroleum Product Suppliers,NV,15487.294,619,4491,Energy,Good,"v1 estimate: Hertwich & Wood (2018) 'Energy' sector ratio (0.33x Scope 1 combined, 12%/88% Scope2:Scope3 split borrowed from the paper's Industry sector only). Confidence: Good."
1006036,CARROLL COUNTY SOLID WASTE MANAGEMENT COMMISSION,Waste,IA,44800.148,6138,44935,Industry,Weak (no dedicated waste sector in paper),"v1 estimate: Hertwich & Wood (2018) 'Industry' sector ratio (1.14x Scope 1 combined, 12%/88% Scope2:Scope3 split borrowed from the paper's Industry sector only). Confidence: Weak (no dedicated waste sector in paper)."
1006037,"KOCH FERTILIZER DODGE CITY, LLC",Chemicals,KS,541912.484,74242,543538,Industry,Good,"v1 estimate: Hertwich & Wood (2018) 'Industry' sector ratio (1.14x Scope 1 combined, 12%/88% Scope2:Scope3 split borrowed from the paper's Industry sector only). Confidence: Good."
1006038,Delaware Valley Resource Recovery Facility,Waste,PA,377550.334,51724,378683,Industry,Weak (no dedicated waste sector in paper),"v1 estimate: Hertwich & Wood (2018) 'Industry' sector ratio (1.14x Scope 1 combined, 12%/88% Scope2:Scope3 split borrowed from the paper's Industry sector only). Confidence: Weak (no dedicated waste sector in paper)."
1006045,Commonwealth Rolled Products,Metals,KY,179883.072,24644,180423,Industry,Good,"v1 estimate: Hertwich & Wood (2018) 'Industry' sector ratio (1.14x Scope 1 combined, 12%/88% Scope2:Scope3 split borrowed from the paper's Industry sector only). Confidence: Good."
1006046,GRACE,Chemicals,MD,109751.936,15036,110081,Industry,Good,"v1 estimate: Hertwich & Wood (2018) 'Industry' sector ratio (1.14x Scope 1 combined, 12%/88% Scope2:Scope3 split borrowed from the paper's Industry sector only). Confidence: Good."
1006047,ADM CORN PROCESSING,Other,IA,2746519.158,NA,NA,NA,Unresolved -- needs further inspection before mapping,"Unresolved sector ('Other') -- left NA pending further investigation, not a real zero."
1006048,New-Indy Oxnard LLC,Pulp and Paper,CA,122731.988,16814,123100,Industry,Good,"v1 estimate: Hertwich & Wood (2018) 'Industry' sector ratio (1.14x Scope 1 combined, 12%/88% Scope2:Scope3 split borrowed from the paper's Industry sector only). Confidence: Good."
1006050,OWENS-BROCKWAY GLASS CONTAINER INC. PlANT 26,Minerals,VA,61678.888,8450,61864,Industry,Good,"v1 estimate: Hertwich & Wood (2018) 'Industry' sector ratio (1.14x Scope 1 combined, 12%/88% Scope2:Scope3 split borrowed from the paper's Industry sector only). Confidence: Good."
1006054,AG PROCESSING INC-EAGLE GROVE,Other,IA,70515.184,NA,NA,NA,Unresolved -- needs further inspection before mapping,"Unresolved sector ('Other') -- left NA pending further investigation, not a real zero."
1006055,"STERLING ETHANOL, LLC",Other,CO,54556.444,NA,NA,NA,Unresolved -- needs further inspection before mapping,"Unresolved sector ('Other') -- left NA pending further investigation, not a real zero."
1006058,US GYPSUM - SHOALS PLANT,Minerals,IN,58156.032,7967,58331,Industry,Good,"v1 estimate: Hertwich & Wood (2018) 'Industry' sector ratio (1.14x Scope 1 combined, 12%/88% Scope2:Scope3 split borrowed from the paper's Industry sector only). Confidence: Good."
1006060,Ardagh Glass Inc. (Winchester),Minerals,IN,89035.704,12198,89303,Industry,Good,"v1 estimate: Hertwich & Wood (2018) 'Industry' sector ratio (1.14x Scope 1 combined, 12%/88% Scope2:Scope3 split borrowed from the paper's Industry sector only). Confidence: Good."
1006065,KIMBERLY-CLARK TISSUE MILL,Pulp and Paper,CT,139054.776,19051,139472,Industry,Good,"v1 estimate: Hertwich & Wood (2018) 'Industry' sector ratio (1.14x Scope 1 combined, 12%/88% Scope2:Scope3 split borrowed from the paper's Industry sector only). Confidence: Good."
1006068,EXXONMOBIL OIL JOLIET REFINERY,Petroleum Product Suppliers,IL,2601421.15,104057,754412,Energy,Good,"v1 estimate: Hertwich & Wood (2018) 'Energy' sector ratio (0.33x Scope 1 combined, 12%/88% Scope2:Scope3 split borrowed from the paper's Industry sector only). Confidence: Good."
1006069,North Omaha Station,Power Plants,NE,1588042.778,63522,460532,Energy,Good,"v1 estimate: Hertwich & Wood (2018) 'Energy' sector ratio (0.33x Scope 1 combined, 12%/88% Scope2:Scope3 split borrowed from the paper's Industry sector only). Confidence: Good."
1006073,ROWAN UNIV,Other,NJ,24622.908,NA,NA,NA,Unresolved -- needs further inspection before mapping,"Unresolved sector ('Other') -- left NA pending further investigation, not a real zero."
1006075,THE COLLEGE OF NEW JERSEY,Other,NJ,32585.976,NA,NA,NA,Unresolved -- needs further inspection before mapping,"Unresolved sector ('Other') -- left NA pending further investigation, not a real zero."
1006077,Davenport Plant,Minerals,IA,841277.028,115255,843801,Industry,Good,"v1 estimate: Hertwich & Wood (2018) 'Industry' sector ratio (1.14x Scope 1 combined, 12%/88% Scope2:Scope3 split borrowed from the paper's Industry sector only). Confidence: Good."
1006081,Darling Ingredients Inc.,Other,KY,31706.112,NA,NA,NA,Unresolved -- needs further inspection before mapping,"Unresolved sector ('Other') -- left NA pending further investigation, not a real zero."
1006082,CERTAINTEED CEILINGS CORP,Minerals,MI,25364.004,3475,25440,Industry,Good,"v1 estimate: Hertwich & Wood (2018) 'Industry' sector ratio (1.14x Scope 1 combined, 12%/88% Scope2:Scope3 split borrowed from the paper's Industry sector only). Confidence: Good."
1006085,FORNEY POWER PLANT,Power Plants,TX,4107995.776,164320,1191319,Energy,Good,"v1 estimate: Hertwich & Wood (2018) 'Energy' sector ratio (0.33x Scope 1 combined, 12%/88% Scope2:Scope3 split borrowed from the paper's Industry sector only). Confidence: Good."
1006093,BF GOODRICH TIRE MANUFACTURING,Other,IN,27351.548,NA,NA,NA,Unresolved -- needs further inspection before mapping,"Unresolved sector ('Other') -- left NA pending further investigation, not a real zero."
1006096,DANE CNTY LANDFILL SITE #2 RODEFELD,Waste,WI,27439.448,3759,27522,Industry,Weak (no dedicated waste sector in paper),"v1 estimate: Hertwich & Wood (2018) 'Industry' sector ratio (1.14x Scope 1 combined, 12%/88% Scope2:Scope3 split borrowed from the paper's Industry sector only). Confidence: Weak (no dedicated waste sector in paper)."
1006097,Haynes Generating Station,Power Plants,CA,1075069.896,43003,311770,Energy,Good,"v1 estimate: Hertwich & Wood (2018) 'Energy' sector ratio (0.33x Scope 1 combined, 12%/88% Scope2:Scope3 split borrowed from the paper's Industry sector only). Confidence: Good."
1006111,ANHEUSER BUSCH INC,Other,OH,29821.856,NA,NA,NA,Unresolved -- needs further inspection before mapping,"Unresolved sector ('Other') -- left NA pending further investigation, not a real zero."
1006112,LONE STAR INDUSTRIES,Minerals,MO,866805.38,118752,869406,Industry,Good,"v1 estimate: Hertwich & Wood (2018) 'Industry' sector ratio (1.14x Scope 1 combined, 12%/88% Scope2:Scope3 split borrowed from the paper's Industry sector only). Confidence: Good."
1006115,AIR LIQUIDE AMERICA CORP.,Chemicals,LA,370412.856,50747,371524,Industry,Good,"v1 estimate: Hertwich & Wood (2018) 'Industry' sector ratio (1.14x Scope 1 combined, 12%/88% Scope2:Scope3 split borrowed from the paper's Industry sector only). Confidence: Good."
1006119,NEW HANOVER COUNTY SECURE LANDFILL,Waste,NC,47522.5,6511,47665,Industry,Weak (no dedicated waste sector in paper),"v1 estimate: Hertwich & Wood (2018) 'Industry' sector ratio (1.14x Scope 1 combined, 12%/88% Scope2:Scope3 split borrowed from the paper's Industry sector only). Confidence: Weak (no dedicated waste sector in paper)."
1006121,JBS SWIFT,Other,IA,51697.244,NA,NA,NA,Unresolved -- needs further inspection before mapping,"Unresolved sector ('Other') -- left NA pending further investigation, not a real zero."
1006123,US GYPSUM - GYPSUM PLANT,Minerals,OH,41085.796,5629,41209,Industry,Good,"v1 estimate: Hertwich & Wood (2018) 'Industry' sector ratio (1.14x Scope 1 combined, 12%/88% Scope2:Scope3 split borrowed from the paper's Industry sector only). Confidence: Good."
1006130,Cromwell,Petroleum and Natural Gas Systems,CT,67979.902,2719,19714,Energy,Good,"v1 estimate: Hertwich & Wood (2018) 'Energy' sector ratio (0.33x Scope 1 combined, 12%/88% Scope2:Scope3 split borrowed from the paper's Industry sector only). Confidence: Good."
1006131,MEWBOURN GAS PLANT,Petroleum and Natural Gas Systems,CO,308326.724,12333,89415,Energy,Good,"v1 estimate: Hertwich & Wood (2018) 'Energy' sector ratio (0.33x Scope 1 combined, 12%/88% Scope2:Scope3 split borrowed from the paper's Industry sector only). Confidence: Good."
1006138,"UNITED ETHANOL, LLC",Other,WI,96346.488,NA,NA,NA,Unresolved -- needs further inspection before mapping,"Unresolved sector ('Other') -- left NA pending further investigation, not a real zero."
1006146,EIELSON AIR FORCE BASE,Other,AK,413806.382,NA,NA,NA,Unresolved -- needs further inspection before mapping,"Unresolved sector ('Other') -- left NA pending further investigation, not a real zero."
1006147,ANHEUSER-BUSCH LLC,Other,FL,52175.278,NA,NA,NA,Unresolved -- needs further inspection before mapping,"Unresolved sector ('Other') -- left NA pending further investigation, not a real zero."
1006148,Onshore Treating Facility,Petroleum and Natural Gas Systems,AL,108635.3,4345,31504,Energy,Good,"v1 estimate: Hertwich & Wood (2018) 'Energy' sector ratio (0.33x Scope 1 combined, 12%/88% Scope2:Scope3 split borrowed from the paper's Industry sector only). Confidence: Good."
1006153,GREAT RIVER REGIONAL WASTE AUTHORITY SANITARY LANDFILL,Waste,IA,54366.8,7448,54530,Industry,Weak (no dedicated waste sector in paper),"v1 estimate: Hertwich & Wood (2018) 'Industry' sector ratio (1.14x Scope 1 combined, 12%/88% Scope2:Scope3 split borrowed from the paper's Industry sector only). Confidence: Weak (no dedicated waste sector in paper)."
1006156,KERN RIVER GAS TRANSMISSION COMPANY: MILFORD COMPRESSOR STATION,Petroleum and Natural Gas Systems,UT,29455.3,1178,8542,Energy,Good,"v1 estimate: Hertwich & Wood (2018) 'Energy' sector ratio (0.33x Scope 1 combined, 12%/88% Scope2:Scope3 split borrowed from the paper's Industry sector only). Confidence: Good."
1006176,PRAIRIE VIEW RECYCLING & DISPOSAL FAC,Waste,IL,117004.696,16030,117356,Industry,Weak (no dedicated waste sector in paper),"v1 estimate: Hertwich & Wood (2018) 'Industry' sector ratio (1.14x Scope 1 combined, 12%/88% Scope2:Scope3 split borrowed from the paper's Industry sector only). Confidence: Weak (no dedicated waste sector in paper)."
1006185,Trident,Minerals,MT,250489.474,34317,251241,Industry,Good,"v1 estimate: Hertwich & Wood (2018) 'Industry' sector ratio (1.14x Scope 1 combined, 12%/88% Scope2:Scope3 split borrowed from the paper's Industry sector only). Confidence: Good."
1006189,CHEVRON PRODUCTS CO - SALT LAKE REFINERY,Refineries,UT,491480.394,19659,142529,Energy,Good,"v1 estimate: Hertwich & Wood (2018) 'Energy' sector ratio (0.33x Scope 1 combined, 12%/88% Scope2:Scope3 split borrowed from the paper's Industry sector only). Confidence: Good."
1006202,CERTAINTEED GYPSUM & CEILING MFG INC,Minerals,KY,65220.204,8935,65416,Industry,Good,"v1 estimate: Hertwich & Wood (2018) 'Industry' sector ratio (1.14x Scope 1 combined, 12%/88% Scope2:Scope3 split borrowed from the paper's Industry sector only). Confidence: Good."
1006203,ARKALON ETHANOL LLC,Other,KS,104536.156,NA,NA,NA,Unresolved -- needs further inspection before mapping,"Unresolved sector ('Other') -- left NA pending further investigation, not a real zero."
1006204,TAZEWELL RECYCLING & DISPOSAL FACILITY,Waste,IL,4548.372,623,4562,Industry,Weak (no dedicated waste sector in paper),"v1 estimate: Hertwich & Wood (2018) 'Industry' sector ratio (1.14x Scope 1 combined, 12%/88% Scope2:Scope3 split borrowed from the paper's Industry sector only). Confidence: Weak (no dedicated waste sector in paper)."
1006208,ADM CORN PROCESSING,Other,IA,1945776.984,NA,NA,NA,Unresolved -- needs further inspection before mapping,"Unresolved sector ('Other') -- left NA pending further investigation, not a real zero."
1006209,International Paper - Flint River Mill,Pulp and Paper,GA,97188.456,13315,97480,Industry,Good,"v1 estimate: Hertwich & Wood (2018) 'Industry' sector ratio (1.14x Scope 1 combined, 12%/88% Scope2:Scope3 split borrowed from the paper's Industry sector only). Confidence: Good."
1006211,"Potters Industries, Inc. - Muscatine, IA",Minerals,IA,27523.396,3771,27606,Industry,Good,"v1 estimate: Hertwich & Wood (2018) 'Industry' sector ratio (1.14x Scope 1 combined, 12%/88% Scope2:Scope3 split borrowed from the paper's Industry sector only). Confidence: Good."
1006213,"Darling Ingredients, Inc. - Rose Hill",Other,NC,40201.248,NA,NA,NA,Unresolved -- needs further inspection before mapping,"Unresolved sector ('Other') -- left NA pending further investigation, not a real zero."
1006214,BRASKEM AMERICA NEAL PLANT,Other,WV,29361.384,NA,NA,NA,Unresolved -- needs further inspection before mapping,"Unresolved sector ('Other') -- left NA pending further investigation, not a real zero."
1006221,BUENA VISTA DRIVE SANITARY LANDFILL,Waste,CA,19457.25,2666,19516,Industry,Weak (no dedicated waste sector in paper),"v1 estimate: Hertwich & Wood (2018) 'Industry' sector ratio (1.14x Scope 1 combined, 12%/88% Scope2:Scope3 split borrowed from the paper's Industry sector only). Confidence: Weak (no dedicated waste sector in paper)."
1006223,BIG RIVER LANDFILL,Waste,MS,146861.25,20120,147302,Industry,Weak (no dedicated waste sector in paper),"v1 estimate: Hertwich & Wood (2018) 'Industry' sector ratio (1.14x Scope 1 combined, 12%/88% Scope2:Scope3 split borrowed from the paper's Industry sector only). Confidence: Weak (no dedicated waste sector in paper)."
1006225,Tilden Gas Plant,Injection of CO2,TX,83498.742,3340,24215,Energy,Assumption,"v1 estimate: Hertwich & Wood (2018) 'Energy' sector ratio (0.33x Scope 1 combined, 12%/88% Scope2:Scope3 split borrowed from the paper's Industry sector only). Confidence: Assumption."
1006228,Salinas Landfill,Waste,PR,111658.5,15297,111993,Industry,Weak (no dedicated waste sector in paper),"v1 estimate: Hertwich & Wood (2018) 'Industry' sector ratio (1.14x Scope 1 combined, 12%/88% Scope2:Scope3 split borrowed from the paper's Industry sector only). Confidence: Weak (no dedicated waste sector in paper)."
1006229,LIVE OAK LANDFILL & RECYLING CENTER,Waste,GA,7959.8,1090,7984,Industry,Weak (no dedicated waste sector in paper),"v1 estimate: Hertwich & Wood (2018) 'Industry' sector ratio (1.14x Scope 1 combined, 12%/88% Scope2:Scope3 split borrowed from the paper's Industry sector only). Confidence: Weak (no dedicated waste sector in paper)."
1006231,Gold Bond - FTD Plant,Minerals,IA,46496.124,6370,46636,Industry,Good,"v1 estimate: Hertwich & Wood (2018) 'Industry' sector ratio (1.14x Scope 1 combined, 12%/88% Scope2:Scope3 split borrowed from the paper's Industry sector only). Confidence: Good."
1006232,ELBERTA COMPRESSOR STATION,Petroleum and Natural Gas Systems,UT,66566.26,2663,19304,Energy,Good,"v1 estimate: Hertwich & Wood (2018) 'Energy' sector ratio (0.33x Scope 1 combined, 12%/88% Scope2:Scope3 split borrowed from the paper's Industry sector only). Confidence: Good."
1006234,HM Cement Southeast LLC,Minerals,AL,522543.224,71588,524111,Industry,Good,"v1 estimate: Hertwich & Wood (2018) 'Industry' sector ratio (1.14x Scope 1 combined, 12%/88% Scope2:Scope3 split borrowed from the paper's Industry sector only). Confidence: Good."
1006236,EMORY UNIVERSITY,Other,GA,48642.814,NA,NA,NA,Unresolved -- needs further inspection before mapping,"Unresolved sector ('Other') -- left NA pending further investigation, not a real zero."
1006243,DAL-ITALIA,Minerals,OK,62255.416,8529,62442,Industry,Good,"v1 estimate: Hertwich & Wood (2018) 'Industry' sector ratio (1.14x Scope 1 combined, 12%/88% Scope2:Scope3 split borrowed from the paper's Industry sector only). Confidence: Good."
1006246,PENN STATE MILTON S HERSHEY MED CTR,Other,PA,46847.02,NA,NA,NA,Unresolved -- needs further inspection before mapping,"Unresolved sector ('Other') -- left NA pending further investigation, not a real zero."
1006247,Riverton Facility,Minerals,WV,318256.89,43601,319212,Industry,Good,"v1 estimate: Hertwich & Wood (2018) 'Industry' sector ratio (1.14x Scope 1 combined, 12%/88% Scope2:Scope3 split borrowed from the paper's Industry sector only). Confidence: Good."
1006251,FIVE OAKS RECYCLING & DISPOSAL FACILITY,Waste,IL,24472.946,3353,24546,Industry,Weak (no dedicated waste sector in paper),"v1 estimate: Hertwich & Wood (2018) 'Industry' sector ratio (1.14x Scope 1 combined, 12%/88% Scope2:Scope3 split borrowed from the paper's Industry sector only). Confidence: Weak (no dedicated waste sector in paper)."
1006253,WARD MANUFACTURING LLC,Metals,PA,16547.536,2267,16597,Industry,Good,"v1 estimate: Hertwich & Wood (2018) 'Industry' sector ratio (1.14x Scope 1 combined, 12%/88% Scope2:Scope3 split borrowed from the paper's Industry sector only). Confidence: Good."
1006256,PACKAGING CORPORATION OF AMERICA,Pulp and Paper,LA,260455.616,35682,261237,Industry,Good,"v1 estimate: Hertwich & Wood (2018) 'Industry' sector ratio (1.14x Scope 1 combined, 12%/88% Scope2:Scope3 split borrowed from the paper's Industry sector only). Confidence: Good."
1006258,Cargill Incorporated,Other,IA,60583.072,NA,NA,NA,Unresolved -- needs further inspection before mapping,"Unresolved sector ('Other') -- left NA pending further investigation, not a real zero."
1006259,INEOS US Chemicals Company  Naperville Campus,Other,IL,55110.892,NA,NA,NA,Unresolved -- needs further inspection before mapping,"Unresolved sector ('Other') -- left NA pending further investigation, not a real zero."
1006264,INEOS POLYETHYLENE,Other,TX,134064.124,NA,NA,NA,Unresolved -- needs further inspection before mapping,"Unresolved sector ('Other') -- left NA pending further investigation, not a real zero."
1006265,PG&E GERBER COMPRESSOR STATION,Petroleum and Natural Gas Systems,CA,62464.274,2499,18115,Energy,Good,"v1 estimate: Hertwich & Wood (2018) 'Energy' sector ratio (0.33x Scope 1 combined, 12%/88% Scope2:Scope3 split borrowed from the paper's Industry sector only). Confidence: Good."
1006267,WHEELABRATOR MILLBURY INC,Waste,MA,215001.77,29455,215647,Industry,Weak (no dedicated waste sector in paper),"v1 estimate: Hertwich & Wood (2018) 'Industry' sector ratio (1.14x Scope 1 combined, 12%/88% Scope2:Scope3 split borrowed from the paper's Industry sector only). Confidence: Weak (no dedicated waste sector in paper)."
1006269,STERLING STEEL COMPANY LLC,Metals,IL,85048.448,11652,85304,Industry,Good,"v1 estimate: Hertwich & Wood (2018) 'Industry' sector ratio (1.14x Scope 1 combined, 12%/88% Scope2:Scope3 split borrowed from the paper's Industry sector only). Confidence: Good."
1006273,MOM BRANDS CO - PLANT 2 - NORTHFIELD,Other,MN,37319.16,NA,NA,NA,Unresolved -- needs further inspection before mapping,"Unresolved sector ('Other') -- left NA pending further investigation, not a real zero."
1006274,EXXONMOBIL CHEMICAL MONT BELVIEU PLASTICS PLANT,Other,TX,93204.2,NA,NA,NA,Unresolved -- needs further inspection before mapping,"Unresolved sector ('Other') -- left NA pending further investigation, not a real zero."
1006279,NEWTON COUNTY LANDFILL,Waste,GA,68607.25,9399,68813,Industry,Weak (no dedicated waste sector in paper),"v1 estimate: Hertwich & Wood (2018) 'Industry' sector ratio (1.14x Scope 1 combined, 12%/88% Scope2:Scope3 split borrowed from the paper's Industry sector only). Confidence: Weak (no dedicated waste sector in paper)."
1006282,WHEELABRATOR FALLS,Waste,PA,209656.1,28723,210285,Industry,Weak (no dedicated waste sector in paper),"v1 estimate: Hertwich & Wood (2018) 'Industry' sector ratio (1.14x Scope 1 combined, 12%/88% Scope2:Scope3 split borrowed from the paper's Industry sector only). Confidence: Weak (no dedicated waste sector in paper)."
1006285,Quad Cities Landfill Phase 1&2/3,Waste,IL,1444,198,1448,Industry,Weak (no dedicated waste sector in paper),"v1 estimate: Hertwich & Wood (2018) 'Industry' sector ratio (1.14x Scope 1 combined, 12%/88% Scope2:Scope3 split borrowed from the paper's Industry sector only). Confidence: Weak (no dedicated waste sector in paper)."
1006286,CITY OF CHATTANOOGA SUMMIT LANDFILL,Waste,TN,61926.75,8484,62113,Industry,Weak (no dedicated waste sector in paper),"v1 estimate: Hertwich & Wood (2018) 'Industry' sector ratio (1.14x Scope 1 combined, 12%/88% Scope2:Scope3 split borrowed from the paper's Industry sector only). Confidence: Weak (no dedicated waste sector in paper)."
1006287,CONTINENTAL CARBON Ponca City Plant,Chemicals,OK,242044.924,33160,242771,Industry,Good,"v1 estimate: Hertwich & Wood (2018) 'Industry' sector ratio (1.14x Scope 1 combined, 12%/88% Scope2:Scope3 split borrowed from the paper's Industry sector only). Confidence: Good."
1006306,PERRY RIDGE LANDFILL INC,Waste,IL,90415.7,12387,90687,Industry,Weak (no dedicated waste sector in paper),"v1 estimate: Hertwich & Wood (2018) 'Industry' sector ratio (1.14x Scope 1 combined, 12%/88% Scope2:Scope3 split borrowed from the paper's Industry sector only). Confidence: Weak (no dedicated waste sector in paper)."
1006307,CALCASIEU REFINING COMPANY,Petroleum Product Suppliers,LA,177038.456,7082,51341,Energy,Good,"v1 estimate: Hertwich & Wood (2018) 'Energy' sector ratio (0.33x Scope 1 combined, 12%/88% Scope2:Scope3 split borrowed from the paper's Industry sector only). Confidence: Good."
1006319,MINN DAK FARMERS COOPERATIVE,Minerals,ND,396446.786,54313,397636,Industry,Good,"v1 estimate: Hertwich & Wood (2018) 'Industry' sector ratio (1.14x Scope 1 combined, 12%/88% Scope2:Scope3 split borrowed from the paper's Industry sector only). Confidence: Good."
1006321,HENDERSON GAS PLANT,Petroleum and Natural Gas Systems,TX,80178.2,3207,23252,Energy,Good,"v1 estimate: Hertwich & Wood (2018) 'Energy' sector ratio (0.33x Scope 1 combined, 12%/88% Scope2:Scope3 split borrowed from the paper's Industry sector only). Confidence: Good."
1006324,Genesis Alkali Westvaco,Minerals,WY,1824844.072,250004,1830319,Industry,Good,"v1 estimate: Hertwich & Wood (2018) 'Industry' sector ratio (1.14x Scope 1 combined, 12%/88% Scope2:Scope3 split borrowed from the paper's Industry sector only). Confidence: Good."
1006325,CLEVELAND-CLIFFS RIVERDALE LLC,Metals,IL,147555.848,20215,147999,Industry,Good,"v1 estimate: Hertwich & Wood (2018) 'Industry' sector ratio (1.14x Scope 1 combined, 12%/88% Scope2:Scope3 split borrowed from the paper's Industry sector only). Confidence: Good."
1006344,AUGUSTA COUNTY SVC AUTHORITY LANDFILL,Waste,VA,104082.55,14259,104395,Industry,Weak (no dedicated waste sector in paper),"v1 estimate: Hertwich & Wood (2018) 'Industry' sector ratio (1.14x Scope 1 combined, 12%/88% Scope2:Scope3 split borrowed from the paper's Industry sector only). Confidence: Weak (no dedicated waste sector in paper)."
1006347,HORMEL FOODS CORPORATION,Other,MN,58585.68,NA,NA,NA,Unresolved -- needs further inspection before mapping,"Unresolved sector ('Other') -- left NA pending further investigation, not a real zero."
1006351,THREE RIVERS REGIONAL MSW LANDFILL,Waste,SC,76925.5,10539,77156,Industry,Weak (no dedicated waste sector in paper),"v1 estimate: Hertwich & Wood (2018) 'Industry' sector ratio (1.14x Scope 1 combined, 12%/88% Scope2:Scope3 split borrowed from the paper's Industry sector only). Confidence: Weak (no dedicated waste sector in paper)."
1006354,AMERICAN CRYSTAL SUGAR - CROOKSTON,Minerals,MN,304856.036,41765,305771,Industry,Good,"v1 estimate: Hertwich & Wood (2018) 'Industry' sector ratio (1.14x Scope 1 combined, 12%/88% Scope2:Scope3 split borrowed from the paper's Industry sector only). Confidence: Good."
1006356,PILGRIM'S CORPORATION MOUNT PLEASANT COMPLEX,Other,TX,65245.704,NA,NA,NA,Unresolved -- needs further inspection before mapping,"Unresolved sector ('Other') -- left NA pending further investigation, not a real zero."
1006361,SANOFI PASTEUR,Chemicals,PA,36717.412,5030,36828,Industry,Good,"v1 estimate: Hertwich & Wood (2018) 'Industry' sector ratio (1.14x Scope 1 combined, 12%/88% Scope2:Scope3 split borrowed from the paper's Industry sector only). Confidence: Good."
1006364,GREEN PLAINS OBION LLC,Other,TN,152666.976,NA,NA,NA,Unresolved -- needs further inspection before mapping,"Unresolved sector ('Other') -- left NA pending further investigation, not a real zero."
1006368,Northern Border Pipeline Garvin CS#12,Petroleum and Natural Gas Systems,MN,100320.974,4013,29093,Energy,Good,"v1 estimate: Hertwich & Wood (2018) 'Energy' sector ratio (0.33x Scope 1 combined, 12%/88% Scope2:Scope3 split borrowed from the paper's Industry sector only). Confidence: Good."
1006369,WHEELABRATOR CONCORD COMPANY LP,Waste,NH,70061.384,9598,70272,Industry,Weak (no dedicated waste sector in paper),"v1 estimate: Hertwich & Wood (2018) 'Industry' sector ratio (1.14x Scope 1 combined, 12%/88% Scope2:Scope3 split borrowed from the paper's Industry sector only). Confidence: Weak (no dedicated waste sector in paper)."
1006371,GMC TRUCK GROUP ARLINGTON ASSEMBLY PLANT,Other,TX,48576.068,NA,NA,NA,Unresolved -- needs further inspection before mapping,"Unresolved sector ('Other') -- left NA pending further investigation, not a real zero."
1006386,Mont Belvieu Complex,Petroleum and Natural Gas Systems,TX,2719638.418,108786,788695,Energy,Good,"v1 estimate: Hertwich & Wood (2018) 'Energy' sector ratio (0.33x Scope 1 combined, 12%/88% Scope2:Scope3 split borrowed from the paper's Industry sector only). Confidence: Good."
1006388,DETROIT REFINERY,Petroleum Product Suppliers,MI,928748.286,37150,269337,Energy,Good,"v1 estimate: Hertwich & Wood (2018) 'Energy' sector ratio (0.33x Scope 1 combined, 12%/88% Scope2:Scope3 split borrowed from the paper's Industry sector only). Confidence: Good."
1006391,US Steel - Fairless Hills Plant,Metals,PA,25241.204,3458,25317,Industry,Good,"v1 estimate: Hertwich & Wood (2018) 'Industry' sector ratio (1.14x Scope 1 combined, 12%/88% Scope2:Scope3 split borrowed from the paper's Industry sector only). Confidence: Good."
1006397,Vitro Flat Glass LLC,Minerals,TX,200574.376,27479,201176,Industry,Good,"v1 estimate: Hertwich & Wood (2018) 'Industry' sector ratio (1.14x Scope 1 combined, 12%/88% Scope2:Scope3 split borrowed from the paper's Industry sector only). Confidence: Good."
1006402,Air Products Port Arthur Facility,Chemicals,TX,2335031.274,319899,2342036,Industry,Good,"v1 estimate: Hertwich & Wood (2018) 'Industry' sector ratio (1.14x Scope 1 combined, 12%/88% Scope2:Scope3 split borrowed from the paper's Industry sector only). Confidence: Good."
1006412,AMALGAMATED SUGAR CO LLC,Minerals,ID,282864.03,38752,283713,Industry,Good,"v1 estimate: Hertwich & Wood (2018) 'Industry' sector ratio (1.14x Scope 1 combined, 12%/88% Scope2:Scope3 split borrowed from the paper's Industry sector only). Confidence: Good."
1006417,BAYVIEW LANDFILL,Waste,UT,96105.95,13167,96394,Industry,Weak (no dedicated waste sector in paper),"v1 estimate: Hertwich & Wood (2018) 'Industry' sector ratio (1.14x Scope 1 combined, 12%/88% Scope2:Scope3 split borrowed from the paper's Industry sector only). Confidence: Weak (no dedicated waste sector in paper)."
1006430,"AIR LIQUID LARGE INDUSTRIES US, LP",Chemicals,CA,617757.2,84633,619610,Industry,Good,"v1 estimate: Hertwich & Wood (2018) 'Industry' sector ratio (1.14x Scope 1 combined, 12%/88% Scope2:Scope3 split borrowed from the paper's Industry sector only). Confidence: Good."
1006431,TPIC Basin 940 - Breton Sound 20-21,Petroleum and Natural Gas Systems,LA,56118.396,2245,16274,Energy,Good,"v1 estimate: Hertwich & Wood (2018) 'Energy' sector ratio (0.33x Scope 1 combined, 12%/88% Scope2:Scope3 split borrowed from the paper's Industry sector only). Confidence: Good."
1006434,PG&E DELEVAN COMPRESSOR STATION,Petroleum and Natural Gas Systems,CA,43426.244,1737,12594,Energy,Good,"v1 estimate: Hertwich & Wood (2018) 'Energy' sector ratio (0.33x Scope 1 combined, 12%/88% Scope2:Scope3 split borrowed from the paper's Industry sector only). Confidence: Good."
1006435,CABOT CORP - CANAL PLANT,Chemicals,LA,357660.6,49000,358734,Industry,Good,"v1 estimate: Hertwich & Wood (2018) 'Industry' sector ratio (1.14x Scope 1 combined, 12%/88% Scope2:Scope3 split borrowed from the paper's Industry sector only). Confidence: Good."
1006440,Stony Point,Petroleum and Natural Gas Systems,NY,68065.252,2723,19739,Energy,Good,"v1 estimate: Hertwich & Wood (2018) 'Energy' sector ratio (0.33x Scope 1 combined, 12%/88% Scope2:Scope3 split borrowed from the paper's Industry sector only). Confidence: Good."
1006444,"Delek Refining, Ltd",Petroleum Product Suppliers,TX,440270.728,17611,127679,Energy,Good,"v1 estimate: Hertwich & Wood (2018) 'Energy' sector ratio (0.33x Scope 1 combined, 12%/88% Scope2:Scope3 split borrowed from the paper's Industry sector only). Confidence: Good."
1006445,ConAgra Foods Inc.,Other,CA,68071.644,NA,NA,NA,Unresolved -- needs further inspection before mapping,"Unresolved sector ('Other') -- left NA pending further investigation, not a real zero."
1006446,University of Arizona,Other,AZ,79182.052,NA,NA,NA,Unresolved -- needs further inspection before mapping,"Unresolved sector ('Other') -- left NA pending further investigation, not a real zero."
1006453,SHINTECH INCORPORATED,Other,TX,119146.352,NA,NA,NA,Unresolved -- needs further inspection before mapping,"Unresolved sector ('Other') -- left NA pending further investigation, not a real zero."
1006455,STARRETT CITY POWER PLANT,Other,NY,82611.274,NA,NA,NA,Unresolved -- needs further inspection before mapping,"Unresolved sector ('Other') -- left NA pending further investigation, not a real zero."
1006459,Nelson County Solid Waste Disposal Facility,Waste,KY,78580.75,10766,78816,Industry,Weak (no dedicated waste sector in paper),"v1 estimate: Hertwich & Wood (2018) 'Industry' sector ratio (1.14x Scope 1 combined, 12%/88% Scope2:Scope3 split borrowed from the paper's Industry sector only). Confidence: Weak (no dedicated waste sector in paper)."
1006463,RED DOG OPERATIONS MINE FACILITY,Other,AK,146931.594,NA,NA,NA,Unresolved -- needs further inspection before mapping,"Unresolved sector ('Other') -- left NA pending further investigation, not a real zero."
1006466,MEMPHIS CELLULOSE LLC,Pulp and Paper,TN,30833.784,4224,30926,Industry,Good,"v1 estimate: Hertwich & Wood (2018) 'Industry' sector ratio (1.14x Scope 1 combined, 12%/88% Scope2:Scope3 split borrowed from the paper's Industry sector only). Confidence: Good."
1006468,BP CHERRY POINT REFINERY,Chemicals,WA,2179352.242,298571,2185890,Industry,Good,"v1 estimate: Hertwich & Wood (2018) 'Industry' sector ratio (1.14x Scope 1 combined, 12%/88% Scope2:Scope3 split borrowed from the paper's Industry sector only). Confidence: Good."
1006469,PATRIOT RENEWABLE FUELS LLC,Other,IL,180858.968,NA,NA,NA,Unresolved -- needs further inspection before mapping,"Unresolved sector ('Other') -- left NA pending further investigation, not a real zero."
1006473,Ferroglobe USA Metallurgical Inc. FKA-GLOBE METALLURGICAL INC. (0684000105),Metals,OH,293877.09,40261,294759,Industry,Good,"v1 estimate: Hertwich & Wood (2018) 'Industry' sector ratio (1.14x Scope 1 combined, 12%/88% Scope2:Scope3 split borrowed from the paper's Industry sector only). Confidence: Good."
1006474,GELITA USA,Other,IA,37116.56,NA,NA,NA,Unresolved -- needs further inspection before mapping,"Unresolved sector ('Other') -- left NA pending further investigation, not a real zero."
1006493,ROCHESTER DISTRICT HEATING COOPERATIVE,Power Plants,NY,24108.66,964,6992,Energy,Good,"v1 estimate: Hertwich & Wood (2018) 'Energy' sector ratio (0.33x Scope 1 combined, 12%/88% Scope2:Scope3 split borrowed from the paper's Industry sector only). Confidence: Good."
1006499,CALUMET LUBRICANTS CO LP CALUMET COTTON VALLEY,Chemicals,LA,91427.794,12526,91702,Industry,Good,"v1 estimate: Hertwich & Wood (2018) 'Industry' sector ratio (1.14x Scope 1 combined, 12%/88% Scope2:Scope3 split borrowed from the paper's Industry sector only). Confidence: Good."
1006504,UNIVERSITY OF UTAH,Other,UT,76305.412,NA,NA,NA,Unresolved -- needs further inspection before mapping,"Unresolved sector ('Other') -- left NA pending further investigation, not a real zero."
1006505,TOWNER COMPRESSOR STATION,Petroleum and Natural Gas Systems,ND,99483.026,3979,28850,Energy,Good,"v1 estimate: Hertwich & Wood (2018) 'Energy' sector ratio (0.33x Scope 1 combined, 12%/88% Scope2:Scope3 split borrowed from the paper's Industry sector only). Confidence: Good."
1006510,Mill Creek,Power Plants,KY,7214107.236,288564,2092091,Energy,Good,"v1 estimate: Hertwich & Wood (2018) 'Energy' sector ratio (0.33x Scope 1 combined, 12%/88% Scope2:Scope3 split borrowed from the paper's Industry sector only). Confidence: Good."
1006512,Ghent,Power Plants,KY,9677872.494,387115,2806583,Energy,Good,"v1 estimate: Hertwich & Wood (2018) 'Energy' sector ratio (0.33x Scope 1 combined, 12%/88% Scope2:Scope3 split borrowed from the paper's Industry sector only). Confidence: Good."
1006525,CARGILL INC-CEDAR RAPIDS,Other,IA,92119.004,NA,NA,NA,Unresolved -- needs further inspection before mapping,"Unresolved sector ('Other') -- left NA pending further investigation, not a real zero."
1006529,ACADIA PARISH POLICE JURY - ACADIA PARISH SANITARY LANDFILL,Waste,LA,46996.25,6438,47137,Industry,Weak (no dedicated waste sector in paper),"v1 estimate: Hertwich & Wood (2018) 'Industry' sector ratio (1.14x Scope 1 combined, 12%/88% Scope2:Scope3 split borrowed from the paper's Industry sector only). Confidence: Weak (no dedicated waste sector in paper)."
1006532,TOYTOWN SLF,Waste,FL,34953.5,4789,35058,Industry,Weak (no dedicated waste sector in paper),"v1 estimate: Hertwich & Wood (2018) 'Industry' sector ratio (1.14x Scope 1 combined, 12%/88% Scope2:Scope3 split borrowed from the paper's Industry sector only). Confidence: Weak (no dedicated waste sector in paper)."
1006534,"POET Biorefining- Arthur, LLC",Other,IA,159569.9,NA,NA,NA,Unresolved -- needs further inspection before mapping,"Unresolved sector ('Other') -- left NA pending further investigation, not a real zero."
1006535,OHIO VALLEY ALUMINUM CO INC,Metals,KY,37759.608,5173,37873,Industry,Good,"v1 estimate: Hertwich & Wood (2018) 'Industry' sector ratio (1.14x Scope 1 combined, 12%/88% Scope2:Scope3 split borrowed from the paper's Industry sector only). Confidence: Good."
1006540,TITAN TIRE CORP,Other,IA,18635.228,NA,NA,NA,Unresolved -- needs further inspection before mapping,"Unresolved sector ('Other') -- left NA pending further investigation, not a real zero."
1006542,Trimble County,Power Plants,KY,6994442.332,279778,2028388,Energy,Good,"v1 estimate: Hertwich & Wood (2018) 'Energy' sector ratio (0.33x Scope 1 combined, 12%/88% Scope2:Scope3 split borrowed from the paper's Industry sector only). Confidence: Good."
1006544,"CANTON, CITY OF, CANTON SANITARY LANDFILL",Waste,MS,37966.75,5201,38081,Industry,Weak (no dedicated waste sector in paper),"v1 estimate: Hertwich & Wood (2018) 'Industry' sector ratio (1.14x Scope 1 combined, 12%/88% Scope2:Scope3 split borrowed from the paper's Industry sector only). Confidence: Weak (no dedicated waste sector in paper)."
1006551,OWENS-BROCKWAY GLASS CONTAINER INC. PLANT 08,Minerals,IN,67648.812,9268,67852,Industry,Good,"v1 estimate: Hertwich & Wood (2018) 'Industry' sector ratio (1.14x Scope 1 combined, 12%/88% Scope2:Scope3 split borrowed from the paper's Industry sector only). Confidence: Good."
1006565,"Cos-Mar Company, Styrene Monomer Plant",Chemicals,LA,311662.848,42698,312598,Industry,Good,"v1 estimate: Hertwich & Wood (2018) 'Industry' sector ratio (1.14x Scope 1 combined, 12%/88% Scope2:Scope3 split borrowed from the paper's Industry sector only). Confidence: Good."
1006570,Molson Coors-MILWAUKEE BREWERY,Other,WI,31356.132,NA,NA,NA,Unresolved -- needs further inspection before mapping,"Unresolved sector ('Other') -- left NA pending further investigation, not a real zero."
1006572,CERTAINTEED GYPSUM SEATTLE,Minerals,WA,55644.54,7623,55811,Industry,Good,"v1 estimate: Hertwich & Wood (2018) 'Industry' sector ratio (1.14x Scope 1 combined, 12%/88% Scope2:Scope3 split borrowed from the paper's Industry sector only). Confidence: Good."
1006577,Plant X,Power Plants,TX,387462.212,15498,112364,Energy,Good,"v1 estimate: Hertwich & Wood (2018) 'Energy' sector ratio (0.33x Scope 1 combined, 12%/88% Scope2:Scope3 split borrowed from the paper's Industry sector only). Confidence: Good."
1006578,OXBOW CALCINING,Petroleum and Natural Gas Systems,TX,282034.274,11281,81790,Energy,Good,"v1 estimate: Hertwich & Wood (2018) 'Energy' sector ratio (0.33x Scope 1 combined, 12%/88% Scope2:Scope3 split borrowed from the paper's Industry sector only). Confidence: Good."
1006589,Gerald Gentleman Station,Power Plants,NE,7190319.97,287613,2085193,Energy,Good,"v1 estimate: Hertwich & Wood (2018) 'Energy' sector ratio (0.33x Scope 1 combined, 12%/88% Scope2:Scope3 split borrowed from the paper's Industry sector only). Confidence: Good."
1006594,Leprino Foods - Lemoore West,Other,CA,51604.256,NA,NA,NA,Unresolved -- needs further inspection before mapping,"Unresolved sector ('Other') -- left NA pending further investigation, not a real zero."
1006608,FINCH PAPER LLC,Pulp and Paper,NY,143973.836,19724,144406,Industry,Good,"v1 estimate: Hertwich & Wood (2018) 'Industry' sector ratio (1.14x Scope 1 combined, 12%/88% Scope2:Scope3 split borrowed from the paper's Industry sector only). Confidence: Good."
1006611,MGM RESORTS INTERNATIONAL,Other,NV,110103.336,NA,NA,NA,Unresolved -- needs further inspection before mapping,"Unresolved sector ('Other') -- left NA pending further investigation, not a real zero."
1006617,PARIS PLANT,Other,TX,42510.64,NA,NA,NA,Unresolved -- needs further inspection before mapping,"Unresolved sector ('Other') -- left NA pending further investigation, not a real zero."
1006621,WESTLAKE VINYLS INC,Chemicals,KY,489940.974,67122,491411,Industry,Good,"v1 estimate: Hertwich & Wood (2018) 'Industry' sector ratio (1.14x Scope 1 combined, 12%/88% Scope2:Scope3 split borrowed from the paper's Industry sector only). Confidence: Good."
1006626,INTERNATIONAL PAPER - HENDERSON MILL,Pulp and Paper,KY,48602.216,6659,48748,Industry,Good,"v1 estimate: Hertwich & Wood (2018) 'Industry' sector ratio (1.14x Scope 1 combined, 12%/88% Scope2:Scope3 split borrowed from the paper's Industry sector only). Confidence: Good."
1006627,Los Angeles Refinery (LAR),Chemicals,CA,6118906.276,838290,6137263,Industry,Good,"v1 estimate: Hertwich & Wood (2018) 'Industry' sector ratio (1.14x Scope 1 combined, 12%/88% Scope2:Scope3 split borrowed from the paper's Industry sector only). Confidence: Good."
1006630,Port Washington Generating Station,Power Plants,WI,3154314.36,126173,914751,Energy,Good,"v1 estimate: Hertwich & Wood (2018) 'Energy' sector ratio (0.33x Scope 1 combined, 12%/88% Scope2:Scope3 split borrowed from the paper's Industry sector only). Confidence: Good."
1006634,City of Irving/ Hunter Ferrell Landfill,Waste,TX,146358,20051,146797,Industry,Weak (no dedicated waste sector in paper),"v1 estimate: Hertwich & Wood (2018) 'Industry' sector ratio (1.14x Scope 1 combined, 12%/88% Scope2:Scope3 split borrowed from the paper's Industry sector only). Confidence: Weak (no dedicated waste sector in paper)."
1006637,CARGILL INCORPORATED,Other,OH,163392.826,NA,NA,NA,Unresolved -- needs further inspection before mapping,"Unresolved sector ('Other') -- left NA pending further investigation, not a real zero."
1006646,US PUBLIC HEALTH SERVICE NATIONAL INSTITUTES OF HEALTH,Other,MD,189740.416,NA,NA,NA,Unresolved -- needs further inspection before mapping,"Unresolved sector ('Other') -- left NA pending further investigation, not a real zero."
1006647,YORK COUNTY RESOURCE RECOVERY,Waste,PA,171809.556,23538,172325,Industry,Weak (no dedicated waste sector in paper),"v1 estimate: Hertwich & Wood (2018) 'Industry' sector ratio (1.14x Scope 1 combined, 12%/88% Scope2:Scope3 split borrowed from the paper's Industry sector only). Confidence: Weak (no dedicated waste sector in paper)."
1006652,Antelope Station,Power Plants,TX,125720.276,5029,36459,Energy,Good,"v1 estimate: Hertwich & Wood (2018) 'Energy' sector ratio (0.33x Scope 1 combined, 12%/88% Scope2:Scope3 split borrowed from the paper's Industry sector only). Confidence: Good."
1006654,Gerald Whelan Energy Center,Power Plants,NE,1097680.574,43907,318327,Energy,Good,"v1 estimate: Hertwich & Wood (2018) 'Energy' sector ratio (0.33x Scope 1 combined, 12%/88% Scope2:Scope3 split borrowed from the paper's Industry sector only). Confidence: Good."
1006655,US DOE Y-12 National Security Complex,Other,TN,42083.092,NA,NA,NA,Unresolved -- needs further inspection before mapping,"Unresolved sector ('Other') -- left NA pending further investigation, not a real zero."
1006662,TRENTON AGRI PRODUCTS,Other,NE,48699.816,NA,NA,NA,Unresolved -- needs further inspection before mapping,"Unresolved sector ('Other') -- left NA pending further investigation, not a real zero."
1006663,DOVER MUNICIPAL LIGHT PLANT (0679010146),Power Plants,OH,79990.788,3200,23197,Energy,Good,"v1 estimate: Hertwich & Wood (2018) 'Energy' sector ratio (0.33x Scope 1 combined, 12%/88% Scope2:Scope3 split borrowed from the paper's Industry sector only). Confidence: Good."
1006664,Solvay USA,Chemicals,IL,32669.876,4476,32768,Industry,Good,"v1 estimate: Hertwich & Wood (2018) 'Industry' sector ratio (1.14x Scope 1 combined, 12%/88% Scope2:Scope3 split borrowed from the paper's Industry sector only). Confidence: Good."
1006671,CHS INC LAUREL REFINERY,Chemicals,MT,918021.03,125769,920775,Industry,Good,"v1 estimate: Hertwich & Wood (2018) 'Industry' sector ratio (1.14x Scope 1 combined, 12%/88% Scope2:Scope3 split borrowed from the paper's Industry sector only). Confidence: Good."
1006672,"POET Biorefining Mitchell, LLC",Other,SD,107747.944,NA,NA,NA,Unresolved -- needs further inspection before mapping,"Unresolved sector ('Other') -- left NA pending further investigation, not a real zero."
1006673,"International N&H USA, Inc.",Chemicals,DE,22132.116,3032,22199,Industry,Good,"v1 estimate: Hertwich & Wood (2018) 'Industry' sector ratio (1.14x Scope 1 combined, 12%/88% Scope2:Scope3 split borrowed from the paper's Industry sector only). Confidence: Good."
1006682,Robeline Plant,Petroleum and Natural Gas Systems,LA,325451.066,13018,94381,Energy,Good,"v1 estimate: Hertwich & Wood (2018) 'Energy' sector ratio (0.33x Scope 1 combined, 12%/88% Scope2:Scope3 split borrowed from the paper's Industry sector only). Confidence: Good."
1006683,Washington University Medical School,Other,MO,32569.428,NA,NA,NA,Unresolved -- needs further inspection before mapping,"Unresolved sector ('Other') -- left NA pending further investigation, not a real zero."
1006685,MAYO MEDICAL CENTER - ROCHESTER,Other,MN,67644.982,NA,NA,NA,Unresolved -- needs further inspection before mapping,"Unresolved sector ('Other') -- left NA pending further investigation, not a real zero."
1006686,SAINT MARYS HOSPITAL,Other,MN,47670.468,NA,NA,NA,Unresolved -- needs further inspection before mapping,"Unresolved sector ('Other') -- left NA pending further investigation, not a real zero."
1006693,FM 812 Landfill,Waste,TX,30257.5,4145,30348,Industry,Weak (no dedicated waste sector in paper),"v1 estimate: Hertwich & Wood (2018) 'Industry' sector ratio (1.14x Scope 1 combined, 12%/88% Scope2:Scope3 split borrowed from the paper's Industry sector only). Confidence: Weak (no dedicated waste sector in paper)."
1006694,Green Plains York LLC,Other,NE,86449.424,NA,NA,NA,Unresolved -- needs further inspection before mapping,"Unresolved sector ('Other') -- left NA pending further investigation, not a real zero."
1006695,Dearborn Industrial Generation,Power Plants,MI,3294867.668,131795,955512,Energy,Good,"v1 estimate: Hertwich & Wood (2018) 'Energy' sector ratio (0.33x Scope 1 combined, 12%/88% Scope2:Scope3 split borrowed from the paper's Industry sector only). Confidence: Good."
1006699,CARGILL INC,Other,KS,49775.212,NA,NA,NA,Unresolved -- needs further inspection before mapping,"Unresolved sector ('Other') -- left NA pending further investigation, not a real zero."
1006700,CHILDRENS HOSPITAL MEDICAL CENTER,Other,OH,28731.292,NA,NA,NA,Unresolved -- needs further inspection before mapping,"Unresolved sector ('Other') -- left NA pending further investigation, not a real zero."
1006703,International Paper - Columbus Mill,Pulp and Paper,MS,138624.596,18992,139040,Industry,Good,"v1 estimate: Hertwich & Wood (2018) 'Industry' sector ratio (1.14x Scope 1 combined, 12%/88% Scope2:Scope3 split borrowed from the paper's Industry sector only). Confidence: Good."
1006704,Gold Bond- BUR Plant,Minerals,NJ,31932.98,4375,32029,Industry,Good,"v1 estimate: Hertwich & Wood (2018) 'Industry' sector ratio (1.14x Scope 1 combined, 12%/88% Scope2:Scope3 split borrowed from the paper's Industry sector only). Confidence: Good."
1006708,CMC Steel New Jersey,Metals,NJ,75626.996,10361,75854,Industry,Good,"v1 estimate: Hertwich & Wood (2018) 'Industry' sector ratio (1.14x Scope 1 combined, 12%/88% Scope2:Scope3 split borrowed from the paper's Industry sector only). Confidence: Good."
1006715,"Troy Energy, LLC",Power Plants,OH,476085.119,19043,138065,Energy,Good,"v1 estimate: Hertwich & Wood (2018) 'Energy' sector ratio (0.33x Scope 1 combined, 12%/88% Scope2:Scope3 split borrowed from the paper's Industry sector only). Confidence: Good."
1006721,Sabine,Power Plants,TX,2137865.376,85515,619981,Energy,Good,"v1 estimate: Hertwich & Wood (2018) 'Energy' sector ratio (0.33x Scope 1 combined, 12%/88% Scope2:Scope3 split borrowed from the paper's Industry sector only). Confidence: Good."
1006722,SWIFT BEEF COMPANY,Other,NE,59240.094,NA,NA,NA,Unresolved -- needs further inspection before mapping,"Unresolved sector ('Other') -- left NA pending further investigation, not a real zero."
1006730,Dubach Cryogenic Plant,Petroleum and Natural Gas Systems,LA,23765.83,951,6892,Energy,Good,"v1 estimate: Hertwich & Wood (2018) 'Energy' sector ratio (0.33x Scope 1 combined, 12%/88% Scope2:Scope3 split borrowed from the paper's Industry sector only). Confidence: Good."
1006733,CAPITOL POWER PLANT,Power Plants,DC,60868.008,2435,17652,Energy,Good,"v1 estimate: Hertwich & Wood (2018) 'Energy' sector ratio (0.33x Scope 1 combined, 12%/88% Scope2:Scope3 split borrowed from the paper's Industry sector only). Confidence: Good."
1006738,ILLINOIS CEMENT CO,Minerals,IL,761560.736,104334,763845,Industry,Good,"v1 estimate: Hertwich & Wood (2018) 'Industry' sector ratio (1.14x Scope 1 combined, 12%/88% Scope2:Scope3 split borrowed from the paper's Industry sector only). Confidence: Good."
1006748,Wilkes County Landfill,Waste,NC,64792.75,8877,64987,Industry,Weak (no dedicated waste sector in paper),"v1 estimate: Hertwich & Wood (2018) 'Industry' sector ratio (1.14x Scope 1 combined, 12%/88% Scope2:Scope3 split borrowed from the paper's Industry sector only). Confidence: Weak (no dedicated waste sector in paper)."
1006749,LANDFILL OF NORTH IOWA,Waste,IA,76499.3,10480,76729,Industry,Weak (no dedicated waste sector in paper),"v1 estimate: Hertwich & Wood (2018) 'Industry' sector ratio (1.14x Scope 1 combined, 12%/88% Scope2:Scope3 split borrowed from the paper's Industry sector only). Confidence: Weak (no dedicated waste sector in paper)."
1006757,Southeast,Petroleum and Natural Gas Systems,NY,121778.75,4871,35316,Energy,Good,"v1 estimate: Hertwich & Wood (2018) 'Energy' sector ratio (0.33x Scope 1 combined, 12%/88% Scope2:Scope3 split borrowed from the paper's Industry sector only). Confidence: Good."
1006764,UNIVERSITY OF OKLAHOMA,Other,OK,50547.26,NA,NA,NA,Unresolved -- needs further inspection before mapping,"Unresolved sector ('Other') -- left NA pending further investigation, not a real zero."
1006772,ONONDAGA CO RESOURCE RECOVERY FACILITY,Waste,NY,179377.916,24575,179916,Industry,Weak (no dedicated waste sector in paper),"v1 estimate: Hertwich & Wood (2018) 'Industry' sector ratio (1.14x Scope 1 combined, 12%/88% Scope2:Scope3 split borrowed from the paper's Industry sector only). Confidence: Weak (no dedicated waste sector in paper)."
1006774,Red Wing Plant,Power Plants,MN,102824.296,4113,29819,Energy,Good,"v1 estimate: Hertwich & Wood (2018) 'Energy' sector ratio (0.33x Scope 1 combined, 12%/88% Scope2:Scope3 split borrowed from the paper's Industry sector only). Confidence: Good."
1006775,"Milford Power, LLC",Power Plants,MA,97706.688,3908,28335,Energy,Good,"v1 estimate: Hertwich & Wood (2018) 'Energy' sector ratio (0.33x Scope 1 combined, 12%/88% Scope2:Scope3 split borrowed from the paper's Industry sector only). Confidence: Good."
1006776,International Paper - Valliant Mill,Pulp and Paper,OK,432836.48,59299,434135,Industry,Good,"v1 estimate: Hertwich & Wood (2018) 'Industry' sector ratio (1.14x Scope 1 combined, 12%/88% Scope2:Scope3 split borrowed from the paper's Industry sector only). Confidence: Good."
1006780,UNIVERSITY OF GEORGIA,Other,GA,51532.602,NA,NA,NA,Unresolved -- needs further inspection before mapping,"Unresolved sector ('Other') -- left NA pending further investigation, not a real zero."
1006785,ARMSTRONG CEMENT & SUPPLY,Minerals,PA,184560.81,25285,185114,Industry,Good,"v1 estimate: Hertwich & Wood (2018) 'Industry' sector ratio (1.14x Scope 1 combined, 12%/88% Scope2:Scope3 split borrowed from the paper's Industry sector only). Confidence: Good."
1006787,BIG RIVER RESOURCES GALVA LLC,Other,IL,171304.904,NA,NA,NA,Unresolved -- needs further inspection before mapping,"Unresolved sector ('Other') -- left NA pending further investigation, not a real zero."
1006797,ARKEMA INC CLEAR LAKE,Chemicals,TX,81832.892,11211,82078,Industry,Good,"v1 estimate: Hertwich & Wood (2018) 'Industry' sector ratio (1.14x Scope 1 combined, 12%/88% Scope2:Scope3 split borrowed from the paper's Industry sector only). Confidence: Good."
1006798,SOUTH CHESTER CO2 REMOVAL FACILITY,Petroleum and Natural Gas Systems,MI,551607.85,22064,159966,Energy,Good,"v1 estimate: Hertwich & Wood (2018) 'Energy' sector ratio (0.33x Scope 1 combined, 12%/88% Scope2:Scope3 split borrowed from the paper's Industry sector only). Confidence: Good."
1006799,Rock Creek Gas Plant,Petroleum and Natural Gas Systems,TX,139443.338,5578,40439,Energy,Good,"v1 estimate: Hertwich & Wood (2018) 'Energy' sector ratio (0.33x Scope 1 combined, 12%/88% Scope2:Scope3 split borrowed from the paper's Industry sector only). Confidence: Good."
1006800,GOLDSMITH GAS PLANT,Petroleum and Natural Gas Systems,TX,279409.49,11176,81029,Energy,Good,"v1 estimate: Hertwich & Wood (2018) 'Energy' sector ratio (0.33x Scope 1 combined, 12%/88% Scope2:Scope3 split borrowed from the paper's Industry sector only). Confidence: Good."
1006802,Sanford,Power Plants,FL,3027145.88,121086,877872,Energy,Good,"v1 estimate: Hertwich & Wood (2018) 'Energy' sector ratio (0.33x Scope 1 combined, 12%/88% Scope2:Scope3 split borrowed from the paper's Industry sector only). Confidence: Good."
1006806,SOUTH CUSHMAN LANDFILL,Waste,AK,82673.394,11326,82921,Industry,Weak (no dedicated waste sector in paper),"v1 estimate: Hertwich & Wood (2018) 'Industry' sector ratio (1.14x Scope 1 combined, 12%/88% Scope2:Scope3 split borrowed from the paper's Industry sector only). Confidence: Weak (no dedicated waste sector in paper)."
1006809,CENTRAL BI-PRODUCTS - LONG PRAIRIE,Other,MN,40127.38,NA,NA,NA,Unresolved -- needs further inspection before mapping,"Unresolved sector ('Other') -- left NA pending further investigation, not a real zero."
1006814,Equistar Chemicals LP,Other,LA,126419.972,NA,NA,NA,Unresolved -- needs further inspection before mapping,"Unresolved sector ('Other') -- left NA pending further investigation, not a real zero."
1006815,HOLCIM (US) INC.,Minerals,SC,1205311.276,165128,1208927,Industry,Good,"v1 estimate: Hertwich & Wood (2018) 'Industry' sector ratio (1.14x Scope 1 combined, 12%/88% Scope2:Scope3 split borrowed from the paper's Industry sector only). Confidence: Good."
1006818,EAST PENN LYONS SMELTER & BATTERY PLT,Metals,PA,92499.824,12672,92777,Industry,Good,"v1 estimate: Hertwich & Wood (2018) 'Industry' sector ratio (1.14x Scope 1 combined, 12%/88% Scope2:Scope3 split borrowed from the paper's Industry sector only). Confidence: Good."
1006819,Leprino Foods Roswell,Other,NM,42069.292,NA,NA,NA,Unresolved -- needs further inspection before mapping,"Unresolved sector ('Other') -- left NA pending further investigation, not a real zero."
1006827,COVESTRO,Chemicals,WV,25942.35,3554,26020,Industry,Good,"v1 estimate: Hertwich & Wood (2018) 'Industry' sector ratio (1.14x Scope 1 combined, 12%/88% Scope2:Scope3 split borrowed from the paper's Industry sector only). Confidence: Good."
1006828,BRISTOL MYERS SQUIBB INC,Chemicals,NJ,53541.848,7335,53702,Industry,Good,"v1 estimate: Hertwich & Wood (2018) 'Industry' sector ratio (1.14x Scope 1 combined, 12%/88% Scope2:Scope3 split borrowed from the paper's Industry sector only). Confidence: Good."
1006834,Twin Landfill Corporation,Waste,CO,51446.25,7048,51601,Industry,Weak (no dedicated waste sector in paper),"v1 estimate: Hertwich & Wood (2018) 'Industry' sector ratio (1.14x Scope 1 combined, 12%/88% Scope2:Scope3 split borrowed from the paper's Industry sector only). Confidence: Weak (no dedicated waste sector in paper)."
1006836,CALIFORNIA DAIRIES INC TURLOCK,Other,CA,34373.92,NA,NA,NA,Unresolved -- needs further inspection before mapping,"Unresolved sector ('Other') -- left NA pending further investigation, not a real zero."
1006842,CalPortland Company Mojave Plant,Minerals,CA,991489.096,135834,994464,Industry,Good,"v1 estimate: Hertwich & Wood (2018) 'Industry' sector ratio (1.14x Scope 1 combined, 12%/88% Scope2:Scope3 split borrowed from the paper's Industry sector only). Confidence: Good."
1006843,Phillips 66 Los Angeles Refinery - Wilmington Plant,Chemicals,CA,1825648.184,250114,1831125,Industry,Good,"v1 estimate: Hertwich & Wood (2018) 'Industry' sector ratio (1.14x Scope 1 combined, 12%/88% Scope2:Scope3 split borrowed from the paper's Industry sector only). Confidence: Good."
1006844,Aera Energy Anderson Fitzgerald,Petroleum and Natural Gas Systems,CA,234803.316,9392,68093,Energy,Good,"v1 estimate: Hertwich & Wood (2018) 'Energy' sector ratio (0.33x Scope 1 combined, 12%/88% Scope2:Scope3 split borrowed from the paper's Industry sector only). Confidence: Good."
1006847,SAPUTO CHEESE USA INC,Other,WI,38557.504,NA,NA,NA,Unresolved -- needs further inspection before mapping,"Unresolved sector ('Other') -- left NA pending further investigation, not a real zero."
1006856,LION ELASTOMERS ORANGE PLANT,Other,TX,50906.108,NA,NA,NA,Unresolved -- needs further inspection before mapping,"Unresolved sector ('Other') -- left NA pending further investigation, not a real zero."
1006858,Gun Club Road Landfill,Waste,GA,23042.75,3157,23112,Industry,Weak (no dedicated waste sector in paper),"v1 estimate: Hertwich & Wood (2018) 'Industry' sector ratio (1.14x Scope 1 combined, 12%/88% Scope2:Scope3 split borrowed from the paper's Industry sector only). Confidence: Weak (no dedicated waste sector in paper)."
1006859,Polk County - North Central Landfill,Waste,FL,426064.848,58371,427343,Industry,Weak (no dedicated waste sector in paper),"v1 estimate: Hertwich & Wood (2018) 'Industry' sector ratio (1.14x Scope 1 combined, 12%/88% Scope2:Scope3 split borrowed from the paper's Industry sector only). Confidence: Weak (no dedicated waste sector in paper)."
1006861,DEMENNO KERDOON,Petroleum and Natural Gas Systems,CA,24755.556,990,7179,Energy,Good,"v1 estimate: Hertwich & Wood (2018) 'Energy' sector ratio (0.33x Scope 1 combined, 12%/88% Scope2:Scope3 split borrowed from the paper's Industry sector only). Confidence: Good."
1006865,Cavendish Farms,Other,ND,34019.972,NA,NA,NA,Unresolved -- needs further inspection before mapping,"Unresolved sector ('Other') -- left NA pending further investigation, not a real zero."
1006868,W A Parish,Power Plants,TX,10110960.572,404438,2932179,Energy,Good,"v1 estimate: Hertwich & Wood (2018) 'Energy' sector ratio (0.33x Scope 1 combined, 12%/88% Scope2:Scope3 split borrowed from the paper's Industry sector only). Confidence: Good."
1006869,Black Mountain Facility,Power Plants,NV,355806.612,14232,103184,Energy,Good,"v1 estimate: Hertwich & Wood (2018) 'Energy' sector ratio (0.33x Scope 1 combined, 12%/88% Scope2:Scope3 split borrowed from the paper's Industry sector only). Confidence: Good."
1006873,"UNIVERSITY OF CALIFORNIA, IRVINE",Other,CA,63896.96,NA,NA,NA,Unresolved -- needs further inspection before mapping,"Unresolved sector ('Other') -- left NA pending further investigation, not a real zero."
1006874,SOUTH DAKOTA SOYBEAN PROCESSORS,Other,SD,39854.5,NA,NA,NA,Unresolved -- needs further inspection before mapping,"Unresolved sector ('Other') -- left NA pending further investigation, not a real zero."
1006876,ORCHARD RIDGE LANDFILL & MRF,Waste,WI,75485.524,10342,75712,Industry,Weak (no dedicated waste sector in paper),"v1 estimate: Hertwich & Wood (2018) 'Industry' sector ratio (1.14x Scope 1 combined, 12%/88% Scope2:Scope3 split borrowed from the paper's Industry sector only). Confidence: Weak (no dedicated waste sector in paper)."
1006877,AMERICAN CRYSTAL SUGAR - MOORHEAD,Minerals,MN,312833.746,42858,313772,Industry,Good,"v1 estimate: Hertwich & Wood (2018) 'Industry' sector ratio (1.14x Scope 1 combined, 12%/88% Scope2:Scope3 split borrowed from the paper's Industry sector only). Confidence: Good."
1006878,American Crystal Sugar Company - Drayton,Minerals,ND,370074.47,50700,371185,Industry,Good,"v1 estimate: Hertwich & Wood (2018) 'Industry' sector ratio (1.14x Scope 1 combined, 12%/88% Scope2:Scope3 split borrowed from the paper's Industry sector only). Confidence: Good."
1006883,Armstrong World Industries Inc,Other,GA,78086.356,NA,NA,NA,Unresolved -- needs further inspection before mapping,"Unresolved sector ('Other') -- left NA pending further investigation, not a real zero."
1006885,Sylvamo Ticonderoga Mill,Pulp and Paper,NY,231764.438,31752,232460,Industry,Good,"v1 estimate: Hertwich & Wood (2018) 'Industry' sector ratio (1.14x Scope 1 combined, 12%/88% Scope2:Scope3 split borrowed from the paper's Industry sector only). Confidence: Good."
1006890,OQ CORP BAY CITY PLANT,Chemicals,TX,377709.752,51746,378843,Industry,Good,"v1 estimate: Hertwich & Wood (2018) 'Industry' sector ratio (1.14x Scope 1 combined, 12%/88% Scope2:Scope3 split borrowed from the paper's Industry sector only). Confidence: Good."
1006891,Motiva Port Arthur Chemicals,Chemicals,TX,1131434.222,155006,1134829,Industry,Good,"v1 estimate: Hertwich & Wood (2018) 'Industry' sector ratio (1.14x Scope 1 combined, 12%/88% Scope2:Scope3 split borrowed from the paper's Industry sector only). Confidence: Good."
1006892,International Paper-Prattville Mill,Pulp and Paper,AL,406514.328,55692,407734,Industry,Good,"v1 estimate: Hertwich & Wood (2018) 'Industry' sector ratio (1.14x Scope 1 combined, 12%/88% Scope2:Scope3 split borrowed from the paper's Industry sector only). Confidence: Good."
1006899,MCCARTY ROAD LANDFILL TX,Waste,TX,210801.75,28880,211434,Industry,Weak (no dedicated waste sector in paper),"v1 estimate: Hertwich & Wood (2018) 'Industry' sector ratio (1.14x Scope 1 combined, 12%/88% Scope2:Scope3 split borrowed from the paper's Industry sector only). Confidence: Weak (no dedicated waste sector in paper)."
1006901,CHARTER STEEL,Metals,WI,143250.74,19625,143680,Industry,Good,"v1 estimate: Hertwich & Wood (2018) 'Industry' sector ratio (1.14x Scope 1 combined, 12%/88% Scope2:Scope3 split borrowed from the paper's Industry sector only). Confidence: Good."
1006902,UMASS MEDICAL SCHOOL,Other,MA,86068.908,NA,NA,NA,Unresolved -- needs further inspection before mapping,"Unresolved sector ('Other') -- left NA pending further investigation, not a real zero."
1006904,"ANHEUSER-BUSCH, INC. CARTERSVI LLE BREWERY",Other,GA,18719.486,NA,NA,NA,Unresolved -- needs further inspection before mapping,"Unresolved sector ('Other') -- left NA pending further investigation, not a real zero."
1006905,DCP MIDSTREAM LP/OKARCHE GAS PLT,Petroleum and Natural Gas Systems,OK,88164.24,3527,25568,Energy,Good,"v1 estimate: Hertwich & Wood (2018) 'Energy' sector ratio (0.33x Scope 1 combined, 12%/88% Scope2:Scope3 split borrowed from the paper's Industry sector only). Confidence: Good."
1006910,OSWEGO CO ENERGY RECOVERY FAC,Waste,NY,24270.964,3325,24344,Industry,Weak (no dedicated waste sector in paper),"v1 estimate: Hertwich & Wood (2018) 'Industry' sector ratio (1.14x Scope 1 combined, 12%/88% Scope2:Scope3 split borrowed from the paper's Industry sector only). Confidence: Weak (no dedicated waste sector in paper)."
1006911,LHOIST NORTH AMERICA,Minerals,AZ,787419.8,107877,789782,Industry,Good,"v1 estimate: Hertwich & Wood (2018) 'Industry' sector ratio (1.14x Scope 1 combined, 12%/88% Scope2:Scope3 split borrowed from the paper's Industry sector only). Confidence: Good."
1006912,POET BIOREFINING,Other,OH,120279.648,NA,NA,NA,Unresolved -- needs further inspection before mapping,"Unresolved sector ('Other') -- left NA pending further investigation, not a real zero."
1006932,REFINERY KAPOLEI,Chemicals,HI,620476.324,85005,622338,Industry,Good,"v1 estimate: Hertwich & Wood (2018) 'Industry' sector ratio (1.14x Scope 1 combined, 12%/88% Scope2:Scope3 split borrowed from the paper's Industry sector only). Confidence: Good."
1006933,"Pleasants Energy, LLC",Power Plants,WV,1241583.138,49663,360059,Energy,Good,"v1 estimate: Hertwich & Wood (2018) 'Energy' sector ratio (0.33x Scope 1 combined, 12%/88% Scope2:Scope3 split borrowed from the paper's Industry sector only). Confidence: Good."
1006935,Red Hills Generation Facility,Power Plants,MS,3159040.484,126362,916122,Energy,Good,"v1 estimate: Hertwich & Wood (2018) 'Energy' sector ratio (0.33x Scope 1 combined, 12%/88% Scope2:Scope3 split borrowed from the paper's Industry sector only). Confidence: Good."
1006936,Summit Sustainable Ingredients DBA Amber Wave,Other,KS,53315.8,NA,NA,NA,Unresolved -- needs further inspection before mapping,"Unresolved sector ('Other') -- left NA pending further investigation, not a real zero."
1006941,Pfizer,Other,CT,88454.382,NA,NA,NA,Unresolved -- needs further inspection before mapping,"Unresolved sector ('Other') -- left NA pending further investigation, not a real zero."
1006946,VALERO WELCOME PLANT,Other,MN,188618.14,NA,NA,NA,Unresolved -- needs further inspection before mapping,"Unresolved sector ('Other') -- left NA pending further investigation, not a real zero."
1006947,FREEPORT-MCMORAN MIAMI INC,Metals,AZ,84247.73,11542,84500,Industry,Good,"v1 estimate: Hertwich & Wood (2018) 'Industry' sector ratio (1.14x Scope 1 combined, 12%/88% Scope2:Scope3 split borrowed from the paper's Industry sector only). Confidence: Good."
1006954,TRANSCO STATION 105,Petroleum and Natural Gas Systems,AL,77693.316,3108,22531,Energy,Good,"v1 estimate: Hertwich & Wood (2018) 'Energy' sector ratio (0.33x Scope 1 combined, 12%/88% Scope2:Scope3 split borrowed from the paper's Industry sector only). Confidence: Good."
1006956,Monopod Platform,Petroleum and Natural Gas Systems,AK,45558.592,1822,13212,Energy,Good,"v1 estimate: Hertwich & Wood (2018) 'Energy' sector ratio (0.33x Scope 1 combined, 12%/88% Scope2:Scope3 split borrowed from the paper's Industry sector only). Confidence: Good."
1006957,MONTGOMERY CITY OF,Waste,AL,146547,20077,146987,Industry,Weak (no dedicated waste sector in paper),"v1 estimate: Hertwich & Wood (2018) 'Industry' sector ratio (1.14x Scope 1 combined, 12%/88% Scope2:Scope3 split borrowed from the paper's Industry sector only). Confidence: Weak (no dedicated waste sector in paper)."
1006959,VALERO CORPUS CHRISTI REFINERY EAST PLANT,Chemicals,TX,1066775.996,146148,1069976,Industry,Good,"v1 estimate: Hertwich & Wood (2018) 'Industry' sector ratio (1.14x Scope 1 combined, 12%/88% Scope2:Scope3 split borrowed from the paper's Industry sector only). Confidence: Good."
1006963,ADVANCED DISPOSAL VALLEY VIEW LANDFILL INC,Waste,IL,29066.948,3982,29154,Industry,Weak (no dedicated waste sector in paper),"v1 estimate: Hertwich & Wood (2018) 'Industry' sector ratio (1.14x Scope 1 combined, 12%/88% Scope2:Scope3 split borrowed from the paper's Industry sector only). Confidence: Weak (no dedicated waste sector in paper)."
1006965,United States Gypsum Company of Sweetwater,Minerals,TX,81737.892,11198,81983,Industry,Good,"v1 estimate: Hertwich & Wood (2018) 'Industry' sector ratio (1.14x Scope 1 combined, 12%/88% Scope2:Scope3 split borrowed from the paper's Industry sector only). Confidence: Good."
1006966,Newman,Power Plants,TX,1655901.112,66236,480211,Energy,Good,"v1 estimate: Hertwich & Wood (2018) 'Energy' sector ratio (0.33x Scope 1 combined, 12%/88% Scope2:Scope3 split borrowed from the paper's Industry sector only). Confidence: Good."
1006967,CHEVRON PHILLIPS - SWEENY COMPLEX,Chemicals,TX,1002445.798,137335,1005453,Industry,Good,"v1 estimate: Hertwich & Wood (2018) 'Industry' sector ratio (1.14x Scope 1 combined, 12%/88% Scope2:Scope3 split borrowed from the paper's Industry sector only). Confidence: Good."
1006970,Nestle USA Inc. - Anderson,Other,IN,64655.856,NA,NA,NA,Unresolved -- needs further inspection before mapping,"Unresolved sector ('Other') -- left NA pending further investigation, not a real zero."
1006972,"SWVA, INC.",Metals,WV,55477.668,7600,55644,Industry,Good,"v1 estimate: Hertwich & Wood (2018) 'Industry' sector ratio (1.14x Scope 1 combined, 12%/88% Scope2:Scope3 split borrowed from the paper's Industry sector only). Confidence: Good."
1006978,CITY OF GREENSBORO WHITE STREET LANDFILL,Waste,NC,220459.75,30203,221121,Industry,Weak (no dedicated waste sector in paper),"v1 estimate: Hertwich & Wood (2018) 'Industry' sector ratio (1.14x Scope 1 combined, 12%/88% Scope2:Scope3 split borrowed from the paper's Industry sector only). Confidence: Weak (no dedicated waste sector in paper)."
1006979,ADVANCED DISPOSAL OAK RIDGE LANDFILL,Waste,MO,3571,489,3582,Industry,Weak (no dedicated waste sector in paper),"v1 estimate: Hertwich & Wood (2018) 'Industry' sector ratio (1.14x Scope 1 combined, 12%/88% Scope2:Scope3 split borrowed from the paper's Industry sector only). Confidence: Weak (no dedicated waste sector in paper)."
1006980,"CADILLAC CASTING, INCORPORATED",Metals,MI,45627.398,6251,45764,Industry,Good,"v1 estimate: Hertwich & Wood (2018) 'Industry' sector ratio (1.14x Scope 1 combined, 12%/88% Scope2:Scope3 split borrowed from the paper's Industry sector only). Confidence: Good."
1006983,Baytown Energy Center,Power Plants,TX,2104515.048,84181,610309,Energy,Good,"v1 estimate: Hertwich & Wood (2018) 'Energy' sector ratio (0.33x Scope 1 combined, 12%/88% Scope2:Scope3 split borrowed from the paper's Industry sector only). Confidence: Good."
1006985,Flint Hills Resources Pine Bend Refinery,Chemicals,MN,3945753.32,540568,3957591,Industry,Good,"v1 estimate: Hertwich & Wood (2018) 'Industry' sector ratio (1.14x Scope 1 combined, 12%/88% Scope2:Scope3 split borrowed from the paper's Industry sector only). Confidence: Good."
1006994,Pratt Industries,Pulp and Paper,LA,105570.25,14463,105887,Industry,Good,"v1 estimate: Hertwich & Wood (2018) 'Industry' sector ratio (1.14x Scope 1 combined, 12%/88% Scope2:Scope3 split borrowed from the paper's Industry sector only). Confidence: Good."
1007000,"Par Montana, LLC Billings Refinery",Chemicals,MT,719769.222,98608,721929,Industry,Good,"v1 estimate: Hertwich & Wood (2018) 'Industry' sector ratio (1.14x Scope 1 combined, 12%/88% Scope2:Scope3 split borrowed from the paper's Industry sector only). Confidence: Good."
1007008,United Refining Company,Chemicals,PA,625205.838,85653,627081,Industry,Good,"v1 estimate: Hertwich & Wood (2018) 'Industry' sector ratio (1.14x Scope 1 combined, 12%/88% Scope2:Scope3 split borrowed from the paper's Industry sector only). Confidence: Good."
1007014,SWIFT BEEF CO,Other,UT,29941.964,NA,NA,NA,Unresolved -- needs further inspection before mapping,"Unresolved sector ('Other') -- left NA pending further investigation, not a real zero."
1007018,"EASTERN AREA LANDFILL, BIRMINGHAM",Waste,AL,89002,12193,89269,Industry,Weak (no dedicated waste sector in paper),"v1 estimate: Hertwich & Wood (2018) 'Industry' sector ratio (1.14x Scope 1 combined, 12%/88% Scope2:Scope3 split borrowed from the paper's Industry sector only). Confidence: Weak (no dedicated waste sector in paper)."
1007019,Nearman Creek,Power Plants,KS,901802.094,36072,261523,Energy,Good,"v1 estimate: Hertwich & Wood (2018) 'Energy' sector ratio (0.33x Scope 1 combined, 12%/88% Scope2:Scope3 split borrowed from the paper's Industry sector only). Confidence: Good."
1007025,Pine Bluff Energy Center,Power Plants,AR,676304.692,27052,196128,Energy,Good,"v1 estimate: Hertwich & Wood (2018) 'Energy' sector ratio (0.33x Scope 1 combined, 12%/88% Scope2:Scope3 split borrowed from the paper's Industry sector only). Confidence: Good."
1007026,BRIDGETON LANDFILL,Waste,MO,4975.896,682,4991,Industry,Weak (no dedicated waste sector in paper),"v1 estimate: Hertwich & Wood (2018) 'Industry' sector ratio (1.14x Scope 1 combined, 12%/88% Scope2:Scope3 split borrowed from the paper's Industry sector only). Confidence: Weak (no dedicated waste sector in paper)."
1007046,"Koch Fertilizer Ft. Dodge, LLC",Chemicals,IA,1025232.728,140457,1028308,Industry,Good,"v1 estimate: Hertwich & Wood (2018) 'Industry' sector ratio (1.14x Scope 1 combined, 12%/88% Scope2:Scope3 split borrowed from the paper's Industry sector only). Confidence: Good."
1007061,WAYNE COUNTY LANDFILL,Waste,IL,34626,4744,34730,Industry,Weak (no dedicated waste sector in paper),"v1 estimate: Hertwich & Wood (2018) 'Industry' sector ratio (1.14x Scope 1 combined, 12%/88% Scope2:Scope3 split borrowed from the paper's Industry sector only). Confidence: Weak (no dedicated waste sector in paper)."
1007063,POET Biorefining - Groton,Other,SD,87869.72,NA,NA,NA,Unresolved -- needs further inspection before mapping,"Unresolved sector ('Other') -- left NA pending further investigation, not a real zero."
1007068,GOLDEN VALLEY ELECTRIC ASSOCIATION INC - HEALY POWER PLANT,Power Plants,AK,607685.744,24307,176229,Energy,Good,"v1 estimate: Hertwich & Wood (2018) 'Energy' sector ratio (0.33x Scope 1 combined, 12%/88% Scope2:Scope3 split borrowed from the paper's Industry sector only). Confidence: Good."
1007075,OUTAGAMIE COUNTY LANDFILL,Waste,WI,55561.248,7612,55728,Industry,Weak (no dedicated waste sector in paper),"v1 estimate: Hertwich & Wood (2018) 'Industry' sector ratio (1.14x Scope 1 combined, 12%/88% Scope2:Scope3 split borrowed from the paper's Industry sector only). Confidence: Weak (no dedicated waste sector in paper)."
1007080,GULFSTREAM STATION 420,Petroleum and Natural Gas Systems,FL,51030.028,2041,14799,Energy,Good,"v1 estimate: Hertwich & Wood (2018) 'Energy' sector ratio (0.33x Scope 1 combined, 12%/88% Scope2:Scope3 split borrowed from the paper's Industry sector only). Confidence: Good."
1007098,SOUTHERN MINNESOTA BEET SUGAR COOPERATIVE,Minerals,MN,522588.828,71595,524157,Industry,Good,"v1 estimate: Hertwich & Wood (2018) 'Industry' sector ratio (1.14x Scope 1 combined, 12%/88% Scope2:Scope3 split borrowed from the paper's Industry sector only). Confidence: Good."
1007114,SPIRIT AEROSYSTEMS INC,Other,KS,100998.62,NA,NA,NA,Unresolved -- needs further inspection before mapping,"Unresolved sector ('Other') -- left NA pending further investigation, not a real zero."
1007128,JOHNSON CANYON SANITARY LANDFILL,Waste,CA,85788.25,11753,86046,Industry,Weak (no dedicated waste sector in paper),"v1 estimate: Hertwich & Wood (2018) 'Industry' sector ratio (1.14x Scope 1 combined, 12%/88% Scope2:Scope3 split borrowed from the paper's Industry sector only). Confidence: Weak (no dedicated waste sector in paper)."
1007129,JERRITT CANYON MINE,Other,NV,16954.35,NA,NA,NA,Unresolved -- needs further inspection before mapping,"Unresolved sector ('Other') -- left NA pending further investigation, not a real zero."
1007148,"CP KELCO US, INC.-OKMULGEE",Other,OK,70267.842,NA,NA,NA,Unresolved -- needs further inspection before mapping,"Unresolved sector ('Other') -- left NA pending further investigation, not a real zero."
1007163,UNIVERSITY OF NEBRASKA MEDICAL CENTER,Other,NE,31943.422,NA,NA,NA,Unresolved -- needs further inspection before mapping,"Unresolved sector ('Other') -- left NA pending further investigation, not a real zero."
1007171,West County Energy Center,Power Plants,FL,7147923.976,285917,2072898,Energy,Good,"v1 estimate: Hertwich & Wood (2018) 'Energy' sector ratio (0.33x Scope 1 combined, 12%/88% Scope2:Scope3 split borrowed from the paper's Industry sector only). Confidence: Good."
1007173,PG&E COLUSA GENERATING STATION,Power Plants,CA,1165329.08,46613,337945,Energy,Good,"v1 estimate: Hertwich & Wood (2018) 'Energy' sector ratio (0.33x Scope 1 combined, 12%/88% Scope2:Scope3 split borrowed from the paper's Industry sector only). Confidence: Good."
1007176,Hood Container Corporation,Pulp and Paper,TN,126940.36,17391,127321,Industry,Good,"v1 estimate: Hertwich & Wood (2018) 'Industry' sector ratio (1.14x Scope 1 combined, 12%/88% Scope2:Scope3 split borrowed from the paper's Industry sector only). Confidence: Good."
1007188,MAUI ELECTRIC CO (MECO) - PALAAU GENERATING STATION,Power Plants,HI,23384.072,935,6781,Energy,Good,"v1 estimate: Hertwich & Wood (2018) 'Energy' sector ratio (0.33x Scope 1 combined, 12%/88% Scope2:Scope3 split borrowed from the paper's Industry sector only). Confidence: Good."
1007189,Arvah B Hopkins,Power Plants,FL,703691.078,28148,204070,Energy,Good,"v1 estimate: Hertwich & Wood (2018) 'Energy' sector ratio (0.33x Scope 1 combined, 12%/88% Scope2:Scope3 split borrowed from the paper's Industry sector only). Confidence: Good."
1007192,ALLEN COUNTY PUBLIC WORKS,Waste,KS,65881.834,9026,66079,Industry,Weak (no dedicated waste sector in paper),"v1 estimate: Hertwich & Wood (2018) 'Industry' sector ratio (1.14x Scope 1 combined, 12%/88% Scope2:Scope3 split borrowed from the paper's Industry sector only). Confidence: Weak (no dedicated waste sector in paper)."
1007193,"Constellium Rolled Products Ravenswood, LLC",Metals,WV,122967.336,16847,123336,Industry,Good,"v1 estimate: Hertwich & Wood (2018) 'Industry' sector ratio (1.14x Scope 1 combined, 12%/88% Scope2:Scope3 split borrowed from the paper's Industry sector only). Confidence: Good."
1007202,Sioux,Power Plants,MO,3233284.61,129331,937653,Energy,Good,"v1 estimate: Hertwich & Wood (2018) 'Energy' sector ratio (0.33x Scope 1 combined, 12%/88% Scope2:Scope3 split borrowed from the paper's Industry sector only). Confidence: Good."
1007207,Cherokee,Power Plants,CO,1514356.584,60574,439163,Energy,Good,"v1 estimate: Hertwich & Wood (2018) 'Energy' sector ratio (0.33x Scope 1 combined, 12%/88% Scope2:Scope3 split borrowed from the paper's Industry sector only). Confidence: Good."
1007208,Alamo San Antonio Cement Plant,Minerals,TX,787291.84,107859,789654,Industry,Good,"v1 estimate: Hertwich & Wood (2018) 'Industry' sector ratio (1.14x Scope 1 combined, 12%/88% Scope2:Scope3 split borrowed from the paper's Industry sector only). Confidence: Good."
1007212,EMERALD PARK LANDFILL LLC,Waste,WI,41069,5626,41192,Industry,Weak (no dedicated waste sector in paper),"v1 estimate: Hertwich & Wood (2018) 'Industry' sector ratio (1.14x Scope 1 combined, 12%/88% Scope2:Scope3 split borrowed from the paper's Industry sector only). Confidence: Weak (no dedicated waste sector in paper)."
1007216,Central Plains Cement Company,Minerals,OK,490541.666,67204,492013,Industry,Good,"v1 estimate: Hertwich & Wood (2018) 'Industry' sector ratio (1.14x Scope 1 combined, 12%/88% Scope2:Scope3 split borrowed from the paper's Industry sector only). Confidence: Good."
1007219,ST. LUCIE COUNTY BALING AND RECYCLING FACILITY,Waste,FL,58763.196,8051,58939,Industry,Weak (no dedicated waste sector in paper),"v1 estimate: Hertwich & Wood (2018) 'Industry' sector ratio (1.14x Scope 1 combined, 12%/88% Scope2:Scope3 split borrowed from the paper's Industry sector only). Confidence: Weak (no dedicated waste sector in paper)."
1007220,CARGILL MEAT SOLUTIONS,Other,KS,75427.764,NA,NA,NA,Unresolved -- needs further inspection before mapping,"Unresolved sector ('Other') -- left NA pending further investigation, not a real zero."
1007227,James H Miller Jr,Power Plants,AL,16558380.818,662335,4801930,Energy,Good,"v1 estimate: Hertwich & Wood (2018) 'Energy' sector ratio (0.33x Scope 1 combined, 12%/88% Scope2:Scope3 split borrowed from the paper's Industry sector only). Confidence: Good."
1007232,Cornell University Ithaca Campus,Other,NY,148239.89,NA,NA,NA,Unresolved -- needs further inspection before mapping,"Unresolved sector ('Other') -- left NA pending further investigation, not a real zero."
1007253,Air Liquide Hydrogen Plant,Chemicals,WA,72276.6,9902,72493,Industry,Good,"v1 estimate: Hertwich & Wood (2018) 'Industry' sector ratio (1.14x Scope 1 combined, 12%/88% Scope2:Scope3 split borrowed from the paper's Industry sector only). Confidence: Good."
1007263,ALTO COLUMBIA LLC,Other,OR,38610.604,NA,NA,NA,Unresolved -- needs further inspection before mapping,"Unresolved sector ('Other') -- left NA pending further investigation, not a real zero."
1007273,Ahlstrom Mosinee LLC,Pulp and Paper,WI,201414.518,27594,202019,Industry,Good,"v1 estimate: Hertwich & Wood (2018) 'Industry' sector ratio (1.14x Scope 1 combined, 12%/88% Scope2:Scope3 split borrowed from the paper's Industry sector only). Confidence: Good."
1007277,PRINGLES MANUFACTURING COMPANY,Other,TN,68627.892,NA,NA,NA,Unresolved -- needs further inspection before mapping,"Unresolved sector ('Other') -- left NA pending further investigation, not a real zero."
1007287,Indiana Harbor Coke Company,Metals,IN,1065051.89,145912,1068247,Industry,Good,"v1 estimate: Hertwich & Wood (2018) 'Industry' sector ratio (1.14x Scope 1 combined, 12%/88% Scope2:Scope3 split borrowed from the paper's Industry sector only). Confidence: Good."
1007288,"Neptune, GC-613",Petroleum and Natural Gas Systems,LA,41303.436,1652,11978,Energy,Good,"v1 estimate: Hertwich & Wood (2018) 'Energy' sector ratio (0.33x Scope 1 combined, 12%/88% Scope2:Scope3 split borrowed from the paper's Industry sector only). Confidence: Good."
1007293,Sowega Power Project,Power Plants,GA,42098.544,1684,12209,Energy,Good,"v1 estimate: Hertwich & Wood (2018) 'Energy' sector ratio (0.33x Scope 1 combined, 12%/88% Scope2:Scope3 split borrowed from the paper's Industry sector only). Confidence: Good."
1007298,Middlesex County Landfill,Waste,NJ,111752.65,15310,112088,Industry,Weak (no dedicated waste sector in paper),"v1 estimate: Hertwich & Wood (2018) 'Industry' sector ratio (1.14x Scope 1 combined, 12%/88% Scope2:Scope3 split borrowed from the paper's Industry sector only). Confidence: Weak (no dedicated waste sector in paper)."
1007303,Cottonwood Energy Project,Power Plants,TX,2384097.516,95364,691388,Energy,Good,"v1 estimate: Hertwich & Wood (2018) 'Energy' sector ratio (0.33x Scope 1 combined, 12%/88% Scope2:Scope3 split borrowed from the paper's Industry sector only). Confidence: Good."
1007307,Milford Power Company LLC,Power Plants,CT,1425972.916,57039,413532,Energy,Good,"v1 estimate: Hertwich & Wood (2018) 'Energy' sector ratio (0.33x Scope 1 combined, 12%/88% Scope2:Scope3 split borrowed from the paper's Industry sector only). Confidence: Good."
1007308,Rockgen Energy Center,Power Plants,WI,349879.494,13995,101465,Energy,Good,"v1 estimate: Hertwich & Wood (2018) 'Energy' sector ratio (0.33x Scope 1 combined, 12%/88% Scope2:Scope3 split borrowed from the paper's Industry sector only). Confidence: Good."
1007323,Channelview Cogeneration Facility,Power Plants,TX,2890021.192,115601,838106,Energy,Good,"v1 estimate: Hertwich & Wood (2018) 'Energy' sector ratio (0.33x Scope 1 combined, 12%/88% Scope2:Scope3 split borrowed from the paper's Industry sector only). Confidence: Good."
1007325,"Emery Oleochemicals, LLC",Chemicals,OH,162084.04,22206,162570,Industry,Good,"v1 estimate: Hertwich & Wood (2018) 'Industry' sector ratio (1.14x Scope 1 combined, 12%/88% Scope2:Scope3 split borrowed from the paper's Industry sector only). Confidence: Good."
1007328,Hobbs Generating Station,Power Plants,NM,1600256.52,64010,464074,Energy,Good,"v1 estimate: Hertwich & Wood (2018) 'Energy' sector ratio (0.33x Scope 1 combined, 12%/88% Scope2:Scope3 split borrowed from the paper's Industry sector only). Confidence: Good."
1007330,Linden Generating Station,Power Plants,NJ,1861722.014,74469,539899,Energy,Good,"v1 estimate: Hertwich & Wood (2018) 'Energy' sector ratio (0.33x Scope 1 combined, 12%/88% Scope2:Scope3 split borrowed from the paper's Industry sector only). Confidence: Good."
1007333,AGC FLAT GLASS N AMERICA INC,Minerals,KY,90785.904,12438,91058,Industry,Good,"v1 estimate: Hertwich & Wood (2018) 'Industry' sector ratio (1.14x Scope 1 combined, 12%/88% Scope2:Scope3 split borrowed from the paper's Industry sector only). Confidence: Good."
1007339,BP Whiting Business Unit,Chemicals,IN,5220291.312,715180,5235952,Industry,Good,"v1 estimate: Hertwich & Wood (2018) 'Industry' sector ratio (1.14x Scope 1 combined, 12%/88% Scope2:Scope3 split borrowed from the paper's Industry sector only). Confidence: Good."
1007341,ANCHORAGE REGIONAL LANDFILL,Waste,AK,175759.3,24079,176287,Industry,Weak (no dedicated waste sector in paper),"v1 estimate: Hertwich & Wood (2018) 'Industry' sector ratio (1.14x Scope 1 combined, 12%/88% Scope2:Scope3 split borrowed from the paper's Industry sector only). Confidence: Weak (no dedicated waste sector in paper)."
1007348,Optimus Steel LLC,Metals,TX,100347.992,13748,100649,Industry,Good,"v1 estimate: Hertwich & Wood (2018) 'Industry' sector ratio (1.14x Scope 1 combined, 12%/88% Scope2:Scope3 split borrowed from the paper's Industry sector only). Confidence: Good."
1007355,University of South Carolina,Power Plants,SC,37990.728,1520,11017,Energy,Good,"v1 estimate: Hertwich & Wood (2018) 'Energy' sector ratio (0.33x Scope 1 combined, 12%/88% Scope2:Scope3 split borrowed from the paper's Industry sector only). Confidence: Good."
1007370,Daniel Electric Generating Plant,Power Plants,MS,5076457.858,203058,1472173,Energy,Good,"v1 estimate: Hertwich & Wood (2018) 'Energy' sector ratio (0.33x Scope 1 combined, 12%/88% Scope2:Scope3 split borrowed from the paper's Industry sector only). Confidence: Good."
1007376,J K Spruce,Power Plants,TX,5604407.604303374,224176,1625278,Energy,Good,"v1 estimate: Hertwich & Wood (2018) 'Energy' sector ratio (0.33x Scope 1 combined, 12%/88% Scope2:Scope3 split borrowed from the paper's Industry sector only). Confidence: Good."
1007383,Fountain Valley Power Plant,Power Plants,CO,48697.116,1948,14122,Energy,Good,"v1 estimate: Hertwich & Wood (2018) 'Energy' sector ratio (0.33x Scope 1 combined, 12%/88% Scope2:Scope3 split borrowed from the paper's Industry sector only). Confidence: Good."
1007393,"HYUNDAI MOTOR MANUFACTURING ALABAMA, LLC",Import and Export of Equipment Containing Fluorintaed GHGs,AL,29768.73,NA,NA,NA,No fit -- left NA (alt. spelling),"No sector fit in Hertwich & Wood (2018) -- left NA, not a real zero."
1007394,COLUMBIA GULF TRANSMISSION LLC - RAYNE COMPRESSOR STATION,Petroleum and Natural Gas Systems,LA,93439.784,3738,27098,Energy,Good,"v1 estimate: Hertwich & Wood (2018) 'Energy' sector ratio (0.33x Scope 1 combined, 12%/88% Scope2:Scope3 split borrowed from the paper's Industry sector only). Confidence: Good."
1007396,Venice Gas Plant,Petroleum and Natural Gas Systems,LA,194855.23997796973,7794,56508,Energy,Good,"v1 estimate: Hertwich & Wood (2018) 'Energy' sector ratio (0.33x Scope 1 combined, 12%/88% Scope2:Scope3 split borrowed from the paper's Industry sector only). Confidence: Good."
1007402,Bunge,Other,IA,112309.328,NA,NA,NA,Unresolved -- needs further inspection before mapping,"Unresolved sector ('Other') -- left NA pending further investigation, not a real zero."
1007404,AMERICAN GYPSUM COMPANY,Minerals,CO,74893.268,10260,75118,Industry,Good,"v1 estimate: Hertwich & Wood (2018) 'Industry' sector ratio (1.14x Scope 1 combined, 12%/88% Scope2:Scope3 split borrowed from the paper's Industry sector only). Confidence: Good."
1007411,PG&E HUMBOLDT BAY,Power Plants,CA,198006.494,7920,57422,Energy,Good,"v1 estimate: Hertwich & Wood (2018) 'Energy' sector ratio (0.33x Scope 1 combined, 12%/88% Scope2:Scope3 split borrowed from the paper's Industry sector only). Confidence: Good."
1007424,Landers Sanitary Landfill,Waste,CA,47542.5,6513,47685,Industry,Weak (no dedicated waste sector in paper),"v1 estimate: Hertwich & Wood (2018) 'Industry' sector ratio (1.14x Scope 1 combined, 12%/88% Scope2:Scope3 split borrowed from the paper's Industry sector only). Confidence: Weak (no dedicated waste sector in paper)."
1007429,Coal Creek,Power Plants,ND,7716347.05,308654,2237741,Energy,Good,"v1 estimate: Hertwich & Wood (2018) 'Energy' sector ratio (0.33x Scope 1 combined, 12%/88% Scope2:Scope3 split borrowed from the paper's Industry sector only). Confidence: Good."
1007437,"EPNG Station 6794 Williams, AZ",Petroleum and Natural Gas Systems,AZ,86047.142,3442,24954,Energy,Good,"v1 estimate: Hertwich & Wood (2018) 'Energy' sector ratio (0.33x Scope 1 combined, 12%/88% Scope2:Scope3 split borrowed from the paper's Industry sector only). Confidence: Good."
1007438,Eastman Chemical - Texas Operations,Chemicals,TX,2220077.858,304151,2226738,Industry,Good,"v1 estimate: Hertwich & Wood (2018) 'Industry' sector ratio (1.14x Scope 1 combined, 12%/88% Scope2:Scope3 split borrowed from the paper's Industry sector only). Confidence: Good."
1007440,Matlock Bend Landfill,Waste,TN,158421.5,21704,158897,Industry,Weak (no dedicated waste sector in paper),"v1 estimate: Hertwich & Wood (2018) 'Industry' sector ratio (1.14x Scope 1 combined, 12%/88% Scope2:Scope3 split borrowed from the paper's Industry sector only). Confidence: Weak (no dedicated waste sector in paper)."
1007457,Lagoon Creek,Power Plants,TN,1215209.038,48608,352411,Energy,Good,"v1 estimate: Hertwich & Wood (2018) 'Energy' sector ratio (0.33x Scope 1 combined, 12%/88% Scope2:Scope3 split borrowed from the paper's Industry sector only). Confidence: Good."
1007469,PG&E GATEWAY GENERATING STATION,Power Plants,CA,1219864.08,48795,353761,Energy,Good,"v1 estimate: Hertwich & Wood (2018) 'Energy' sector ratio (0.33x Scope 1 combined, 12%/88% Scope2:Scope3 split borrowed from the paper's Industry sector only). Confidence: Good."
1007504,Martin Lake,Power Plants,TX,12787948.834,511518,3708505,Energy,Good,"v1 estimate: Hertwich & Wood (2018) 'Energy' sector ratio (0.33x Scope 1 combined, 12%/88% Scope2:Scope3 split borrowed from the paper's Industry sector only). Confidence: Good."
1007505,Oak Grove,Power Plants,TX,12278593.594,491144,3560792,Energy,Good,"v1 estimate: Hertwich & Wood (2018) 'Energy' sector ratio (0.33x Scope 1 combined, 12%/88% Scope2:Scope3 split borrowed from the paper's Industry sector only). Confidence: Good."
1007506,PHILLIPS 66 BILLINGS REFINERY,Chemicals,MT,967044.838,132485,969946,Industry,Good,"v1 estimate: Hertwich & Wood (2018) 'Industry' sector ratio (1.14x Scope 1 combined, 12%/88% Scope2:Scope3 split borrowed from the paper's Industry sector only). Confidence: Good."
1007511,"SABIC INNOVATIVE PLASTICS MT. VERNON, LLC",Other,IN,557714.5,NA,NA,NA,Unresolved -- needs further inspection before mapping,"Unresolved sector ('Other') -- left NA pending further investigation, not a real zero."
1007514,ABBVIE LTD.,Chemicals,PR,61699.468,8453,61885,Industry,Good,"v1 estimate: Hertwich & Wood (2018) 'Industry' sector ratio (1.14x Scope 1 combined, 12%/88% Scope2:Scope3 split borrowed from the paper's Industry sector only). Confidence: Good."
1007518,WRB Refining LP Wood River Refinery,Chemicals,IL,4197007.536,574990,4209599,Industry,Good,"v1 estimate: Hertwich & Wood (2018) 'Industry' sector ratio (1.14x Scope 1 combined, 12%/88% Scope2:Scope3 split borrowed from the paper's Industry sector only). Confidence: Good."
1007520,NATIONAL SERV-ALL LANDFILL,Waste,IN,72771.396,9970,72990,Industry,Weak (no dedicated waste sector in paper),"v1 estimate: Hertwich & Wood (2018) 'Industry' sector ratio (1.14x Scope 1 combined, 12%/88% Scope2:Scope3 split borrowed from the paper's Industry sector only). Confidence: Weak (no dedicated waste sector in paper)."
1007525,"POET Biorefining - North Manchester, LLC",Other,IN,123004.936,NA,NA,NA,Unresolved -- needs further inspection before mapping,"Unresolved sector ('Other') -- left NA pending further investigation, not a real zero."
1007526,Coeur Alaska Inc Kensington Gold Mine,Other,AK,43206.496,NA,NA,NA,Unresolved -- needs further inspection before mapping,"Unresolved sector ('Other') -- left NA pending further investigation, not a real zero."
1007527,ON Semiconductor,Other,OR,135613.947665,NA,NA,NA,Unresolved -- needs further inspection before mapping,"Unresolved sector ('Other') -- left NA pending further investigation, not a real zero."
1007539,ECO SERVICES DOMINGUEZ,Chemicals,CA,35808.316,4906,35916,Industry,Good,"v1 estimate: Hertwich & Wood (2018) 'Industry' sector ratio (1.14x Scope 1 combined, 12%/88% Scope2:Scope3 split borrowed from the paper's Industry sector only). Confidence: Good."
1007540,NEVADA GOLD MINES LLC - CARLIN SOUTH AREA,Other,NV,81695.282,NA,NA,NA,Unresolved -- needs further inspection before mapping,"Unresolved sector ('Other') -- left NA pending further investigation, not a real zero."
1007543,Lone Cactus Landfill,Waste,AZ,62395,8548,62582,Industry,Weak (no dedicated waste sector in paper),"v1 estimate: Hertwich & Wood (2018) 'Industry' sector ratio (1.14x Scope 1 combined, 12%/88% Scope2:Scope3 split borrowed from the paper's Industry sector only). Confidence: Weak (no dedicated waste sector in paper)."
1007546,NNSWC LANDFILL,Waste,NE,85908.35,11769,86166,Industry,Weak (no dedicated waste sector in paper),"v1 estimate: Hertwich & Wood (2018) 'Industry' sector ratio (1.14x Scope 1 combined, 12%/88% Scope2:Scope3 split borrowed from the paper's Industry sector only). Confidence: Weak (no dedicated waste sector in paper)."
1007548,FIRESTONE POLYMERS - LAKE CHARLES FACILITY,Other,LA,81288.544,NA,NA,NA,Unresolved -- needs further inspection before mapping,"Unresolved sector ('Other') -- left NA pending further investigation, not a real zero."
1007552,ASH GROVE CEMENT COMPANY-Louisville,Minerals,NE,612374.98,83895,614212,Industry,Good,"v1 estimate: Hertwich & Wood (2018) 'Industry' sector ratio (1.14x Scope 1 combined, 12%/88% Scope2:Scope3 split borrowed from the paper's Industry sector only). Confidence: Good."
1007554,BUTLER COUNTY LANDFILL,Waste,KS,48960.5,6708,49107,Industry,Weak (no dedicated waste sector in paper),"v1 estimate: Hertwich & Wood (2018) 'Industry' sector ratio (1.14x Scope 1 combined, 12%/88% Scope2:Scope3 split borrowed from the paper's Industry sector only). Confidence: Weak (no dedicated waste sector in paper)."
1007561,WYOMING SUGAR CO,Minerals,WY,34967.848,4791,35073,Industry,Good,"v1 estimate: Hertwich & Wood (2018) 'Industry' sector ratio (1.14x Scope 1 combined, 12%/88% Scope2:Scope3 split borrowed from the paper's Industry sector only). Confidence: Good."
1007562,LYONDELL CHEMICAL CHANNELVIEW,Chemicals,TX,449254.156,61548,450602,Industry,Good,"v1 estimate: Hertwich & Wood (2018) 'Industry' sector ratio (1.14x Scope 1 combined, 12%/88% Scope2:Scope3 split borrowed from the paper's Industry sector only). Confidence: Good."
1007563,HOLCIM (US) INC STE GENEVIEVE PLANT,Minerals,MO,2967850.702,406596,2976754,Industry,Good,"v1 estimate: Hertwich & Wood (2018) 'Industry' sector ratio (1.14x Scope 1 combined, 12%/88% Scope2:Scope3 split borrowed from the paper's Industry sector only). Confidence: Good."
1007565,THE ANDERSONS MARATHON HOLDINGS LLC,Other,IA,72860.176,NA,NA,NA,Unresolved -- needs further inspection before mapping,"Unresolved sector ('Other') -- left NA pending further investigation, not a real zero."
1007571,"Darling In, Ingredients - Fayetteville",Other,NC,68800.84,NA,NA,NA,Unresolved -- needs further inspection before mapping,"Unresolved sector ('Other') -- left NA pending further investigation, not a real zero."
1007579,COSHOCTON LANDFILL INC *,Waste,OH,16171.25,2215,16220,Industry,Weak (no dedicated waste sector in paper),"v1 estimate: Hertwich & Wood (2018) 'Industry' sector ratio (1.14x Scope 1 combined, 12%/88% Scope2:Scope3 split borrowed from the paper's Industry sector only). Confidence: Weak (no dedicated waste sector in paper)."
1007581,OAK RIDGE RECYCLING & DISPOSAL FACILITY,Waste,IN,17428.456,2388,17481,Industry,Weak (no dedicated waste sector in paper),"v1 estimate: Hertwich & Wood (2018) 'Industry' sector ratio (1.14x Scope 1 combined, 12%/88% Scope2:Scope3 split borrowed from the paper's Industry sector only). Confidence: Weak (no dedicated waste sector in paper)."
1007585,MONROEVILLE LDFL,Waste,PA,25125.7,3442,25201,Industry,Weak (no dedicated waste sector in paper),"v1 estimate: Hertwich & Wood (2018) 'Industry' sector ratio (1.14x Scope 1 combined, 12%/88% Scope2:Scope3 split borrowed from the paper's Industry sector only). Confidence: Weak (no dedicated waste sector in paper)."
1007593,HUNTINGTON ALLOYS CORPORATION,Metals,WV,85534.728,11718,85791,Industry,Good,"v1 estimate: Hertwich & Wood (2018) 'Industry' sector ratio (1.14x Scope 1 combined, 12%/88% Scope2:Scope3 split borrowed from the paper's Industry sector only). Confidence: Good."
1007597,Platte,Power Plants,NE,444107.698,17764,128791,Energy,Good,"v1 estimate: Hertwich & Wood (2018) 'Energy' sector ratio (0.33x Scope 1 combined, 12%/88% Scope2:Scope3 split borrowed from the paper's Industry sector only). Confidence: Good."
1007605,BROOKS LANDFILL,Waste,KS,187249.05,25653,187811,Industry,Weak (no dedicated waste sector in paper),"v1 estimate: Hertwich & Wood (2018) 'Industry' sector ratio (1.14x Scope 1 combined, 12%/88% Scope2:Scope3 split borrowed from the paper's Industry sector only). Confidence: Weak (no dedicated waste sector in paper)."
1007614,Shannon Road Landfill,Waste,AR,18309.75,2508,18365,Industry,Weak (no dedicated waste sector in paper),"v1 estimate: Hertwich & Wood (2018) 'Industry' sector ratio (1.14x Scope 1 combined, 12%/88% Scope2:Scope3 split borrowed from the paper's Industry sector only). Confidence: Weak (no dedicated waste sector in paper)."
1007617,"WASTE MANAGEMENT OF NEW YORK, LLC",Waste,NY,41385.368,5670,41510,Industry,Weak (no dedicated waste sector in paper),"v1 estimate: Hertwich & Wood (2018) 'Industry' sector ratio (1.14x Scope 1 combined, 12%/88% Scope2:Scope3 split borrowed from the paper's Industry sector only). Confidence: Weak (no dedicated waste sector in paper)."
1007625,CHALMETTE REFINING LLC - CHALMETTE REFINERY,Petroleum Product Suppliers,LA,1568512.014,62740,454868,Energy,Good,"v1 estimate: Hertwich & Wood (2018) 'Energy' sector ratio (0.33x Scope 1 combined, 12%/88% Scope2:Scope3 split borrowed from the paper's Industry sector only). Confidence: Good."
1007636,S & S GRADING INC LANDFILL,Waste,WV,58597.1,8028,58773,Industry,Weak (no dedicated waste sector in paper),"v1 estimate: Hertwich & Wood (2018) 'Industry' sector ratio (1.14x Scope 1 combined, 12%/88% Scope2:Scope3 split borrowed from the paper's Industry sector only). Confidence: Weak (no dedicated waste sector in paper)."
1007638,TWIN BRIDGES RDF,Waste,IN,88132.5,12074,88397,Industry,Weak (no dedicated waste sector in paper),"v1 estimate: Hertwich & Wood (2018) 'Industry' sector ratio (1.14x Scope 1 combined, 12%/88% Scope2:Scope3 split borrowed from the paper's Industry sector only). Confidence: Weak (no dedicated waste sector in paper)."
1007639,Cumberland,Power Plants,TN,9455486.083,378219,2742091,Energy,Good,"v1 estimate: Hertwich & Wood (2018) 'Energy' sector ratio (0.33x Scope 1 combined, 12%/88% Scope2:Scope3 split borrowed from the paper's Industry sector only). Confidence: Good."
1007642,NUCOR-YAMATO STEEL CO,Metals,AR,375416.836,51432,376543,Industry,Good,"v1 estimate: Hertwich & Wood (2018) 'Industry' sector ratio (1.14x Scope 1 combined, 12%/88% Scope2:Scope3 split borrowed from the paper's Industry sector only). Confidence: Good."
1007643,EXXONMOBIL BATON ROUGE REFINERY AND CHEMICAL PLANT,Chemicals,LA,5914861.886,810336,5932606,Industry,Good,"v1 estimate: Hertwich & Wood (2018) 'Industry' sector ratio (1.14x Scope 1 combined, 12%/88% Scope2:Scope3 split borrowed from the paper's Industry sector only). Confidence: Good."
1007645,ALLIANCE SANI LDFL,Waste,PA,47985.198,6574,48129,Industry,Weak (no dedicated waste sector in paper),"v1 estimate: Hertwich & Wood (2018) 'Industry' sector ratio (1.14x Scope 1 combined, 12%/88% Scope2:Scope3 split borrowed from the paper's Industry sector only). Confidence: Weak (no dedicated waste sector in paper)."
1007647,NORTHWEST SANI LDFL,Waste,PA,5565.594,762,5582,Industry,Weak (no dedicated waste sector in paper),"v1 estimate: Hertwich & Wood (2018) 'Industry' sector ratio (1.14x Scope 1 combined, 12%/88% Scope2:Scope3 split borrowed from the paper's Industry sector only). Confidence: Weak (no dedicated waste sector in paper)."
1007651,DICALITE MINERALS LLC,Other,CA,28615.686,NA,NA,NA,Unresolved -- needs further inspection before mapping,"Unresolved sector ('Other') -- left NA pending further investigation, not a real zero."
1007652,MOHAWK VALLEY SANITARY LANDFILL,Waste,NY,13668,1873,13709,Industry,Weak (no dedicated waste sector in paper),"v1 estimate: Hertwich & Wood (2018) 'Industry' sector ratio (1.14x Scope 1 combined, 12%/88% Scope2:Scope3 split borrowed from the paper's Industry sector only). Confidence: Weak (no dedicated waste sector in paper)."
1007657,Hatters Pond Gas Plant,Natural Gas and Natural Gas Liquids Suppliers,AL,53560.582,2142,15533,Energy,Good,"v1 estimate: Hertwich & Wood (2018) 'Energy' sector ratio (0.33x Scope 1 combined, 12%/88% Scope2:Scope3 split borrowed from the paper's Industry sector only). Confidence: Good."
1007658,US OIL & REFINING TACOMA,Petroleum Product Suppliers,WA,148011.92,5920,42923,Energy,Good,"v1 estimate: Hertwich & Wood (2018) 'Energy' sector ratio (0.33x Scope 1 combined, 12%/88% Scope2:Scope3 split borrowed from the paper's Industry sector only). Confidence: Good."
1007662,NEW RIVER RESOURCE AUTHORITY REGIONAL SOLID WASTE MANAGEMENT FACILITY,Waste,VA,73762.5,10105,73984,Industry,Weak (no dedicated waste sector in paper),"v1 estimate: Hertwich & Wood (2018) 'Industry' sector ratio (1.14x Scope 1 combined, 12%/88% Scope2:Scope3 split borrowed from the paper's Industry sector only). Confidence: Weak (no dedicated waste sector in paper)."
1007665,GALLIA COUNTY LANDFILL *,Waste,OH,30453.7,4172,30545,Industry,Weak (no dedicated waste sector in paper),"v1 estimate: Hertwich & Wood (2018) 'Industry' sector ratio (1.14x Scope 1 combined, 12%/88% Scope2:Scope3 split borrowed from the paper's Industry sector only). Confidence: Weak (no dedicated waste sector in paper)."
1007668,REDWOOD LANDFILL,Waste,CA,102635.472,14061,102943,Industry,Weak (no dedicated waste sector in paper),"v1 estimate: Hertwich & Wood (2018) 'Industry' sector ratio (1.14x Scope 1 combined, 12%/88% Scope2:Scope3 split borrowed from the paper's Industry sector only). Confidence: Weak (no dedicated waste sector in paper)."
1007677,Lancaster Waste to Energy Facility,Waste,PA,160651.186,22009,161133,Industry,Weak (no dedicated waste sector in paper),"v1 estimate: Hertwich & Wood (2018) 'Industry' sector ratio (1.14x Scope 1 combined, 12%/88% Scope2:Scope3 split borrowed from the paper's Industry sector only). Confidence: Weak (no dedicated waste sector in paper)."
1007681,Ozark Ridge Landfill,Waste,AR,15801.25,2165,15849,Industry,Weak (no dedicated waste sector in paper),"v1 estimate: Hertwich & Wood (2018) 'Industry' sector ratio (1.14x Scope 1 combined, 12%/88% Scope2:Scope3 split borrowed from the paper's Industry sector only). Confidence: Weak (no dedicated waste sector in paper)."
1007689,USA WASTE OF VIRGINIA LANDFILLS - BETHEL LANDFILL,Waste,VA,41115.2,5633,41239,Industry,Weak (no dedicated waste sector in paper),"v1 estimate: Hertwich & Wood (2018) 'Industry' sector ratio (1.14x Scope 1 combined, 12%/88% Scope2:Scope3 split borrowed from the paper's Industry sector only). Confidence: Weak (no dedicated waste sector in paper)."
1007692,USA VALLEY FAC INC/VALLEY LDFL,Waste,PA,17724.65,2428,17778,Industry,Weak (no dedicated waste sector in paper),"v1 estimate: Hertwich & Wood (2018) 'Industry' sector ratio (1.14x Scope 1 combined, 12%/88% Scope2:Scope3 split borrowed from the paper's Industry sector only). Confidence: Weak (no dedicated waste sector in paper)."
1007694,Chevron Oronite Oak Point,Chemicals,LA,141735.316,19418,142161,Industry,Good,"v1 estimate: Hertwich & Wood (2018) 'Industry' sector ratio (1.14x Scope 1 combined, 12%/88% Scope2:Scope3 split borrowed from the paper's Industry sector only). Confidence: Good."
1007695,NUCOR STEEL NEBRASKA,Metals,NE,190236.48,26062,190807,Industry,Good,"v1 estimate: Hertwich & Wood (2018) 'Industry' sector ratio (1.14x Scope 1 combined, 12%/88% Scope2:Scope3 split borrowed from the paper's Industry sector only). Confidence: Good."
1007704,VALLEY TRAIL RECYCLING & DISPOSAL FACILITY,Waste,WI,17736.138,2430,17789,Industry,Weak (no dedicated waste sector in paper),"v1 estimate: Hertwich & Wood (2018) 'Industry' sector ratio (1.14x Scope 1 combined, 12%/88% Scope2:Scope3 split borrowed from the paper's Industry sector only). Confidence: Weak (no dedicated waste sector in paper)."
1007709,DENVER ARAPAHOE DISPOSAL SITE-A WASTE MANAGEMENT COMPANY,Waste,CO,43853.276,6008,43985,Industry,Weak (no dedicated waste sector in paper),"v1 estimate: Hertwich & Wood (2018) 'Industry' sector ratio (1.14x Scope 1 combined, 12%/88% Scope2:Scope3 split borrowed from the paper's Industry sector only). Confidence: Weak (no dedicated waste sector in paper)."
1007711,Jackson Madison County LF,Waste,TN,25491.5,3492,25568,Industry,Weak (no dedicated waste sector in paper),"v1 estimate: Hertwich & Wood (2018) 'Industry' sector ratio (1.14x Scope 1 combined, 12%/88% Scope2:Scope3 split borrowed from the paper's Industry sector only). Confidence: Weak (no dedicated waste sector in paper)."
1007716,PARKCHESTER SOUTH CONDOMINIUM,Other,NY,50721.77,NA,NA,NA,Unresolved -- needs further inspection before mapping,"Unresolved sector ('Other') -- left NA pending further investigation, not a real zero."
1007717,CARESTREAM HEALTH INC.,Chemicals,CO,30627.584,4196,30719,Industry,Good,"v1 estimate: Hertwich & Wood (2018) 'Industry' sector ratio (1.14x Scope 1 combined, 12%/88% Scope2:Scope3 split borrowed from the paper's Industry sector only). Confidence: Good."
1007723,EVERGREEN RECYCLING & DISPOSAL,Waste,OH,33635.04,4608,33736,Industry,Weak (no dedicated waste sector in paper),"v1 estimate: Hertwich & Wood (2018) 'Industry' sector ratio (1.14x Scope 1 combined, 12%/88% Scope2:Scope3 split borrowed from the paper's Industry sector only). Confidence: Weak (no dedicated waste sector in paper)."
1007724,DEKALB COUNTY LANDFILL,Waste,IL,109707.04,15030,110036,Industry,Weak (no dedicated waste sector in paper),"v1 estimate: Hertwich & Wood (2018) 'Industry' sector ratio (1.14x Scope 1 combined, 12%/88% Scope2:Scope3 split borrowed from the paper's Industry sector only). Confidence: Weak (no dedicated waste sector in paper)."
1007725,Metro Recycling and Disposal Facility,Waste,WI,29508.226,4043,29597,Industry,Weak (no dedicated waste sector in paper),"v1 estimate: Hertwich & Wood (2018) 'Industry' sector ratio (1.14x Scope 1 combined, 12%/88% Scope2:Scope3 split borrowed from the paper's Industry sector only). Confidence: Weak (no dedicated waste sector in paper)."
1007726,Pheasant Run Recycling and Disposal Facility,Waste,WI,22441.768,3075,22509,Industry,Weak (no dedicated waste sector in paper),"v1 estimate: Hertwich & Wood (2018) 'Industry' sector ratio (1.14x Scope 1 combined, 12%/88% Scope2:Scope3 split borrowed from the paper's Industry sector only). Confidence: Weak (no dedicated waste sector in paper)."
1007730,"POET BIOREFINING LEIPSIC, LLC",Other,OH,127984.868,NA,NA,NA,Unresolved -- needs further inspection before mapping,"Unresolved sector ('Other') -- left NA pending further investigation, not a real zero."
1007738,QUALCOMM INC - MOREHOUSE DR,Other,CA,21843.368,NA,NA,NA,Unresolved -- needs further inspection before mapping,"Unresolved sector ('Other') -- left NA pending further investigation, not a real zero."
1007739,"Calumet Montana Refining, LLC",Chemicals,MT,427371.346,58550,428653,Industry,Good,"v1 estimate: Hertwich & Wood (2018) 'Industry' sector ratio (1.14x Scope 1 combined, 12%/88% Scope2:Scope3 split borrowed from the paper's Industry sector only). Confidence: Good."
1007741,TESORO ALASKA PETROLEUM CO,Chemicals,AK,545281.144,74704,546917,Industry,Good,"v1 estimate: Hertwich & Wood (2018) 'Industry' sector ratio (1.14x Scope 1 combined, 12%/88% Scope2:Scope3 split borrowed from the paper's Industry sector only). Confidence: Good."
1007750,Westlake Chemicals & Vinyls LLC,Chemicals,LA,66916.532,9168,67117,Industry,Good,"v1 estimate: Hertwich & Wood (2018) 'Industry' sector ratio (1.14x Scope 1 combined, 12%/88% Scope2:Scope3 split borrowed from the paper's Industry sector only). Confidence: Good."
1007755,MENOMINEE LANDFILL,Waste,MI,57676.75,7902,57850,Industry,Weak (no dedicated waste sector in paper),"v1 estimate: Hertwich & Wood (2018) 'Industry' sector ratio (1.14x Scope 1 combined, 12%/88% Scope2:Scope3 split borrowed from the paper's Industry sector only). Confidence: Weak (no dedicated waste sector in paper)."
1007770,CHEROKEE NITROGEN,Chemicals,AL,485513.118,66515,486970,Industry,Good,"v1 estimate: Hertwich & Wood (2018) 'Industry' sector ratio (1.14x Scope 1 combined, 12%/88% Scope2:Scope3 split borrowed from the paper's Industry sector only). Confidence: Good."
1007785,Raleigh County Solid Waste Authority Landfill,Waste,WV,141992,19453,142418,Industry,Weak (no dedicated waste sector in paper),"v1 estimate: Hertwich & Wood (2018) 'Industry' sector ratio (1.14x Scope 1 combined, 12%/88% Scope2:Scope3 split borrowed from the paper's Industry sector only). Confidence: Weak (no dedicated waste sector in paper)."
1007786,VALERO REFINING CO -OKLAHOMA VALERO ARDMORE REFINERY,Chemicals,OK,879101.142,120437,881738,Industry,Good,"v1 estimate: Hertwich & Wood (2018) 'Industry' sector ratio (1.14x Scope 1 combined, 12%/88% Scope2:Scope3 split borrowed from the paper's Industry sector only). Confidence: Good."
1007792,"MARTIN MARIETTA NORTH TEXAS CEMENT, LLC",Minerals,TX,1321287.27,181016,1325251,Industry,Good,"v1 estimate: Hertwich & Wood (2018) 'Industry' sector ratio (1.14x Scope 1 combined, 12%/88% Scope2:Scope3 split borrowed from the paper's Industry sector only). Confidence: Good."
1007793,Harrison Power Station,Power Plants,WV,11179958.466,447198,3242188,Energy,Good,"v1 estimate: Hertwich & Wood (2018) 'Energy' sector ratio (0.33x Scope 1 combined, 12%/88% Scope2:Scope3 split borrowed from the paper's Industry sector only). Confidence: Good."
1007795,CHESTNUT RIDGE LANDFILL,Waste,TN,48758.544,6680,48905,Industry,Weak (no dedicated waste sector in paper),"v1 estimate: Hertwich & Wood (2018) 'Industry' sector ratio (1.14x Scope 1 combined, 12%/88% Scope2:Scope3 split borrowed from the paper's Industry sector only). Confidence: Weak (no dedicated waste sector in paper)."
1007798,R & B LANDFILL,Waste,GA,48577.392,6655,48723,Industry,Weak (no dedicated waste sector in paper),"v1 estimate: Hertwich & Wood (2018) 'Industry' sector ratio (1.14x Scope 1 combined, 12%/88% Scope2:Scope3 split borrowed from the paper's Industry sector only). Confidence: Weak (no dedicated waste sector in paper)."
1007799,WILLIAMSON COUNTY LANDFILL HUTTO,Waste,TX,86287.75,11821,86547,Industry,Weak (no dedicated waste sector in paper),"v1 estimate: Hertwich & Wood (2018) 'Industry' sector ratio (1.14x Scope 1 combined, 12%/88% Scope2:Scope3 split borrowed from the paper's Industry sector only). Confidence: Weak (no dedicated waste sector in paper)."
1007803,YELLOWSTONE ENERGY LIMITED PARTNERSHIP,Power Plants,MT,830004.704,33200,240701,Energy,Good,"v1 estimate: Hertwich & Wood (2018) 'Energy' sector ratio (0.33x Scope 1 combined, 12%/88% Scope2:Scope3 split borrowed from the paper's Industry sector only). Confidence: Good."
1007804,SONOCO PRODUCTS COMPANY - CHATTANOOGA MILL,Pulp and Paper,TN,38523.104,5278,38639,Industry,Good,"v1 estimate: Hertwich & Wood (2018) 'Industry' sector ratio (1.14x Scope 1 combined, 12%/88% Scope2:Scope3 split borrowed from the paper's Industry sector only). Confidence: Good."
1007806,KEYMARK CORP PLANT,Metals,NY,21923.368,3004,21989,Industry,Good,"v1 estimate: Hertwich & Wood (2018) 'Industry' sector ratio (1.14x Scope 1 combined, 12%/88% Scope2:Scope3 split borrowed from the paper's Industry sector only). Confidence: Good."
1007809,Poet Biorefining-Macon,Other,MO,46859.724,NA,NA,NA,Unresolved -- needs further inspection before mapping,"Unresolved sector ('Other') -- left NA pending further investigation, not a real zero."
1007810,SUMNER LANDFILL,Waste,IL,79474.198,10888,79713,Industry,Weak (no dedicated waste sector in paper),"v1 estimate: Hertwich & Wood (2018) 'Industry' sector ratio (1.14x Scope 1 combined, 12%/88% Scope2:Scope3 split borrowed from the paper's Industry sector only). Confidence: Weak (no dedicated waste sector in paper)."
1007811,STONY HOLLOW LANDFILL INC,Waste,OH,29484.65,4039,29573,Industry,Weak (no dedicated waste sector in paper),"v1 estimate: Hertwich & Wood (2018) 'Industry' sector ratio (1.14x Scope 1 combined, 12%/88% Scope2:Scope3 split borrowed from the paper's Industry sector only). Confidence: Weak (no dedicated waste sector in paper)."
1007813,CHASTANG SANITARY LANDFILL,Waste,AL,13451.25,1843,13492,Industry,Weak (no dedicated waste sector in paper),"v1 estimate: Hertwich & Wood (2018) 'Industry' sector ratio (1.14x Scope 1 combined, 12%/88% Scope2:Scope3 split borrowed from the paper's Industry sector only). Confidence: Weak (no dedicated waste sector in paper)."
1007818,WASTE MANAGEMENT GREATER WENATCHEE LANDF,Waste,WA,42821.25,5867,42950,Industry,Weak (no dedicated waste sector in paper),"v1 estimate: Hertwich & Wood (2018) 'Industry' sector ratio (1.14x Scope 1 combined, 12%/88% Scope2:Scope3 split borrowed from the paper's Industry sector only). Confidence: Weak (no dedicated waste sector in paper)."
1007821,Cashion Gas Plant,Petroleum and Natural Gas Systems,OK,37299.876,1492,10817,Energy,Good,"v1 estimate: Hertwich & Wood (2018) 'Energy' sector ratio (0.33x Scope 1 combined, 12%/88% Scope2:Scope3 split borrowed from the paper's Industry sector only). Confidence: Good."
1007823,OWENS-BROCKWAY GLASS CONTAINER INC. PLANT #23,Minerals,CA,54010.496,7399,54173,Industry,Good,"v1 estimate: Hertwich & Wood (2018) 'Industry' sector ratio (1.14x Scope 1 combined, 12%/88% Scope2:Scope3 split borrowed from the paper's Industry sector only). Confidence: Good."
1007824,SWIFT & CO,Other,TX,57409.762,NA,NA,NA,Unresolved -- needs further inspection before mapping,"Unresolved sector ('Other') -- left NA pending further investigation, not a real zero."
1007825,Michigan Power Limited Partnership,Power Plants,MI,535226.644,21409,155216,Energy,Good,"v1 estimate: Hertwich & Wood (2018) 'Energy' sector ratio (0.33x Scope 1 combined, 12%/88% Scope2:Scope3 split borrowed from the paper's Industry sector only). Confidence: Good."
1007830,Poet Bioprocessing-Bingham Lake,Other,MN,53257.4,NA,NA,NA,Unresolved -- needs further inspection before mapping,"Unresolved sector ('Other') -- left NA pending further investigation, not a real zero."
1007831,WESTSIDE RECYCLING AND DISPOSAL FACILITY,Waste,MI,52267.696,7161,52424,Industry,Weak (no dedicated waste sector in paper),"v1 estimate: Hertwich & Wood (2018) 'Industry' sector ratio (1.14x Scope 1 combined, 12%/88% Scope2:Scope3 split borrowed from the paper's Industry sector only). Confidence: Weak (no dedicated waste sector in paper)."
1007837,Guadalupe Rubbish Disposal Facility,Waste,CA,64118.2,8784,64311,Industry,Weak (no dedicated waste sector in paper),"v1 estimate: Hertwich & Wood (2018) 'Industry' sector ratio (1.14x Scope 1 combined, 12%/88% Scope2:Scope3 split borrowed from the paper's Industry sector only). Confidence: Weak (no dedicated waste sector in paper)."
1007841,LANCASTER LANDFILL,Waste,CA,23179.35,3176,23249,Industry,Weak (no dedicated waste sector in paper),"v1 estimate: Hertwich & Wood (2018) 'Industry' sector ratio (1.14x Scope 1 combined, 12%/88% Scope2:Scope3 split borrowed from the paper's Industry sector only). Confidence: Weak (no dedicated waste sector in paper)."
1007847,MID-MISSOURI ENERGY LLC,Other,MO,81534.192,NA,NA,NA,Unresolved -- needs further inspection before mapping,"Unresolved sector ('Other') -- left NA pending further investigation, not a real zero."
1007854,WASTE MANAGEMENT PECAN PRAIRIE,Waste,TX,16337,2238,16386,Industry,Weak (no dedicated waste sector in paper),"v1 estimate: Hertwich & Wood (2018) 'Industry' sector ratio (1.14x Scope 1 combined, 12%/88% Scope2:Scope3 split borrowed from the paper's Industry sector only). Confidence: Weak (no dedicated waste sector in paper)."
1007856,Monarch Hill,Waste,FL,227425.158,31157,228107,Industry,Weak (no dedicated waste sector in paper),"v1 estimate: Hertwich & Wood (2018) 'Industry' sector ratio (1.14x Scope 1 combined, 12%/88% Scope2:Scope3 split borrowed from the paper's Industry sector only). Confidence: Weak (no dedicated waste sector in paper)."
1007859,QUAIL HOLLOW LANDFILL,Waste,TN,23030.75,3155,23100,Industry,Weak (no dedicated waste sector in paper),"v1 estimate: Hertwich & Wood (2018) 'Industry' sector ratio (1.14x Scope 1 combined, 12%/88% Scope2:Scope3 split borrowed from the paper's Industry sector only). Confidence: Weak (no dedicated waste sector in paper)."
1007861,LION OIL CO-EL DORADO REFINERY,Chemicals,AR,712845.006,97660,714984,Industry,Good,"v1 estimate: Hertwich & Wood (2018) 'Industry' sector ratio (1.14x Scope 1 combined, 12%/88% Scope2:Scope3 split borrowed from the paper's Industry sector only). Confidence: Good."
1007865,Northridge Gas Plant,Petroleum and Natural Gas Systems,OK,36271.678,1451,10519,Energy,Good,"v1 estimate: Hertwich & Wood (2018) 'Energy' sector ratio (0.33x Scope 1 combined, 12%/88% Scope2:Scope3 split borrowed from the paper's Industry sector only). Confidence: Good."
1007866,NLMK INDIANA,Metals,IN,99614.244,13647,99913,Industry,Good,"v1 estimate: Hertwich & Wood (2018) 'Industry' sector ratio (1.14x Scope 1 combined, 12%/88% Scope2:Scope3 split borrowed from the paper's Industry sector only). Confidence: Good."
1007867,Packaging Corporation of America,Pulp and Paper,TN,291173.138,39891,292047,Industry,Good,"v1 estimate: Hertwich & Wood (2018) 'Industry' sector ratio (1.14x Scope 1 combined, 12%/88% Scope2:Scope3 split borrowed from the paper's Industry sector only). Confidence: Good."
1007868,TICONA POLYMERS INCORPORATED,Chemicals,TX,404796.204,55457,406011,Industry,Good,"v1 estimate: Hertwich & Wood (2018) 'Industry' sector ratio (1.14x Scope 1 combined, 12%/88% Scope2:Scope3 split borrowed from the paper's Industry sector only). Confidence: Good."
1007874,NIKISKI CO-GENERATION,Power Plants,AK,200394.796,8016,58114,Energy,Good,"v1 estimate: Hertwich & Wood (2018) 'Energy' sector ratio (0.33x Scope 1 combined, 12%/88% Scope2:Scope3 split borrowed from the paper's Industry sector only). Confidence: Good."
1007875,BALDWIN COUNTY SOLID WASTE,Waste,AL,259617.75,35568,260397,Industry,Weak (no dedicated waste sector in paper),"v1 estimate: Hertwich & Wood (2018) 'Industry' sector ratio (1.14x Scope 1 combined, 12%/88% Scope2:Scope3 split borrowed from the paper's Industry sector only). Confidence: Weak (no dedicated waste sector in paper)."
1007876,SHAW INDUSTRIES GROUP INC. P LANT 8S,Other,SC,75900.164,NA,NA,NA,Unresolved -- needs further inspection before mapping,"Unresolved sector ('Other') -- left NA pending further investigation, not a real zero."
1007884,COVANTA PLYMOUTH RENEWABLE ENERGY LLC,Waste,PA,173114.784,23717,173634,Industry,Weak (no dedicated waste sector in paper),"v1 estimate: Hertwich & Wood (2018) 'Industry' sector ratio (1.14x Scope 1 combined, 12%/88% Scope2:Scope3 split borrowed from the paper's Industry sector only). Confidence: Weak (no dedicated waste sector in paper)."
1007885,BASF CORP ATTAPULGUS OPS,Minerals,GA,105243.554,14418,105559,Industry,Good,"v1 estimate: Hertwich & Wood (2018) 'Industry' sector ratio (1.14x Scope 1 combined, 12%/88% Scope2:Scope3 split borrowed from the paper's Industry sector only). Confidence: Good."
1007887,Richland Peaking Station,Power Plants,OH,170328.368,6813,49395,Energy,Good,"v1 estimate: Hertwich & Wood (2018) 'Energy' sector ratio (0.33x Scope 1 combined, 12%/88% Scope2:Scope3 split borrowed from the paper's Industry sector only). Confidence: Good."
1007897,TRAIL RIDGE LANDFILL INC,Waste,FL,60844.184,8336,61027,Industry,Weak (no dedicated waste sector in paper),"v1 estimate: Hertwich & Wood (2018) 'Industry' sector ratio (1.14x Scope 1 combined, 12%/88% Scope2:Scope3 split borrowed from the paper's Industry sector only). Confidence: Weak (no dedicated waste sector in paper)."
1007898,SPRINGHILL REGIONAL LANDFILL,Waste,FL,67223.566,9210,67425,Industry,Weak (no dedicated waste sector in paper),"v1 estimate: Hertwich & Wood (2018) 'Industry' sector ratio (1.14x Scope 1 combined, 12%/88% Scope2:Scope3 split borrowed from the paper's Industry sector only). Confidence: Weak (no dedicated waste sector in paper)."
1007899,CHESSER ISLAND ROAD LANDFILL,Waste,GA,48457,6639,48602,Industry,Weak (no dedicated waste sector in paper),"v1 estimate: Hertwich & Wood (2018) 'Industry' sector ratio (1.14x Scope 1 combined, 12%/88% Scope2:Scope3 split borrowed from the paper's Industry sector only). Confidence: Weak (no dedicated waste sector in paper)."
1007902,CUYAHOGA REGIONAL SANITARY LANDFILL,Waste,OH,8829,1210,8855,Industry,Weak (no dedicated waste sector in paper),"v1 estimate: Hertwich & Wood (2018) 'Industry' sector ratio (1.14x Scope 1 combined, 12%/88% Scope2:Scope3 split borrowed from the paper's Industry sector only). Confidence: Weak (no dedicated waste sector in paper)."
1007903,Velma Gas Plant,Petroleum and Natural Gas Systems,OK,46910.62462937063,1876,13604,Energy,Good,"v1 estimate: Hertwich & Wood (2018) 'Energy' sector ratio (0.33x Scope 1 combined, 12%/88% Scope2:Scope3 split borrowed from the paper's Industry sector only). Confidence: Good."
1007909,Indorama Ventures Oxides LLC,Chemicals,TX,1210394.684,165824,1214026,Industry,Good,"v1 estimate: Hertwich & Wood (2018) 'Industry' sector ratio (1.14x Scope 1 combined, 12%/88% Scope2:Scope3 split borrowed from the paper's Industry sector only). Confidence: Good."
1007913,"Catlettsburg Refining, LLC",Petroleum Product Suppliers,KY,2238477.634,89539,649159,Energy,Good,"v1 estimate: Hertwich & Wood (2018) 'Energy' sector ratio (0.33x Scope 1 combined, 12%/88% Scope2:Scope3 split borrowed from the paper's Industry sector only). Confidence: Good."
1007916,Chemours Belle Plant,Chemicals,WV,98684.536,13520,98981,Industry,Good,"v1 estimate: Hertwich & Wood (2018) 'Industry' sector ratio (1.14x Scope 1 combined, 12%/88% Scope2:Scope3 split borrowed from the paper's Industry sector only). Confidence: Good."
1007918,FCA STERLING HEIGHTS ASSEMBLY PLANT,Other,MI,73005.676,NA,NA,NA,Unresolved -- needs further inspection before mapping,"Unresolved sector ('Other') -- left NA pending further investigation, not a real zero."
1007925,GREENRIDGE RECLAMATION Landfill,Waste,PA,33692.75,4616,33794,Industry,Weak (no dedicated waste sector in paper),"v1 estimate: Hertwich & Wood (2018) 'Industry' sector ratio (1.14x Scope 1 combined, 12%/88% Scope2:Scope3 split borrowed from the paper's Industry sector only). Confidence: Weak (no dedicated waste sector in paper)."
1007927,CalPortland Company Oro Grande Plant,Minerals,CA,1424150.09,195109,1428423,Industry,Good,"v1 estimate: Hertwich & Wood (2018) 'Industry' sector ratio (1.14x Scope 1 combined, 12%/88% Scope2:Scope3 split borrowed from the paper's Industry sector only). Confidence: Good."
1007929,"ATLANTIC ALUMINA, GRAMERCY OPERATIONS",Metals,LA,802950.076,110004,805359,Industry,Good,"v1 estimate: Hertwich & Wood (2018) 'Industry' sector ratio (1.14x Scope 1 combined, 12%/88% Scope2:Scope3 split borrowed from the paper's Industry sector only). Confidence: Good."
1007932,CITY SAND & LANDFILL INC,Waste,MI,10796.25,1479,10829,Industry,Weak (no dedicated waste sector in paper),"v1 estimate: Hertwich & Wood (2018) 'Industry' sector ratio (1.14x Scope 1 combined, 12%/88% Scope2:Scope3 split borrowed from the paper's Industry sector only). Confidence: Weak (no dedicated waste sector in paper)."
1007936,"Diamond Shamrock Refining Company, L.P.",Chemicals,TX,1366131.162,187160,1370230,Industry,Good,"v1 estimate: Hertwich & Wood (2018) 'Industry' sector ratio (1.14x Scope 1 combined, 12%/88% Scope2:Scope3 split borrowed from the paper's Industry sector only). Confidence: Good."
1007937,Arconic US LLC,Metals,IA,269182.836,36878,269990,Industry,Good,"v1 estimate: Hertwich & Wood (2018) 'Industry' sector ratio (1.14x Scope 1 combined, 12%/88% Scope2:Scope3 split borrowed from the paper's Industry sector only). Confidence: Good."
1007942,CHS MCPHERSON REFINERY INC.,Chemicals,KS,1248855.472,171093,1252602,Industry,Good,"v1 estimate: Hertwich & Wood (2018) 'Industry' sector ratio (1.14x Scope 1 combined, 12%/88% Scope2:Scope3 split borrowed from the paper's Industry sector only). Confidence: Good."
1007946,NUCOR STEEL DARLINGTON,Metals,SC,185444.564,25406,186001,Industry,Good,"v1 estimate: Hertwich & Wood (2018) 'Industry' sector ratio (1.14x Scope 1 combined, 12%/88% Scope2:Scope3 split borrowed from the paper's Industry sector only). Confidence: Good."
1007952,"Owens Corning Vitrotex, LLC",Minerals,SC,23246.828,3185,23317,Industry,Good,"v1 estimate: Hertwich & Wood (2018) 'Industry' sector ratio (1.14x Scope 1 combined, 12%/88% Scope2:Scope3 split borrowed from the paper's Industry sector only). Confidence: Good."
1007957,KAISER ALUMINUM (0145010093),Metals,OH,26176.152,3586,26255,Industry,Good,"v1 estimate: Hertwich & Wood (2018) 'Industry' sector ratio (1.14x Scope 1 combined, 12%/88% Scope2:Scope3 split borrowed from the paper's Industry sector only). Confidence: Good."
1007959,Exxonmobil Beaumont Refinery,Chemicals,TX,5979836.674,819238,5997776,Industry,Good,"v1 estimate: Hertwich & Wood (2018) 'Industry' sector ratio (1.14x Scope 1 combined, 12%/88% Scope2:Scope3 split borrowed from the paper's Industry sector only). Confidence: Good."
1007965,CITGO CORPUS CHRISTI REFINERY EAST PLANT,Petroleum Product Suppliers,TX,1063388.136,42536,308383,Energy,Good,"v1 estimate: Hertwich & Wood (2018) 'Energy' sector ratio (0.33x Scope 1 combined, 12%/88% Scope2:Scope3 split borrowed from the paper's Industry sector only). Confidence: Good."
1007968,JOHNS MANVILLE,Minerals,TN,111610.916,15291,111946,Industry,Good,"v1 estimate: Hertwich & Wood (2018) 'Industry' sector ratio (1.14x Scope 1 combined, 12%/88% Scope2:Scope3 split borrowed from the paper's Industry sector only). Confidence: Good."
1007970,NORTH 48TH STREET LANDFILL,Waste,NE,65596.85,8987,65794,Industry,Weak (no dedicated waste sector in paper),"v1 estimate: Hertwich & Wood (2018) 'Industry' sector ratio (1.14x Scope 1 combined, 12%/88% Scope2:Scope3 split borrowed from the paper's Industry sector only). Confidence: Weak (no dedicated waste sector in paper)."
1007972,"NAVAJO REFINING COMPANY, LLC - Artesia Refinery",Chemicals,NM,777338.8,106495,779671,Industry,Good,"v1 estimate: Hertwich & Wood (2018) 'Industry' sector ratio (1.14x Scope 1 combined, 12%/88% Scope2:Scope3 split borrowed from the paper's Industry sector only). Confidence: Good."
1007978,"CHEVRON PRODUCTS, EL SEGUNDO REFINERY",Chemicals,CA,3250629.394,445336,3260381,Industry,Good,"v1 estimate: Hertwich & Wood (2018) 'Industry' sector ratio (1.14x Scope 1 combined, 12%/88% Scope2:Scope3 split borrowed from the paper's Industry sector only). Confidence: Good."
1007979,"Morris Cogeneration, LLC",Power Plants,IL,415911.436,16636,120614,Energy,Good,"v1 estimate: Hertwich & Wood (2018) 'Energy' sector ratio (0.33x Scope 1 combined, 12%/88% Scope2:Scope3 split borrowed from the paper's Industry sector only). Confidence: Good."
1007985,NATIONAL CEMENT COMPANY INC.,Minerals,AL,895357.12,122664,898043,Industry,Good,"v1 estimate: Hertwich & Wood (2018) 'Industry' sector ratio (1.14x Scope 1 combined, 12%/88% Scope2:Scope3 split borrowed from the paper's Industry sector only). Confidence: Good."
1007987,EVERGREEN LANDFILL/FKA PELLEGRENE SITE,Waste,PA,6853.548,939,6874,Industry,Weak (no dedicated waste sector in paper),"v1 estimate: Hertwich & Wood (2018) 'Industry' sector ratio (1.14x Scope 1 combined, 12%/88% Scope2:Scope3 split borrowed from the paper's Industry sector only). Confidence: Weak (no dedicated waste sector in paper)."
1007989,WASTE MANAGEMENT DISPOSAL SERVICES OF OREGON,Waste,OR,260629.244,35706,261411,Industry,Weak (no dedicated waste sector in paper),"v1 estimate: Hertwich & Wood (2018) 'Industry' sector ratio (1.14x Scope 1 combined, 12%/88% Scope2:Scope3 split borrowed from the paper's Industry sector only). Confidence: Weak (no dedicated waste sector in paper)."
1007992,COUNTRYSIDE LANDFILL,Waste,IL,64481.646,8834,64675,Industry,Weak (no dedicated waste sector in paper),"v1 estimate: Hertwich & Wood (2018) 'Industry' sector ratio (1.14x Scope 1 combined, 12%/88% Scope2:Scope3 split borrowed from the paper's Industry sector only). Confidence: Weak (no dedicated waste sector in paper)."
1007994,BOISE WHITE PAPER LLC,Pulp and Paper,MN,153116.758,20977,153576,Industry,Good,"v1 estimate: Hertwich & Wood (2018) 'Industry' sector ratio (1.14x Scope 1 combined, 12%/88% Scope2:Scope3 split borrowed from the paper's Industry sector only). Confidence: Good."
1007997,KOSMOS CEMENT CO,Minerals,KY,1320866.448,180959,1324829,Industry,Good,"v1 estimate: Hertwich & Wood (2018) 'Industry' sector ratio (1.14x Scope 1 combined, 12%/88% Scope2:Scope3 split borrowed from the paper's Industry sector only). Confidence: Good."
1008000,YORK COUNTY LANDFILL,Waste,SC,28917,3962,29004,Industry,Weak (no dedicated waste sector in paper),"v1 estimate: Hertwich & Wood (2018) 'Industry' sector ratio (1.14x Scope 1 combined, 12%/88% Scope2:Scope3 split borrowed from the paper's Industry sector only). Confidence: Weak (no dedicated waste sector in paper)."
1008001,"VI WATER AND POWER AUTHORITY, Richmond Plant",Power Plants,VI,245183.984,9807,71103,Energy,Good,"v1 estimate: Hertwich & Wood (2018) 'Energy' sector ratio (0.33x Scope 1 combined, 12%/88% Scope2:Scope3 split borrowed from the paper's Industry sector only). Confidence: Good."
1008002,Linde Decatur,Chemicals,AL,111219.632,15237,111553,Industry,Good,"v1 estimate: Hertwich & Wood (2018) 'Industry' sector ratio (1.14x Scope 1 combined, 12%/88% Scope2:Scope3 split borrowed from the paper's Industry sector only). Confidence: Good."
1008004,Celina Landfill,Waste,OH,53952,7391,54114,Industry,Weak (no dedicated waste sector in paper),"v1 estimate: Hertwich & Wood (2018) 'Industry' sector ratio (1.14x Scope 1 combined, 12%/88% Scope2:Scope3 split borrowed from the paper's Industry sector only). Confidence: Weak (no dedicated waste sector in paper)."
1008009,Harmony Compressor Station,Petroleum and Natural Gas Systems,AR,59967.66,2399,17391,Energy,Good,"v1 estimate: Hertwich & Wood (2018) 'Energy' sector ratio (0.33x Scope 1 combined, 12%/88% Scope2:Scope3 split borrowed from the paper's Industry sector only). Confidence: Good."
1008013,Ebensburg Power Company,Power Plants,PA,397401.8,15896,115247,Energy,Good,"v1 estimate: Hertwich & Wood (2018) 'Energy' sector ratio (0.33x Scope 1 combined, 12%/88% Scope2:Scope3 split borrowed from the paper's Industry sector only). Confidence: Good."
1008024,U.S. ARMY TRAINING CENTER (ATC) & FORT JACKSON RANGES,Waste,SC,37768.56,5174,37882,Industry,Weak (no dedicated waste sector in paper),"v1 estimate: Hertwich & Wood (2018) 'Industry' sector ratio (1.14x Scope 1 combined, 12%/88% Scope2:Scope3 split borrowed from the paper's Industry sector only). Confidence: Weak (no dedicated waste sector in paper)."
1008025,LEAF RIVER CELLULOSE LLC,Pulp and Paper,MS,80704.164,11056,80946,Industry,Good,"v1 estimate: Hertwich & Wood (2018) 'Industry' sector ratio (1.14x Scope 1 combined, 12%/88% Scope2:Scope3 split borrowed from the paper's Industry sector only). Confidence: Good."
1008027,"US NAVY, NAVY STATION, NORFOLK",Other,VA,110166.698,NA,NA,NA,Unresolved -- needs further inspection before mapping,"Unresolved sector ('Other') -- left NA pending further investigation, not a real zero."
1008036,LANXESS Corporation - South Plant,Chemicals,AR,27748.296,3802,27832,Industry,Good,"v1 estimate: Hertwich & Wood (2018) 'Industry' sector ratio (1.14x Scope 1 combined, 12%/88% Scope2:Scope3 split borrowed from the paper's Industry sector only). Confidence: Good."
1008037,GULFSTREAM STATION 410 (a.k.a. STATION 100),Petroleum and Natural Gas Systems,AL,254120.568,10165,73695,Energy,Good,"v1 estimate: Hertwich & Wood (2018) 'Energy' sector ratio (0.33x Scope 1 combined, 12%/88% Scope2:Scope3 split borrowed from the paper's Industry sector only). Confidence: Good."
1008038,LANXESS Corporation - West Plant,Chemicals,AR,26227.952,3593,26307,Industry,Good,"v1 estimate: Hertwich & Wood (2018) 'Industry' sector ratio (1.14x Scope 1 combined, 12%/88% Scope2:Scope3 split borrowed from the paper's Industry sector only). Confidence: Good."
1008044,PQ Corp - Chester Plant,Chemicals,PA,22438.616,3074,22506,Industry,Good,"v1 estimate: Hertwich & Wood (2018) 'Industry' sector ratio (1.14x Scope 1 combined, 12%/88% Scope2:Scope3 split borrowed from the paper's Industry sector only). Confidence: Good."
1008110,VALERO CORPUS CHRISTI REFINERY,Chemicals,TX,2752817.918,377136,2761076,Industry,Good,"v1 estimate: Hertwich & Wood (2018) 'Industry' sector ratio (1.14x Scope 1 combined, 12%/88% Scope2:Scope3 split borrowed from the paper's Industry sector only). Confidence: Good."
1008158,Oxford Station,Petroleum and Natural Gas Systems,CT,55953.394,2238,16226,Energy,Good,"v1 estimate: Hertwich & Wood (2018) 'Energy' sector ratio (0.33x Scope 1 combined, 12%/88% Scope2:Scope3 split borrowed from the paper's Industry sector only). Confidence: Good."
1008180,Cowlitz County Headquarters Landfill,Waste,WA,317648.034,43518,318601,Industry,Weak (no dedicated waste sector in paper),"v1 estimate: Hertwich & Wood (2018) 'Industry' sector ratio (1.14x Scope 1 combined, 12%/88% Scope2:Scope3 split borrowed from the paper's Industry sector only). Confidence: Weak (no dedicated waste sector in paper)."
1008217,Roberts Ranch Gas Plant,Petroleum and Natural Gas Systems,TX,43430.478,1737,12595,Energy,Good,"v1 estimate: Hertwich & Wood (2018) 'Energy' sector ratio (0.33x Scope 1 combined, 12%/88% Scope2:Scope3 split borrowed from the paper's Industry sector only). Confidence: Good."
1008239,"EPNG Station 6770 Oracle, AZ",Petroleum and Natural Gas Systems,AZ,44446.638,1778,12890,Energy,Good,"v1 estimate: Hertwich & Wood (2018) 'Energy' sector ratio (0.33x Scope 1 combined, 12%/88% Scope2:Scope3 split borrowed from the paper's Industry sector only). Confidence: Good."
1008247,TGP Station 325 Sussex,Petroleum and Natural Gas Systems,NJ,64514.616,2581,18709,Energy,Good,"v1 estimate: Hertwich & Wood (2018) 'Energy' sector ratio (0.33x Scope 1 combined, 12%/88% Scope2:Scope3 split borrowed from the paper's Industry sector only). Confidence: Good."
1008262,"Jireh Semiconductor, Inc.",Other,OR,110902.096019,NA,NA,NA,Unresolved -- needs further inspection before mapping,"Unresolved sector ('Other') -- left NA pending further investigation, not a real zero."
1008271,"VALERO REFINING CO. (PREV. PREMCOR REFINING, PREV. WILLIAMS REFINING LLC)",Chemicals,TN,1201210.154,164566,1204814,Industry,Good,"v1 estimate: Hertwich & Wood (2018) 'Industry' sector ratio (1.14x Scope 1 combined, 12%/88% Scope2:Scope3 split borrowed from the paper's Industry sector only). Confidence: Good."
1008304,COLUMBIA GAS TRANSMISSION LLC WAYNESBURG COMPRESSOR STATION,Petroleum and Natural Gas Systems,PA,24293.466,972,7045,Energy,Good,"v1 estimate: Hertwich & Wood (2018) 'Energy' sector ratio (0.33x Scope 1 combined, 12%/88% Scope2:Scope3 split borrowed from the paper's Industry sector only). Confidence: Good."
1008310,DIAMOND SHAMROCK REFINING VALERO,Petroleum Product Suppliers,TX,668325.568,26733,193814,Energy,Good,"v1 estimate: Hertwich & Wood (2018) 'Energy' sector ratio (0.33x Scope 1 combined, 12%/88% Scope2:Scope3 split borrowed from the paper's Industry sector only). Confidence: Good."
1008459,Westlake US 2 LLC,Chemicals,LA,2689617.184,368478,2697686,Industry,Good,"v1 estimate: Hertwich & Wood (2018) 'Industry' sector ratio (1.14x Scope 1 combined, 12%/88% Scope2:Scope3 split borrowed from the paper's Industry sector only). Confidence: Good."
1008504,VALERO REFINING CO - CALI FORNIA BENICIA REFINERY,Chemicals,CA,2996794.128,410561,3005785,Industry,Good,"v1 estimate: Hertwich & Wood (2018) 'Industry' sector ratio (1.14x Scope 1 combined, 12%/88% Scope2:Scope3 split borrowed from the paper's Industry sector only). Confidence: Good."
1008553,"WestRock CP, LLC - Stevenson Mill",Pulp and Paper,AL,136438.49,18692,136848,Industry,Good,"v1 estimate: Hertwich & Wood (2018) 'Industry' sector ratio (1.14x Scope 1 combined, 12%/88% Scope2:Scope3 split borrowed from the paper's Industry sector only). Confidence: Good."
1008708,"WestRock CP, LLC--Hopewell Mill (Formerly RockTenn)",Pulp and Paper,VA,139393.986,19097,139812,Industry,Good,"v1 estimate: Hertwich & Wood (2018) 'Industry' sector ratio (1.14x Scope 1 combined, 12%/88% Scope2:Scope3 split borrowed from the paper's Industry sector only). Confidence: Good."
1008750,"Solvay Specialty Polymers USA, L.L.C.",Other,OH,78715.504,NA,NA,NA,Unresolved -- needs further inspection before mapping,"Unresolved sector ('Other') -- left NA pending further investigation, not a real zero."
1008757,Enlow Fork Mine,Other,PA,2312526.476,NA,NA,NA,Unresolved -- needs further inspection before mapping,"Unresolved sector ('Other') -- left NA pending further investigation, not a real zero."
1008761,Marshall County Mine,Other,WV,2055846.216,NA,NA,NA,Unresolved -- needs further inspection before mapping,"Unresolved sector ('Other') -- left NA pending further investigation, not a real zero."
1008764,Harrison County Mine,Other,WV,828474.392,NA,NA,NA,Unresolved -- needs further inspection before mapping,"Unresolved sector ('Other') -- left NA pending further investigation, not a real zero."
1008767,"Irving Tissue, Inc. Fort Edward Facility",Pulp and Paper,NY,31614.48,4331,31709,Industry,Good,"v1 estimate: Hertwich & Wood (2018) 'Industry' sector ratio (1.14x Scope 1 combined, 12%/88% Scope2:Scope3 split borrowed from the paper's Industry sector only). Confidence: Good."
1008768,Microchip Technology Inc.,Other,AZ,77656.722351,NA,NA,NA,Unresolved -- needs further inspection before mapping,"Unresolved sector ('Other') -- left NA pending further investigation, not a real zero."
1008786,Bakelite Synthetics,Other,KY,30049.388,NA,NA,NA,Unresolved -- needs further inspection before mapping,"Unresolved sector ('Other') -- left NA pending further investigation, not a real zero."
1008930,LA Semiconductor,Other,ID,38433.521486,NA,NA,NA,Unresolved -- needs further inspection before mapping,"Unresolved sector ('Other') -- left NA pending further investigation, not a real zero."
1008938,VALERO REFINING TEXAS CITY REFINERY,Petroleum Product Suppliers,TX,2159862.93,86395,626360,Energy,Good,"v1 estimate: Hertwich & Wood (2018) 'Energy' sector ratio (0.33x Scope 1 combined, 12%/88% Scope2:Scope3 split borrowed from the paper's Industry sector only). Confidence: Good."
1008964,Bethel Compressor Station,Petroleum and Natural Gas Systems,TX,42288.32,1692,12264,Energy,Good,"v1 estimate: Hertwich & Wood (2018) 'Energy' sector ratio (0.33x Scope 1 combined, 12%/88% Scope2:Scope3 split borrowed from the paper's Industry sector only). Confidence: Good."
1008991,Linde Inc.,Chemicals,MI,27938.4,3828,28022,Industry,Good,"v1 estimate: Hertwich & Wood (2018) 'Industry' sector ratio (1.14x Scope 1 combined, 12%/88% Scope2:Scope3 split borrowed from the paper's Industry sector only). Confidence: Good."
1009033,Southern Pines Energy Center,Petroleum and Natural Gas Systems,MS,15753.69,630,4569,Energy,Good,"v1 estimate: Hertwich & Wood (2018) 'Energy' sector ratio (0.33x Scope 1 combined, 12%/88% Scope2:Scope3 split borrowed from the paper's Industry sector only). Confidence: Good."
1009064,Pasadena Plant,Chemicals,TX,62929.064,8621,63118,Industry,Good,"v1 estimate: Hertwich & Wood (2018) 'Industry' sector ratio (1.14x Scope 1 combined, 12%/88% Scope2:Scope3 split borrowed from the paper's Industry sector only). Confidence: Good."
1009067,FLINT HILLS RESOURCES CORPUS CHRISTI EAST PLANT,Refineries,TX,535019.174,21401,155156,Energy,Good,"v1 estimate: Hertwich & Wood (2018) 'Energy' sector ratio (0.33x Scope 1 combined, 12%/88% Scope2:Scope3 split borrowed from the paper's Industry sector only). Confidence: Good."
1009130,WARNER CO2 TREATMENT PLANT,Petroleum and Natural Gas Systems,MI,36362.576,1455,10545,Energy,Good,"v1 estimate: Hertwich & Wood (2018) 'Energy' sector ratio (0.33x Scope 1 combined, 12%/88% Scope2:Scope3 split borrowed from the paper's Industry sector only). Confidence: Good."
1009137,NJMC 1-E Landfill,Waste,NJ,16010.5,2193,16059,Industry,Weak (no dedicated waste sector in paper),"v1 estimate: Hertwich & Wood (2018) 'Industry' sector ratio (1.14x Scope 1 combined, 12%/88% Scope2:Scope3 split borrowed from the paper's Industry sector only). Confidence: Weak (no dedicated waste sector in paper)."
1009233,Vermillion Gas Plant,Petroleum and Natural Gas Systems,WY,31324.642,1253,9084,Energy,Good,"v1 estimate: Hertwich & Wood (2018) 'Energy' sector ratio (0.33x Scope 1 combined, 12%/88% Scope2:Scope3 split borrowed from the paper's Industry sector only). Confidence: Good."
1009333,TGP Station 264 Charlton,Petroleum and Natural Gas Systems,MA,32834.178,1313,9522,Energy,Good,"v1 estimate: Hertwich & Wood (2018) 'Energy' sector ratio (0.33x Scope 1 combined, 12%/88% Scope2:Scope3 split borrowed from the paper's Industry sector only). Confidence: Good."
1009432,Gulf South Pipeline - Clarence Station,Petroleum and Natural Gas Systems,LA,49560.698,1982,14373,Energy,Good,"v1 estimate: Hertwich & Wood (2018) 'Energy' sector ratio (0.33x Scope 1 combined, 12%/88% Scope2:Scope3 split borrowed from the paper's Industry sector only). Confidence: Good."
1009463,Texas Gas Transmission - Calvert City Station,Petroleum and Natural Gas Systems,KY,22685.86,907,6579,Energy,Good,"v1 estimate: Hertwich & Wood (2018) 'Energy' sector ratio (0.33x Scope 1 combined, 12%/88% Scope2:Scope3 split borrowed from the paper's Industry sector only). Confidence: Good."
1009464,Gulf South Pipeline - Marksville Station,Petroleum and Natural Gas Systems,LA,48211.472,1928,13981,Energy,Good,"v1 estimate: Hertwich & Wood (2018) 'Energy' sector ratio (0.33x Scope 1 combined, 12%/88% Scope2:Scope3 split borrowed from the paper's Industry sector only). Confidence: Good."
1009491,CertainTeed,Minerals,GA,30246.096,4144,30337,Industry,Good,"v1 estimate: Hertwich & Wood (2018) 'Industry' sector ratio (1.14x Scope 1 combined, 12%/88% Scope2:Scope3 split borrowed from the paper's Industry sector only). Confidence: Good."
1009505,"Flint Hills Resources Joliet, LLC",Chemicals,IL,106697.716,14618,107018,Industry,Good,"v1 estimate: Hertwich & Wood (2018) 'Industry' sector ratio (1.14x Scope 1 combined, 12%/88% Scope2:Scope3 split borrowed from the paper's Industry sector only). Confidence: Good."
1009528,Procter & Gamble Paper Products,Pulp and Paper,UT,53494.148,7329,53655,Industry,Good,"v1 estimate: Hertwich & Wood (2018) 'Industry' sector ratio (1.14x Scope 1 combined, 12%/88% Scope2:Scope3 split borrowed from the paper's Industry sector only). Confidence: Good."
1009530,Corelle Brands - Charleroi Plant,Minerals,PA,27847.464,3815,27931,Industry,Good,"v1 estimate: Hertwich & Wood (2018) 'Industry' sector ratio (1.14x Scope 1 combined, 12%/88% Scope2:Scope3 split borrowed from the paper's Industry sector only). Confidence: Good."
1009539,DSM Nutritional Products,Other,SC,33420.778,NA,NA,NA,Unresolved -- needs further inspection before mapping,"Unresolved sector ('Other') -- left NA pending further investigation, not a real zero."
1009580,Fairchild Semiconductor,Other,PA,22213.20997,NA,NA,NA,Unresolved -- needs further inspection before mapping,"Unresolved sector ('Other') -- left NA pending further investigation, not a real zero."
1009581,Diodes US Manufacturing Incorporated,Other,ME,20237.05797,NA,NA,NA,Unresolved -- needs further inspection before mapping,"Unresolved sector ('Other') -- left NA pending further investigation, not a real zero."
1009606,INTEL CORPORATION ALOHA CAMPUS,Other,OR,15227.5799003,NA,NA,NA,Unresolved -- needs further inspection before mapping,"Unresolved sector ('Other') -- left NA pending further investigation, not a real zero."
1009616,"Fiberteq, LLC",Minerals,IL,30168.236,4133,30259,Industry,Good,"v1 estimate: Hertwich & Wood (2018) 'Industry' sector ratio (1.14x Scope 1 combined, 12%/88% Scope2:Scope3 split borrowed from the paper's Industry sector only). Confidence: Good."
1009669,Crisp County Landfill,Waste,GA,54702,7494,54866,Industry,Weak (no dedicated waste sector in paper),"v1 estimate: Hertwich & Wood (2018) 'Industry' sector ratio (1.14x Scope 1 combined, 12%/88% Scope2:Scope3 split borrowed from the paper's Industry sector only). Confidence: Weak (no dedicated waste sector in paper)."
1009679,EW 826 A (Complex ID # 23800),Petroleum and Natural Gas Systems,LA,16571.704,663,4806,Energy,Good,"v1 estimate: Hertwich & Wood (2018) 'Energy' sector ratio (0.33x Scope 1 combined, 12%/88% Scope2:Scope3 split borrowed from the paper's Industry sector only). Confidence: Good."
1009701,Mosaic Carlsbad Facility,Other,NM,29978.686,NA,NA,NA,Unresolved -- needs further inspection before mapping,"Unresolved sector ('Other') -- left NA pending further investigation, not a real zero."
1009709,Mosaic New Wales Facility,Chemicals,FL,241417.776,33074,242142,Industry,Good,"v1 estimate: Hertwich & Wood (2018) 'Industry' sector ratio (1.14x Scope 1 combined, 12%/88% Scope2:Scope3 split borrowed from the paper's Industry sector only). Confidence: Good."
1009733,ANR Pipeline Meade CS,Petroleum and Natural Gas Systems,KS,12624.914,505,3661,Energy,Good,"v1 estimate: Hertwich & Wood (2018) 'Energy' sector ratio (0.33x Scope 1 combined, 12%/88% Scope2:Scope3 split borrowed from the paper's Industry sector only). Confidence: Good."
1009738,X-FAB Texas Inc.,Other,TX,65366.27797,NA,NA,NA,Unresolved -- needs further inspection before mapping,"Unresolved sector ('Other') -- left NA pending further investigation, not a real zero."
1009781,North Baja Ehrenberg CS,Petroleum and Natural Gas Systems,AZ,46840.38,1874,13584,Energy,Good,"v1 estimate: Hertwich & Wood (2018) 'Energy' sector ratio (0.33x Scope 1 combined, 12%/88% Scope2:Scope3 split borrowed from the paper's Industry sector only). Confidence: Good."
1009792,Microchip Technology,Other,CO,186821.152537,NA,NA,NA,Unresolved -- needs further inspection before mapping,"Unresolved sector ('Other') -- left NA pending further investigation, not a real zero."
1009794,Mosaic Uncle Sam Facility,Chemicals,LA,113357.25,15530,113697,Industry,Good,"v1 estimate: Hertwich & Wood (2018) 'Industry' sector ratio (1.14x Scope 1 combined, 12%/88% Scope2:Scope3 split borrowed from the paper's Industry sector only). Confidence: Good."
1009795,Tampa Port Services,Chemicals,LA,813068.506,111390,815508,Industry,Good,"v1 estimate: Hertwich & Wood (2018) 'Industry' sector ratio (1.14x Scope 1 combined, 12%/88% Scope2:Scope3 split borrowed from the paper's Industry sector only). Confidence: Good."
1009805,"Micron Technology, Inc.",Other,VA,243398.1534487,NA,NA,NA,Unresolved -- needs further inspection before mapping,"Unresolved sector ('Other') -- left NA pending further investigation, not a real zero."
1009832,Olin Chlor Alkali Products,Chemicals,NY,23857.26,3268,23929,Industry,Good,"v1 estimate: Hertwich & Wood (2018) 'Industry' sector ratio (1.14x Scope 1 combined, 12%/88% Scope2:Scope3 split borrowed from the paper's Industry sector only). Confidence: Good."
1009840,Battlefield Gas Plant,Petroleum and Natural Gas Systems,LA,311053.936,12442,90206,Energy,Good,"v1 estimate: Hertwich & Wood (2018) 'Energy' sector ratio (0.33x Scope 1 combined, 12%/88% Scope2:Scope3 split borrowed from the paper's Industry sector only). Confidence: Good."
1009872,Samsung Austin Semiconductor,Other,TX,739024.497615,NA,NA,NA,Unresolved -- needs further inspection before mapping,"Unresolved sector ('Other') -- left NA pending further investigation, not a real zero."
1009928,Robert Bosch Semiconductor LLC,Other,CA,18171.761576,NA,NA,NA,Unresolved -- needs further inspection before mapping,"Unresolved sector ('Other') -- left NA pending further investigation, not a real zero."
1009930,"Clean Harbors Buttonwillow, LLC.",Waste,CA,25399.25,3480,25475,Industry,Weak (no dedicated waste sector in paper),"v1 estimate: Hertwich & Wood (2018) 'Industry' sector ratio (1.14x Scope 1 combined, 12%/88% Scope2:Scope3 split borrowed from the paper's Industry sector only). Confidence: Weak (no dedicated waste sector in paper)."
1010003,Los Gatos Tomato Products,Other,CA,71866.48,NA,NA,NA,Unresolved -- needs further inspection before mapping,"Unresolved sector ('Other') -- left NA pending further investigation, not a real zero."
1010026,"Protein Products, Inc.",Other,MS,9686.168,NA,NA,NA,Unresolved -- needs further inspection before mapping,"Unresolved sector ('Other') -- left NA pending further investigation, not a real zero."
1010033,QORVO,Other,NC,24793.000394,NA,NA,NA,Unresolved -- needs further inspection before mapping,"Unresolved sector ('Other') -- left NA pending further investigation, not a real zero."
1010034,Great Lakes Castings LLC,Metals,MI,23336.982,3197,23407,Industry,Good,"v1 estimate: Hertwich & Wood (2018) 'Industry' sector ratio (1.14x Scope 1 combined, 12%/88% Scope2:Scope3 split borrowed from the paper's Industry sector only). Confidence: Good."
1010060,Green Canyon 237 B,Petroleum and Natural Gas Systems,LA,39715.956,1589,11518,Energy,Good,"v1 estimate: Hertwich & Wood (2018) 'Energy' sector ratio (0.33x Scope 1 combined, 12%/88% Scope2:Scope3 split borrowed from the paper's Industry sector only). Confidence: Good."
1010064,Mississippi Canyon 109 A,Petroleum and Natural Gas Systems,LA,35492.216,1420,10293,Energy,Good,"v1 estimate: Hertwich & Wood (2018) 'Energy' sector ratio (0.33x Scope 1 combined, 12%/88% Scope2:Scope3 split borrowed from the paper's Industry sector only). Confidence: Good."
1010066,NXP Semiconductors - EB site,Other,TX,77528.052339,NA,NA,NA,Unresolved -- needs further inspection before mapping,"Unresolved sector ('Other') -- left NA pending further investigation, not a real zero."
1010127,International Paper - Erie Lowville Landfill III,Waste,PA,31443,4308,31537,Industry,Weak (no dedicated waste sector in paper),"v1 estimate: Hertwich & Wood (2018) 'Industry' sector ratio (1.14x Scope 1 combined, 12%/88% Scope2:Scope3 split borrowed from the paper's Industry sector only). Confidence: Weak (no dedicated waste sector in paper)."
1010134,Texas Instruments - Sherman,Other,TX,82454.77794,NA,NA,NA,Unresolved -- needs further inspection before mapping,"Unresolved sector ('Other') -- left NA pending further investigation, not a real zero."
1010141,Cypress Semiconductor,Other,TX,74831.493784,NA,NA,NA,Unresolved -- needs further inspection before mapping,"Unresolved sector ('Other') -- left NA pending further investigation, not a real zero."
1010184,International Paper Mobile Closed Landfill,Waste,AL,18106.5,2481,18161,Industry,Weak (no dedicated waste sector in paper),"v1 estimate: Hertwich & Wood (2018) 'Industry' sector ratio (1.14x Scope 1 combined, 12%/88% Scope2:Scope3 split borrowed from the paper's Industry sector only). Confidence: Weak (no dedicated waste sector in paper)."
1010198,Pond Creek No. 1 Mine,Other,IL,553181.5,NA,NA,NA,Unresolved -- needs further inspection before mapping,"Unresolved sector ('Other') -- left NA pending further investigation, not a real zero."
1010234,Logansport Expansion Gathering Facility,Petroleum and Natural Gas Systems,LA,59317.424,2373,17202,Energy,Good,"v1 estimate: Hertwich & Wood (2018) 'Energy' sector ratio (0.33x Scope 1 combined, 12%/88% Scope2:Scope3 split borrowed from the paper's Industry sector only). Confidence: Good."
1010287,Rayonier Performance Fibers LLC - Yulee Landfill,Waste,FL,48980.75,6710,49128,Industry,Weak (no dedicated waste sector in paper),"v1 estimate: Hertwich & Wood (2018) 'Industry' sector ratio (1.14x Scope 1 combined, 12%/88% Scope2:Scope3 split borrowed from the paper's Industry sector only). Confidence: Weak (no dedicated waste sector in paper)."
1010378,CHOCTAW ROAD LANDFILL,Waste,LA,44982.75,6163,45118,Industry,Weak (no dedicated waste sector in paper),"v1 estimate: Hertwich & Wood (2018) 'Industry' sector ratio (1.14x Scope 1 combined, 12%/88% Scope2:Scope3 split borrowed from the paper's Industry sector only). Confidence: Weak (no dedicated waste sector in paper)."
1010624,Akutan Seafood Processing Facility,Other,AK,46060.942,NA,NA,NA,Unresolved -- needs further inspection before mapping,"Unresolved sector ('Other') -- left NA pending further investigation, not a real zero."
1010632,Mississippi Lime Company - Bonne Terre,Minerals,MO,136129.372,18650,136538,Industry,Good,"v1 estimate: Hertwich & Wood (2018) 'Industry' sector ratio (1.14x Scope 1 combined, 12%/88% Scope2:Scope3 split borrowed from the paper's Industry sector only). Confidence: Good."
1010661,Decatur-Morgan County Regional MSW Landfill,Waste,AL,203107.75,27826,203717,Industry,Weak (no dedicated waste sector in paper),"v1 estimate: Hertwich & Wood (2018) 'Industry' sector ratio (1.14x Scope 1 combined, 12%/88% Scope2:Scope3 split borrowed from the paper's Industry sector only). Confidence: Weak (no dedicated waste sector in paper)."
1010687,J.R. Simplot Company,Other,ND,42209.632,NA,NA,NA,Unresolved -- needs further inspection before mapping,"Unresolved sector ('Other') -- left NA pending further investigation, not a real zero."
1010700,Diageo USVI,Other,VI,33352.316,NA,NA,NA,Unresolved -- needs further inspection before mapping,"Unresolved sector ('Other') -- left NA pending further investigation, not a real zero."
1010759,"WestRock Container, LLC",Pulp and Paper,SC,54342.996,7445,54506,Industry,Good,"v1 estimate: Hertwich & Wood (2018) 'Industry' sector ratio (1.14x Scope 1 combined, 12%/88% Scope2:Scope3 split borrowed from the paper's Industry sector only). Confidence: Good."
1010761,"Clariant Corporation, Louisville Site, West Plant",Chemicals,KY,25456.504,3488,25533,Industry,Good,"v1 estimate: Hertwich & Wood (2018) 'Industry' sector ratio (1.14x Scope 1 combined, 12%/88% Scope2:Scope3 split borrowed from the paper's Industry sector only). Confidence: Good."
1010774,Valero Wilmington Asphalt Plant,Petroleum Product Suppliers,CA,16323.708,653,4734,Energy,Good,"v1 estimate: Hertwich & Wood (2018) 'Energy' sector ratio (0.33x Scope 1 combined, 12%/88% Scope2:Scope3 split borrowed from the paper's Industry sector only). Confidence: Good."
1010845,Croton Landfill,Waste,NY,24690.55,3383,24765,Industry,Weak (no dedicated waste sector in paper),"v1 estimate: Hertwich & Wood (2018) 'Industry' sector ratio (1.14x Scope 1 combined, 12%/88% Scope2:Scope3 split borrowed from the paper's Industry sector only). Confidence: Weak (no dedicated waste sector in paper)."
1010937,"Alaska Village Electric Cooperative, Inc.",Power Plants,AK,31213.24,1249,9052,Energy,Good,"v1 estimate: Hertwich & Wood (2018) 'Energy' sector ratio (0.33x Scope 1 combined, 12%/88% Scope2:Scope3 split borrowed from the paper's Industry sector only). Confidence: Good."
1010957,City of Dothan Sanitary Landfill,Waste,AL,125369.75,17176,125746,Industry,Weak (no dedicated waste sector in paper),"v1 estimate: Hertwich & Wood (2018) 'Industry' sector ratio (1.14x Scope 1 combined, 12%/88% Scope2:Scope3 split borrowed from the paper's Industry sector only). Confidence: Weak (no dedicated waste sector in paper)."
1010979,NCIRSWA Sanitary Landfill,Waste,IA,52033.25,7129,52189,Industry,Weak (no dedicated waste sector in paper),"v1 estimate: Hertwich & Wood (2018) 'Industry' sector ratio (1.14x Scope 1 combined, 12%/88% Scope2:Scope3 split borrowed from the paper's Industry sector only). Confidence: Weak (no dedicated waste sector in paper)."
1011009,Weber County Landfill,Waste,UT,39748,5445,39867,Industry,Weak (no dedicated waste sector in paper),"v1 estimate: Hertwich & Wood (2018) 'Industry' sector ratio (1.14x Scope 1 combined, 12%/88% Scope2:Scope3 split borrowed from the paper's Industry sector only). Confidence: Weak (no dedicated waste sector in paper)."
1011214,L'Anse Warden Electric Company LLC,Power Plants,MI,19655.514,786,5700,Energy,Good,"v1 estimate: Hertwich & Wood (2018) 'Energy' sector ratio (0.33x Scope 1 combined, 12%/88% Scope2:Scope3 split borrowed from the paper's Industry sector only). Confidence: Good."
1011217,"Athens-Hocking Landfill, Inc.",Waste,OH,129003,17673,129390,Industry,Weak (no dedicated waste sector in paper),"v1 estimate: Hertwich & Wood (2018) 'Industry' sector ratio (1.14x Scope 1 combined, 12%/88% Scope2:Scope3 split borrowed from the paper's Industry sector only). Confidence: Weak (no dedicated waste sector in paper)."
1011220,Prairie Eagle Mine,Other,IL,76639,NA,NA,NA,Unresolved -- needs further inspection before mapping,"Unresolved sector ('Other') -- left NA pending further investigation, not a real zero."
1011227,Orange County Landfill,Waste,NY,43838.4,6006,43970,Industry,Weak (no dedicated waste sector in paper),"v1 estimate: Hertwich & Wood (2018) 'Industry' sector ratio (1.14x Scope 1 combined, 12%/88% Scope2:Scope3 split borrowed from the paper's Industry sector only). Confidence: Weak (no dedicated waste sector in paper)."
1011233,Bedford County Landfill,Waste,VA,31387.2,4300,31481,Industry,Weak (no dedicated waste sector in paper),"v1 estimate: Hertwich & Wood (2018) 'Industry' sector ratio (1.14x Scope 1 combined, 12%/88% Scope2:Scope3 split borrowed from the paper's Industry sector only). Confidence: Weak (no dedicated waste sector in paper)."
1011251,Omya Inc. (Verpol),Other,VT,25019.956,NA,NA,NA,Unresolved -- needs further inspection before mapping,"Unresolved sector ('Other') -- left NA pending further investigation, not a real zero."
1011302,Tucker County Landfill,Waste,WV,77276.75,10587,77509,Industry,Weak (no dedicated waste sector in paper),"v1 estimate: Hertwich & Wood (2018) 'Industry' sector ratio (1.14x Scope 1 combined, 12%/88% Scope2:Scope3 split borrowed from the paper's Industry sector only). Confidence: Weak (no dedicated waste sector in paper)."
1011449,BKK Corporation,Waste,CA,266287,36481,267086,Industry,Weak (no dedicated waste sector in paper),"v1 estimate: Hertwich & Wood (2018) 'Industry' sector ratio (1.14x Scope 1 combined, 12%/88% Scope2:Scope3 split borrowed from the paper's Industry sector only). Confidence: Weak (no dedicated waste sector in paper)."
1011451,Marianas Energy Company,Power Plants,GU,407086.018,16283,118055,Energy,Good,"v1 estimate: Hertwich & Wood (2018) 'Energy' sector ratio (0.33x Scope 1 combined, 12%/88% Scope2:Scope3 split borrowed from the paper's Industry sector only). Confidence: Good."
1011466,Anoka Municipal Regional Landfill,Waste,MN,29257,4008,29345,Industry,Weak (no dedicated waste sector in paper),"v1 estimate: Hertwich & Wood (2018) 'Industry' sector ratio (1.14x Scope 1 combined, 12%/88% Scope2:Scope3 split borrowed from the paper's Industry sector only). Confidence: Weak (no dedicated waste sector in paper)."
1011696,white oak landfill,Waste,NC,116671.25,15984,117021,Industry,Weak (no dedicated waste sector in paper),"v1 estimate: Hertwich & Wood (2018) 'Industry' sector ratio (1.14x Scope 1 combined, 12%/88% Scope2:Scope3 split borrowed from the paper's Industry sector only). Confidence: Weak (no dedicated waste sector in paper)."
1011966,Providence Health & Service Alaska,Other,AK,37408.208,NA,NA,NA,Unresolved -- needs further inspection before mapping,"Unresolved sector ('Other') -- left NA pending further investigation, not a real zero."
1011973,"Tyson Poultry, Inc Broken Bow",Other,OK,53889.722,NA,NA,NA,Unresolved -- needs further inspection before mapping,"Unresolved sector ('Other') -- left NA pending further investigation, not a real zero."
1012009,"Tyson Farms, Inc - Blountsville Processing",Other,AL,46672.826,NA,NA,NA,Unresolved -- needs further inspection before mapping,"Unresolved sector ('Other') -- left NA pending further investigation, not a real zero."
1012095,SRI International Cogeneration Project,Power Plants,CA,22636.764,905,6565,Energy,Good,"v1 estimate: Hertwich & Wood (2018) 'Energy' sector ratio (0.33x Scope 1 combined, 12%/88% Scope2:Scope3 split borrowed from the paper's Industry sector only). Confidence: Good."
1012110,County of Orange - CUF,Other,CA,30430.836,NA,NA,NA,Unresolved -- needs further inspection before mapping,"Unresolved sector ('Other') -- left NA pending further investigation, not a real zero."
1012864,Agropur,Other,ID,30474.536,NA,NA,NA,Unresolved -- needs further inspection before mapping,"Unresolved sector ('Other') -- left NA pending further investigation, not a real zero."
