facility_id,facility_name,primary_sector,state,year,p50
1000002,Ardagh Glass Inc. (Dunkirk),Minerals,IN,2024,118308.42802612166
1000002,Ardagh Glass Inc. (Dunkirk),Minerals,IN,2025,118931.86428581363
1000002,Ardagh Glass Inc. (Dunkirk),Minerals,IN,2026,119558.58579556266
1000002,Ardagh Glass Inc. (Dunkirk),Minerals,IN,2027,120188.60986727112
1000002,Ardagh Glass Inc. (Dunkirk),Minerals,IN,2028,120821.9539040686
1000003,Ardagh Glass Inc. (Henderson),Minerals,NC,2024,80446.76138833117
1000003,Ardagh Glass Inc. (Henderson),Minerals,NC,2025,80603.41792899878
1000003,Ardagh Glass Inc. (Henderson),Minerals,NC,2026,80760.37953193765
1000003,Ardagh Glass Inc. (Henderson),Minerals,NC,2027,80917.64679120498
1000003,Ardagh Glass Inc. (Henderson),Minerals,NC,2028,81075.22030201524
1000017,BASF CORPORATION,Chemicals,MO,2024,126622.64354545795
1000017,BASF CORPORATION,Chemicals,MO,2025,124669.81477995464
1000017,BASF CORPORATION,Chemicals,MO,2026,122747.10337798578
1000017,BASF CORPORATION,Chemicals,MO,2027,120854.04485664275
1000017,BASF CORPORATION,Chemicals,MO,2028,118990.18189647024
1000020,Ardagh Glass Inc. (Port Allegany),Minerals,PA,2024,64356.55781160867
1000020,Ardagh Glass Inc. (Port Allegany),Minerals,PA,2025,64695.871761648115
1000020,Ardagh Glass Inc. (Port Allegany),Minerals,PA,2026,65036.97471284932
1000020,Ardagh Glass Inc. (Port Allegany),Minerals,PA,2027,65379.876097554086
1000020,Ardagh Glass Inc. (Port Allegany),Minerals,PA,2028,65724.58539783536
1000022,ISP TECHNOLOGIES TEXAS CITY PLANT,Chemicals,TX,2024,37956.56569070625
1000022,ISP TECHNOLOGIES TEXAS CITY PLANT,Chemicals,TX,2025,38584.85330381447
1000022,ISP TECHNOLOGIES TEXAS CITY PLANT,Chemicals,TX,2026,39223.540838981025
1000022,ISP TECHNOLOGIES TEXAS CITY PLANT,Chemicals,TX,2027,39872.80044408317
1000022,ISP TECHNOLOGIES TEXAS CITY PLANT,Chemicals,TX,2028,40532.807116527845
1000025,PLACID REFINING CO LLC - PORT ALLEN REFINERY,Petroleum Product Suppliers,LA,2024,612961.3790737366
1000025,PLACID REFINING CO LLC - PORT ALLEN REFINERY,Petroleum Product Suppliers,LA,2025,616048.6644503067
1000025,PLACID REFINING CO LLC - PORT ALLEN REFINERY,Petroleum Product Suppliers,LA,2026,619151.4994704941
1000025,PLACID REFINING CO LLC - PORT ALLEN REFINERY,Petroleum Product Suppliers,LA,2027,622269.9624527523
1000025,PLACID REFINING CO LLC - PORT ALLEN REFINERY,Petroleum Product Suppliers,LA,2028,625404.1321100026
1000028,Ardagh Glass Inc. (Pevely),Minerals,MO,2024,79347.50534724182
1000028,Ardagh Glass Inc. (Pevely),Minerals,MO,2025,79192.4301536076
1000028,Ardagh Glass Inc. (Pevely),Minerals,MO,2026,79037.65803586198
1000028,Ardagh Glass Inc. (Pevely),Minerals,MO,2027,78883.18840167919
1000028,Ardagh Glass Inc. (Pevely),Minerals,MO,2028,78729.02065989144
1000035,THE ANDERSONS MARATHON HOLDINGS LLC,Other,OH,2024,184137.17892427655
1000035,THE ANDERSONS MARATHON HOLDINGS LLC,Other,OH,2025,184629.86194216905
1000035,THE ANDERSONS MARATHON HOLDINGS LLC,Other,OH,2026,185123.86319767917
1000035,THE ANDERSONS MARATHON HOLDINGS LLC,Other,OH,2027,185619.18621792409
1000035,THE ANDERSONS MARATHON HOLDINGS LLC,Other,OH,2028,186115.83453945696
1000045,TYSON POULTRY INC.-SEDALIA,Other,MO,2024,90445.3246390364
1000045,TYSON POULTRY INC.-SEDALIA,Other,MO,2025,90297.08752506133
1000045,TYSON POULTRY INC.-SEDALIA,Other,MO,2026,90149.09336717088
1000045,TYSON POULTRY INC.-SEDALIA,Other,MO,2027,90001.34176716777
1000045,TYSON POULTRY INC.-SEDALIA,Other,MO,2028,89853.83232750677
1000048,"ALLISON TRANSMISSION, Inc.",Other,IN,2024,17873.31005327562
1000048,"ALLISON TRANSMISSION, Inc.",Other,IN,2025,17231.568041063907
1000048,"ALLISON TRANSMISSION, Inc.",Other,IN,2026,16612.867805054215
1000048,"ALLISON TRANSMISSION, Inc.",Other,IN,2027,16016.382029221755
1000048,"ALLISON TRANSMISSION, Inc.",Other,IN,2028,15441.313102361108
1000050,Wygen I,Power Plants,WY,2024,766402.9521643146
1000050,Wygen I,Power Plants,WY,2025,759727.0063978228
1000050,Wygen I,Power Plants,WY,2026,753109.213136813
1000050,Wygen I,Power Plants,WY,2027,746549.065829253
1000050,Wygen I,Power Plants,WY,2028,740046.06233556
1000059,Tenaska Kiamichi Generating Station,Power Plants,OK,2024,2193944.6484200424
1000059,Tenaska Kiamichi Generating Station,Power Plants,OK,2025,2314946.0125842337
1000059,Tenaska Kiamichi Generating Station,Power Plants,OK,2026,2442620.8952166922
1000059,Tenaska Kiamichi Generating Station,Power Plants,OK,2027,2577337.3570335503
1000059,Tenaska Kiamichi Generating Station,Power Plants,OK,2028,2719483.758191376
1000069,"Wallingford Energy, LLC",Power Plants,CT,2024,72910.04118259481
1000069,"Wallingford Energy, LLC",Power Plants,CT,2025,74406.65697403149
1000069,"Wallingford Energy, LLC",Power Plants,CT,2026,75933.99362079696
1000069,"Wallingford Energy, LLC",Power Plants,CT,2027,77492.68172625473
1000069,"Wallingford Energy, LLC",Power Plants,CT,2028,79083.36483808892
1000084,Seminole (136),Power Plants,FL,2024,5942006.314808261
1000084,Seminole (136),Power Plants,FL,2025,5842109.891726439
1000084,Seminole (136),Power Plants,FL,2026,5743892.917439492
1000084,Seminole (136),Power Plants,FL,2027,5647327.157220214
1000084,Seminole (136),Power Plants,FL,2028,5552384.851020841
1000085,Hartwell Energy Facility,Power Plants,GA,2024,168670.43095184801
1000085,Hartwell Energy Facility,Power Plants,GA,2025,189572.70022724674
1000085,Hartwell Energy Facility,Power Plants,GA,2026,213065.25671775348
1000085,Hartwell Energy Facility,Power Plants,GA,2027,239469.0984819208
1000085,Hartwell Energy Facility,Power Plants,GA,2028,269145.0028556703
1000086,Chemours Johnsonville Site,Chemicals,TN,2024,315352.9970204799
1000086,Chemours Johnsonville Site,Chemicals,TN,2025,309662.46568408766
1000086,Chemours Johnsonville Site,Chemicals,TN,2026,304074.61974214675
1000086,Chemours Johnsonville Site,Chemicals,TN,2027,298587.6062411091
1000086,Chemours Johnsonville Site,Chemicals,TN,2028,293199.60566389235
1000087,Energy Center Dover,Power Plants,DE,2024,55313.797592028415
1000087,Energy Center Dover,Power Plants,DE,2025,53128.61714719086
1000087,Energy Center Dover,Power Plants,DE,2026,51029.762606275486
1000087,Energy Center Dover,Power Plants,DE,2027,49013.82365060331
1000087,Energy Center Dover,Power Plants,DE,2028,47077.52468668169
1000088,GSA Central Heating,Power Plants,DC,2024,114073.61768633692
1000088,GSA Central Heating,Power Plants,DC,2025,111480.86364579131
1000088,GSA Central Heating,Power Plants,DC,2026,108947.03973870765
1000088,GSA Central Heating,Power Plants,DC,2027,106470.80655510932
1000088,GSA Central Heating,Power Plants,DC,2028,104050.85512817238
1000089,AdvanSix Resins & Chemicals LLC,Chemicals,PA,2024,164354.94002790953
1000089,AdvanSix Resins & Chemicals LLC,Chemicals,PA,2025,165961.6860305204
1000089,AdvanSix Resins & Chemicals LLC,Chemicals,PA,2026,167584.13970043024
1000089,AdvanSix Resins & Chemicals LLC,Chemicals,PA,2027,169222.45459695222
1000089,AdvanSix Resins & Chemicals LLC,Chemicals,PA,2028,170876.78578060557
1000092,Kneeland Station,Power Plants,MA,2024,69580.67560521275
1000092,Kneeland Station,Power Plants,MA,2025,65889.2936551772
1000092,Kneeland Station,Power Plants,MA,2026,62393.746260965185
1000092,Kneeland Station,Power Plants,MA,2027,59083.64404164194
1000092,Kneeland Station,Power Plants,MA,2028,55949.14879191052
1000097,Gila River Power Station,Power Plants,AZ,2024,4480219.910275569
1000097,Gila River Power Station,Power Plants,AZ,2025,4808573.219288509
1000097,Gila River Power Station,Power Plants,AZ,2026,5160991.395138103
1000097,Gila River Power Station,Power Plants,AZ,2027,5539238.141127995
1000097,Gila River Power Station,Power Plants,AZ,2028,5945206.421586385
1000099,Robinson Refinery,Petroleum Product Suppliers,IL,2024,1738945.1466591265
1000099,Robinson Refinery,Petroleum Product Suppliers,IL,2025,1746226.737834354
1000099,Robinson Refinery,Petroleum Product Suppliers,IL,2026,1753538.8196608473
1000099,Robinson Refinery,Petroleum Product Suppliers,IL,2027,1760881.5198139725
1000099,Robinson Refinery,Petroleum Product Suppliers,IL,2028,1768254.966503727
1000104,FORD MOTOR COMPANY - FORD OHIO ASSEMBLY PLANT,Other,OH,2024,25425.29520431391
1000104,FORD MOTOR COMPANY - FORD OHIO ASSEMBLY PLANT,Other,OH,2025,24135.534518594577
1000104,FORD MOTOR COMPANY - FORD OHIO ASSEMBLY PLANT,Other,OH,2026,22911.200118511602
1000104,FORD MOTOR COMPANY - FORD OHIO ASSEMBLY PLANT,Other,OH,2027,21748.973094673915
1000104,FORD MOTOR COMPANY - FORD OHIO ASSEMBLY PLANT,Other,OH,2028,20645.70289753892
1000105,Ardagh Glass Inc. (Dolton),Minerals,IL,2024,85106.65063973695
1000105,Ardagh Glass Inc. (Dolton),Minerals,IL,2025,85239.17336262674
1000105,Ardagh Glass Inc. (Dolton),Minerals,IL,2026,85371.90244156448
1000105,Ardagh Glass Inc. (Dolton),Minerals,IL,2027,85504.83819787487
1000105,Ardagh Glass Inc. (Dolton),Minerals,IL,2028,85637.98095338288
1000107,Osprey Energy Center,Power Plants,FL,2024,795874.7982327668
1000107,Osprey Energy Center,Power Plants,FL,2025,784730.1577100536
1000107,Osprey Energy Center,Power Plants,FL,2026,773741.5756687185
1000107,Osprey Energy Center,Power Plants,FL,2027,762906.8668207275
1000107,Osprey Energy Center,Power Plants,FL,2028,752223.876478645
1000108,North 1st,Power Plants,NY,2024,23010.457393613426
1000108,North 1st,Power Plants,NY,2025,22634.59427627259
1000108,North 1st,Power Plants,NY,2026,22264.870675437687
1000108,North 1st,Power Plants,NY,2027,21901.186305496216
1000108,North 1st,Power Plants,NY,2028,21543.44251894589
1000113,Pouch Terminal,Power Plants,NY,2024,26789.155375478895
1000113,Pouch Terminal,Power Plants,NY,2025,25680.253286442396
1000113,Pouch Terminal,Power Plants,NY,2026,24617.252750696192
1000113,Pouch Terminal,Power Plants,NY,2027,23598.253733408266
1000113,Pouch Terminal,Power Plants,NY,2028,22621.43484920629
1000123,Yuba City Energy Center,Power Plants,CA,2024,38520.247114973245
1000123,Yuba City Energy Center,Power Plants,CA,2025,41423.321131929646
1000123,Yuba City Energy Center,Power Plants,CA,2026,44545.184990051195
1000123,Yuba City Energy Center,Power Plants,CA,2027,47902.32776068683
1000123,Yuba City Energy Center,Power Plants,CA,2028,51512.48121216153
1000133,Pastoria Energy Facility,Power Plants,CA,2024,1681696.1220210746
1000133,Pastoria Energy Facility,Power Plants,CA,2025,1689141.1363757455
1000133,Pastoria Energy Facility,Power Plants,CA,2026,1696619.1104536448
1000133,Pastoria Energy Facility,Power Plants,CA,2027,1704130.1901703214
1000133,Pastoria Energy Facility,Power Plants,CA,2028,1711674.522087311
1000140,SONNEBORN LLC/PETROLIA PLT,Petroleum and Natural Gas Systems,PA,2024,56442.42460895309
1000140,SONNEBORN LLC/PETROLIA PLT,Petroleum and Natural Gas Systems,PA,2025,55619.56749219097
1000140,SONNEBORN LLC/PETROLIA PLT,Petroleum and Natural Gas Systems,PA,2026,54808.70656161842
1000140,SONNEBORN LLC/PETROLIA PLT,Petroleum and Natural Gas Systems,PA,2027,54009.66692844857
1000140,SONNEBORN LLC/PETROLIA PLT,Petroleum and Natural Gas Systems,PA,2028,53222.276253545104
1000141,Blue Spruce Energy Center,Power Plants,CO,2024,259847.3437231705
1000141,Blue Spruce Energy Center,Power Plants,CO,2025,269107.65264079085
1000141,Blue Spruce Energy Center,Power Plants,CO,2026,278697.97578915505
1000141,Blue Spruce Energy Center,Power Plants,CO,2027,288630.0740494029
1000141,Blue Spruce Energy Center,Power Plants,CO,2028,298916.12743103993
1000147,Larkspur Energy Faciity,Power Plants,CA,2024,19295.27767834867
1000147,Larkspur Energy Faciity,Power Plants,CA,2025,18361.599593086106
1000147,Larkspur Energy Faciity,Power Plants,CA,2026,17473.101203157865
1000147,Larkspur Energy Faciity,Power Plants,CA,2027,16627.596310876845
1000147,Larkspur Energy Faciity,Power Plants,CA,2028,15823.004506350528
1000150,Chuck Lenzie Generating Station,Power Plants,NV,2024,2517889.3617001306
1000150,Chuck Lenzie Generating Station,Power Plants,NV,2025,2518162.419118341
1000150,Chuck Lenzie Generating Station,Power Plants,NV,2026,2518435.506148795
1000150,Chuck Lenzie Generating Station,Power Plants,NV,2027,2518708.6227947045
1000150,Chuck Lenzie Generating Station,Power Plants,NV,2028,2518981.769059281
1000153,"Hanging Rock Power Company, LLC",Power Plants,OH,2024,4115010.974232497
1000153,"Hanging Rock Power Company, LLC",Power Plants,OH,2025,4230821.136628762
1000153,"Hanging Rock Power Company, LLC",Power Plants,OH,2026,4349890.584066605
1000153,"Hanging Rock Power Company, LLC",Power Plants,OH,2027,4472311.04372059
1000153,"Hanging Rock Power Company, LLC",Power Plants,OH,2028,4598176.824274551
1000156,Cleveland-Cliffs Steel LLC,Metals,IN,2024,5475305.300425133
1000156,Cleveland-Cliffs Steel LLC,Metals,IN,2025,5384225.561005926
1000156,Cleveland-Cliffs Steel LLC,Metals,IN,2026,5294660.900377308
1000156,Cleveland-Cliffs Steel LLC,Metals,IN,2027,5206586.115747129
1000156,Cleveland-Cliffs Steel LLC,Metals,IN,2028,5119976.423562642
1000165,Purdue University-Wade Utility,Other,IN,2024,278659.19493756065
1000165,Purdue University-Wade Utility,Other,IN,2025,273277.84148833546
1000165,Purdue University-Wade Utility,Other,IN,2026,268000.4105561906
1000165,Purdue University-Wade Utility,Other,IN,2027,262824.89523158915
1000165,Purdue University-Wade Utility,Other,IN,2028,257749.32736161927
1000166,"WestRock Kraft Paper, LLC",Pulp and Paper,NC,2024,256045.13161708092
1000166,"WestRock Kraft Paper, LLC",Pulp and Paper,NC,2025,251504.0084782102
1000166,"WestRock Kraft Paper, LLC",Pulp and Paper,NC,2026,247043.42504431965
1000166,"WestRock Kraft Paper, LLC",Pulp and Paper,NC,2027,242661.95289255658
1000166,"WestRock Kraft Paper, LLC",Pulp and Paper,NC,2028,238358.18893405242
1000168,Washington Power Generation LLC,Power Plants,OH,2024,2069476.4143209362
1000168,Washington Power Generation LLC,Power Plants,OH,2025,2121926.4118964267
1000168,Washington Power Generation LLC,Power Plants,OH,2026,2175705.732302867
1000168,Washington Power Generation LLC,Power Plants,OH,2027,2230848.0666607637
1000168,Washington Power Generation LLC,Power Plants,OH,2028,2287387.9599777153
1000173,DTE East China,Power Plants,MI,2024,434364.4341039707
1000173,DTE East China,Power Plants,MI,2025,547053.1491226798
1000173,DTE East China,Power Plants,MI,2026,688977.0995693619
1000173,DTE East China,Power Plants,MI,2027,867720.8868869146
1000173,DTE East China,Power Plants,MI,2028,1092836.8127335864
1000176,LAKE COUNTY CENTRAL PHASE I LANDFILL,Waste,FL,2024,34739.08123526093
1000176,LAKE COUNTY CENTRAL PHASE I LANDFILL,Waste,FL,2025,33309.12063135588
1000176,LAKE COUNTY CENTRAL PHASE I LANDFILL,Waste,FL,2026,31938.021323029512
1000176,LAKE COUNTY CENTRAL PHASE I LANDFILL,Waste,FL,2027,30623.360409883215
1000176,LAKE COUNTY CENTRAL PHASE I LANDFILL,Waste,FL,2028,29362.81472507476
1000186,Procter & Gamble Company - Ivorydale,Chemicals,OH,2024,74916.0147031838
1000186,Procter & Gamble Company - Ivorydale,Chemicals,OH,2025,68445.1215186818
1000186,Procter & Gamble Company - Ivorydale,Chemicals,OH,2026,62533.15366905146
1000186,Procter & Gamble Company - Ivorydale,Chemicals,OH,2027,57131.83381126565
1000186,Procter & Gamble Company - Ivorydale,Chemicals,OH,2028,52197.05457224515
1000192,Labadie,Power Plants,MO,2024,14750041.76296349
1000192,Labadie,Power Plants,MO,2025,14757722.70296905
1000192,Labadie,Power Plants,MO,2026,14765407.642748954
1000192,Labadie,Power Plants,MO,2027,14773096.584386095
1000192,Labadie,Power Plants,MO,2028,14780789.529964454
1000197,NATIONAL BEEF PACKING CO L.L.C.,Other,KS,2024,71324.32828234349
1000197,NATIONAL BEEF PACKING CO L.L.C.,Other,KS,2025,72211.11942487738
1000197,NATIONAL BEEF PACKING CO L.L.C.,Other,KS,2026,73108.93623774561
1000197,NATIONAL BEEF PACKING CO L.L.C.,Other,KS,2027,74017.9158055456
1000197,NATIONAL BEEF PACKING CO L.L.C.,Other,KS,2028,74938.19691727684
1000198,LEHIGH WHITE CEMENT CO LLC,Minerals,PA,2024,86187.49757630602
1000198,LEHIGH WHITE CEMENT CO LLC,Minerals,PA,2025,86994.94435472735
1000198,LEHIGH WHITE CEMENT CO LLC,Minerals,PA,2026,87809.95569086651
1000198,LEHIGH WHITE CEMENT CO LLC,Minerals,PA,2027,88632.6024532132
1000198,LEHIGH WHITE CEMENT CO LLC,Minerals,PA,2028,89462.95617418746
1000201,UNIVERSITY OF TENNESSEE STEAM PLANT,Other,TN,2024,75493.56690365217
1000201,UNIVERSITY OF TENNESSEE STEAM PLANT,Other,TN,2025,75527.71841358759
1000201,UNIVERSITY OF TENNESSEE STEAM PLANT,Other,TN,2026,75561.88537286085
1000201,UNIVERSITY OF TENNESSEE STEAM PLANT,Other,TN,2027,75596.06778846102
1000201,UNIVERSITY OF TENNESSEE STEAM PLANT,Other,TN,2028,75630.26566738017
1000214,Cleveland-Cliffs Steel Corporation,Metals,IN,2024,107584.88363767747
1000214,Cleveland-Cliffs Steel Corporation,Metals,IN,2025,105091.9221718556
1000214,Cleveland-Cliffs Steel Corporation,Metals,IN,2026,102656.72771437108
1000214,Cleveland-Cliffs Steel Corporation,Metals,IN,2027,100277.96168566769
1000214,Cleveland-Cliffs Steel Corporation,Metals,IN,2028,97954.31652381149
1000219,French Island,Power Plants,WI,2024,37176.98979221374
1000219,French Island,Power Plants,WI,2025,36761.17987102476
1000219,French Island,Power Plants,WI,2026,36350.020619282746
1000219,French Island,Power Plants,WI,2027,35943.46002109017
1000219,French Island,Power Plants,WI,2028,35541.446642326475
1000232,Eastman Chemical Company,Chemicals,TN,2024,3487467.439413083
1000232,Eastman Chemical Company,Chemicals,TN,2025,3398220.8977091964
1000232,Eastman Chemical Company,Chemicals,TN,2026,3311258.232584655
1000232,Eastman Chemical Company,Chemicals,TN,2027,3226520.998164368
1000232,Eastman Chemical Company,Chemicals,TN,2028,3143952.2442408553
1000233,US Steel (Edgar Thomson),Metals,PA,2024,3220911.7297881464
1000233,US Steel (Edgar Thomson),Metals,PA,2025,3186222.485284488
1000233,US Steel (Edgar Thomson),Metals,PA,2026,3151906.8442152515
1000233,US Steel (Edgar Thomson),Metals,PA,2027,3117960.7828685273
1000233,US Steel (Edgar Thomson),Metals,PA,2028,3084380.3208678267
1000236,Portside Energy,Power Plants,IN,2024,210159.92325378148
1000236,Portside Energy,Power Plants,IN,2025,209939.9874332209
1000236,Portside Energy,Power Plants,IN,2026,209720.2817791184
1000236,Portside Energy,Power Plants,IN,2027,209500.8060506014
1000236,Portside Energy,Power Plants,IN,2028,209281.56000704816
1000237,Sundance Power Plant,Power Plants,AZ,2024,319314.62615417544
1000237,Sundance Power Plant,Power Plants,AZ,2025,363040.264403262
1000237,Sundance Power Plant,Power Plants,AZ,2026,412753.5126259889
1000237,Sundance Power Plant,Power Plants,AZ,2027,469274.28963045246
1000237,Sundance Power Plant,Power Plants,AZ,2028,533534.7905511677
1000240,"SP Fiber Technologies Southeast, LLC",Pulp and Paper,GA,2024,98967.52368280388
1000240,"SP Fiber Technologies Southeast, LLC",Pulp and Paper,GA,2025,90769.66666776841
1000240,"SP Fiber Technologies Southeast, LLC",Pulp and Paper,GA,2026,83250.86937998567
1000240,"SP Fiber Technologies Southeast, LLC",Pulp and Paper,GA,2027,76354.88271529053
1000240,"SP Fiber Technologies Southeast, LLC",Pulp and Paper,GA,2028,70030.11689710194
1000245,"ALLIANCE PIPELINE, L.P.-FAIRMOUNT COMPRESSOR STATION",Petroleum and Natural Gas Systems,ND,2024,91558.25764805733
1000245,"ALLIANCE PIPELINE, L.P.-FAIRMOUNT COMPRESSOR STATION",Petroleum and Natural Gas Systems,ND,2025,91464.94686508705
1000245,"ALLIANCE PIPELINE, L.P.-FAIRMOUNT COMPRESSOR STATION",Petroleum and Natural Gas Systems,ND,2026,91371.73117897015
1000245,"ALLIANCE PIPELINE, L.P.-FAIRMOUNT COMPRESSOR STATION",Petroleum and Natural Gas Systems,ND,2027,91278.61049278986
1000245,"ALLIANCE PIPELINE, L.P.-FAIRMOUNT COMPRESSOR STATION",Petroleum and Natural Gas Systems,ND,2028,91185.58470972766
1000246,Frank M Tait Station,Power Plants,OH,2024,319967.31830308546
1000246,Frank M Tait Station,Power Plants,OH,2025,397428.07219484646
1000246,Frank M Tait Station,Power Plants,OH,2026,493641.26750875416
1000246,Frank M Tait Station,Power Plants,OH,2027,613146.6749238084
1000246,Frank M Tait Station,Power Plants,OH,2028,761583.0962986808
1000247,SIGNAL MOUNTAIN CEMENT CO,Minerals,TN,2024,840664.9994078551
1000247,SIGNAL MOUNTAIN CEMENT CO,Minerals,TN,2025,887658.6487329124
1000247,SIGNAL MOUNTAIN CEMENT CO,Minerals,TN,2026,937279.2696559806
1000247,SIGNAL MOUNTAIN CEMENT CO,Minerals,TN,2027,989673.7113763837
1000247,SIGNAL MOUNTAIN CEMENT CO,Minerals,TN,2028,1044997.0320468162
1000250,Santan,Power Plants,AZ,2024,2305206.4827532726
1000250,Santan,Power Plants,AZ,2025,2436489.913333803
1000250,Santan,Power Plants,AZ,2026,2575250.044710522
1000250,Santan,Power Plants,AZ,2027,2721912.681225607
1000250,Santan,Power Plants,AZ,2028,2876927.8771334095
1000251,Grant Town Power Plant,Power Plants,WV,2024,756740.112770401
1000251,Grant Town Power Plant,Power Plants,WV,2025,744875.0063300792
1000251,Grant Town Power Plant,Power Plants,WV,2026,733195.9356878673
1000251,Grant Town Power Plant,Power Plants,WV,2027,721699.9839446731
1000251,Grant Town Power Plant,Power Plants,WV,2028,710384.2799361567
1000254,Eagle Natrium LLC - Natrium Plant,Chemicals,WV,2024,532184.7341926689
1000254,Eagle Natrium LLC - Natrium Plant,Chemicals,WV,2025,513880.14706149965
1000254,Eagle Natrium LLC - Natrium Plant,Chemicals,WV,2026,496205.1494102887
1000254,Eagle Natrium LLC - Natrium Plant,Chemicals,WV,2027,479138.08639861894
1000254,Eagle Natrium LLC - Natrium Plant,Chemicals,WV,2028,462658.0480080956
1000255,"Odyssey Energy Altura Cogen, LLC",Power Plants,TX,2024,2043798.114093733
1000255,"Odyssey Energy Altura Cogen, LLC",Power Plants,TX,2025,2059661.1396593414
1000255,"Odyssey Energy Altura Cogen, LLC",Power Plants,TX,2026,2075647.2867692746
1000255,"Odyssey Energy Altura Cogen, LLC",Power Plants,TX,2027,2091757.51103661
1000255,"Odyssey Energy Altura Cogen, LLC",Power Plants,TX,2028,2107992.775491456
1000256,"WestRock Virginia, Covington",Pulp and Paper,VA,2024,1011550.6522639851
1000256,"WestRock Virginia, Covington",Pulp and Paper,VA,2025,977718.7356141228
1000256,"WestRock Virginia, Covington",Pulp and Paper,VA,2026,945018.3476540365
1000256,"WestRock Virginia, Covington",Pulp and Paper,VA,2027,913411.6437298519
1000256,"WestRock Virginia, Covington",Pulp and Paper,VA,2028,882862.0449247701
1000262,"WestRock Coated Board, LLC",Pulp and Paper,AL,2024,430038.6207424015
1000262,"WestRock Coated Board, LLC",Pulp and Paper,AL,2025,430132.4857742651
1000262,"WestRock Coated Board, LLC",Pulp and Paper,AL,2026,430226.37129415723
1000262,"WestRock Coated Board, LLC",Pulp and Paper,AL,2027,430320.2773065529
1000262,"WestRock Coated Board, LLC",Pulp and Paper,AL,2028,430414.20381592284
1000263,Gordonsville Power Station,Power Plants,VA,2024,419361.76019058336
1000263,Gordonsville Power Station,Power Plants,VA,2025,421969.1898868786
1000263,Gordonsville Power Station,Power Plants,VA,2026,424592.83157546027
1000263,Gordonsville Power Station,Power Plants,VA,2027,427232.7860562434
1000263,Gordonsville Power Station,Power Plants,VA,2028,429889.1547558789
1000265,Fayette Energy Facility,Power Plants,PA,2024,2011993.1887258368
1000265,Fayette Energy Facility,Power Plants,PA,2025,2049081.509190363
1000265,Fayette Energy Facility,Power Plants,PA,2026,2086853.5017083474
1000265,Fayette Energy Facility,Power Plants,PA,2027,2125321.7688315045
1000265,Fayette Energy Facility,Power Plants,PA,2028,2164499.1454222146
1000271,Rocky Mountain Energy Center,Power Plants,CO,2024,1113873.5030405952
1000271,Rocky Mountain Energy Center,Power Plants,CO,2025,1131150.325009736
1000271,Rocky Mountain Energy Center,Power Plants,CO,2026,1148695.120475453
1000271,Rocky Mountain Energy Center,Power Plants,CO,2027,1166512.0458615955
1000271,Rocky Mountain Energy Center,Power Plants,CO,2028,1184605.3220605468
1000272,UCC South Charleston Plant,Chemicals,WV,2024,82564.40784884925
1000272,UCC South Charleston Plant,Chemicals,WV,2025,80386.54434481166
1000272,UCC South Charleston Plant,Chemicals,WV,2026,78266.1279849585
1000272,UCC South Charleston Plant,Chemicals,WV,2027,76201.64344274736
1000272,UCC South Charleston Plant,Chemicals,WV,2028,74191.61536254256
1000273,"GP Big Island, LLC",Pulp and Paper,VA,2024,225845.76404208038
1000273,"GP Big Island, LLC",Pulp and Paper,VA,2025,226900.35204918624
1000273,"GP Big Island, LLC",Pulp and Paper,VA,2026,227959.86446064909
1000273,"GP Big Island, LLC",Pulp and Paper,VA,2027,229024.3242710039
1000273,"GP Big Island, LLC",Pulp and Paper,VA,2028,230093.75458215436
1000277,Jasper County Generating Facility,Power Plants,SC,2024,1995334.2774279027
1000277,Jasper County Generating Facility,Power Plants,SC,2025,2008224.5310837077
1000277,Jasper County Generating Facility,Power Plants,SC,2026,2021198.0583248953
1000277,Jasper County Generating Facility,Power Plants,SC,2027,2034255.3971152762
1000277,Jasper County Generating Facility,Power Plants,SC,2028,2047397.088894013
1000278,Walter M. Higgins III Generating Station,Power Plants,NV,2024,989891.0196171945
1000278,Walter M. Higgins III Generating Station,Power Plants,NV,2025,996468.345672125
1000278,Walter M. Higgins III Generating Station,Power Plants,NV,2026,1003089.3747379682
1000278,Walter M. Higgins III Generating Station,Power Plants,NV,2027,1009754.397199169
1000278,Walter M. Higgins III Generating Station,Power Plants,NV,2028,1016463.705369625
1000282,"DTE Calvert City, LLC",Power Plants,KY,2024,200433.35050045847
1000282,"DTE Calvert City, LLC",Power Plants,KY,2025,200068.64004037427
1000282,"DTE Calvert City, LLC",Power Plants,KY,2026,199704.5932109651
1000282,"DTE Calvert City, LLC",Power Plants,KY,2027,199341.20880468222
1000282,"DTE Calvert City, LLC",Power Plants,KY,2028,198978.4856161741
1000286,Naval Station - Great Lakes,Other,IL,2024,22808.9183094862
1000286,Naval Station - Great Lakes,Other,IL,2025,21346.411135309594
1000286,Naval Station - Great Lakes,Other,IL,2026,19977.67987832011
1000286,Naval Station - Great Lakes,Other,IL,2027,18696.711629453417
1000286,Naval Station - Great Lakes,Other,IL,2028,17497.879027198225
1000293,COVANTA ENERGY,Waste,IN,2024,340706.2768618773
1000293,COVANTA ENERGY,Waste,IN,2025,339732.55996336084
1000293,COVANTA ENERGY,Waste,IN,2026,338761.625885893
1000293,COVANTA ENERGY,Waste,IN,2027,337793.46667634684
1000293,COVANTA ENERGY,Waste,IN,2028,336828.0744043273
1000298,Sylvarena Generating Plant,Power Plants,MS,2024,167402.54634645843
1000298,Sylvarena Generating Plant,Power Plants,MS,2025,182392.4860835291
1000298,Sylvarena Generating Plant,Power Plants,MS,2026,198724.68911482726
1000298,Sylvarena Generating Plant,Power Plants,MS,2027,216519.34743462552
1000298,Sylvarena Generating Plant,Power Plants,MS,2028,235907.41554225
1000300,"Gilroy Energy Center, LLC",Power Plants,CA,2024,13857.942409675265
1000300,"Gilroy Energy Center, LLC",Power Plants,CA,2025,13220.998932570099
1000300,"Gilroy Energy Center, LLC",Power Plants,CA,2026,12613.330868872838
1000300,"Gilroy Energy Center, LLC",Power Plants,CA,2027,12033.59265204425
1000300,"Gilroy Energy Center, LLC",Power Plants,CA,2028,11480.500560933415
1000304,CARGILL CORN MILLING-WAHPETON FACILITY,Other,ND,2024,52110.32550202461
1000304,CARGILL CORN MILLING-WAHPETON FACILITY,Other,ND,2025,50868.35250882651
1000304,CARGILL CORN MILLING-WAHPETON FACILITY,Other,ND,2026,49655.98011591191
1000304,CARGILL CORN MILLING-WAHPETON FACILITY,Other,ND,2027,48472.502836493484
1000304,CARGILL CORN MILLING-WAHPETON FACILITY,Other,ND,2028,47317.23199802388
1000323,Cosumnes Power Plant,Power Plants,CA,2024,911121.3076080215
1000323,Cosumnes Power Plant,Power Plants,CA,2025,876964.3149246759
1000323,Cosumnes Power Plant,Power Plants,CA,2026,844087.8324647512
1000323,Cosumnes Power Plant,Power Plants,CA,2027,812443.8552282908
1000323,Cosumnes Power Plant,Power Plants,CA,2028,781986.177872992
1000324,Marlboro Paper Mill,Pulp and Paper,SC,2024,104377.94915207116
1000324,Marlboro Paper Mill,Pulp and Paper,SC,2025,105874.89825202897
1000324,Marlboro Paper Mill,Pulp and Paper,SC,2026,107393.31603024698
1000324,Marlboro Paper Mill,Pulp and Paper,SC,2027,108933.51038239643
1000324,Marlboro Paper Mill,Pulp and Paper,SC,2028,110495.79361986983
1000325,"Indorama Ventures, Xylenes and PTA, LLC",Chemicals,AL,2024,268923.8819727325
1000325,"Indorama Ventures, Xylenes and PTA, LLC",Chemicals,AL,2025,269303.14508745394
1000325,"Indorama Ventures, Xylenes and PTA, LLC",Chemicals,AL,2026,269682.9430766128
1000325,"Indorama Ventures, Xylenes and PTA, LLC",Chemicals,AL,2027,270063.2766945433
1000325,"Indorama Ventures, Xylenes and PTA, LLC",Chemicals,AL,2028,270444.146696641
1000329,CARDINAL GLASS PLT,Minerals,OK,2024,119524.51966552825
1000329,CARDINAL GLASS PLT,Minerals,OK,2025,120157.35997897536
1000329,CARDINAL GLASS PLT,Minerals,OK,2026,120793.5509594109
1000329,CARDINAL GLASS PLT,Minerals,OK,2027,121433.11034743823
1000329,CARDINAL GLASS PLT,Minerals,OK,2028,122076.0559775916
1000336,Koppers Inc. Stickney Plant,Chemicals,IL,2024,51951.92427875049
1000336,Koppers Inc. Stickney Plant,Chemicals,IL,2025,53448.13241455265
1000336,Koppers Inc. Stickney Plant,Chemicals,IL,2026,54987.43113490407
1000336,Koppers Inc. Stickney Plant,Chemicals,IL,2027,56571.061442599064
1000336,Koppers Inc. Stickney Plant,Chemicals,IL,2028,58200.300081137626
1000343,Lemont Refinery,Chemicals,IL,2024,1834123.790834812
1000343,Lemont Refinery,Chemicals,IL,2025,1838565.0378403894
1000343,Lemont Refinery,Chemicals,IL,2026,1843017.039122778
1000343,Lemont Refinery,Chemicals,IL,2027,1847479.8207229876
1000343,Lemont Refinery,Chemicals,IL,2028,1851953.4087450393
1000346,Bayou Cogeneration Plant,Chemicals,TX,2024,1968450.5618806463
1000346,Bayou Cogeneration Plant,Chemicals,TX,2025,2006401.2400398876
1000346,Bayou Cogeneration Plant,Chemicals,TX,2026,2045083.587056163
1000346,Bayou Cogeneration Plant,Chemicals,TX,2027,2084511.7091152607
1000346,Bayou Cogeneration Plant,Chemicals,TX,2028,2124699.9843626795
1000347,Midland Cogeneration Venture,Power Plants,MI,2024,4516950.42142958
1000347,Midland Cogeneration Venture,Power Plants,MI,2025,4766115.2521350095
1000347,Midland Cogeneration Venture,Power Plants,MI,2026,5029024.55799914
1000347,Midland Cogeneration Venture,Power Plants,MI,2027,5306436.514230157
1000347,Midland Cogeneration Venture,Power Plants,MI,2028,5599151.118633277
1000351,"MW/MB, LLC",Minerals,TN,2024,35033.01901136186
1000351,"MW/MB, LLC",Minerals,TN,2025,35320.561182009085
1000351,"MW/MB, LLC",Minerals,TN,2026,35610.46342615935
1000351,"MW/MB, LLC",Minerals,TN,2027,35902.74511469983
1000351,"MW/MB, LLC",Minerals,TN,2028,36197.42577750901
1000356,Kensing LLC,Chemicals,IL,2024,28530.307296559677
1000356,Kensing LLC,Chemicals,IL,2025,27170.236976217453
1000356,Kensing LLC,Chemicals,IL,2026,25875.002665422835
1000356,Kensing LLC,Chemicals,IL,2027,24641.513562126052
1000356,Kensing LLC,Chemicals,IL,2028,23466.82620612273
1000360,SANIMAX USA LLC,Other,WI,2024,25989.944595227254
1000360,SANIMAX USA LLC,Other,WI,2025,25970.074773496035
1000360,SANIMAX USA LLC,Other,WI,2026,25950.220142632643
1000360,SANIMAX USA LLC,Other,WI,2027,25930.380691023503
1000360,SANIMAX USA LLC,Other,WI,2028,25910.556407063734
1000362,CAMDEN CNTY RESOURCE RECOVERY ASSOC,Waste,NJ,2024,141765.84440069032
1000362,CAMDEN CNTY RESOURCE RECOVERY ASSOC,Waste,NJ,2025,144193.87915551983
1000362,CAMDEN CNTY RESOURCE RECOVERY ASSOC,Waste,NJ,2026,146663.49905235294
1000362,CAMDEN CNTY RESOURCE RECOVERY ASSOC,Waste,NJ,2027,149175.41632318357
1000362,CAMDEN CNTY RESOURCE RECOVERY ASSOC,Waste,NJ,2028,151730.3553984601
1000365,Kersey Valley MSW Landfill,Waste,NC,2024,99790.43735125799
1000365,Kersey Valley MSW Landfill,Waste,NC,2025,100046.62383917625
1000365,Kersey Valley MSW Landfill,Waste,NC,2026,100303.4680205404
1000365,Kersey Valley MSW Landfill,Waste,NC,2027,100560.97158381023
1000365,Kersey Valley MSW Landfill,Waste,NC,2028,100819.1362217809
1000372,CITY OF DENTON LANDFILL,Waste,TX,2024,117423.23579696986
1000372,CITY OF DENTON LANDFILL,Waste,TX,2025,128231.8177750612
1000372,CITY OF DENTON LANDFILL,Waste,TX,2026,140035.30884064452
1000372,CITY OF DENTON LANDFILL,Waste,TX,2027,152925.28845292953
1000372,CITY OF DENTON LANDFILL,Waste,TX,2028,167001.76578340185
1000380,GM TECHNICAL CENTER,Other,MI,2024,43209.44028282546
1000380,GM TECHNICAL CENTER,Other,MI,2025,42745.81580649064
1000380,GM TECHNICAL CENTER,Other,MI,2026,42287.165883254624
1000380,GM TECHNICAL CENTER,Other,MI,2027,41833.43713763842
1000380,GM TECHNICAL CENTER,Other,MI,2028,41384.57676686579
1000382,WINNESHIEK COUNTY SANITARY LANDFILL,Waste,IA,2024,35165.23642464568
1000382,WINNESHIEK COUNTY SANITARY LANDFILL,Waste,IA,2025,34926.0868352551
1000382,WINNESHIEK COUNTY SANITARY LANDFILL,Waste,IA,2026,34688.56363976715
1000382,WINNESHIEK COUNTY SANITARY LANDFILL,Waste,IA,2027,34452.65577750164
1000382,WINNESHIEK COUNTY SANITARY LANDFILL,Waste,IA,2028,34218.35226299917
1000383,BIOGEN INC,Chemicals,MA,2024,26677.613868344226
1000383,BIOGEN INC,Chemicals,MA,2025,25920.475542274078
1000383,BIOGEN INC,Chemicals,MA,2026,25184.82558647698
1000383,BIOGEN INC,Chemicals,MA,2027,24470.054138737494
1000383,BIOGEN INC,Chemicals,MA,2028,23775.568645361564
1000396,The Ohio State University,Other,OH,2024,140727.12223340606
1000396,The Ohio State University,Other,OH,2025,139721.26314553586
1000396,The Ohio State University,Other,OH,2026,138722.593521136
1000396,The Ohio State University,Other,OH,2027,137731.06197290518
1000396,The Ohio State University,Other,OH,2028,136746.61748083524
1000398,Hog Bayou Energy Center,Power Plants,AL,2024,644689.2461930916
1000398,Hog Bayou Energy Center,Power Plants,AL,2025,680736.0920760139
1000398,Hog Bayou Energy Center,Power Plants,AL,2026,718798.4440431141
1000398,Hog Bayou Energy Center,Power Plants,AL,2027,758988.9961367131
1000398,Hog Bayou Energy Center,Power Plants,AL,2028,801426.7435198601
1000399,UNION ELEC HARMON CREEK PLT,Metals,PA,2024,37285.288598627245
1000399,UNION ELEC HARMON CREEK PLT,Metals,PA,2025,37650.70211710109
1000399,UNION ELEC HARMON CREEK PLT,Metals,PA,2026,38019.696861428405
1000399,UNION ELEC HARMON CREEK PLT,Metals,PA,2027,38392.30792932169
1000399,UNION ELEC HARMON CREEK PLT,Metals,PA,2028,38768.57076246759
1000401,"Primary Products Ingredients Americas, LLC",Other,TN,2024,383406.7374862792
1000401,"Primary Products Ingredients Americas, LLC",Other,TN,2025,383768.48061171203
1000401,"Primary Products Ingredients Americas, LLC",Other,TN,2026,384130.56504071626
1000401,"Primary Products Ingredients Americas, LLC",Other,TN,2027,384492.9910953114
1000401,"Primary Products Ingredients Americas, LLC",Other,TN,2028,384855.759097819
1000402,University of Florida Cogeneration Plant,Power Plants,FL,2024,190818.76136441925
1000402,University of Florida Cogeneration Plant,Power Plants,FL,2025,190692.05793001465
1000402,University of Florida Cogeneration Plant,Power Plants,FL,2026,190565.4386265423
1000402,University of Florida Cogeneration Plant,Power Plants,FL,2027,190438.90339813943
1000402,University of Florida Cogeneration Plant,Power Plants,FL,2028,190312.45218898024
1000404,Silverhawk,Power Plants,NV,2024,850203.7962741998
1000404,Silverhawk,Power Plants,NV,2025,854778.4145002357
1000404,Silverhawk,Power Plants,NV,2026,859377.646979943
1000404,Silverhawk,Power Plants,NV,2027,864001.6261531133
1000404,Silverhawk,Power Plants,NV,2028,868650.4851721438
1000408,University of Michigan,Other,MI,2024,256868.4388987548
1000408,University of Michigan,Other,MI,2025,255204.13555617246
1000408,University of Michigan,Other,MI,2026,253550.6155765755
1000408,University of Michigan,Other,MI,2027,251907.80909234256
1000408,University of Michigan,Other,MI,2028,250275.64668853625
1000411,Lima Refinery,Petroleum Product Suppliers,OH,2024,1151823.0032409253
1000411,Lima Refinery,Petroleum Product Suppliers,OH,2025,1147081.0609994733
1000411,Lima Refinery,Petroleum Product Suppliers,OH,2026,1142358.6408687567
1000411,Lima Refinery,Petroleum Product Suppliers,OH,2027,1137655.6624781657
1000411,Lima Refinery,Petroleum Product Suppliers,OH,2028,1132972.0457879666
1000420,Equus Power I,Power Plants,NY,2024,30442.379110787315
1000420,Equus Power I,Power Plants,NY,2025,29014.784894304066
1000420,Equus Power I,Power Plants,NY,2026,27654.13765458369
1000420,Equus Power I,Power Plants,NY,2027,26357.297915684117
1000420,Equus Power I,Power Plants,NY,2028,25121.27342726878
1000421,Fox Energy Center,Power Plants,WI,2024,1849205.4243213004
1000421,Fox Energy Center,Power Plants,WI,2025,1993428.6659874138
1000421,Fox Energy Center,Power Plants,WI,2026,2148900.167670028
1000421,Fox Energy Center,Power Plants,WI,2027,2316497.2037386307
1000421,Fox Energy Center,Power Plants,WI,2028,2497165.4689511294
1000425,MERCER COUNTY LANDFILL,Waste,WV,2024,49236.63796504231
1000425,MERCER COUNTY LANDFILL,Waste,WV,2025,48752.85252593769
1000425,MERCER COUNTY LANDFILL,Waste,WV,2026,48273.820627301364
1000425,MERCER COUNTY LANDFILL,Waste,WV,2027,47799.49556217368
1000425,MERCER COUNTY LANDFILL,Waste,WV,2028,47329.83108252453
1000427,PAPERWORKS INDUSTRIES INC,Pulp and Paper,IN,2024,54509.03435513625
1000427,PAPERWORKS INDUSTRIES INC,Pulp and Paper,IN,2025,54458.97625697887
1000427,PAPERWORKS INDUSTRIES INC,Pulp and Paper,IN,2026,54408.96412942454
1000427,PAPERWORKS INDUSTRIES INC,Pulp and Paper,IN,2027,54358.99793025675
1000427,PAPERWORKS INDUSTRIES INC,Pulp and Paper,IN,2028,54309.07761729714
1000429,Pennsauken Sanitary Landfill,Waste,NJ,2024,71468.05365718708
1000429,Pennsauken Sanitary Landfill,Waste,NJ,2025,71608.01547342213
1000429,Pennsauken Sanitary Landfill,Waste,NJ,2026,71748.25138848877
1000429,Pennsauken Sanitary Landfill,Waste,NJ,2027,71888.76193917748
1000429,Pennsauken Sanitary Landfill,Waste,NJ,2028,72029.54766332984
1000446,TS Power Plant,Power Plants,NV,2024,1109106.735265418
1000446,TS Power Plant,Power Plants,NV,2025,1104204.0834183486
1000446,TS Power Plant,Power Plants,NV,2026,1099323.1030609286
1000446,TS Power Plant,Power Plants,NV,2027,1094463.6983973568
1000446,TS Power Plant,Power Plants,NV,2028,1089625.7740552833
1000450,Caithness Long Island Energy Center,Power Plants,NY,2024,866438.6731668398
1000450,Caithness Long Island Energy Center,Power Plants,NY,2025,868298.6503165022
1000450,Caithness Long Island Energy Center,Power Plants,NY,2026,870162.6202646216
1000450,Caithness Long Island Energy Center,Power Plants,NY,2027,872030.5915825056
1000450,Caithness Long Island Energy Center,Power Plants,NY,2028,873902.5728598669
1000457,Magnolia,Power Plants,CA,2024,615614.2745355559
1000457,Magnolia,Power Plants,CA,2025,629529.7452492726
1000457,Magnolia,Power Plants,CA,2026,643759.764103267
1000457,Magnolia,Power Plants,CA,2027,658311.4412079027
1000457,Magnolia,Power Plants,CA,2028,673192.0473919353
1000458,"Malaga Power, LLC",Power Plants,CA,2024,5702.583921376816
1000458,"Malaga Power, LLC",Power Plants,CA,2025,4697.014166245978
1000458,"Malaga Power, LLC",Power Plants,CA,2026,3868.762368443811
1000458,"Malaga Power, LLC",Power Plants,CA,2027,3186.561022329076
1000458,"Malaga Power, LLC",Power Plants,CA,2028,2624.656203195909
1000460,McIntosh Combined Cycle Facility,Power Plants,GA,2024,3389330.496810632
1000460,McIntosh Combined Cycle Facility,Power Plants,GA,2025,3429348.42489475
1000460,McIntosh Combined Cycle Facility,Power Plants,GA,2026,3469838.8458707985
1000460,McIntosh Combined Cycle Facility,Power Plants,GA,2027,3510807.3384766984
1000460,McIntosh Combined Cycle Facility,Power Plants,GA,2028,3552259.547318705
1000463,Bluffview Power Plant,Power Plants,NM,2024,165294.66879757002
1000463,Bluffview Power Plant,Power Plants,NM,2025,166801.14221428765
1000463,Bluffview Power Plant,Power Plants,NM,2026,168321.345427446
1000463,Bluffview Power Plant,Power Plants,NM,2027,169855.403568566
1000463,Bluffview Power Plant,Power Plants,NM,2028,171403.4429096004
1000465,Wygen II,Power Plants,WY,2024,854428.5495405025
1000465,Wygen II,Power Plants,WY,2025,861088.1360600791
1000465,Wygen II,Power Plants,WY,2026,867799.6287251572
1000465,Wygen II,Power Plants,WY,2027,874563.4321025837
1000465,Wygen II,Power Plants,WY,2028,881379.9539124848
1000478,Sandoval County Landfill,Waste,NM,2024,84561.55023284594
1000478,Sandoval County Landfill,Waste,NM,2025,86549.84656542416
1000478,Sandoval County Landfill,Waste,NM,2026,88584.89372382418
1000478,Sandoval County Landfill,Waste,NM,2027,90667.79096054603
1000478,Sandoval County Landfill,Waste,NM,2028,92799.66337482208
1000483,Colorado Bend I,Power Plants,TX,2024,1009780.9751721639
1000483,Colorado Bend I,Power Plants,TX,2025,1034276.1118626513
1000483,Colorado Bend I,Power Plants,TX,2026,1059365.4484204766
1000483,Colorado Bend I,Power Plants,TX,2027,1085063.398869401
1000483,Colorado Bend I,Power Plants,TX,2028,1111384.726886718
1000507,Salinas River Cogeneration Facility,Other,CA,2024,170959.54775405303
1000507,Salinas River Cogeneration Facility,Other,CA,2025,169535.4865200024
1000507,Salinas River Cogeneration Facility,Other,CA,2026,168123.28745115377
1000507,Salinas River Cogeneration Facility,Other,CA,2027,166722.85173787834
1000507,Salinas River Cogeneration Facility,Other,CA,2028,165334.08139361042
1000528,Wygen III,Power Plants,WY,2024,885796.3924392591
1000528,Wygen III,Power Plants,WY,2025,885863.1018897189
1000528,Wygen III,Power Plants,WY,2026,885929.8163640753
1000528,Wygen III,Power Plants,WY,2027,885996.5358627097
1000528,Wygen III,Power Plants,WY,2028,886063.2603859972
1000539,Plum Point Energy Station,Power Plants,AR,2024,3800250.3886807105
1000539,Plum Point Energy Station,Power Plants,AR,2025,3779258.1588322856
1000539,Plum Point Energy Station,Power Plants,AR,2026,3758381.8881099545
1000539,Plum Point Energy Station,Power Plants,AR,2027,3737620.935966285
1000539,Plum Point Energy Station,Power Plants,AR,2028,3716974.6653921697
1000541,Niland Gas Turbine Plant,Power Plants,CA,2024,53947.01720889571
1000541,Niland Gas Turbine Plant,Power Plants,CA,2025,56818.63092997001
1000541,Niland Gas Turbine Plant,Power Plants,CA,2026,59843.10139437675
1000541,Niland Gas Turbine Plant,Power Plants,CA,2027,63028.565206218
1000541,Niland Gas Turbine Plant,Power Plants,CA,2028,66383.59208314316
1000548,Orange Grove Project,Power Plants,CA,2024,9381.608347228566
1000548,Orange Grove Project,Power Plants,CA,2025,8496.365599965828
1000548,Orange Grove Project,Power Plants,CA,2026,7694.653809504583
1000548,Orange Grove Project,Power Plants,CA,2027,6968.591046548378
1000548,Orange Grove Project,Power Plants,CA,2028,6311.039115762482
1000557,"University of California, San Francisco - Parnassus Campus",Other,CA,2024,50305.17485337452
1000557,"University of California, San Francisco - Parnassus Campus",Other,CA,2025,49497.27445692414
1000557,"University of California, San Francisco - Parnassus Campus",Other,CA,2026,48702.34892941086
1000557,"University of California, San Francisco - Parnassus Campus",Other,CA,2027,47920.18989462345
1000557,"University of California, San Francisco - Parnassus Campus",Other,CA,2028,47150.59232286885
1000580,MEDICAL AREA TOTAL ENERGY PLANT,Power Plants,MA,2024,267649.8442688387
1000580,MEDICAL AREA TOTAL ENERGY PLANT,Power Plants,MA,2025,271065.4698805527
1000580,MEDICAL AREA TOTAL ENERGY PLANT,Power Plants,MA,2026,274524.68415323243
1000580,MEDICAL AREA TOTAL ENERGY PLANT,Power Plants,MA,2027,278028.0433455495
1000580,MEDICAL AREA TOTAL ENERGY PLANT,Power Plants,MA,2028,281576.1108148954
1000581,Jeffrey Energy Center,Power Plants,KS,2024,6810929.752242529
1000581,Jeffrey Energy Center,Power Plants,KS,2025,6442360.683895426
1000581,Jeffrey Energy Center,Power Plants,KS,2026,6093736.492838757
1000581,Jeffrey Energy Center,Power Plants,KS,2027,5763977.874908683
1000581,Jeffrey Energy Center,Power Plants,KS,2028,5452063.931789693
1000582,Lawrence Energy Center,Power Plants,KS,2024,1830202.7547774008
1000582,Lawrence Energy Center,Power Plants,KS,2025,1738502.0812507367
1000582,Lawrence Energy Center,Power Plants,KS,2026,1651395.9880257843
1000582,Lawrence Energy Center,Power Plants,KS,2027,1568654.26776233
1000582,Lawrence Energy Center,Power Plants,KS,2028,1490058.247453213
1000591,ENERGY CENTER MINNEAPOLIS,Power Plants,MN,2024,92929.67806266961
1000591,ENERGY CENTER MINNEAPOLIS,Power Plants,MN,2025,93234.9231018109
1000591,ENERGY CENTER MINNEAPOLIS,Power Plants,MN,2026,93541.1707758032
1000591,ENERGY CENTER MINNEAPOLIS,Power Plants,MN,2027,93848.42437798964
1000591,ENERGY CENTER MINNEAPOLIS,Power Plants,MN,2028,94156.68721253092
1000592,RUBICON LLC - GEISMAR PLANT,Chemicals,LA,2024,64042.4807115843
1000592,RUBICON LLC - GEISMAR PLANT,Chemicals,LA,2025,64073.302656962114
1000592,RUBICON LLC - GEISMAR PLANT,Chemicals,LA,2026,64104.139436123565
1000592,RUBICON LLC - GEISMAR PLANT,Chemicals,LA,2027,64134.99105620833
1000592,RUBICON LLC - GEISMAR PLANT,Chemicals,LA,2028,64165.85752435826
1000595,LAS VEGAS GENERATING STATION,Power Plants,NV,2024,149677.37923664812
1000595,LAS VEGAS GENERATING STATION,Power Plants,NV,2025,150311.33907738383
1000595,LAS VEGAS GENERATING STATION,Power Plants,NV,2026,150947.9840605356
1000595,LAS VEGAS GENERATING STATION,Power Plants,NV,2027,151587.3255590471
1000595,LAS VEGAS GENERATING STATION,Power Plants,NV,2028,152229.3749940327
1000603,Addis Carbon Black Plant,Chemicals,LA,2024,281640.5207444303
1000603,Addis Carbon Black Plant,Chemicals,LA,2025,276726.1848117809
1000603,Addis Carbon Black Plant,Chemicals,LA,2026,271897.5989608136
1000603,Addis Carbon Black Plant,Chemicals,LA,2027,267153.266941251
1000603,Addis Carbon Black Plant,Chemicals,LA,2028,262491.7186108333
1000604,Big Spring Carbon Black Plant,Chemicals,TX,2024,239597.5900943994
1000604,Big Spring Carbon Black Plant,Chemicals,TX,2025,233022.0585283086
1000604,Big Spring Carbon Black Plant,Chemicals,TX,2026,226626.98627050855
1000604,Big Spring Carbon Black Plant,Chemicals,TX,2027,220407.4207842178
1000604,Big Spring Carbon Black Plant,Chemicals,TX,2028,214358.5454503868
1000605,Borger Carbon Black Plant,Chemicals,TX,2024,239788.82760784347
1000605,Borger Carbon Black Plant,Chemicals,TX,2025,234026.65082155654
1000605,Borger Carbon Black Plant,Chemicals,TX,2026,228402.94037520568
1000605,Borger Carbon Black Plant,Chemicals,TX,2027,222914.36889304317
1000605,Borger Carbon Black Plant,Chemicals,TX,2028,217557.68895687052
1000607,LAMB WESTON,Other,WA,2024,28694.55927871138
1000607,LAMB WESTON,Other,WA,2025,27876.76432260165
1000607,LAMB WESTON,Other,WA,2026,27082.276523215998
1000607,LAMB WESTON,Other,WA,2027,26310.43162657434
1000607,LAMB WESTON,Other,WA,2028,25560.584309935228
1000609,LAMB WESTON INC. Hermiston,Other,OR,2024,41864.218922469816
1000609,LAMB WESTON INC. Hermiston,Other,OR,2025,42869.45204920415
1000609,LAMB WESTON INC. Hermiston,Other,OR,2026,43898.82258170143
1000609,LAMB WESTON INC. Hermiston,Other,OR,2027,44952.91010129622
1000609,LAMB WESTON INC. Hermiston,Other,OR,2028,46032.30810608441
1000615,Lamb Weston Twin Falls,Other,ID,2024,76757.32840547648
1000615,Lamb Weston Twin Falls,Other,ID,2025,79279.31403275188
1000615,Lamb Weston Twin Falls,Other,ID,2026,81884.16355897074
1000615,Lamb Weston Twin Falls,Other,ID,2027,84574.59961096938
1000615,Lamb Weston Twin Falls,Other,ID,2028,87353.43427187201
1000618,LUBRIZOL CORPORATION,Chemicals,OH,2024,32855.38083571104
1000618,LUBRIZOL CORPORATION,Chemicals,OH,2025,32998.08430132922
1000618,LUBRIZOL CORPORATION,Chemicals,OH,2026,33141.40758259334
1000618,LUBRIZOL CORPORATION,Chemicals,OH,2027,33285.353371599755
1000618,LUBRIZOL CORPORATION,Chemicals,OH,2028,33429.92437213694
1000620,LUBRIZOL DEER PARK PLANT,Chemicals,TX,2024,106755.86042179701
1000620,LUBRIZOL DEER PARK PLANT,Chemicals,TX,2025,106291.38560986974
1000620,LUBRIZOL DEER PARK PLANT,Chemicals,TX,2026,105828.93164110782
1000620,LUBRIZOL DEER PARK PLANT,Chemicals,TX,2027,105368.4897232006
1000620,LUBRIZOL DEER PARK PLANT,Chemicals,TX,2028,104910.05110208981
1000623,MONTGOMERY COUNTY RESOURCE RECOVERY FACILITY,Waste,MD,2024,210104.88471500378
1000623,MONTGOMERY COUNTY RESOURCE RECOVERY FACILITY,Waste,MD,2025,209683.665266288
1000623,MONTGOMERY COUNTY RESOURCE RECOVERY FACILITY,Waste,MD,2026,209263.29028068113
1000623,MONTGOMERY COUNTY RESOURCE RECOVERY FACILITY,Waste,MD,2027,208843.75806519724
1000623,MONTGOMERY COUNTY RESOURCE RECOVERY FACILITY,Waste,MD,2028,208425.0669302472
1000624,WestRock Tacoma Mill,Pulp and Paper,WA,2024,130160.12787109385
1000624,WestRock Tacoma Mill,Pulp and Paper,WA,2025,130342.99864305402
1000624,WestRock Tacoma Mill,Pulp and Paper,WA,2026,130526.12634253663
1000624,WestRock Tacoma Mill,Pulp and Paper,WA,2027,130709.51133051729
1000624,WestRock Tacoma Mill,Pulp and Paper,WA,2028,130893.15396847774
1000627,ADVANSIX INC - CHESTERFIELD PLANT,Other,VA,2024,65014.44065093311
1000627,ADVANSIX INC - CHESTERFIELD PLANT,Other,VA,2025,66986.6168709116
1000627,ADVANSIX INC - CHESTERFIELD PLANT,Other,VA,2026,69018.61793908842
1000627,ADVANSIX INC - CHESTERFIELD PLANT,Other,VA,2027,71112.25860833714
1000627,ADVANSIX INC - CHESTERFIELD PLANT,Other,VA,2028,73269.40868103105
1000628,HONEYWELL - UOP LLC,Chemicals,AL,2024,46582.32827480305
1000628,HONEYWELL - UOP LLC,Chemicals,AL,2025,46369.22978050808
1000628,HONEYWELL - UOP LLC,Chemicals,AL,2026,46157.106140196265
1000628,HONEYWELL - UOP LLC,Chemicals,AL,2027,45945.95289423872
1000628,HONEYWELL - UOP LLC,Chemicals,AL,2028,45735.765603407024
1000629,UOP.LLC SHREVEPORT,Chemicals,LA,2024,57594.7546177844
1000629,UOP.LLC SHREVEPORT,Chemicals,LA,2025,60202.783235723306
1000629,UOP.LLC SHREVEPORT,Chemicals,LA,2026,62928.90964428777
1000629,UOP.LLC SHREVEPORT,Chemicals,LA,2027,65778.48159467026
1000629,UOP.LLC SHREVEPORT,Chemicals,LA,2028,68757.08899706198
1000630,ADVANSIX INCORPORATED - HOPEWELL,Chemicals,VA,2024,1170378.632892041
1000630,ADVANSIX INCORPORATED - HOPEWELL,Chemicals,VA,2025,1183380.0216399177
1000630,ADVANSIX INCORPORATED - HOPEWELL,Chemicals,VA,2026,1196525.8389552857
1000630,ADVANSIX INCORPORATED - HOPEWELL,Chemicals,VA,2027,1209817.6892522268
1000630,ADVANSIX INCORPORATED - HOPEWELL,Chemicals,VA,2028,1223257.1947677678
1000637,Boeing-St. Louis,Other,MO,2024,30578.561373052184
1000637,Boeing-St. Louis,Other,MO,2025,30793.48450983594
1000637,Boeing-St. Louis,Other,MO,2026,31009.91824596286
1000637,Boeing-St. Louis,Other,MO,2027,31227.873198765305
1000637,Boeing-St. Louis,Other,MO,2028,31447.360060200153
1000638,BOEING HELICOPTER DIV,Other,PA,2024,22456.468218142007
1000638,BOEING HELICOPTER DIV,Other,PA,2025,22213.362499370047
1000638,BOEING HELICOPTER DIV,Other,PA,2026,21972.88855643767
1000638,BOEING HELICOPTER DIV,Other,PA,2027,21735.017898677983
1000638,BOEING HELICOPTER DIV,Other,PA,2028,21499.722343853755
1000639,THE BOEING COMPANY,Other,WA,2024,33850.81572410786
1000639,THE BOEING COMPANY,Other,WA,2025,33471.0356414556
1000639,THE BOEING COMPANY,Other,WA,2026,33095.516398847816
1000639,THE BOEING COMPANY,Other,WA,2027,32724.210192940816
1000639,THE BOEING COMPANY,Other,WA,2028,32357.06975670732
1000640,Boeing Commercial Airplanes - Everett,Other,WA,2024,68961.19761225434
1000640,Boeing Commercial Airplanes - Everett,Other,WA,2025,68604.78184692704
1000640,Boeing Commercial Airplanes - Everett,Other,WA,2026,68250.20816384545
1000640,Boeing Commercial Airplanes - Everett,Other,WA,2027,67897.46704247968
1000640,Boeing Commercial Airplanes - Everett,Other,WA,2028,67546.54901150512
1000656,The President and Fellows of Harvard University (Cambridge Allston Blackstone),Other,MA,2024,79907.57471544346
1000656,The President and Fellows of Harvard University (Cambridge Allston Blackstone),Other,MA,2025,80668.3697709539
1000656,The President and Fellows of Harvard University (Cambridge Allston Blackstone),Other,MA,2026,81436.40830893205
1000656,The President and Fellows of Harvard University (Cambridge Allston Blackstone),Other,MA,2027,82211.75929412471
1000656,The President and Fellows of Harvard University (Cambridge Allston Blackstone),Other,MA,2028,82994.49234788732
1000657,Kendall Green Energy,Power Plants,MA,2024,753585.9900404628
1000657,Kendall Green Energy,Power Plants,MA,2025,772401.9077958844
1000657,Kendall Green Energy,Power Plants,MA,2026,791687.6309426705
1000657,Kendall Green Energy,Power Plants,MA,2027,811454.8898204558
1000657,Kendall Green Energy,Power Plants,MA,2028,831715.7076579485
1000667,Cleary Flood,Power Plants,MA,2024,18838.806615989844
1000667,Cleary Flood,Power Plants,MA,2025,17014.59555103842
1000667,Cleary Flood,Power Plants,MA,2026,15367.027629005992
1000667,Cleary Flood,Power Plants,MA,2027,13878.99803097115
1000667,Cleary Flood,Power Plants,MA,2028,12535.058242500321
1000670,J H Campbell,Power Plants,MI,2024,7079477.271917028
1000670,J H Campbell,Power Plants,MI,2025,7003367.330503264
1000670,J H Campbell,Power Plants,MI,2026,6928075.630742028
1000670,J H Campbell,Power Plants,MI,2027,6853593.375892848
1000670,J H Campbell,Power Plants,MI,2028,6779911.863787122
1000674,Delray,Power Plants,MI,2024,17364.188994332882
1000674,Delray,Power Plants,MI,2025,17912.638691891127
1000674,Delray,Power Plants,MI,2026,18478.41122962638
1000674,Delray,Power Plants,MI,2027,19062.05375122949
1000674,Delray,Power Plants,MI,2028,19664.13068198125
1000682,Eckert Station,Power Plants,MI,2024,226980.42540802262
1000682,Eckert Station,Power Plants,MI,2025,196220.39503149135
1000682,Eckert Station,Power Plants,MI,2026,169628.91560848098
1000682,Eckert Station,Power Plants,MI,2027,146641.07166786224
1000682,Eckert Station,Power Plants,MI,2028,126768.50419495335
1000687,Boswell Energy Center,Power Plants,MN,2024,4909166.693918051
1000687,Boswell Energy Center,Power Plants,MN,2025,4719268.936947048
1000687,Boswell Energy Center,Power Plants,MN,2026,4536716.858041377
1000687,Boswell Energy Center,Power Plants,MN,2027,4361226.309630796
1000687,Boswell Energy Center,Power Plants,MN,2028,4192524.1356207235
1000688,Hibbard Energy Center,Power Plants,MN,2024,15065.764347994145
1000688,Hibbard Energy Center,Power Plants,MN,2025,13297.932004559403
1000688,Hibbard Energy Center,Power Plants,MN,2026,11737.538933524409
1000688,Hibbard Energy Center,Power Plants,MN,2027,10360.243996492447
1000688,Hibbard Energy Center,Power Plants,MN,2028,9144.56226937759
1000696,Chevron Cogenerating Station,Power Plants,MS,2024,765936.4185881596
1000696,Chevron Cogenerating Station,Power Plants,MS,2025,760413.3385667695
1000696,Chevron Cogenerating Station,Power Plants,MS,2026,754930.0848445114
1000696,Chevron Cogenerating Station,Power Plants,MS,2027,749486.3702384926
1000696,Chevron Cogenerating Station,Power Plants,MS,2028,744081.9096366601
1000703,Moselle Generating Plant,Power Plants,MS,2024,869806.2789291631
1000703,Moselle Generating Plant,Power Plants,MS,2025,930462.442589461
1000703,Moselle Generating Plant,Power Plants,MS,2026,995348.4793595654
1000703,Moselle Generating Plant,Power Plants,MS,2027,1064759.360524264
1000703,Moselle Generating Plant,Power Plants,MS,2028,1139010.627266446
1000752,Rio Grande,Power Plants,NM,2024,474466.64955224487
1000752,Rio Grande,Power Plants,NM,2025,473590.3749971309
1000752,Rio Grande,Power Plants,NM,2026,472715.71880043397
1000752,Rio Grande,Power Plants,NM,2027,471842.6779732691
1000752,Rio Grande,Power Plants,NM,2028,470971.2495322711
1000753,Maddox,Power Plants,NM,2024,344990.3369785673
1000753,Maddox,Power Plants,NM,2025,355859.8884555226
1000753,Maddox,Power Plants,NM,2026,367071.9050297467
1000753,Maddox,Power Plants,NM,2027,378637.1766904208
1000753,Maddox,Power Plants,NM,2028,390566.8333850697
1000755,Cunningham,Power Plants,NM,2024,761456.8538184412
1000755,Cunningham,Power Plants,NM,2025,774323.9932190173
1000755,Cunningham,Power Plants,NM,2026,787408.5622421958
1000755,Cunningham,Power Plants,NM,2027,800714.2350255853
1000755,Cunningham,Power Plants,NM,2028,814244.7477925718
1000761,East River,Power Plants,NY,2024,1952178.5859810838
1000761,East River,Power Plants,NY,2025,1945446.7873020065
1000761,East River,Power Plants,NY,2026,1938738.2022335015
1000761,East River,Power Plants,NY,2027,1932052.7507268607
1000761,East River,Power Plants,NY,2028,1925390.353009437
1000763,Narrows Generating Station,Power Plants,NY,2024,28771.391784564523
1000763,Narrows Generating Station,Power Plants,NY,2025,26542.538519577854
1000763,Narrows Generating Station,Power Plants,NY,2026,24486.349368793188
1000763,Narrows Generating Station,Power Plants,NY,2027,22589.44844210536
1000763,Narrows Generating Station,Power Plants,NY,2028,20839.496048719728
1000764,Ravenswood Generating Station,Power Plants,NY,2024,1012270.5145927384
1000764,Ravenswood Generating Station,Power Plants,NY,2025,953371.0885277853
1000764,Ravenswood Generating Station,Power Plants,NY,2026,897898.7526929323
1000764,Ravenswood Generating Station,Power Plants,NY,2027,845654.1002648906
1000764,Ravenswood Generating Station,Power Plants,NY,2028,796449.326998214
1000766,59th Street,Power Plants,NY,2024,181072.51430207098
1000766,59th Street,Power Plants,NY,2025,176887.03408110177
1000766,59th Street,Power Plants,NY,2026,172798.30098239848
1000766,59th Street,Power Plants,NY,2027,168804.07870207835
1000766,59th Street,Power Plants,NY,2028,164902.18262828892
1000780,Bowline Generating Station LLC,Power Plants,NY,2024,572086.8298637905
1000780,Bowline Generating Station LLC,Power Plants,NY,2025,590174.5570544978
1000780,Bowline Generating Station LLC,Power Plants,NY,2026,608834.1657461362
1000780,Bowline Generating Station LLC,Power Plants,NY,2027,628083.7371739908
1000780,Bowline Generating Station LLC,Power Plants,NY,2028,647941.9242495924
1000781,CON ED-EAST 60TH STREET STEAM PLANT,Power Plants,NY,2024,41637.140839150285
1000781,CON ED-EAST 60TH STREET STEAM PLANT,Power Plants,NY,2025,36728.89452087249
1000781,CON ED-EAST 60TH STREET STEAM PLANT,Power Plants,NY,2026,32399.23936988825
1000781,CON ED-EAST 60TH STREET STEAM PLANT,Power Plants,NY,2027,28579.97022346479
1000781,CON ED-EAST 60TH STREET STEAM PLANT,Power Plants,NY,2028,25210.92204199338
1000783,Pickles Butte Sanitary Landfill,Waste,ID,2024,130963.56564063535
1000783,Pickles Butte Sanitary Landfill,Waste,ID,2025,136433.72011681757
1000783,Pickles Butte Sanitary Landfill,Waste,ID,2026,142132.35485655162
1000783,Pickles Butte Sanitary Landfill,Waste,ID,2027,148069.0131425842
1000783,Pickles Butte Sanitary Landfill,Waste,ID,2028,154253.6368664703
1000787,Roxboro Steam Electric Plant,Power Plants,NC,2024,4171599.9797561867
1000787,Roxboro Steam Electric Plant,Power Plants,NC,2025,3866823.7525704587
1000787,Roxboro Steam Electric Plant,Power Plants,NC,2026,3584314.4131755866
1000787,Roxboro Steam Electric Plant,Power Plants,NC,2027,3322445.1473791683
1000787,Roxboro Steam Electric Plant,Power Plants,NC,2028,3079707.995695479
1000795,Luna Energy Facility,Power Plants,NM,2024,1350226.071145804
1000795,Luna Energy Facility,Power Plants,NM,2025,1413141.155430281
1000795,Luna Energy Facility,Power Plants,NM,2026,1478987.8286650174
1000795,Luna Energy Facility,Power Plants,NM,2027,1547902.6910607736
1000795,Luna Energy Facility,Power Plants,NM,2028,1620028.7078467
1000801,Thomas A. Smith Energy Facility,Power Plants,GA,2024,3750271.0583999627
1000801,Thomas A. Smith Energy Facility,Power Plants,GA,2025,4110509.603623699
1000801,Thomas A. Smith Energy Facility,Power Plants,GA,2026,4505351.463499652
1000801,Thomas A. Smith Energy Facility,Power Plants,GA,2027,4938120.517165129
1000801,Thomas A. Smith Energy Facility,Power Plants,GA,2028,5412459.924515073
1000806,Metcalf Energy Center,Power Plants,CA,2024,937227.560880532
1000806,Metcalf Energy Center,Power Plants,CA,2025,935563.9910954476
1000806,Metcalf Energy Center,Power Plants,CA,2026,933903.3741305129
1000806,Metcalf Energy Center,Power Plants,CA,2027,932245.7047445045
1000806,Metcalf Energy Center,Power Plants,CA,2028,930590.9777055
1000811,Bobby C. Smith Jr. Energy Facility,Power Plants,GA,2024,1024798.6923483727
1000811,Bobby C. Smith Jr. Energy Facility,Power Plants,GA,2025,1054387.194264786
1000811,Bobby C. Smith Jr. Energy Facility,Power Plants,GA,2026,1084829.990251042
1000811,Bobby C. Smith Jr. Energy Facility,Power Plants,GA,2027,1116151.7459140713
1000811,Bobby C. Smith Jr. Energy Facility,Power Plants,GA,2028,1148377.8390185672
1000813,Hillabee Energy Center,Power Plants,AL,2024,1807793.0849540466
1000813,Hillabee Energy Center,Power Plants,AL,2025,1817814.0184876958
1000813,Hillabee Energy Center,Power Plants,AL,2026,1827890.4999210064
1000813,Hillabee Energy Center,Power Plants,AL,2027,1838022.8371663184
1000813,Hillabee Energy Center,Power Plants,AL,2028,1848211.3398427966
1000816,Plaquemine Cogen Facility,Power Plants,LA,2024,2965725.8804529416
1000816,Plaquemine Cogen Facility,Power Plants,LA,2025,2976590.0103072235
1000816,Plaquemine Cogen Facility,Power Plants,LA,2026,2987493.9379453463
1000816,Plaquemine Cogen Facility,Power Plants,LA,2027,2998437.8091556476
1000816,Plaquemine Cogen Facility,Power Plants,LA,2028,3009421.770260541
1000819,Central Alabama Generating Station,Power Plants,AL,2024,1932522.1408933578
1000819,Central Alabama Generating Station,Power Plants,AL,2025,1937127.7604152465
1000819,Central Alabama Generating Station,Power Plants,AL,2026,1941744.3561276502
1000819,Central Alabama Generating Station,Power Plants,AL,2027,1946371.954189199
1000819,Central Alabama Generating Station,Power Plants,AL,2028,1951010.580820888
1000821,Magnolia Facility,Power Plants,MS,2024,2184908.449187608
1000821,Magnolia Facility,Power Plants,MS,2025,2233720.594320424
1000821,Magnolia Facility,Power Plants,MS,2026,2283623.2316033095
1000821,Magnolia Facility,Power Plants,MS,2027,2334640.723274934
1000821,Magnolia Facility,Power Plants,MS,2028,2386797.9758407534
1000825,Deer Park Energy Center,Power Plants,TX,2024,3959202.7566835885
1000825,Deer Park Energy Center,Power Plants,TX,2025,4011364.4189808327
1000825,Deer Park Energy Center,Power Plants,TX,2026,4064213.3001907784
1000825,Deer Park Energy Center,Power Plants,TX,2027,4117758.4542778344
1000825,Deer Park Energy Center,Power Plants,TX,2028,4172009.0544904843
1000828,L V Sutton Steam Electric Plant,Power Plants,NC,2024,1556473.6151904974
1000828,L V Sutton Steam Electric Plant,Power Plants,NC,2025,1550515.8796158405
1000828,L V Sutton Steam Electric Plant,Power Plants,NC,2026,1544580.9485480066
1000828,L V Sutton Steam Electric Plant,Power Plants,NC,2027,1538668.734697867
1000828,L V Sutton Steam Electric Plant,Power Plants,NC,2028,1532779.151110419
1000836,Leland Olds,Power Plants,ND,2024,3724076.290804436
1000836,Leland Olds,Power Plants,ND,2025,3706546.0385337607
1000836,Leland Olds,Power Plants,ND,2026,3689098.3059862806
1000836,Leland Olds,Power Plants,ND,2027,3671732.7047189483
1000836,Leland Olds,Power Plants,ND,2028,3654448.8481172062
1000837,Milton R Young,Power Plants,ND,2024,4817501.726254105
1000837,Milton R Young,Power Plants,ND,2025,4780440.405277392
1000837,Milton R Young,Power Plants,ND,2026,4743664.199198523
1000837,Milton R Young,Power Plants,ND,2027,4707170.914612003
1000837,Milton R Young,Power Plants,ND,2028,4670958.374986339
1000839,Cardinal,Power Plants,OH,2024,9870365.913564775
1000839,Cardinal,Power Plants,OH,2025,10032225.06716693
1000839,Cardinal,Power Plants,OH,2026,10196738.467413494
1000839,Cardinal,Power Plants,OH,2027,10363949.639956743
1000839,Cardinal,Power Plants,OH,2028,10533902.824204287
1000853,Kyger Creek,Power Plants,OH,2024,5043329.634074641
1000853,Kyger Creek,Power Plants,OH,2025,5025978.767177516
1000853,Kyger Creek,Power Plants,OH,2026,5008687.593499738
1000853,Kyger Creek,Power Plants,OH,2027,4991455.907675181
1000853,Kyger Creek,Power Plants,OH,2028,4974283.505044229
1000855,Cargill Meat Solutions Corporation,Other,NE,2024,38188.016280621174
1000855,Cargill Meat Solutions Corporation,Other,NE,2025,36701.6470425567
1000855,Cargill Meat Solutions Corporation,Other,NE,2026,35273.13086225849
1000855,Cargill Meat Solutions Corporation,Other,NE,2027,33900.2159598814
1000855,Cargill Meat Solutions Corporation,Other,NE,2028,32580.738200255484
1000857,POET BIOREFINING GLENVILLE LLC,Other,MN,2024,69374.87401462776
1000857,POET BIOREFINING GLENVILLE LLC,Other,MN,2025,70087.48584444368
1000857,POET BIOREFINING GLENVILLE LLC,Other,MN,2026,70807.41755234526
1000857,POET BIOREFINING GLENVILLE LLC,Other,MN,2027,71534.74432739466
1000857,POET BIOREFINING GLENVILLE LLC,Other,MN,2028,72269.54213098854
1000865,Anadarko,Power Plants,OK,2024,386864.1996939227
1000865,Anadarko,Power Plants,OK,2025,379109.214816128
1000865,Anadarko,Power Plants,OK,2026,371509.68446346815
1000865,Anadarko,Power Plants,OK,2027,364062.49243265245
1000865,Anadarko,Power Plants,OK,2028,356764.58498703927
1000869,KIMBERLY CLARK PA LLC/CHESTER OPR,Pulp and Paper,PA,2024,130046.88199539798
1000869,KIMBERLY CLARK PA LLC/CHESTER OPR,Pulp and Paper,PA,2025,113807.84708400436
1000869,KIMBERLY CLARK PA LLC/CHESTER OPR,Pulp and Paper,PA,2026,99596.59054612624
1000869,KIMBERLY CLARK PA LLC/CHESTER OPR,Pulp and Paper,PA,2027,87159.90243705206
1000869,KIMBERLY CLARK PA LLC/CHESTER OPR,Pulp and Paper,PA,2028,76276.19129510348
1000870,Brooklyn Navy Yard Cogeneration Project,Power Plants,NY,2024,945466.8974861326
1000870,Brooklyn Navy Yard Cogeneration Project,Power Plants,NY,2025,939742.3054627059
1000870,Brooklyn Navy Yard Cogeneration Project,Power Plants,NY,2026,934052.3745722286
1000870,Brooklyn Navy Yard Cogeneration Project,Power Plants,NY,2027,928396.8949492445
1000870,Brooklyn Navy Yard Cogeneration Project,Power Plants,NY,2028,922775.6579989787
1000872,GUARDIAN ENERGY LLC,Other,MN,2024,181493.87097161464
1000872,GUARDIAN ENERGY LLC,Other,MN,2025,182331.34338778874
1000872,GUARDIAN ENERGY LLC,Other,MN,2026,183172.6801771455
1000872,GUARDIAN ENERGY LLC,Other,MN,2027,184017.89917117445
1000872,GUARDIAN ENERGY LLC,Other,MN,2028,184867.01828364414
1000881,FRANKLIN COUNTY LANDFILL,Waste,VA,2024,60425.615044850085
1000881,FRANKLIN COUNTY LANDFILL,Waste,VA,2025,61035.009864470005
1000881,FRANKLIN COUNTY LANDFILL,Waste,VA,2026,61650.550455976736
1000881,FRANKLIN COUNTY LANDFILL,Waste,VA,2027,62272.2987997331
1000881,FRANKLIN COUNTY LANDFILL,Waste,VA,2028,62900.31750117642
1000892,Martins Creek,Power Plants,PA,2024,266164.26966159214
1000892,Martins Creek,Power Plants,PA,2025,238352.6725612149
1000892,Martins Creek,Power Plants,PA,2026,213447.1189138418
1000892,Martins Creek,Power Plants,PA,2027,191143.95522843936
1000892,Martins Creek,Power Plants,PA,2028,171171.2568728531
1000901,Hunlock Creek Energy Center,Power Plants,PA,2024,261433.4076028556
1000901,Hunlock Creek Energy Center,Power Plants,PA,2025,280392.3674492548
1000901,Hunlock Creek Energy Center,Power Plants,PA,2026,300726.21722174715
1000901,Hunlock Creek Energy Center,Power Plants,PA,2027,322534.66293396364
1000901,Hunlock Creek Energy Center,Power Plants,PA,2028,345924.64120684797
1000904,MORNING STAR PACKING CO (Williams),Other,CA,2024,136506.75370441904
1000904,MORNING STAR PACKING CO (Williams),Other,CA,2025,143033.7363049694
1000904,MORNING STAR PACKING CO (Williams),Other,CA,2026,149872.80237913408
1000904,MORNING STAR PACKING CO (Williams),Other,CA,2027,157038.87399741108
1000904,MORNING STAR PACKING CO (Williams),Other,CA,2028,164547.58671949746
1000910,Urquhart,Power Plants,SC,2024,826135.6281853187
1000910,Urquhart,Power Plants,SC,2025,817976.1246308531
1000910,Urquhart,Power Plants,SC,2026,809897.2101418917
1000910,Urquhart,Power Plants,SC,2027,801898.0887634575
1000910,Urquhart,Power Plants,SC,2028,793977.9724019865
1000912,Williams,Petroleum and Natural Gas Systems,SC,2024,1941251.32471494
1000912,Williams,Petroleum and Natural Gas Systems,SC,2025,1879273.166912309
1000912,Williams,Petroleum and Natural Gas Systems,SC,2026,1819273.780222775
1000912,Williams,Petroleum and Natural Gas Systems,SC,2027,1761189.9885976037
1000912,Williams,Petroleum and Natural Gas Systems,SC,2028,1704960.6330041206
1000922,Nueces Bay,Power Plants,TX,2024,493528.30049153103
1000922,Nueces Bay,Power Plants,TX,2025,474027.5339367985
1000922,Nueces Bay,Power Plants,TX,2026,455297.3004920081
1000922,Nueces Bay,Power Plants,TX,2027,437307.1541092133
1000922,Nueces Bay,Power Plants,TX,2028,420027.85175410035
1000924,Victoria Power Station,Power Plants,TX,2024,423487.935637702
1000924,Victoria Power Station,Power Plants,TX,2025,436544.4893209447
1000924,Victoria Power Station,Power Plants,TX,2026,450003.58952260716
1000924,Victoria Power Station,Power Plants,TX,2027,463877.6471516783
1000924,Victoria Power Station,Power Plants,TX,2028,478179.4557578013
1000978,Bay Front,Power Plants,WI,2024,12624.240036938812
1000978,Bay Front,Power Plants,WI,2025,11205.403718568792
1000978,Bay Front,Power Plants,WI,2026,9946.030187062428
1000978,Bay Front,Power Plants,WI,2027,8828.197445311866
1000978,Bay Front,Power Plants,WI,2028,7835.99774659739
1000982,South Oak Creek,Power Plants,WI,2024,3820759.1119538797
1000982,South Oak Creek,Power Plants,WI,2025,3731709.4305743068
1000982,South Oak Creek,Power Plants,WI,2026,3644735.2126095872
1000982,South Oak Creek,Power Plants,WI,2027,3559788.0856419844
1000982,South Oak Creek,Power Plants,WI,2028,3476820.8046601927
1000986,Weston,Power Plants,WI,2024,3290654.0086296564
1000986,Weston,Power Plants,WI,2025,3196848.4395622653
1000986,Weston,Power Plants,WI,2026,3105716.954359358
1000986,Weston,Power Plants,WI,2027,3017183.3238099627
1000986,Weston,Power Plants,WI,2028,2931173.4917436317
1000995,J P Madgett,Power Plants,WI,2024,1747387.3742478362
1000995,J P Madgett,Power Plants,WI,2025,1726627.8356832876
1000995,J P Madgett,Power Plants,WI,2026,1706114.927286591
1000995,J P Madgett,Power Plants,WI,2027,1685845.7190099782
1000995,J P Madgett,Power Plants,WI,2028,1665817.31561561
1001001,Pleasants Power Station,Power Plants,WV,2024,5455288.676773426
1001001,Pleasants Power Station,Power Plants,WV,2025,5330847.358861453
1001001,Pleasants Power Station,Power Plants,WV,2026,5209244.688456733
1001001,Pleasants Power Station,Power Plants,WV,2027,5090415.912792213
1001001,Pleasants Power Station,Power Plants,WV,2028,4974297.756184861
1001011,Belle River,Power Plants,MI,2024,5770363.079646319
1001011,Belle River,Power Plants,MI,2025,5642553.860802278
1001011,Belle River,Power Plants,MI,2026,5517575.520396214
1001011,Belle River,Power Plants,MI,2027,5395365.356591734
1001011,Belle River,Power Plants,MI,2028,5275862.056351134
1001012,Greenwood,Power Plants,MI,2024,550338.2706901612
1001012,Greenwood,Power Plants,MI,2025,588498.4983370403
1001012,Greenwood,Power Plants,MI,2026,629304.7403565635
1001012,Greenwood,Power Plants,MI,2027,672940.4702889029
1001012,Greenwood,Power Plants,MI,2028,719601.8836534842
1001020,Colstrip,Power Plants,MT,2024,10183388.716603998
1001020,Colstrip,Power Plants,MT,2025,9898839.919360064
1001020,Colstrip,Power Plants,MT,2026,9622242.111739121
1001020,Colstrip,Power Plants,MT,2027,9353373.123636827
1001020,Colstrip,Power Plants,MT,2028,9092016.992925148
1001027,Big Stone,Power Plants,SD,2024,1923322.0989940374
1001027,Big Stone,Power Plants,SD,2025,1875534.581185952
1001027,Big Stone,Power Plants,SD,2026,1828934.4083677945
1001027,Big Stone,Power Plants,SD,2027,1783492.0793603915
1001027,Big Stone,Power Plants,SD,2028,1739178.8259809439
1001028,Wyodak,Power Plants,WY,2024,2155913.8570535914
1001028,Wyodak,Power Plants,WY,2025,2108477.6915222723
1001028,Wyodak,Power Plants,WY,2026,2062085.2549845583
1001028,Wyodak,Power Plants,WY,2027,2016713.58246847
1001028,Wyodak,Power Plants,WY,2028,1972340.2142959733
1001029,Fort St. Vrain,Power Plants,CO,2024,1477891.9750783695
1001029,Fort St. Vrain,Power Plants,CO,2025,1482830.8426820883
1001029,Fort St. Vrain,Power Plants,CO,2026,1487786.2151546464
1001029,Fort St. Vrain,Power Plants,CO,2027,1492758.1476525525
1001029,Fort St. Vrain,Power Plants,CO,2028,1497746.6955166396
1001038,Coleto Creek,Power Plants,TX,2024,2783553.639805967
1001038,Coleto Creek,Power Plants,TX,2025,2689473.4644400673
1001038,Coleto Creek,Power Plants,TX,2026,2598573.0659142034
1001038,Coleto Creek,Power Plants,TX,2027,2510744.9722693595
1001038,Coleto Creek,Power Plants,TX,2028,2425885.343946684
1001042,Harrington Station,Power Plants,TX,2024,3716921.448014654
1001042,Harrington Station,Power Plants,TX,2025,3581056.7540426143
1001042,Harrington Station,Power Plants,TX,2026,3450158.324579069
1001042,Harrington Station,Power Plants,TX,2027,3324044.6276715375
1001042,Harrington Station,Power Plants,TX,2028,3202540.766908162
1001044,John Twitty,Power Plants,MO,2024,2015731.4528007316
1001044,John Twitty,Power Plants,MO,2025,2002318.3452705625
1001044,John Twitty,Power Plants,MO,2026,1988994.4914221603
1001044,John Twitty,Power Plants,MO,2027,1975759.297342467
1001044,John Twitty,Power Plants,MO,2028,1962612.1730704491
1001046,Empire District Elec Co Energy Ctr,Power Plants,MO,2024,215669.74618109383
1001046,Empire District Elec Co Energy Ctr,Power Plants,MO,2025,243784.8225932382
1001046,Empire District Elec Co Energy Ctr,Power Plants,MO,2026,275565.02837868367
1001046,Empire District Elec Co Energy Ctr,Power Plants,MO,2027,311488.1560614879
1001046,Empire District Elec Co Energy Ctr,Power Plants,MO,2028,352094.2840150735
1001047,Roland C. Dansby Power Plant,Power Plants,TX,2024,117928.15151579998
1001047,Roland C. Dansby Power Plant,Power Plants,TX,2025,120565.84941055147
1001047,Roland C. Dansby Power Plant,Power Plants,TX,2026,123262.54467017809
1001047,Roland C. Dansby Power Plant,Power Plants,TX,2027,126019.55688820395
1001047,Roland C. Dansby Power Plant,Power Plants,TX,2028,128838.23517349042
1001048,Pawnee,Power Plants,CO,2024,3097438.783486571
1001048,Pawnee,Power Plants,CO,2025,3077568.8825284736
1001048,Pawnee,Power Plants,CO,2026,3057826.4459019364
1001048,Pawnee,Power Plants,CO,2027,3038210.655930219
1001048,Pawnee,Power Plants,CO,2028,3018720.700181936
1001050,Ottumwa,Power Plants,IA,2024,3642779.43460738
1001050,Ottumwa,Power Plants,IA,2025,3628172.5993583724
1001050,Ottumwa,Power Plants,IA,2026,3613624.3346706075
1001050,Ottumwa,Power Plants,IA,2027,3599134.405687568
1001050,Ottumwa,Power Plants,IA,2028,3584702.5784944454
1001052,Mountaineer (1301),Power Plants,WV,2024,5178918.500315583
1001052,Mountaineer (1301),Power Plants,WV,2025,5026251.658180703
1001052,Mountaineer (1301),Power Plants,WV,2026,4878085.2082968345
1001052,Mountaineer (1301),Power Plants,WV,2027,4734286.485770074
1001052,Mountaineer (1301),Power Plants,WV,2028,4594726.736471005
1001056,Toledo Refining Company,Petroleum Product Suppliers,OH,2024,1372731.074725756
1001056,Toledo Refining Company,Petroleum Product Suppliers,OH,2025,1326695.5673267334
1001056,Toledo Refining Company,Petroleum Product Suppliers,OH,2026,1282203.8932250661
1001056,Toledo Refining Company,Petroleum Product Suppliers,OH,2027,1239204.2788793235
1001056,Toledo Refining Company,Petroleum Product Suppliers,OH,2028,1197646.687010392
1001057,FCA STERLING HEIGHTS VEHICLE TEST CENTER,Other,MI,2024,385.44622266474136
1001057,FCA STERLING HEIGHTS VEHICLE TEST CENTER,Other,MI,2025,382.7435673394243
1001057,FCA STERLING HEIGHTS VEHICLE TEST CENTER,Other,MI,2026,380.0598623770314
1001057,FCA STERLING HEIGHTS VEHICLE TEST CENTER,Other,MI,2027,377.39497490222055
1001057,FCA STERLING HEIGHTS VEHICLE TEST CENTER,Other,MI,2028,374.74877297133594
1001063,Sikeston,Power Plants,MO,2024,1549885.471412734
1001063,Sikeston,Power Plants,MO,2025,1538647.121479243
1001063,Sikeston,Power Plants,MO,2026,1527490.2617665154
1001063,Sikeston,Power Plants,MO,2027,1516414.301382111
1001063,Sikeston,Power Plants,MO,2028,1505418.6537181914
1001069,REPUBLIC PAPERBOARD CO,Pulp and Paper,OK,2024,81019.42231055666
1001069,REPUBLIC PAPERBOARD CO,Pulp and Paper,OK,2025,82620.56160157481
1001069,REPUBLIC PAPERBOARD CO,Pulp and Paper,OK,2026,84253.3432686567
1001069,REPUBLIC PAPERBOARD CO,Pulp and Paper,OK,2027,85918.3926415093
1001069,REPUBLIC PAPERBOARD CO,Pulp and Paper,OK,2028,87616.347407863
1001071,DIDION ETHANOL LLC,Other,WI,2024,84020.7187582647
1001071,DIDION ETHANOL LLC,Other,WI,2025,84211.20886114276
1001071,DIDION ETHANOL LLC,Other,WI,2026,84402.13083939416
1001071,DIDION ETHANOL LLC,Other,WI,2027,84593.48567215847
1001071,DIDION ETHANOL LLC,Other,WI,2028,84785.2743407945
1001090,Cargill Texturizing Solutions,Other,IN,2024,73293.50001507308
1001090,Cargill Texturizing Solutions,Other,IN,2025,72933.30765978787
1001090,Cargill Texturizing Solutions,Other,IN,2026,72574.88542781181
1001090,Cargill Texturizing Solutions,Other,IN,2027,72218.22462008083
1001090,Cargill Texturizing Solutions,Other,IN,2028,71863.31658028068
1001092,Cope Station,Power Plants,SC,2024,957622.8900151667
1001092,Cope Station,Power Plants,SC,2025,901156.7947131011
1001092,Cope Station,Power Plants,SC,2026,848020.2145593344
1001092,Cope Station,Power Plants,SC,2027,798016.8251743692
1001092,Cope Station,Power Plants,SC,2028,750961.8784173708
1001098,Cane Island,Power Plants,FL,2024,1599841.2539044505
1001098,Cane Island,Power Plants,FL,2025,1645391.3737089024
1001098,Cane Island,Power Plants,FL,2026,1692238.380569574
1001098,Cane Island,Power Plants,FL,2027,1740419.1990004722
1001098,Cane Island,Power Plants,FL,2028,1789971.804817433
1001103,GERDAU AMERISTEEL CARTERSVILLE STEEL MILL,Metals,GA,2024,87189.67543048273
1001103,GERDAU AMERISTEEL CARTERSVILLE STEEL MILL,Metals,GA,2025,87687.73921197103
1001103,GERDAU AMERISTEEL CARTERSVILLE STEEL MILL,Metals,GA,2026,88188.64814145642
1001103,GERDAU AMERISTEEL CARTERSVILLE STEEL MILL,Metals,GA,2027,88692.41847161073
1001103,GERDAU AMERISTEEL CARTERSVILLE STEEL MILL,Metals,GA,2028,89199.0665479477
1001104,V H Braunig,Power Plants,TX,2024,2003786.2773751158
1001104,V H Braunig,Power Plants,TX,2025,2101081.9561641812
1001104,V H Braunig,Power Plants,TX,2026,2203101.9157899325
1001104,V H Braunig,Power Plants,TX,2027,2310075.548037313
1001104,V H Braunig,Power Plants,TX,2028,2422243.3830195647
1001108,Paris,Power Plants,WI,2024,154637.91926170138
1001108,Paris,Power Plants,WI,2025,176158.52193550224
1001108,Paris,Power Plants,WI,2026,200674.0972631951
1001108,Paris,Power Plants,WI,2027,228601.4486834907
1001108,Paris,Power Plants,WI,2028,260415.3852086384
1001112,Hines Energy Complex,Power Plants,FL,2024,4438695.876219778
1001112,Hines Energy Complex,Power Plants,FL,2025,4420058.462909713
1001112,Hines Energy Complex,Power Plants,FL,2026,4401499.305282068
1001112,Hines Energy Complex,Power Plants,FL,2027,4383018.074753067
1001112,Hines Energy Complex,Power Plants,FL,2028,4364614.444118605
1001113,Richard M Flynn (Holtsville),Power Plants,NY,2024,154363.88613139253
1001113,Richard M Flynn (Holtsville),Power Plants,NY,2025,139341.2209707958
1001113,Richard M Flynn (Holtsville),Power Plants,NY,2026,125780.55883553957
1001113,Richard M Flynn (Holtsville),Power Plants,NY,2027,113539.61785864136
1001113,Richard M Flynn (Holtsville),Power Plants,NY,2028,102489.96301838532
1001117,George Neal South,Power Plants,IA,2024,883319.5725200063
1001117,George Neal South,Power Plants,IA,2025,777838.2708660808
1001117,George Neal South,Power Plants,IA,2026,684952.9824159206
1001117,George Neal South,Power Plants,IA,2027,603159.5586034607
1001117,George Neal South,Power Plants,IA,2028,531133.468244119
1001119,Coyote Springs,Power Plants,OR,2024,1511202.6644551407
1001119,Coyote Springs,Power Plants,OR,2025,1579786.9090915488
1001119,Coyote Springs,Power Plants,OR,2026,1651483.7730496298
1001119,Coyote Springs,Power Plants,OR,2027,1726434.5190799325
1001119,Coyote Springs,Power Plants,OR,2028,1804786.8209851263
1001120,ST PAUL COGENERATION,Power Plants,MN,2024,34807.06007874337
1001120,ST PAUL COGENERATION,Power Plants,MN,2025,35425.46635745697
1001120,ST PAUL COGENERATION,Power Plants,MN,2026,36054.85966939559
1001120,ST PAUL COGENERATION,Power Plants,MN,2027,36695.43521778286
1001120,ST PAUL COGENERATION,Power Plants,MN,2028,37347.391673957725
1001125,Neil Simpson II,Power Plants,WY,2024,834098.7084409405
1001125,Neil Simpson II,Power Plants,WY,2025,840932.1179463869
1001125,Neil Simpson II,Power Plants,WY,2026,847821.5106166498
1001125,Neil Simpson II,Power Plants,WY,2027,854767.3450975561
1001125,Neil Simpson II,Power Plants,WY,2028,861770.0837924178
1001126,McPherson Municipal Power Plant #3,Power Plants,KS,2024,17403.02573272405
1001126,McPherson Municipal Power Plant #3,Power Plants,KS,2025,20440.036742712167
1001126,McPherson Municipal Power Plant #3,Power Plants,KS,2026,24007.038112792987
1001126,McPherson Municipal Power Plant #3,Power Plants,KS,2027,28196.518734467863
1001126,McPherson Municipal Power Plant #3,Power Plants,KS,2028,33117.10778346832
1001129,Procter & Gamble Power Plant,Power Plants,CA,2024,324356.6146226807
1001129,Procter & Gamble Power Plant,Power Plants,CA,2025,321087.1953199877
1001129,Procter & Gamble Power Plant,Power Plants,CA,2026,317850.7308025359
1001129,Procter & Gamble Power Plant,Power Plants,CA,2027,314646.8888957811
1001129,Procter & Gamble Power Plant,Power Plants,CA,2028,311475.3407733998
1001133,River Road,Power Plants,WA,2024,725171.2982429907
1001133,River Road,Power Plants,WA,2025,751157.0684876076
1001133,River Road,Power Plants,WA,2026,778074.0121761281
1001133,River Road,Power Plants,WA,2027,805955.4969545564
1001133,River Road,Power Plants,WA,2028,834836.0861642914
1001135,Washington County Cogen (Olin),Power Plants,AL,2024,456669.6696567722
1001135,Washington County Cogen (Olin),Power Plants,AL,2025,452853.8861650322
1001135,Washington County Cogen (Olin),Power Plants,AL,2026,449069.9861212707
1001135,Washington County Cogen (Olin),Power Plants,AL,2027,445317.70311774797
1001135,Washington County Cogen (Olin),Power Plants,AL,2028,441596.7729727401
1001140,Theodore Cogeneration,Power Plants,AL,2024,655514.5267785693
1001140,Theodore Cogeneration,Power Plants,AL,2025,648275.607760228
1001140,Theodore Cogeneration,Power Plants,AL,2026,641116.6289208048
1001140,Theodore Cogeneration,Power Plants,AL,2027,634036.7074721114
1001140,Theodore Cogeneration,Power Plants,AL,2028,627034.9703746878
1001142,Chouteau Power Plant,Power Plants,OK,2024,2626385.135098074
1001142,Chouteau Power Plant,Power Plants,OK,2025,2830921.5645421497
1001142,Chouteau Power Plant,Power Plants,OK,2026,3051386.7892000903
1001142,Chouteau Power Plant,Power Plants,OK,2027,3289021.304555542
1001142,Chouteau Power Plant,Power Plants,OK,2028,3545162.21283637
1001143,CHIPPEWA VALLEY ETHANOL COMPANY,Other,MN,2024,72809.79609513843
1001143,CHIPPEWA VALLEY ETHANOL COMPANY,Other,MN,2025,72464.47585576761
1001143,CHIPPEWA VALLEY ETHANOL COMPANY,Other,MN,2026,72120.79339145064
1001143,CHIPPEWA VALLEY ETHANOL COMPANY,Other,MN,2027,71778.74093459435
1001143,CHIPPEWA VALLEY ETHANOL COMPANY,Other,MN,2028,71438.31075444548
1001149,Bonanza,Power Plants,UT,2024,3454520.862648808
1001149,Bonanza,Power Plants,UT,2025,3465685.125470989
1001149,Bonanza,Power Plants,UT,2026,3476885.468771279
1001149,Bonanza,Power Plants,UT,2027,3488122.0091539584
1001149,Bonanza,Power Plants,UT,2028,3499394.8636001665
1001154,Itafos Conda LLC,Chemicals,ID,2024,133005.2762941166
1001154,Itafos Conda LLC,Chemicals,ID,2025,135435.40772762147
1001154,Itafos Conda LLC,Chemicals,ID,2026,137909.9399469344
1001154,Itafos Conda LLC,Chemicals,ID,2027,140429.68419615316
1001154,Itafos Conda LLC,Chemicals,ID,2028,142995.466541566
1001158,John S. Rainey Generating Station,Power Plants,SC,2024,2681631.393331298
1001158,John S. Rainey Generating Station,Power Plants,SC,2025,2759623.6061296603
1001158,John S. Rainey Generating Station,Power Plants,SC,2026,2839884.1341305883
1001158,John S. Rainey Generating Station,Power Plants,SC,2027,2922478.9487134595
1001158,John S. Rainey Generating Station,Power Plants,SC,2028,3007475.939960504
1001161,Ladysmith Combustion Turbine Sta,Power Plants,VA,2024,464697.6075424351
1001161,Ladysmith Combustion Turbine Sta,Power Plants,VA,2025,479891.304681259
1001161,Ladysmith Combustion Turbine Sta,Power Plants,VA,2026,495581.77311608056
1001161,Ladysmith Combustion Turbine Sta,Power Plants,VA,2027,511785.2552215034
1001161,Ladysmith Combustion Turbine Sta,Power Plants,VA,2028,528518.5244308584
1001163,Plant H. Allen Franklin,Power Plants,AL,2024,4821740.685420318
1001163,Plant H. Allen Franklin,Power Plants,AL,2025,4919920.33083423
1001163,Plant H. Allen Franklin,Power Plants,AL,2026,5020099.097188594
1001163,Plant H. Allen Franklin,Power Plants,AL,2027,5122317.690319294
1001163,Plant H. Allen Franklin,Power Plants,AL,2028,5226617.64490906
1001167,Brandy Branch,Power Plants,FL,2024,1809120.4117032925
1001167,Brandy Branch,Power Plants,FL,2025,1857147.241447295
1001167,Brandy Branch,Power Plants,FL,2026,1906449.042365318
1001167,Brandy Branch,Power Plants,FL,2027,1957059.6611947697
1001167,Brandy Branch,Power Plants,FL,2028,2009013.8432044443
1001174,Seward Generation LLC,Power Plants,PA,2024,2522937.8057155074
1001174,Seward Generation LLC,Power Plants,PA,2025,2543192.2513517695
1001174,Seward Generation LLC,Power Plants,PA,2026,2563609.3020935217
1001174,Seward Generation LLC,Power Plants,PA,2027,2584190.2633539415
1001174,Seward Generation LLC,Power Plants,PA,2028,2604936.4510262245
1001177,McCartney Generating Station,Power Plants,MO,2024,53128.21786210354
1001177,McCartney Generating Station,Power Plants,MO,2025,56292.05010728203
1001177,McCartney Generating Station,Power Plants,MO,2026,59644.2913538996
1001177,McCartney Generating Station,Power Plants,MO,2027,63196.16152421256
1001177,McCartney Generating Station,Power Plants,MO,2028,66959.54869674618
1001178,Chattahoochee Energy Facility,Power Plants,GA,2024,1262954.271160158
1001178,Chattahoochee Energy Facility,Power Plants,GA,2025,1288912.0479224252
1001178,Chattahoochee Energy Facility,Power Plants,GA,2026,1315403.3405766184
1001178,Chattahoochee Energy Facility,Power Plants,GA,2027,1342439.1145921436
1001178,Chattahoochee Energy Facility,Power Plants,GA,2028,1370030.5608141103
1001182,Roseton Generating Facility,Power Plants,NY,2024,130442.17773461703
1001182,Roseton Generating Facility,Power Plants,NY,2025,123737.8518999883
1001182,Roseton Generating Facility,Power Plants,NY,2026,117378.10774651136
1001182,Roseton Generating Facility,Power Plants,NY,2027,111345.23483798199
1001182,Roseton Generating Facility,Power Plants,NY,2028,105622.43300002282
1001194,Gen J M Gavin,Power Plants,OH,2024,11950860.267808447
1001194,Gen J M Gavin,Power Plants,OH,2025,11713532.40172247
1001194,Gen J M Gavin,Power Plants,OH,2026,11480917.544972952
1001194,Gen J M Gavin,Power Plants,OH,2027,11252922.103590587
1001194,Gen J M Gavin,Power Plants,OH,2028,11029454.342255391
1001195,Ray D Nixon,Power Plants,CO,2024,1040671.6764991477
1001195,Ray D Nixon,Power Plants,CO,2025,1009255.8741896816
1001195,Ray D Nixon,Power Plants,CO,2026,978788.452293592
1001195,Ray D Nixon,Power Plants,CO,2027,949240.7810977312
1001195,Ray D Nixon,Power Plants,CO,2028,920585.095162885
1001196,Springerville Generating Station,Power Plants,AZ,2024,7247963.323783982
1001196,Springerville Generating Station,Power Plants,AZ,2025,7059586.050728938
1001196,Springerville Generating Station,Power Plants,AZ,2026,6876104.773337548
1001196,Springerville Generating Station,Power Plants,AZ,2027,6697392.242854453
1001196,Springerville Generating Station,Power Plants,AZ,2028,6523324.517766924
1001203,"John B. Rich Memorial Power Station, Gilberton Power Company",Power Plants,PA,2024,898313.7692256096
1001203,"John B. Rich Memorial Power Station, Gilberton Power Company",Power Plants,PA,2025,905803.1343338357
1001203,"John B. Rich Memorial Power Station, Gilberton Power Company",Power Plants,PA,2026,913354.9393062227
1001203,"John B. Rich Memorial Power Station, Gilberton Power Company",Power Plants,PA,2027,920969.7047124825
1001203,"John B. Rich Memorial Power Station, Gilberton Power Company",Power Plants,PA,2028,928647.9554623864
1001209,Louisiana 1,Power Plants,LA,2024,2075748.4515632293
1001209,Louisiana 1,Power Plants,LA,2025,2087556.1242947828
1001209,Louisiana 1,Power Plants,LA,2026,2099430.9637079365
1001209,Louisiana 1,Power Plants,LA,2027,2111373.3518731673
1001209,Louisiana 1,Power Plants,LA,2028,2123383.673034321
1001215,PASSAIC VALLEY SEWER COMM,Other,NJ,2024,33129.02318589745
1001215,PASSAIC VALLEY SEWER COMM,Other,NJ,2025,34054.82346820359
1001215,PASSAIC VALLEY SEWER COMM,Other,NJ,2026,35006.49551128906
1001215,PASSAIC VALLEY SEWER COMM,Other,NJ,2027,35984.762309106874
1001215,PASSAIC VALLEY SEWER COMM,Other,NJ,2028,36990.36705988836
1001224,Brush Power Projects,Power Plants,CO,2024,87890.49907861995
1001224,Brush Power Projects,Power Plants,CO,2025,94290.66087026197
1001224,Brush Power Projects,Power Plants,CO,2026,101156.88067031931
1001224,Brush Power Projects,Power Plants,CO,2027,108523.09669383687
1001224,Brush Power Projects,Power Plants,CO,2028,116425.71852727603
1001232,Linden Cogeneration Facility,Power Plants,NJ,2024,2880635.6300091273
1001232,Linden Cogeneration Facility,Power Plants,NJ,2025,2955027.155067658
1001232,Linden Cogeneration Facility,Power Plants,NJ,2026,3031339.8182746177
1001232,Linden Cogeneration Facility,Power Plants,NJ,2027,3109623.2324290774
1001232,Linden Cogeneration Facility,Power Plants,NJ,2028,3189928.2915653153
1001243,Indeck-Corinth Energy Center,Power Plants,NY,2024,215962.60688799314
1001243,Indeck-Corinth Energy Center,Power Plants,NY,2025,207130.03054873308
1001243,Indeck-Corinth Energy Center,Power Plants,NY,2026,198658.69454599754
1001243,Indeck-Corinth Energy Center,Power Plants,NY,2027,190533.82464226813
1001243,Indeck-Corinth Energy Center,Power Plants,NY,2028,182741.25084620886
1001244,Procter & Gamble Paper Products,Pulp and Paper,PA,2024,728108.4717099612
1001244,Procter & Gamble Paper Products,Pulp and Paper,PA,2025,736968.0246491065
1001244,Procter & Gamble Paper Products,Pulp and Paper,PA,2026,745935.3797651655
1001244,Procter & Gamble Paper Products,Pulp and Paper,PA,2027,755011.8487845295
1001244,Procter & Gamble Paper Products,Pulp and Paper,PA,2028,764198.7593945356
1001250,MICHIGAN STATE UNIVERSITY,Other,MI,2024,297240.7764787566
1001250,MICHIGAN STATE UNIVERSITY,Other,MI,2025,286133.68095595343
1001250,MICHIGAN STATE UNIVERSITY,Other,MI,2026,275441.62798691366
1001250,MICHIGAN STATE UNIVERSITY,Other,MI,2027,265149.1085376997
1001250,MICHIGAN STATE UNIVERSITY,Other,MI,2028,255241.19310562918
1001257,Carr Street Generating Station,Power Plants,NY,2024,95331.28898202014
1001257,Carr Street Generating Station,Power Plants,NY,2025,105105.60312882428
1001257,Carr Street Generating Station,Power Plants,NY,2026,115882.07740647923
1001257,Carr Street Generating Station,Power Plants,NY,2027,127763.46326258393
1001257,Carr Street Generating Station,Power Plants,NY,2028,140863.04724751983
1001262,Merck Sharp & Dohme LLC,Chemicals,PA,2024,232052.591961216
1001262,Merck Sharp & Dohme LLC,Chemicals,PA,2025,228884.5954495214
1001262,Merck Sharp & Dohme LLC,Chemicals,PA,2026,225759.8486245168
1001262,Merck Sharp & Dohme LLC,Chemicals,PA,2027,222677.76103877413
1001262,Merck Sharp & Dohme LLC,Chemicals,PA,2028,219637.75030568652
1001268,KIAC Cogeneration,Power Plants,NY,2024,245203.39146802318
1001268,KIAC Cogeneration,Power Plants,NY,2025,240234.17711583615
1001268,KIAC Cogeneration,Power Plants,NY,2026,235365.6672895133
1001268,KIAC Cogeneration,Power Plants,NY,2027,230595.82114299436
1001268,KIAC Cogeneration,Power Plants,NY,2028,225922.63918936075
1001270,Nissequogue Cogen,Power Plants,NY,2024,172568.34689330912
1001270,Nissequogue Cogen,Power Plants,NY,2025,171530.91460785078
1001270,Nissequogue Cogen,Power Plants,NY,2026,170499.71907302682
1001270,Nissequogue Cogen,Power Plants,NY,2027,169474.72279524885
1001270,Nissequogue Cogen,Power Plants,NY,2028,168455.8885063303
1001275,Mulberry Cogeneration Facility,Power Plants,FL,2024,182255.23233872908
1001275,Mulberry Cogeneration Facility,Power Plants,FL,2025,181734.52253102884
1001275,Mulberry Cogeneration Facility,Power Plants,FL,2026,181215.30041013108
1001275,Mulberry Cogeneration Facility,Power Plants,FL,2027,180697.56172566098
1001275,Mulberry Cogeneration Facility,Power Plants,FL,2028,180181.30223938628
1001276,Orlando CoGen,Power Plants,FL,2024,447833.3581550774
1001276,Orlando CoGen,Power Plants,FL,2025,453919.0165932864
1001276,Orlando CoGen,Power Plants,FL,2026,460087.3737361635
1001276,Orlando CoGen,Power Plants,FL,2027,466339.55338581203
1001276,Orlando CoGen,Power Plants,FL,2028,472676.69461580925
1001282,St. Nicholas Cogeneration Project,Power Plants,PA,2024,1110677.7008863983
1001282,St. Nicholas Cogeneration Project,Power Plants,PA,2025,1105903.7538414488
1001282,St. Nicholas Cogeneration Project,Power Plants,PA,2026,1101150.3263138824
1001282,St. Nicholas Cogeneration Project,Power Plants,PA,2027,1096417.3301061091
1001282,St. Nicholas Cogeneration Project,Power Plants,PA,2028,1091704.677399647
1001285,Grays Ferry Cogen Partnership,Power Plants,PA,2024,689309.0629971647
1001285,Grays Ferry Cogen Partnership,Power Plants,PA,2025,694212.1677971665
1001285,Grays Ferry Cogen Partnership,Power Plants,PA,2026,699150.1487332436
1001285,Grays Ferry Cogen Partnership,Power Plants,PA,2027,704123.2538818541
1001285,Grays Ferry Cogen Partnership,Power Plants,PA,2028,709131.7330840409
1001290,ILLINOIS STATE UNIVERSITY,Other,IL,2024,24939.804500863233
1001290,ILLINOIS STATE UNIVERSITY,Other,IL,2025,24602.802608493334
1001290,ILLINOIS STATE UNIVERSITY,Other,IL,2026,24270.3544918139
1001290,ILLINOIS STATE UNIVERSITY,Other,IL,2027,23942.39861742257
1001290,ILLINOIS STATE UNIVERSITY,Other,IL,2028,23618.874283393903
1001299,Bridgeport Energy,Power Plants,CT,2024,904281.7320535306
1001299,Bridgeport Energy,Power Plants,CT,2025,886897.7247683505
1001299,Bridgeport Energy,Power Plants,CT,2026,869847.9094706662
1001299,Bridgeport Energy,Power Plants,CT,2027,853125.8616185023
1001299,Bridgeport Energy,Power Plants,CT,2028,836725.280175955
1001305,Mustang Station,Power Plants,TX,2024,631024.1093272313
1001305,Mustang Station,Power Plants,TX,2025,615406.3658604441
1001305,Mustang Station,Power Plants,TX,2026,600175.1589893089
1001305,Mustang Station,Power Plants,TX,2027,585320.921996325
1001305,Mustang Station,Power Plants,TX,2028,570834.3249386814
1001308,Zeeland Generating Station,Power Plants,MI,2024,2112327.260820201
1001308,Zeeland Generating Station,Power Plants,MI,2025,2257133.064366286
1001308,Zeeland Generating Station,Power Plants,MI,2026,2411865.7012821576
1001308,Zeeland Generating Station,Power Plants,MI,2027,2577205.6831104388
1001308,Zeeland Generating Station,Power Plants,MI,2028,2753880.1723188185
1001309,Midlothian Energy,Power Plants,TX,2024,1947623.5909476199
1001309,Midlothian Energy,Power Plants,TX,2025,1938805.845109964
1001309,Midlothian Energy,Power Plants,TX,2026,1930028.0210734296
1001309,Midlothian Energy,Power Plants,TX,2027,1921289.9380945247
1001309,Midlothian Energy,Power Plants,TX,2028,1912591.4162480521
1001314,Klamath Cogeneration Project,Power Plants,OR,2024,1185465.088316379
1001314,Klamath Cogeneration Project,Power Plants,OR,2025,1207504.638873902
1001314,Klamath Cogeneration Project,Power Plants,OR,2026,1229953.937296263
1001314,Klamath Cogeneration Project,Power Plants,OR,2027,1252820.6014027228
1001314,Klamath Cogeneration Project,Power Plants,OR,2028,1276112.3906390753
1001315,Rhode Island State Energy Center,Power Plants,RI,2024,1333644.9020848942
1001315,Rhode Island State Energy Center,Power Plants,RI,2025,1386907.1673946069
1001315,Rhode Island State Energy Center,Power Plants,RI,2026,1442296.5873175804
1001315,Rhode Island State Energy Center,Power Plants,RI,2027,1499898.1148073259
1001315,Rhode Island State Energy Center,Power Plants,RI,2028,1559800.0956145977
1001325,Magic Valley Generating Station,Power Plants,TX,2024,1010083.3367520035
1001325,Magic Valley Generating Station,Power Plants,TX,2025,981242.194359198
1001325,Magic Valley Generating Station,Power Plants,TX,2026,953224.5597545668
1001325,Magic Valley Generating Station,Power Plants,TX,2027,926006.9191303729
1001325,Magic Valley Generating Station,Power Plants,TX,2028,899566.4300740517
1001329,Desert Basin Generating Station,Power Plants,AZ,2024,1017293.3633443034
1001329,Desert Basin Generating Station,Power Plants,AZ,2025,1091076.7784051446
1001329,Desert Basin Generating Station,Power Plants,AZ,2026,1170211.6412726867
1001329,Desert Basin Generating Station,Power Plants,AZ,2027,1255086.0878661522
1001329,Desert Basin Generating Station,Power Plants,AZ,2028,1346116.4052700547
1001331,Tenaska Gateway Generating Station,Power Plants,TX,2024,1333461.3159603765
1001331,Tenaska Gateway Generating Station,Power Plants,TX,2025,1323938.9334857813
1001331,Tenaska Gateway Generating Station,Power Plants,TX,2026,1314484.5513100359
1001331,Tenaska Gateway Generating Station,Power Plants,TX,2027,1305097.6838361146
1001331,Tenaska Gateway Generating Station,Power Plants,TX,2028,1295777.8489346814
1001333,"Rio Nogales Power Project, LP",Power Plants,TX,2024,1687246.8295936198
1001333,"Rio Nogales Power Project, LP",Power Plants,TX,2025,1752027.6548713201
1001333,"Rio Nogales Power Project, LP",Power Plants,TX,2026,1819295.7008982603
1001333,"Rio Nogales Power Project, LP",Power Plants,TX,2027,1889146.4630162974
1001333,"Rio Nogales Power Project, LP",Power Plants,TX,2028,1961679.1030533893
1001338,Lake Road Generating Company,Power Plants,CT,2024,2149935.8039073977
1001338,Lake Road Generating Company,Power Plants,CT,2025,2176335.851035378
1001338,Lake Road Generating Company,Power Plants,CT,2026,2203060.0764421243
1001338,Lake Road Generating Company,Power Plants,CT,2027,2230112.4608612964
1001338,Lake Road Generating Company,Power Plants,CT,2028,2257497.033907818
1001347,Acadia Power Station,Power Plants,LA,2024,2249809.908061757
1001347,Acadia Power Station,Power Plants,LA,2025,2297723.4109617528
1001347,Acadia Power Station,Power Plants,LA,2026,2346657.3128527566
1001347,Acadia Power Station,Power Plants,LA,2027,2396633.344855181
1001347,Acadia Power Station,Power Plants,LA,2028,2447673.700890359
1001351,Dogwood Energy Facility,Power Plants,MO,2024,978371.930277915
1001351,Dogwood Energy Facility,Power Plants,MO,2025,1043296.1391652188
1001351,Dogwood Energy Facility,Power Plants,MO,2026,1112528.681896936
1001351,Dogwood Energy Facility,Power Plants,MO,2027,1186355.457074425
1001351,Dogwood Energy Facility,Power Plants,MO,2028,1265081.335368801
1001352,"Rathdrum Power, LLC",Power Plants,ID,2024,738812.6031378963
1001352,"Rathdrum Power, LLC",Power Plants,ID,2025,770070.6099121529
1001352,"Rathdrum Power, LLC",Power Plants,ID,2026,802651.0941094405
1001352,"Rathdrum Power, LLC",Power Plants,ID,2027,836610.00768303
1001352,"Rathdrum Power, LLC",Power Plants,ID,2028,872005.6698259066
1001356,Ontelaunee Energy Center,Power Plants,PA,2024,1700640.0092027097
1001356,Ontelaunee Energy Center,Power Plants,PA,2025,1743195.6313157855
1001356,Ontelaunee Energy Center,Power Plants,PA,2026,1786816.1354518859
1001356,Ontelaunee Energy Center,Power Plants,PA,2027,1831528.1684714379
1001356,Ontelaunee Energy Center,Power Plants,PA,2028,1877359.044027203
1001357,Caledonia,Power Plants,MS,2024,1664144.379983889
1001357,Caledonia,Power Plants,MS,2025,1689770.5138805415
1001357,Caledonia,Power Plants,MS,2026,1715791.2642217698
1001357,Caledonia,Power Plants,MS,2027,1742212.7077001773
1001357,Caledonia,Power Plants,MS,2028,1769041.0145832659
1001363,Corpus Christi Energy Center,Power Plants,TX,2024,1203924.320427926
1001363,Corpus Christi Energy Center,Power Plants,TX,2025,1190999.3552074244
1001363,Corpus Christi Energy Center,Power Plants,TX,2026,1178213.1484812184
1001363,Corpus Christi Energy Center,Power Plants,TX,2027,1165564.2105803317
1001363,Corpus Christi Energy Center,Power Plants,TX,2028,1153051.0678284208
1001372,Freestone Power Generation,Power Plants,TX,2024,2780262.1204963536
1001372,Freestone Power Generation,Power Plants,TX,2025,2879122.6991309174
1001372,Freestone Power Generation,Power Plants,TX,2026,2981498.562866082
1001372,Freestone Power Generation,Power Plants,TX,2027,3087514.708232419
1001372,Freestone Power Generation,Power Plants,TX,2028,3197300.576387933
1001376,Liberty Electric Power Plant,Power Plants,PA,2024,1598166.81090359
1001376,Liberty Electric Power Plant,Power Plants,PA,2025,1610953.3287536032
1001376,Liberty Electric Power Plant,Power Plants,PA,2026,1623842.148214198
1001376,Liberty Electric Power Plant,Power Plants,PA,2027,1636834.0877740022
1001376,Liberty Electric Power Plant,Power Plants,PA,2028,1649929.9724701708
1001405,Blythe Energy,Power Plants,CA,2024,750127.6812795951
1001405,Blythe Energy,Power Plants,CA,2025,765388.4177928176
1001405,Blythe Energy,Power Plants,CA,2026,780959.6215568001
1001405,Blythe Energy,Power Plants,CA,2027,796847.6087748053
1001405,Blythe Energy,Power Plants,CA,2028,813058.8241481133
1001407,"Fairless Energy, LLC",Power Plants,PA,2024,2795894.282274424
1001407,"Fairless Energy, LLC",Power Plants,PA,2025,2795208.8515592087
1001407,"Fairless Energy, LLC",Power Plants,PA,2026,2794523.588881552
1001407,"Fairless Energy, LLC",Power Plants,PA,2027,2793838.49420027
1001407,"Fairless Energy, LLC",Power Plants,PA,2028,2793153.5674741715
1001414,E C Gaston,Power Plants,AL,2024,2958076.8315835716
1001414,E C Gaston,Power Plants,AL,2025,2730032.2711683586
1001414,E C Gaston,Power Plants,AL,2026,2519568.160652123
1001414,E C Gaston,Power Plants,AL,2027,2325329.1850118325
1001414,E C Gaston,Power Plants,AL,2028,2146064.513399902
1001425,Irvington Generating Station,Power Plants,AZ,2024,642470.9784140154
1001425,Irvington Generating Station,Power Plants,AZ,2025,643346.7004751255
1001425,Irvington Generating Station,Power Plants,AZ,2026,644223.6161919088
1001425,Irvington Generating Station,Power Plants,AZ,2027,645101.7271913816
1001425,Irvington Generating Station,Power Plants,AZ,2028,645981.0351027775
1001435,Mint Farm Generation Station,Power Plants,WA,2024,777144.7428276347
1001435,Mint Farm Generation Station,Power Plants,WA,2025,816320.2868744925
1001435,Mint Farm Generation Station,Power Plants,WA,2026,857470.6538427306
1001435,Mint Farm Generation Station,Power Plants,WA,2027,900695.3937364602
1001435,Mint Farm Generation Station,Power Plants,WA,2028,946099.0748341919
1001436,GOLDENDALE GENERATING STATION,Power Plants,WA,2024,808398.0061666928
1001436,GOLDENDALE GENERATING STATION,Power Plants,WA,2025,867242.4232881246
1001436,GOLDENDALE GENERATING STATION,Power Plants,WA,2026,930370.2075133198
1001436,GOLDENDALE GENERATING STATION,Power Plants,WA,2027,998093.1511013053
1001436,GOLDENDALE GENERATING STATION,Power Plants,WA,2028,1070745.7421040349
1001437,MAUI ELECTRIC CO (MECO) - KAHULUI GENERATING STATION,Power Plants,HI,2024,161833.62354938578
1001437,MAUI ELECTRIC CO (MECO) - KAHULUI GENERATING STATION,Power Plants,HI,2025,162435.02490752883
1001437,MAUI ELECTRIC CO (MECO) - KAHULUI GENERATING STATION,Power Plants,HI,2026,163038.6611757335
1001437,MAUI ELECTRIC CO (MECO) - KAHULUI GENERATING STATION,Power Plants,HI,2027,163644.54065930686
1001437,MAUI ELECTRIC CO (MECO) - KAHULUI GENERATING STATION,Power Plants,HI,2028,164252.67169441975
1001438,MAUI ELECTRIC CO (MECO) - MAALAEA GENERATING STATION,Power Plants,HI,2024,427026.6814542525
1001438,MAUI ELECTRIC CO (MECO) - MAALAEA GENERATING STATION,Power Plants,HI,2025,421350.1497890565
1001438,MAUI ELECTRIC CO (MECO) - MAALAEA GENERATING STATION,Power Plants,HI,2026,415749.077136483
1001438,MAUI ELECTRIC CO (MECO) - MAALAEA GENERATING STATION,Power Plants,HI,2027,410222.46040821634
1001438,MAUI ELECTRIC CO (MECO) - MAALAEA GENERATING STATION,Power Plants,HI,2028,404769.30985014915
1001451,Mountainview Generating Station,Power Plants,CA,2024,941642.2165898316
1001451,Mountainview Generating Station,Power Plants,CA,2025,880216.498567586
1001451,Mountainview Generating Station,Power Plants,CA,2026,822797.736444376
1001451,Mountainview Generating Station,Power Plants,CA,2027,769124.5462902519
1001451,Mountainview Generating Station,Power Plants,CA,2028,718952.5949141657
1001457,Valley Generating Station,Power Plants,CA,2024,574860.5653939736
1001457,Valley Generating Station,Power Plants,CA,2025,578800.7979426959
1001457,Valley Generating Station,Power Plants,CA,2026,582768.0377927918
1001457,Valley Generating Station,Power Plants,CA,2027,586762.4700587983
1001457,Valley Generating Station,Power Plants,CA,2028,590784.2811240769
1001462,Comanche (470),Power Plants,CO,2024,6547264.960312403
1001462,Comanche (470),Power Plants,CO,2025,6415990.962243478
1001462,Comanche (470),Power Plants,CO,2026,6287349.034615169
1001462,Comanche (470),Power Plants,CO,2027,6161286.403878235
1001462,Comanche (470),Power Plants,CO,2028,6037751.354603825
1001466,Hayden,Power Plants,CO,2024,2544907.3076218558
1001466,Hayden,Power Plants,CO,2025,2512903.6822584774
1001466,Hayden,Power Plants,CO,2026,2481302.5202906593
1001466,Hayden,Power Plants,CO,2027,2450098.7605172694
1001466,Hayden,Power Plants,CO,2028,2419287.405384596
1001487,Crystal River Power Plant,Power Plants,FL,2024,8011124.274036548
1001487,Crystal River Power Plant,Power Plants,FL,2025,7816436.283803751
1001487,Crystal River Power Plant,Power Plants,FL,2026,7626479.641162681
1001487,Crystal River Power Plant,Power Plants,FL,2027,7441139.36393076
1001487,Crystal River Power Plant,Power Plants,FL,2028,7260303.264246117
1001489,P L Bartow Power Plant,Power Plants,FL,2024,2526470.9534993176
1001489,P L Bartow Power Plant,Power Plants,FL,2025,2497921.678673973
1001489,P L Bartow Power Plant,Power Plants,FL,2026,2469695.0123836426
1001489,P L Bartow Power Plant,Power Plants,FL,2027,2441787.3091323283
1001489,P L Bartow Power Plant,Power Plants,FL,2028,2414194.964618376
1001495,Deerhaven,Power Plants,FL,2024,529363.5195647348
1001495,Deerhaven,Power Plants,FL,2025,502621.57138815545
1001495,Deerhaven,Power Plants,FL,2026,477230.5508177453
1001495,Deerhaven,Power Plants,FL,2027,453122.2128107324
1001495,Deerhaven,Power Plants,FL,2028,430231.75987093523
1001496,J R Kelly,Power Plants,FL,2024,328015.04751562304
1001496,J R Kelly,Power Plants,FL,2025,343069.09120075696
1001496,J R Kelly,Power Plants,FL,2026,358814.0307243305
1001496,J R Kelly,Power Plants,FL,2027,375281.57431501226
1001496,J R Kelly,Power Plants,FL,2028,392504.8854306249
1001505,Bowen,Power Plants,GA,2024,9172625.161781171
1001505,Bowen,Power Plants,GA,2025,8899493.116439803
1001505,Bowen,Power Plants,GA,2026,8634494.087860469
1001505,Bowen,Power Plants,GA,2027,8377385.900279485
1001505,Bowen,Power Plants,GA,2028,8127933.589168915
1001513,Ponca,Power Plants,OK,2024,16275.4906646603
1001513,Ponca,Power Plants,OK,2025,15907.449441881066
1001513,Ponca,Power Plants,OK,2026,15547.730815603241
1001513,Ponca,Power Plants,OK,2027,15196.146585135657
1001513,Ponca,Power Plants,OK,2028,14852.512805610368
1001520,"Kincaid Generation, LLC",Power Plants,IL,2024,2582140.7525500017
1001520,"Kincaid Generation, LLC",Power Plants,IL,2025,2423621.7770103314
1001520,"Kincaid Generation, LLC",Power Plants,IL,2026,2274834.364547279
1001520,"Kincaid Generation, LLC",Power Plants,IL,2027,2135181.08939783
1001520,"Kincaid Generation, LLC",Power Plants,IL,2028,2004101.2020800037
1001521,Powerton,Power Plants,IL,2024,2048399.1095266733
1001521,Powerton,Power Plants,IL,2025,1811957.5779374556
1001521,Powerton,Power Plants,IL,2026,1602807.8946995942
1001521,Powerton,Power Plants,IL,2027,1417799.8307419652
1001521,Powerton,Power Plants,IL,2028,1254146.7799724669
1001531,Clifty Creek,Power Plants,IN,2024,5150030.826656113
1001531,Clifty Creek,Power Plants,IN,2025,5086985.621995292
1001531,Clifty Creek,Power Plants,IN,2026,5024712.19870133
1001531,Clifty Creek,Power Plants,IN,2027,4963201.108847428
1001531,Clifty Creek,Power Plants,IN,2028,4902443.020165604
1001535,C. C. Perry K Steam Plant,Power Plants,IN,2024,155822.8563370855
1001535,C. C. Perry K Steam Plant,Power Plants,IN,2025,146326.2429059439
1001535,C. C. Perry K Steam Plant,Power Plants,IN,2026,137408.3999374964
1001535,C. C. Perry K Steam Plant,Power Plants,IN,2027,129034.05430507365
1001535,C. C. Perry K Steam Plant,Power Plants,IN,2028,121170.0826003233
1001540,Cayuga,Power Plants,IN,2024,4141723.2860391513
1001540,Cayuga,Power Plants,IN,2025,4059960.835710995
1001540,Cayuga,Power Plants,IN,2026,3979812.471554691
1001540,Cayuga,Power Plants,IN,2027,3901246.32962586
1001540,Cayuga,Power Plants,IN,2028,3824231.1750115566
1001551,Walter Scott Jr. Energy Center,Power Plants,IA,2024,5590144.292245161
1001551,Walter Scott Jr. Energy Center,Power Plants,IA,2025,5312061.432631539
1001551,Walter Scott Jr. Energy Center,Power Plants,IA,2026,5047811.861170821
1001551,Walter Scott Jr. Energy Center,Power Plants,IA,2027,4796707.438143106
1001551,Walter Scott Jr. Energy Center,Power Plants,IA,2028,4558094.255478193
1001559,ALLIANCE PIPELINE L.P. - MANCHESTER,Petroleum and Natural Gas Systems,IA,2024,83965.25388318606
1001559,ALLIANCE PIPELINE L.P. - MANCHESTER,Petroleum and Natural Gas Systems,IA,2025,84136.72139803019
1001559,ALLIANCE PIPELINE L.P. - MANCHESTER,Petroleum and Natural Gas Systems,IA,2026,84308.53907091306
1001559,ALLIANCE PIPELINE L.P. - MANCHESTER,Petroleum and Natural Gas Systems,IA,2027,84480.70761690162
1001559,ALLIANCE PIPELINE L.P. - MANCHESTER,Petroleum and Natural Gas Systems,IA,2028,84653.22775252204
1001560,ALLIANCE PIPELINE LP-Tampico,Petroleum and Natural Gas Systems,IL,2024,60732.248392379406
1001560,ALLIANCE PIPELINE LP-Tampico,Petroleum and Natural Gas Systems,IL,2025,61359.821705769216
1001560,ALLIANCE PIPELINE LP-Tampico,Petroleum and Natural Gas Systems,IL,2026,61993.880013113485
1001560,ALLIANCE PIPELINE LP-Tampico,Petroleum and Natural Gas Systems,IL,2027,62634.49032673727
1001560,ALLIANCE PIPELINE LP-Tampico,Petroleum and Natural Gas Systems,IL,2028,63281.720351432865
1001561,US ARMY JOINT BASE LEWIS-MCCHORD,Waste,WA,2024,67878.28323313087
1001561,US ARMY JOINT BASE LEWIS-MCCHORD,Waste,WA,2025,66573.91343640328
1001561,US ARMY JOINT BASE LEWIS-MCCHORD,Waste,WA,2026,65294.60880758483
1001561,US ARMY JOINT BASE LEWIS-MCCHORD,Waste,WA,2027,64039.8876867628
1001561,US ARMY JOINT BASE LEWIS-MCCHORD,Waste,WA,2028,62809.27766974838
1001562,NESTLE USA INC,Other,NJ,2024,30399.705239414914
1001562,NESTLE USA INC,Other,NJ,2025,28783.927438051694
1001562,NESTLE USA INC,Other,NJ,2026,27254.03000568604
1001562,NESTLE USA INC,Other,NJ,2027,25805.448306157665
1001562,NESTLE USA INC,Other,NJ,2028,24433.860318743365
1001588,"REYNOLDS FOIL, INC.",Metals,AR,2024,45617.398267586366
1001588,"REYNOLDS FOIL, INC.",Metals,AR,2025,46372.44123045023
1001588,"REYNOLDS FOIL, INC.",Metals,AR,2026,47139.981396079114
1001588,"REYNOLDS FOIL, INC.",Metals,AR,2027,47920.225613731694
1001588,"REYNOLDS FOIL, INC.",Metals,AR,2028,48713.38415636174
1001589,Cana Gas Plant,Petroleum and Natural Gas Systems,OK,2024,178174.24383488548
1001589,Cana Gas Plant,Petroleum and Natural Gas Systems,OK,2025,185246.13642812386
1001589,Cana Gas Plant,Petroleum and Natural Gas Systems,OK,2026,192598.71866411774
1001589,Cana Gas Plant,Petroleum and Natural Gas Systems,OK,2027,200243.13136189306
1001589,Cana Gas Plant,Petroleum and Natural Gas Systems,OK,2028,208190.9575293905
1001595,Kapaa and Kalaheo Sanitary Landfills,Waste,HI,2024,932.5799433988207
1001595,Kapaa and Kalaheo Sanitary Landfills,Waste,HI,2025,650.7383235227275
1001595,Kapaa and Kalaheo Sanitary Landfills,Waste,HI,2026,454.07406485480834
1001595,Kapaa and Kalaheo Sanitary Landfills,Waste,HI,2027,316.84511103881187
1001595,Kapaa and Kalaheo Sanitary Landfills,Waste,HI,2028,221.08909572119543
1001598,Shawnee,Power Plants,KY,2024,5848635.175823582
1001598,Shawnee,Power Plants,KY,2025,5737874.381574255
1001598,Shawnee,Power Plants,KY,2026,5629211.162771839
1001598,Shawnee,Power Plants,KY,2027,5522605.79576876
1001598,Shawnee,Power Plants,KY,2028,5418019.309199413
1001620,US Steel - Midwest Plant,Metals,IN,2024,105598.29133918554
1001620,US Steel - Midwest Plant,Metals,IN,2025,103528.00212837882
1001620,US Steel - Midwest Plant,Metals,IN,2026,101498.30161803315
1001620,US Steel - Midwest Plant,Metals,IN,2027,99508.39405333523
1001620,US Steel - Midwest Plant,Metals,IN,2028,97557.49928050574
1001621,US STEEL - Minntac,Metals,MN,2024,1205167.7726559083
1001621,US STEEL - Minntac,Metals,MN,2025,1195541.9845037994
1001621,US STEEL - Minntac,Metals,MN,2026,1185993.0784254142
1001621,US STEEL - Minntac,Metals,MN,2027,1176520.4403564136
1001621,US STEEL - Minntac,Metals,MN,2028,1167123.4611370459
1001627,CUMBERLAND COUNTY ANN STREET LANDFILL,Waste,NC,2024,75275.8308813456
1001627,CUMBERLAND COUNTY ANN STREET LANDFILL,Waste,NC,2025,78729.38975217647
1001627,CUMBERLAND COUNTY ANN STREET LANDFILL,Waste,NC,2026,82341.39348817391
1001627,CUMBERLAND COUNTY ANN STREET LANDFILL,Waste,NC,2027,86119.11133715906
1001627,CUMBERLAND COUNTY ANN STREET LANDFILL,Waste,NC,2028,90070.14605074895
1001628,LISBURNE PRODUCTION CENTER,Petroleum and Natural Gas Systems,AK,2024,655192.8995515271
1001628,LISBURNE PRODUCTION CENTER,Petroleum and Natural Gas Systems,AK,2025,652551.3296869807
1001628,LISBURNE PRODUCTION CENTER,Petroleum and Natural Gas Systems,AK,2026,649920.4099551723
1001628,LISBURNE PRODUCTION CENTER,Petroleum and Natural Gas Systems,AK,2027,647300.0974174961
1001628,LISBURNE PRODUCTION CENTER,Petroleum and Natural Gas Systems,AK,2028,644690.3493084637
1001634,OKLAHOMA STATE UNIVERSITY,Other,OK,2024,28505.673977377333
1001634,OKLAHOMA STATE UNIVERSITY,Other,OK,2025,31118.889387622294
1001634,OKLAHOMA STATE UNIVERSITY,Other,OK,2026,33971.667447245745
1001634,OKLAHOMA STATE UNIVERSITY,Other,OK,2027,37085.96970704538
1001634,OKLAHOMA STATE UNIVERSITY,Other,OK,2028,40485.771010436394
1001649,CENTRAL COMPRESSOR PLANT,Petroleum and Natural Gas Systems,AK,2024,2900797.056225592
1001649,CENTRAL COMPRESSOR PLANT,Petroleum and Natural Gas Systems,AK,2025,2917160.152955208
1001649,CENTRAL COMPRESSOR PLANT,Petroleum and Natural Gas Systems,AK,2026,2933615.5522242268
1001649,CENTRAL COMPRESSOR PLANT,Petroleum and Natural Gas Systems,AK,2027,2950163.7747017397
1001649,CENTRAL COMPRESSOR PLANT,Petroleum and Natural Gas Systems,AK,2028,2966805.3439938882
1001650,CENTRAL GAS FACILITY,Petroleum and Natural Gas Systems,AK,2024,2017263.2282434842
1001650,CENTRAL GAS FACILITY,Petroleum and Natural Gas Systems,AK,2025,2028636.1770081432
1001650,CENTRAL GAS FACILITY,Petroleum and Natural Gas Systems,AK,2026,2040073.244308149
1001650,CENTRAL GAS FACILITY,Petroleum and Natural Gas Systems,AK,2027,2051574.7916316835
1001650,CENTRAL GAS FACILITY,Petroleum and Natural Gas Systems,AK,2028,2063141.1825049273
1001651,CENTRAL POWER STATION,Petroleum and Natural Gas Systems,AK,2024,766081.5242441588
1001651,CENTRAL POWER STATION,Petroleum and Natural Gas Systems,AK,2025,765971.4381323187
1001651,CENTRAL POWER STATION,Petroleum and Natural Gas Systems,AK,2026,765861.3678398799
1001651,CENTRAL POWER STATION,Petroleum and Natural Gas Systems,AK,2027,765751.3133645718
1001651,CENTRAL POWER STATION,Petroleum and Natural Gas Systems,AK,2028,765641.2747041186
1001652,TGP Station 241 Lafayette,Petroleum and Natural Gas Systems,NY,2024,39811.802823062906
1001652,TGP Station 241 Lafayette,Petroleum and Natural Gas Systems,NY,2025,39679.18759488848
1001652,TGP Station 241 Lafayette,Petroleum and Natural Gas Systems,NY,2026,39547.014115077385
1001652,TGP Station 241 Lafayette,Petroleum and Natural Gas Systems,NY,2027,39415.280912142654
1001652,TGP Station 241 Lafayette,Petroleum and Natural Gas Systems,NY,2028,39283.986519498365
1001656,"SNG Station 5222 Enterprise, MS",Petroleum and Natural Gas Systems,MS,2024,87292.90644030398
1001656,"SNG Station 5222 Enterprise, MS",Petroleum and Natural Gas Systems,MS,2025,86966.39811782147
1001656,"SNG Station 5222 Enterprise, MS",Petroleum and Natural Gas Systems,MS,2026,86641.11105934523
1001656,"SNG Station 5222 Enterprise, MS",Petroleum and Natural Gas Systems,MS,2027,86317.0406968887
1001656,"SNG Station 5222 Enterprise, MS",Petroleum and Natural Gas Systems,MS,2028,85994.18247955009
1001662,TYLER PIPE COMPANY,Metals,TX,2024,64010.04504530847
1001662,TYLER PIPE COMPANY,Metals,TX,2025,63341.389037403336
1001662,TYLER PIPE COMPANY,Metals,TX,2026,62679.717884087564
1001662,TYLER PIPE COMPANY,Metals,TX,2027,62024.958620797835
1001662,TYLER PIPE COMPANY,Metals,TX,2028,61377.03904516694
1001663,MORTON SALT,Other,MI,2024,91693.03393270513
1001663,MORTON SALT,Other,MI,2025,90929.08741982271
1001663,MORTON SALT,Other,MI,2026,90171.50577730706
1001663,MORTON SALT,Other,MI,2027,89420.23597582479
1001663,MORTON SALT,Other,MI,2028,88675.22542785866
1001664,McWane Ductile - Ohio,Metals,OH,2024,75664.33644217276
1001664,McWane Ductile - Ohio,Metals,OH,2025,76378.46381359709
1001664,McWane Ductile - Ohio,Metals,OH,2026,77099.33118865572
1001664,McWane Ductile - Ohio,Metals,OH,2027,77827.00218015906
1001664,McWane Ductile - Ohio,Metals,OH,2028,78561.54100130129
1001668,Lantana Landfill (Park Ridge Golf Course),Waste,FL,2024,17589.121047824374
1001668,Lantana Landfill (Park Ridge Golf Course),Waste,FL,2025,16395.33362903679
1001668,Lantana Landfill (Park Ridge Golf Course),Waste,FL,2026,15282.56949716506
1001668,Lantana Landfill (Park Ridge Golf Course),Waste,FL,2027,14245.329538280432
1001668,Lantana Landfill (Park Ridge Golf Course),Waste,FL,2028,13278.487867622545
1001672,ELLWOOD MILL PRODUCTS,Other,PA,2024,41966.3678837723
1001672,ELLWOOD MILL PRODUCTS,Other,PA,2025,42493.54966859294
1001672,ELLWOOD MILL PRODUCTS,Other,PA,2026,43027.353914404644
1001672,ELLWOOD MILL PRODUCTS,Other,PA,2027,43567.86381260522
1001672,ELLWOOD MILL PRODUCTS,Other,PA,2028,44115.16359964326
1001675,TATE & LYLE SAGAMORE,Other,IN,2024,120378.17619925848
1001675,TATE & LYLE SAGAMORE,Other,IN,2025,117647.2591762434
1001675,TATE & LYLE SAGAMORE,Other,IN,2026,114978.29613875992
1001675,TATE & LYLE SAGAMORE,Other,IN,2027,112369.88158957384
1001675,TATE & LYLE SAGAMORE,Other,IN,2028,109820.64191676785
1001677,KAAPA ETHANOL LLC,Other,NE,2024,74843.96962285282
1001677,KAAPA ETHANOL LLC,Other,NE,2025,76009.24207271232
1001677,KAAPA ETHANOL LLC,Other,NE,2026,77192.65706483975
1001677,KAAPA ETHANOL LLC,Other,NE,2027,78394.4970669452
1001677,KAAPA ETHANOL LLC,Other,NE,2028,79615.04894457836
1001678,ICM Biofuels LLC,Other,MO,2024,77166.84254268509
1001678,ICM Biofuels LLC,Other,MO,2025,77768.34010323598
1001678,ICM Biofuels LLC,Other,MO,2026,78374.52619714418
1001678,ICM Biofuels LLC,Other,MO,2027,78985.43737043533
1001678,ICM Biofuels LLC,Other,MO,2028,79601.11045400193
1001684,Francisco Underground Mine,Other,IN,2024,236276.07093130046
1001684,Francisco Underground Mine,Other,IN,2025,241483.75784948366
1001684,Francisco Underground Mine,Other,IN,2026,246806.2257648746
1001684,Francisco Underground Mine,Other,IN,2027,252246.00452950338
1001684,Francisco Underground Mine,Other,IN,2028,257805.67975507551
1001701,MONARCH CEMENT COMPANY (THE),Minerals,KS,2024,1011517.6944100156
1001701,MONARCH CEMENT COMPANY (THE),Minerals,KS,2025,1069697.5818549145
1001701,MONARCH CEMENT COMPANY (THE),Minerals,KS,2026,1131223.8262857634
1001701,MONARCH CEMENT COMPANY (THE),Minerals,KS,2027,1196288.9015207356
1001701,MONARCH CEMENT COMPANY (THE),Minerals,KS,2028,1265096.3519753276
1001703,TYSON FRESH MEATS INC,Other,IA,2024,63312.846946544145
1001703,TYSON FRESH MEATS INC,Other,IA,2025,62667.48799347954
1001703,TYSON FRESH MEATS INC,Other,IA,2026,62028.70729740974
1001703,TYSON FRESH MEATS INC,Other,IA,2027,61396.437805007896
1001703,TYSON FRESH MEATS INC,Other,IA,2028,60770.613146432624
1001704,Occidental Chemical Corporation,Chemicals,KS,2024,107638.3149094816
1001704,Occidental Chemical Corporation,Chemicals,KS,2025,106952.15732290379
1001704,Occidental Chemical Corporation,Chemicals,KS,2026,106270.37375717548
1001704,Occidental Chemical Corporation,Chemicals,KS,2027,105592.93632940411
1001704,Occidental Chemical Corporation,Chemicals,KS,2028,104919.81733444048
1001705,OCCIDENTAL CHEMICAL CORPORATION INGLESIDE PLANT,Chemicals,TX,2024,1906866.0492582922
1001705,OCCIDENTAL CHEMICAL CORPORATION INGLESIDE PLANT,Chemicals,TX,2025,1950305.2772532569
1001705,OCCIDENTAL CHEMICAL CORPORATION INGLESIDE PLANT,Chemicals,TX,2026,1994734.069528065
1001705,OCCIDENTAL CHEMICAL CORPORATION INGLESIDE PLANT,Chemicals,TX,2027,2040174.968782244
1001705,OCCIDENTAL CHEMICAL CORPORATION INGLESIDE PLANT,Chemicals,TX,2028,2086651.0312476787
1001709,OCCIDENTAL CHEMICAL CORPORATION - Taft Facility,Power Plants,LA,2024,2246195.725607904
1001709,OCCIDENTAL CHEMICAL CORPORATION - Taft Facility,Power Plants,LA,2025,2248721.206658042
1001709,OCCIDENTAL CHEMICAL CORPORATION - Taft Facility,Power Plants,LA,2026,2251249.527200061
1001709,OCCIDENTAL CHEMICAL CORPORATION - Taft Facility,Power Plants,LA,2027,2253780.6904265108
1001709,OCCIDENTAL CHEMICAL CORPORATION - Taft Facility,Power Plants,LA,2028,2256314.6995335263
1001710,"Oxy Vinyls, LP- Pasadena Facility",Other,TX,2024,104814.736762924
1001710,"Oxy Vinyls, LP- Pasadena Facility",Other,TX,2025,104067.14279831878
1001710,"Oxy Vinyls, LP- Pasadena Facility",Other,TX,2026,103324.88106802692
1001710,"Oxy Vinyls, LP- Pasadena Facility",Other,TX,2027,102587.91353974216
1001710,"Oxy Vinyls, LP- Pasadena Facility",Other,TX,2028,101856.20245242411
1001713,OXY VINYLS LP - LA PORTE VCM PLANT,Chemicals,TX,2024,1214933.4956798968
1001713,OXY VINYLS LP - LA PORTE VCM PLANT,Chemicals,TX,2025,1213980.4610569759
1001713,OXY VINYLS LP - LA PORTE VCM PLANT,Chemicals,TX,2026,1213028.1740264073
1001713,OXY VINYLS LP - LA PORTE VCM PLANT,Chemicals,TX,2027,1212076.6340017607
1001713,OXY VINYLS LP - LA PORTE VCM PLANT,Chemicals,TX,2028,1211125.8403970515
1001715,DU PONT PONTCHARTRAIN WORKS,Chemicals,LA,2024,102322.67144777047
1001715,DU PONT PONTCHARTRAIN WORKS,Chemicals,LA,2025,103419.67425459178
1001715,DU PONT PONTCHARTRAIN WORKS,Chemicals,LA,2026,104528.43804401008
1001715,DU PONT PONTCHARTRAIN WORKS,Chemicals,LA,2027,105649.0889056862
1001715,DU PONT PONTCHARTRAIN WORKS,Chemicals,LA,2028,106781.75428108947
1001718,GALLO GLASS COMPANY,Minerals,CA,2024,165486.14441714672
1001718,GALLO GLASS COMPANY,Minerals,CA,2025,167823.0058913086
1001718,GALLO GLASS COMPANY,Minerals,CA,2026,170192.8666329835
1001718,GALLO GLASS COMPANY,Minerals,CA,2027,172596.19263113564
1001718,GALLO GLASS COMPANY,Minerals,CA,2028,175033.45645504814
1001721,"REAL ALLOY SPECIFICATION, LLC.",Metals,IN,2024,51873.42772241907
1001721,"REAL ALLOY SPECIFICATION, LLC.",Metals,IN,2025,51517.23515932815
1001721,"REAL ALLOY SPECIFICATION, LLC.",Metals,IN,2026,51163.48841768306
1001721,"REAL ALLOY SPECIFICATION, LLC.",Metals,IN,2027,50812.170703077994
1001721,"REAL ALLOY SPECIFICATION, LLC.",Metals,IN,2028,50463.265336426666
1001722,Ford Motor Company - Flat Rock Assembly Plant,Other,MI,2024,47812.35558801044
1001722,Ford Motor Company - Flat Rock Assembly Plant,Other,MI,2025,47000.64230547823
1001722,Ford Motor Company - Flat Rock Assembly Plant,Other,MI,2026,46202.7095289457
1001722,Ford Motor Company - Flat Rock Assembly Plant,Other,MI,2027,45418.323305920465
1001722,Ford Motor Company - Flat Rock Assembly Plant,Other,MI,2028,44647.25365573568
1001723,REDFIELD ENERGY LLC,Other,SD,2024,69963.26348220237
1001723,REDFIELD ENERGY LLC,Other,SD,2025,69656.41996392449
1001723,REDFIELD ENERGY LLC,Other,SD,2026,69350.92219397257
1001723,REDFIELD ENERGY LLC,Other,SD,2027,69046.76427018993
1001723,REDFIELD ENERGY LLC,Other,SD,2028,68743.94031630496
1001735,HILMAR CHEESE COMPANY,Other,CA,2024,73821.2510484284
1001735,HILMAR CHEESE COMPANY,Other,CA,2025,74344.8282924622
1001735,HILMAR CHEESE COMPANY,Other,CA,2026,74872.11900824819
1001735,HILMAR CHEESE COMPANY,Other,CA,2027,75403.14953358585
1001735,HILMAR CHEESE COMPANY,Other,CA,2028,75937.94639307505
1001737,ENDICOTT PRODUCTION FACILITY,Petroleum and Natural Gas Systems,AK,2024,576409.3343911688
1001737,ENDICOTT PRODUCTION FACILITY,Petroleum and Natural Gas Systems,AK,2025,571311.6405712855
1001737,ENDICOTT PRODUCTION FACILITY,Petroleum and Natural Gas Systems,AK,2026,566259.0301335226
1001737,ENDICOTT PRODUCTION FACILITY,Petroleum and Natural Gas Systems,AK,2027,561251.1043659536
1001737,ENDICOTT PRODUCTION FACILITY,Petroleum and Natural Gas Systems,AK,2028,556287.4680828049
1001748,"SOLVAY SPECIALTY POLYMERS USA, LLC",Other,GA,2024,56155.9073623456
1001748,"SOLVAY SPECIALTY POLYMERS USA, LLC",Other,GA,2025,59401.413237727604
1001748,"SOLVAY SPECIALTY POLYMERS USA, LLC",Other,GA,2026,62834.49169241399
1001748,"SOLVAY SPECIALTY POLYMERS USA, LLC",Other,GA,2027,66465.98340081995
1001748,"SOLVAY SPECIALTY POLYMERS USA, LLC",Other,GA,2028,70307.35556935234
1001760,Arkansas Loop & Simpson Treating Plants,Petroleum and Natural Gas Systems,CO,2024,304938.1398710402
1001760,Arkansas Loop & Simpson Treating Plants,Petroleum and Natural Gas Systems,CO,2025,308572.91330300365
1001760,Arkansas Loop & Simpson Treating Plants,Petroleum and Natural Gas Systems,CO,2026,312251.0121710937
1001760,Arkansas Loop & Simpson Treating Plants,Petroleum and Natural Gas Systems,CO,2027,315972.95290183724
1001760,Arkansas Loop & Simpson Treating Plants,Petroleum and Natural Gas Systems,CO,2028,319739.2580774121
1001762,McKinley Paper WI Company,Power Plants,WI,2024,315259.3678407836
1001762,McKinley Paper WI Company,Power Plants,WI,2025,337073.7819446269
1001762,McKinley Paper WI Company,Power Plants,WI,2026,360397.64734869066
1001762,McKinley Paper WI Company,Power Plants,WI,2027,385335.4107374878
1001762,McKinley Paper WI Company,Power Plants,WI,2028,411998.7459978299
1001765,KAUAI ISLAND UTILITY COOPERATIVE - KAPAIA POWER STATION,Power Plants,HI,2024,98714.38882928388
1001765,KAUAI ISLAND UTILITY COOPERATIVE - KAPAIA POWER STATION,Power Plants,HI,2025,96898.95881258672
1001765,KAUAI ISLAND UTILITY COOPERATIVE - KAPAIA POWER STATION,Power Plants,HI,2026,95116.91588549841
1001765,KAUAI ISLAND UTILITY COOPERATIVE - KAPAIA POWER STATION,Power Plants,HI,2027,93367.64603495189
1001765,KAUAI ISLAND UTILITY COOPERATIVE - KAPAIA POWER STATION,Power Plants,HI,2028,91650.5465400308
1001766,Cedar Rapids/Linn County Solid Waste Agency Site #1,Waste,IA,2024,52858.257006364285
1001766,Cedar Rapids/Linn County Solid Waste Agency Site #1,Waste,IA,2025,52140.3546398845
1001766,Cedar Rapids/Linn County Solid Waste Agency Site #1,Waste,IA,2026,51432.20257235479
1001766,Cedar Rapids/Linn County Solid Waste Agency Site #1,Waste,IA,2027,50733.668378623894
1001766,Cedar Rapids/Linn County Solid Waste Agency Site #1,Waste,IA,2028,50044.621432092346
1001768,"KAUAI ISLAND UTILITY COOPERATIVE, PORT ALLEN GENERATING STATION",Power Plants,HI,2024,26434.19721111167
1001768,"KAUAI ISLAND UTILITY COOPERATIVE, PORT ALLEN GENERATING STATION",Power Plants,HI,2025,22928.426117082294
1001768,"KAUAI ISLAND UTILITY COOPERATIVE, PORT ALLEN GENERATING STATION",Power Plants,HI,2026,19887.599385296144
1001768,"KAUAI ISLAND UTILITY COOPERATIVE, PORT ALLEN GENERATING STATION",Power Plants,HI,2027,17250.054900862167
1001768,"KAUAI ISLAND UTILITY COOPERATIVE, PORT ALLEN GENERATING STATION",Power Plants,HI,2028,14962.308336860531
1001770,MOCCASIN MIKE SANITARY LANDFILL,Waste,WI,2024,77413.06940216503
1001770,MOCCASIN MIKE SANITARY LANDFILL,Waste,WI,2025,80244.97437117697
1001770,MOCCASIN MIKE SANITARY LANDFILL,Waste,WI,2026,83180.47535847672
1001770,MOCCASIN MIKE SANITARY LANDFILL,Waste,WI,2027,86223.36208692697
1001770,MOCCASIN MIKE SANITARY LANDFILL,Waste,WI,2028,89377.56291405555
1001772,QUAKER MFG LLC,Other,IA,2024,26993.30131283935
1001772,QUAKER MFG LLC,Other,IA,2025,26797.373792672788
1001772,QUAKER MFG LLC,Other,IA,2026,26602.868388041898
1001772,QUAKER MFG LLC,Other,IA,2027,26409.774776698086
1001772,QUAKER MFG LLC,Other,IA,2028,26218.082711315332
1001775,BUNCOMBE COUNTY NEW LANDFILL,Waste,NC,2024,74870.14169714639
1001775,BUNCOMBE COUNTY NEW LANDFILL,Waste,NC,2025,78009.89128547645
1001775,BUNCOMBE COUNTY NEW LANDFILL,Waste,NC,2026,81281.30921653927
1001775,BUNCOMBE COUNTY NEW LANDFILL,Waste,NC,2027,84689.91712573596
1001775,BUNCOMBE COUNTY NEW LANDFILL,Waste,NC,2028,88241.46820342507
1001780,Auriga Polymers Inc.,Other,SC,2024,85997.4452814572
1001780,Auriga Polymers Inc.,Other,SC,2025,84799.40697598062
1001780,Auriga Polymers Inc.,Other,SC,2026,83618.05865212693
1001780,Auriga Polymers Inc.,Other,SC,2027,82453.16780023047
1001780,Auriga Polymers Inc.,Other,SC,2028,81304.50514973789
1001783,WESTERN SUGAR COOPERATIVE,Minerals,MT,2024,121806.70179742937
1001783,WESTERN SUGAR COOPERATIVE,Minerals,MT,2025,122095.92305613612
1001783,WESTERN SUGAR COOPERATIVE,Minerals,MT,2026,122385.83104993423
1001783,WESTERN SUGAR COOPERATIVE,Minerals,MT,2027,122676.42740942704
1001783,WESTERN SUGAR COOPERATIVE,Minerals,MT,2028,122967.71376908898
1001790,Hilight-Reno Junction Gas Plant,Natural Gas and Natural Gas Liquids Suppliers,WY,2024,58976.00339204345
1001790,Hilight-Reno Junction Gas Plant,Natural Gas and Natural Gas Liquids Suppliers,WY,2025,57908.33009461674
1001790,Hilight-Reno Junction Gas Plant,Natural Gas and Natural Gas Liquids Suppliers,WY,2026,56859.98544281632
1001790,Hilight-Reno Junction Gas Plant,Natural Gas and Natural Gas Liquids Suppliers,WY,2027,55830.61952010677
1001790,Hilight-Reno Junction Gas Plant,Natural Gas and Natural Gas Liquids Suppliers,WY,2028,54819.88874467307
1001803,STARPET INCORPORATED,Other,NC,2024,35720.32729688463
1001803,STARPET INCORPORATED,Other,NC,2025,36506.92599723037
1001803,STARPET INCORPORATED,Other,NC,2026,37310.84641778988
1001803,STARPET INCORPORATED,Other,NC,2027,38132.470000829955
1001803,STARPET INCORPORATED,Other,NC,2028,38972.186588371886
1001806,SEMINOLE GAS PROCESSING PLANT,Petroleum and Natural Gas Systems,TX,2024,495936.83527599735
1001806,SEMINOLE GAS PROCESSING PLANT,Petroleum and Natural Gas Systems,TX,2025,500117.11852766934
1001806,SEMINOLE GAS PROCESSING PLANT,Petroleum and Natural Gas Systems,TX,2026,504332.63765379397
1001806,SEMINOLE GAS PROCESSING PLANT,Petroleum and Natural Gas Systems,TX,2027,508583.68965980684
1001806,SEMINOLE GAS PROCESSING PLANT,Petroleum and Natural Gas Systems,TX,2028,512870.5740546206
1001807,"RAYONIER PERFORMANCE FIBERS LLC, JESUP MILL",Pulp and Paper,GA,2024,235003.23375929546
1001807,"RAYONIER PERFORMANCE FIBERS LLC, JESUP MILL",Pulp and Paper,GA,2025,241534.56840599005
1001807,"RAYONIER PERFORMANCE FIBERS LLC, JESUP MILL",Pulp and Paper,GA,2026,248247.42537297108
1001807,"RAYONIER PERFORMANCE FIBERS LLC, JESUP MILL",Pulp and Paper,GA,2027,255146.84962494514
1001807,"RAYONIER PERFORMANCE FIBERS LLC, JESUP MILL",Pulp and Paper,GA,2028,262238.0263389517
1001809,MARYSVILLE ETHANOL LLC,Other,MI,2024,81897.76272656844
1001809,MARYSVILLE ETHANOL LLC,Other,MI,2025,82016.1458024401
1001809,MARYSVILLE ETHANOL LLC,Other,MI,2026,82134.70000084523
1001809,MARYSVILLE ETHANOL LLC,Other,MI,2027,82253.4255691414
1001809,MARYSVILLE ETHANOL LLC,Other,MI,2028,82372.32275504323
1001810,GOLDEN VALLEY ELECTRIC ASSOC NORTH POLE POWER PLANT,Power Plants,AK,2024,270833.8469881894
1001810,GOLDEN VALLEY ELECTRIC ASSOC NORTH POLE POWER PLANT,Power Plants,AK,2025,270758.336038168
1001810,GOLDEN VALLEY ELECTRIC ASSOC NORTH POLE POWER PLANT,Power Plants,AK,2026,270682.84614128905
1001810,GOLDEN VALLEY ELECTRIC ASSOC NORTH POLE POWER PLANT,Power Plants,AK,2027,270607.3772916828
1001810,GOLDEN VALLEY ELECTRIC ASSOC NORTH POLE POWER PLANT,Power Plants,AK,2028,270531.9294834811
1001811,BROWN UNIVERSITY MAIN CAMPUS,Other,RI,2024,23991.569383562324
1001811,BROWN UNIVERSITY MAIN CAMPUS,Other,RI,2025,23739.522364978864
1001811,BROWN UNIVERSITY MAIN CAMPUS,Other,RI,2026,23490.12326402677
1001811,BROWN UNIVERSITY MAIN CAMPUS,Other,RI,2027,23243.34426261166
1001811,BROWN UNIVERSITY MAIN CAMPUS,Other,RI,2028,22999.157834886137
1001816,Naval Base Kitsap Bremerton,Other,WA,2024,41202.35020333039
1001816,Naval Base Kitsap Bremerton,Other,WA,2025,40662.039144828894
1001816,Naval Base Kitsap Bremerton,Other,WA,2026,40128.813508360174
1001816,Naval Base Kitsap Bremerton,Other,WA,2027,39602.58037854811
1001816,Naval Base Kitsap Bremerton,Other,WA,2028,39083.248058470956
1001817,TINKER AIR FORCE BASE,Other,OK,2024,56029.856439492905
1001817,TINKER AIR FORCE BASE,Other,OK,2025,53328.714567581505
1001817,TINKER AIR FORCE BASE,Other,OK,2026,50757.791972959654
1001817,TINKER AIR FORCE BASE,Other,OK,2027,48310.81091792189
1001817,TINKER AIR FORCE BASE,Other,OK,2028,45981.79630805367
1001827,TYSON FRESH MEATS INC,Other,KS,2024,56019.65111815973
1001827,TYSON FRESH MEATS INC,Other,KS,2025,56318.739622812915
1001827,TYSON FRESH MEATS INC,Other,KS,2026,56619.424958789226
1001827,TYSON FRESH MEATS INC,Other,KS,2027,56921.715651559425
1001827,TYSON FRESH MEATS INC,Other,KS,2028,57225.62027211141
1001828,TOYOTA MOTOR MFG IN INC,Other,IN,2024,59879.60504805175
1001828,TOYOTA MOTOR MFG IN INC,Other,IN,2025,59948.94902996708
1001828,TOYOTA MOTOR MFG IN INC,Other,IN,2026,60018.3733161498
1001828,TOYOTA MOTOR MFG IN INC,Other,IN,2027,60087.87799959714
1001828,TOYOTA MOTOR MFG IN INC,Other,IN,2028,60157.46317341358
1001835,HEIDELBERG MATERIALS US CEMENT LLC/ NAZARETH,Minerals,PA,2024,666158.6430272008
1001835,HEIDELBERG MATERIALS US CEMENT LLC/ NAZARETH,Minerals,PA,2025,661792.2083631085
1001835,HEIDELBERG MATERIALS US CEMENT LLC/ NAZARETH,Minerals,PA,2026,657454.3941363178
1001835,HEIDELBERG MATERIALS US CEMENT LLC/ NAZARETH,Minerals,PA,2027,653145.0127499693
1001835,HEIDELBERG MATERIALS US CEMENT LLC/ NAZARETH,Minerals,PA,2028,648863.877836834
1001840,Evraz Oregon Steel,Metals,OR,2024,83214.35994159635
1001840,Evraz Oregon Steel,Metals,OR,2025,81279.01436353641
1001840,Evraz Oregon Steel,Metals,OR,2026,79388.67979690699
1001840,Evraz Oregon Steel,Metals,OR,2027,77542.30940481606
1001840,Evraz Oregon Steel,Metals,OR,2028,75738.88069702445
1001841,"Honda Development & Manufacturing of America, LLC",Other,OH,2024,110310.57552497966
1001841,"Honda Development & Manufacturing of America, LLC",Other,OH,2025,110788.84516109688
1001841,"Honda Development & Manufacturing of America, LLC",Other,OH,2026,111269.18841385239
1001841,"Honda Development & Manufacturing of America, LLC",Other,OH,2027,111751.61427375283
1001841,"Honda Development & Manufacturing of America, LLC",Other,OH,2028,112236.1317702831
1001842,HONDA DEVELOPMENT AND MANUFACTURING OF AMERICA *,Other,OH,2024,32784.833768939345
1001842,HONDA DEVELOPMENT AND MANUFACTURING OF AMERICA *,Other,OH,2025,32118.99595141197
1001842,HONDA DEVELOPMENT AND MANUFACTURING OF AMERICA *,Other,OH,2026,31466.680849978584
1001842,HONDA DEVELOPMENT AND MANUFACTURING OF AMERICA *,Other,OH,2027,30827.613827414327
1001842,HONDA DEVELOPMENT AND MANUFACTURING OF AMERICA *,Other,OH,2028,30201.525824190387
1001845,ADVANCED DISPOSAL CRANBERRY CREEK LANDFILL LLC,Waste,WI,2024,20817.079056593615
1001845,ADVANCED DISPOSAL CRANBERRY CREEK LANDFILL LLC,Waste,WI,2025,19981.451625181937
1001845,ADVANCED DISPOSAL CRANBERRY CREEK LANDFILL LLC,Waste,WI,2026,19179.367478216103
1001845,ADVANCED DISPOSAL CRANBERRY CREEK LANDFILL LLC,Waste,WI,2027,18409.480140114938
1001845,ADVANCED DISPOSAL CRANBERRY CREEK LANDFILL LLC,Waste,WI,2028,17670.497184759537
1001851,Smithfield Fresh Meats Corp - Tar Heel,Other,NC,2024,67939.87734194807
1001851,Smithfield Fresh Meats Corp - Tar Heel,Other,NC,2025,68911.60976867146
1001851,Smithfield Fresh Meats Corp - Tar Heel,Other,NC,2026,69897.24071782497
1001851,Smithfield Fresh Meats Corp - Tar Heel,Other,NC,2027,70896.96897759421
1001851,Smithfield Fresh Meats Corp - Tar Heel,Other,NC,2028,71910.9961793976
1001852,"SNG Station 5110 Toca, LA",Petroleum and Natural Gas Systems,LA,2024,21914.06503732731
1001852,"SNG Station 5110 Toca, LA",Petroleum and Natural Gas Systems,LA,2025,20496.421608281616
1001852,"SNG Station 5110 Toca, LA",Petroleum and Natural Gas Systems,LA,2026,19170.48699220573
1001852,"SNG Station 5110 Toca, LA",Petroleum and Natural Gas Systems,LA,2027,17930.328451569178
1001852,"SNG Station 5110 Toca, LA",Petroleum and Natural Gas Systems,LA,2028,16770.397043740417
1001859,"American Sugar Refining, Inc. - Baltimore Refinery",Other,MD,2024,107325.18249421104
1001859,"American Sugar Refining, Inc. - Baltimore Refinery",Other,MD,2025,107888.89889367833
1001859,"American Sugar Refining, Inc. - Baltimore Refinery",Other,MD,2026,108455.57616562328
1001859,"American Sugar Refining, Inc. - Baltimore Refinery",Other,MD,2027,109025.22986177752
1001859,"American Sugar Refining, Inc. - Baltimore Refinery",Other,MD,2028,109597.87561555547
1001861,"American Sugar Refining, Inc. - Yonkers Refinery",Other,NY,2024,78009.49425792057
1001861,"American Sugar Refining, Inc. - Yonkers Refinery",Other,NY,2025,77646.53996166361
1001861,"American Sugar Refining, Inc. - Yonkers Refinery",Other,NY,2026,77285.27438063824
1001861,"American Sugar Refining, Inc. - Yonkers Refinery",Other,NY,2027,76925.68965776968
1001861,"American Sugar Refining, Inc. - Yonkers Refinery",Other,NY,2028,76567.7779725391
1001863,"WAUPACA FOUNDRY, INC-PLANTS 2 & 3",Metals,WI,2024,177613.9430404871
1001863,"WAUPACA FOUNDRY, INC-PLANTS 2 & 3",Metals,WI,2025,175744.4337447247
1001863,"WAUPACA FOUNDRY, INC-PLANTS 2 & 3",Metals,WI,2026,173894.60232417364
1001863,"WAUPACA FOUNDRY, INC-PLANTS 2 & 3",Metals,WI,2027,172064.24165562048
1001863,"WAUPACA FOUNDRY, INC-PLANTS 2 & 3",Metals,WI,2028,170253.14679596658
1001865,SOUTHWEST IOWA RENEWABLE ENERGY,Other,IA,2024,163394.9869923357
1001865,SOUTHWEST IOWA RENEWABLE ENERGY,Other,IA,2025,174379.56699186476
1001865,SOUTHWEST IOWA RENEWABLE ENERGY,Other,IA,2026,186102.60904575052
1001865,SOUTHWEST IOWA RENEWABLE ENERGY,Other,IA,2027,198613.75785645435
1001865,SOUTHWEST IOWA RENEWABLE ENERGY,Other,IA,2028,211965.99559850694
1001868,TRUSTEES OF PRINCETON UNIVERSITY,Other,NJ,2024,68053.01577303643
1001868,TRUSTEES OF PRINCETON UNIVERSITY,Other,NJ,2025,66518.32171219132
1001868,TRUSTEES OF PRINCETON UNIVERSITY,Other,NJ,2026,65018.2372249797
1001868,TRUSTEES OF PRINCETON UNIVERSITY,Other,NJ,2027,63551.98181539449
1001868,TRUSTEES OF PRINCETON UNIVERSITY,Other,NJ,2028,62118.79258874344
1001877,ALCOA INC - WARRICK OPERATIONS,Metals,IN,2024,4675594.596208342
1001877,ALCOA INC - WARRICK OPERATIONS,Metals,IN,2025,4573251.841737834
1001877,ALCOA INC - WARRICK OPERATIONS,Metals,IN,2026,4473149.238584351
1001877,ALCOA INC - WARRICK OPERATIONS,Metals,IN,2027,4375237.752715652
1001877,ALCOA INC - WARRICK OPERATIONS,Metals,IN,2028,4279469.423391419
1001882,SAVANNAH SUGAR REFINERY,Other,GA,2024,144107.13974097033
1001882,SAVANNAH SUGAR REFINERY,Other,GA,2025,140597.4295750754
1001882,SAVANNAH SUGAR REFINERY,Other,GA,2026,137173.19793210947
1001882,SAVANNAH SUGAR REFINERY,Other,GA,2027,133832.36299404866
1001882,SAVANNAH SUGAR REFINERY,Other,GA,2028,130572.8936452693
1001884,PINELLAS COUNTY RESOURCE RECOVERY,Waste,FL,2024,586398.9635936569
1001884,PINELLAS COUNTY RESOURCE RECOVERY,Waste,FL,2025,595274.2176053398
1001884,PINELLAS COUNTY RESOURCE RECOVERY,Waste,FL,2026,604283.8001862409
1001884,PINELLAS COUNTY RESOURCE RECOVERY,Waste,FL,2027,613429.7444234724
1001884,PINELLAS COUNTY RESOURCE RECOVERY,Waste,FL,2028,622714.1141752785
1001885,"Hydro Extrusion USA, LLC",Metals,PA,2024,69541.54331898075
1001885,"Hydro Extrusion USA, LLC",Metals,PA,2025,69527.62161095993
1001885,"Hydro Extrusion USA, LLC",Metals,PA,2026,69513.70268996293
1001885,"Hydro Extrusion USA, LLC",Metals,PA,2027,69499.78655543203
1001885,"Hydro Extrusion USA, LLC",Metals,PA,2028,69485.87320680943
1001886,Loma Linda University,Other,CA,2024,53808.298155424
1001886,Loma Linda University,Other,CA,2025,53303.19750073346
1001886,Loma Linda University,Other,CA,2026,52802.83824616362
1001886,Loma Linda University,Other,CA,2027,52307.17588400132
1001886,Loma Linda University,Other,CA,2028,51816.1663243288
1001890,U.S. ARMY ANNISTON ARMY DEPOT,Other,AL,2024,18155.76752636387
1001890,U.S. ARMY ANNISTON ARMY DEPOT,Other,AL,2025,18227.228389595977
1001890,U.S. ARMY ANNISTON ARMY DEPOT,Other,AL,2026,18298.970521849944
1001890,U.S. ARMY ANNISTON ARMY DEPOT,Other,AL,2027,18370.995030197024
1001890,U.S. ARMY ANNISTON ARMY DEPOT,Other,AL,2028,18443.303026065787
1001892,Billerud Quinnesec LLC,Pulp and Paper,MI,2024,119340.20024839693
1001892,Billerud Quinnesec LLC,Pulp and Paper,MI,2025,115712.34150839213
1001892,Billerud Quinnesec LLC,Pulp and Paper,MI,2026,112194.76714037608
1001892,Billerud Quinnesec LLC,Pulp and Paper,MI,2027,108784.12457646364
1001892,Billerud Quinnesec LLC,Pulp and Paper,MI,2028,105477.16316449117
1001899,U.S. DOE ARGONNE NATIONAL LABORATORY,Other,IL,2024,62289.65278798461
1001899,U.S. DOE ARGONNE NATIONAL LABORATORY,Other,IL,2025,63298.2946987722
1001899,U.S. DOE ARGONNE NATIONAL LABORATORY,Other,IL,2026,64323.26931424928
1001899,U.S. DOE ARGONNE NATIONAL LABORATORY,Other,IL,2027,65364.84110611747
1001899,U.S. DOE ARGONNE NATIONAL LABORATORY,Other,IL,2028,66423.27882860738
1001901,"USG Interiors, Inc.",Minerals,MN,2024,64621.637847365055
1001901,"USG Interiors, Inc.",Minerals,MN,2025,63915.56619194955
1001901,"USG Interiors, Inc.",Minerals,MN,2026,63217.20924633064
1001901,"USG Interiors, Inc.",Minerals,MN,2027,62526.482717722145
1001901,"USG Interiors, Inc.",Minerals,MN,2028,61843.303234340805
1001908,APACHE NITROGEN PRODUCTS - PLANT,Chemicals,AZ,2024,406341.4116552861
1001908,APACHE NITROGEN PRODUCTS - PLANT,Chemicals,AZ,2025,406435.50291510596
1001908,APACHE NITROGEN PRODUCTS - PLANT,Chemicals,AZ,2026,406529.6159624299
1001908,APACHE NITROGEN PRODUCTS - PLANT,Chemicals,AZ,2027,406623.7508023038
1001908,APACHE NITROGEN PRODUCTS - PLANT,Chemicals,AZ,2028,406717.9074397716
1001911,ELLWOOD TEXAS FORGE NAVASOTA,Other,TX,2024,39171.46450781558
1001911,ELLWOOD TEXAS FORGE NAVASOTA,Other,TX,2025,38597.51696168037
1001911,ELLWOOD TEXAS FORGE NAVASOTA,Other,TX,2026,38031.97900119261
1001911,ELLWOOD TEXAS FORGE NAVASOTA,Other,TX,2027,37474.727407547376
1001911,ELLWOOD TEXAS FORGE NAVASOTA,Other,TX,2028,36925.640767364275
1001912,"TYSON FRESH MEATS, INC. - WATERLOO",Other,IA,2024,52096.95815876717
1001912,"TYSON FRESH MEATS, INC. - WATERLOO",Other,IA,2025,54317.72500098106
1001912,"TYSON FRESH MEATS, INC. - WATERLOO",Other,IA,2026,56633.15774196846
1001912,"TYSON FRESH MEATS, INC. - WATERLOO",Other,IA,2027,59047.2917591589
1001912,"TYSON FRESH MEATS, INC. - WATERLOO",Other,IA,2028,61564.33444832386
1001913,Georgia Pacific Muskogee LLC,Pulp and Paper,OK,2024,561281.9681627454
1001913,Georgia Pacific Muskogee LLC,Pulp and Paper,OK,2025,531618.2204078303
1001913,Georgia Pacific Muskogee LLC,Pulp and Paper,OK,2026,503522.2014964876
1001913,Georgia Pacific Muskogee LLC,Pulp and Paper,OK,2027,476911.0569712453
1001913,Georgia Pacific Muskogee LLC,Pulp and Paper,OK,2028,451706.3112320718
1001918,BAYER CROPSCIENCE,Chemicals,MO,2024,44527.121978876865
1001918,BAYER CROPSCIENCE,Chemicals,MO,2025,45256.80457646371
1001918,BAYER CROPSCIENCE,Chemicals,MO,2026,45998.44475562222
1001918,BAYER CROPSCIENCE,Chemicals,MO,2027,46752.238469713244
1001918,BAYER CROPSCIENCE,Chemicals,MO,2028,47518.38488325769
1001920,Phillips 66 Ponca City Refinery,Chemicals,OK,2024,1861052.132829427
1001920,Phillips 66 Ponca City Refinery,Chemicals,OK,2025,1852094.4922633166
1001920,Phillips 66 Ponca City Refinery,Chemicals,OK,2026,1843179.9667304156
1001920,Phillips 66 Ponca City Refinery,Chemicals,OK,2027,1834308.3487088834
1001920,Phillips 66 Ponca City Refinery,Chemicals,OK,2028,1825479.431675713
1001921,MEDICAL CENTER COMPANY,Power Plants,OH,2024,68448.79234980734
1001921,MEDICAL CENTER COMPANY,Power Plants,OH,2025,64538.43075049643
1001921,MEDICAL CENTER COMPANY,Power Plants,OH,2026,60851.46137349416
1001921,MEDICAL CENTER COMPANY,Power Plants,OH,2027,57375.12220594821
1001921,MEDICAL CENTER COMPANY,Power Plants,OH,2028,54097.38030681678
1001929,UNIVERSITY OF VIRGINIA,Other,VA,2024,69143.33603800216
1001929,UNIVERSITY OF VIRGINIA,Other,VA,2025,67084.98111889402
1001929,UNIVERSITY OF VIRGINIA,Other,VA,2026,65087.90216961597
1001929,UNIVERSITY OF VIRGINIA,Other,VA,2027,63150.27504193997
1001929,UNIVERSITY OF VIRGINIA,Other,VA,2028,61270.329891417074
1001934,BASF FREEPORT SITE,Chemicals,TX,2024,641007.5114286894
1001934,BASF FREEPORT SITE,Chemicals,TX,2025,638068.1895917268
1001934,BASF FREEPORT SITE,Chemicals,TX,2026,635142.3459320186
1001934,BASF FREEPORT SITE,Chemicals,TX,2027,632229.9186457662
1001934,BASF FREEPORT SITE,Chemicals,TX,2028,629330.8462125658
1001936,SHELL CHEMICAL CO - GEISMAR PLANT,Chemicals,LA,2024,1057885.0533258629
1001936,SHELL CHEMICAL CO - GEISMAR PLANT,Chemicals,LA,2025,1070071.58074264
1001936,SHELL CHEMICAL CO - GEISMAR PLANT,Chemicals,LA,2026,1082398.4934026087
1001936,SHELL CHEMICAL CO - GEISMAR PLANT,Chemicals,LA,2027,1094867.4085028467
1001936,SHELL CHEMICAL CO - GEISMAR PLANT,Chemicals,LA,2028,1107479.9618700657
1001943,BLACKBURN SANITARY LANDFILL,Waste,NC,2024,111688.6754376052
1001943,BLACKBURN SANITARY LANDFILL,Waste,NC,2025,121428.76362490011
1001943,BLACKBURN SANITARY LANDFILL,Waste,NC,2026,132018.26038047267
1001943,BLACKBURN SANITARY LANDFILL,Waste,NC,2027,143531.24048701342
1001943,BLACKBURN SANITARY LANDFILL,Waste,NC,2028,156048.23860251476
1001945,ARCHER DANIELS MIDLAND,Other,MN,2024,166532.1864535239
1001945,ARCHER DANIELS MIDLAND,Other,MN,2025,165543.07254673235
1001945,ARCHER DANIELS MIDLAND,Other,MN,2026,164559.8334581453
1001945,ARCHER DANIELS MIDLAND,Other,MN,2027,163582.43429442192
1001945,ARCHER DANIELS MIDLAND,Other,MN,2028,162610.84036946838
1001948,Steelhead Platform,Petroleum and Natural Gas Systems,AK,2024,85903.89227847104
1001948,Steelhead Platform,Petroleum and Natural Gas Systems,AK,2025,84864.21781113198
1001948,Steelhead Platform,Petroleum and Natural Gas Systems,AK,2026,83837.12627768965
1001948,Steelhead Platform,Petroleum and Natural Gas Systems,AK,2027,82822.46538987516
1001948,Steelhead Platform,Petroleum and Natural Gas Systems,AK,2028,81820.08470252728
1001952,WEST KENTUCKY LANDFILL,Waste,KY,2024,118211.08544525127
1001952,WEST KENTUCKY LANDFILL,Waste,KY,2025,126012.8699162609
1001952,WEST KENTUCKY LANDFILL,Waste,KY,2026,134329.56244942773
1001952,WEST KENTUCKY LANDFILL,Waste,KY,2027,143195.14633581266
1001952,WEST KENTUCKY LANDFILL,Waste,KY,2028,152645.8477213789
1001958,HUNTINGTON INGALLS INCORPORATED,Metals,VA,2024,54134.825065067474
1001958,HUNTINGTON INGALLS INCORPORATED,Metals,VA,2025,51784.92143601854
1001958,HUNTINGTON INGALLS INCORPORATED,Metals,VA,2026,49537.02325464918
1001958,HUNTINGTON INGALLS INCORPORATED,Metals,VA,2027,47386.70263241635
1001958,HUNTINGTON INGALLS INCORPORATED,Metals,VA,2028,45329.72388812863
1001960,Grand Island Regional Landfill,Waste,NE,2024,93704.72258038602
1001960,Grand Island Regional Landfill,Waste,NE,2025,95039.17450007373
1001960,Grand Island Regional Landfill,Waste,NE,2026,96392.63039178052
1001960,Grand Island Regional Landfill,Waste,NE,2027,97765.36089167316
1001960,Grand Island Regional Landfill,Waste,NE,2028,99157.64049005663
1001961,OWENS BROCKWAY GLASS CONTAINER INCORPORATED,Minerals,OK,2024,72159.6944651728
1001961,OWENS BROCKWAY GLASS CONTAINER INCORPORATED,Minerals,OK,2025,72845.4615420927
1001961,OWENS BROCKWAY GLASS CONTAINER INCORPORATED,Minerals,OK,2026,73537.74578191472
1001961,OWENS BROCKWAY GLASS CONTAINER INCORPORATED,Minerals,OK,2027,74236.60912026328
1001961,OWENS BROCKWAY GLASS CONTAINER INCORPORATED,Minerals,OK,2028,74942.11408136618
1001962,AMERICAS STYRENICS LLC - ST JAMES PLANT,Chemicals,LA,2024,690800.6929839333
1001962,AMERICAS STYRENICS LLC - ST JAMES PLANT,Chemicals,LA,2025,693433.1666852148
1001962,AMERICAS STYRENICS LLC - ST JAMES PLANT,Chemicals,LA,2026,696075.6721045543
1001962,AMERICAS STYRENICS LLC - ST JAMES PLANT,Chemicals,LA,2027,698728.2474703995
1001962,AMERICAS STYRENICS LLC - ST JAMES PLANT,Chemicals,LA,2028,701390.931156864
1001964,Phillips 66 Los Angeles Refinery - Carson Plant,Chemicals,CA,2024,946392.7942990925
1001964,Phillips 66 Los Angeles Refinery - Carson Plant,Chemicals,CA,2025,958525.2907734697
1001964,Phillips 66 Los Angeles Refinery - Carson Plant,Chemicals,CA,2026,970813.32253043
1001964,Phillips 66 Los Angeles Refinery - Carson Plant,Chemicals,CA,2027,983258.8834897149
1001964,Phillips 66 Los Angeles Refinery - Carson Plant,Chemicals,CA,2028,995863.993132557
1001967,Valero Renewable Fuels LLC Charles City,Other,IA,2024,195003.94322331125
1001967,Valero Renewable Fuels LLC Charles City,Other,IA,2025,196433.96844667286
1001967,Valero Renewable Fuels LLC Charles City,Other,IA,2026,197874.48049458573
1001967,Valero Renewable Fuels LLC Charles City,Other,IA,2027,199325.5562702323
1001967,Valero Renewable Fuels LLC Charles City,Other,IA,2028,200787.27324074777
1001970,LAKE CITY ARMY AMMUNITION PLANT,Other,MO,2024,37812.51610515584
1001970,LAKE CITY ARMY AMMUNITION PLANT,Other,MO,2025,37768.844049542866
1001970,LAKE CITY ARMY AMMUNITION PLANT,Other,MO,2026,37725.22243353662
1001970,LAKE CITY ARMY AMMUNITION PLANT,Other,MO,2027,37681.65119888128
1001970,LAKE CITY ARMY AMMUNITION PLANT,Other,MO,2028,37638.13028738805
1001975,OWENS-BROCKWAY GLASS CONTAINER INC PLANT 28,Minerals,CO,2024,113279.56049930789
1001975,OWENS-BROCKWAY GLASS CONTAINER INC PLANT 28,Minerals,CO,2025,114410.03845251004
1001975,OWENS-BROCKWAY GLASS CONTAINER INC PLANT 28,Minerals,CO,2026,115551.79805614447
1001975,OWENS-BROCKWAY GLASS CONTAINER INC PLANT 28,Minerals,CO,2027,116704.95189589774
1001975,OWENS-BROCKWAY GLASS CONTAINER INC PLANT 28,Minerals,CO,2028,117869.61368100977
1001978,OWENS BROCKWAY GLASS CONTAINER INC. PLT 19,Minerals,PA,2024,79540.18385559731
1001978,OWENS BROCKWAY GLASS CONTAINER INC. PLT 19,Minerals,PA,2025,79066.14472272049
1001978,OWENS BROCKWAY GLASS CONTAINER INC. PLT 19,Minerals,PA,2026,78594.93074171794
1001978,OWENS BROCKWAY GLASS CONTAINER INC. PLT 19,Minerals,PA,2027,78126.52507540773
1001978,OWENS BROCKWAY GLASS CONTAINER INC. PLT 19,Minerals,PA,2028,77660.9109869534
1001980,OWENS-BROCKWAY GLASS CONTAINER INC PLT 18,Minerals,PA,2024,20912.493926263716
1001980,OWENS-BROCKWAY GLASS CONTAINER INC PLT 18,Minerals,PA,2025,20485.22866721229
1001980,OWENS-BROCKWAY GLASS CONTAINER INC PLT 18,Minerals,PA,2026,20066.69290748489
1001980,OWENS-BROCKWAY GLASS CONTAINER INC PLT 18,Minerals,PA,2027,19656.70829380597
1001980,OWENS-BROCKWAY GLASS CONTAINER INC PLT 18,Minerals,PA,2028,19255.100116853773
1001981,"EPNG Station 6312 Cornudas, TX",Petroleum and Natural Gas Systems,TX,2024,151490.6165026813
1001981,"EPNG Station 6312 Cornudas, TX",Petroleum and Natural Gas Systems,TX,2025,153286.0608909468
1001981,"EPNG Station 6312 Cornudas, TX",Petroleum and Natural Gas Systems,TX,2026,155102.78462063769
1001981,"EPNG Station 6312 Cornudas, TX",Petroleum and Natural Gas Systems,TX,2027,156941.03989136266
1001981,"EPNG Station 6312 Cornudas, TX",Petroleum and Natural Gas Systems,TX,2028,158801.0818917625
1001985,JR SIMPLOT COMPANY - FOOD GROUP,Other,ID,2024,67800.94067730042
1001985,JR SIMPLOT COMPANY - FOOD GROUP,Other,ID,2025,69461.61017588493
1001985,JR SIMPLOT COMPANY - FOOD GROUP,Other,ID,2026,71162.95496829235
1001985,JR SIMPLOT COMPANY - FOOD GROUP,Other,ID,2027,72905.97132712809
1001985,JR SIMPLOT COMPANY - FOOD GROUP,Other,ID,2028,74691.67992701134
1001987,OWENS-BROCKWAY GLASS CONTAINER INC PLANT #35,Minerals,NY,2024,78023.09980023236
1001987,OWENS-BROCKWAY GLASS CONTAINER INC PLANT #35,Minerals,NY,2025,78494.72475273367
1001987,OWENS-BROCKWAY GLASS CONTAINER INC PLANT #35,Minerals,NY,2026,78969.20052885504
1001987,OWENS-BROCKWAY GLASS CONTAINER INC PLANT #35,Minerals,NY,2027,79446.54436092316
1001987,OWENS-BROCKWAY GLASS CONTAINER INC PLANT #35,Minerals,NY,2028,79926.77358542908
1001988,"EPNG Station 6335 Hueco, TX",Petroleum and Natural Gas Systems,TX,2024,62243.479212525206
1001988,"EPNG Station 6335 Hueco, TX",Petroleum and Natural Gas Systems,TX,2025,62257.77411184588
1001988,"EPNG Station 6335 Hueco, TX",Petroleum and Natural Gas Systems,TX,2026,62272.07229414734
1001988,"EPNG Station 6335 Hueco, TX",Petroleum and Natural Gas Systems,TX,2027,62286.373760183575
1001988,"EPNG Station 6335 Hueco, TX",Petroleum and Natural Gas Systems,TX,2028,62300.678510708596
1001999,"USG INTERIORS, LLC - GREENVILLE PLANT",Minerals,MS,2024,32240.721169956658
1001999,"USG INTERIORS, LLC - GREENVILLE PLANT",Minerals,MS,2025,31095.92948727169
1001999,"USG INTERIORS, LLC - GREENVILLE PLANT",Minerals,MS,2026,29991.78664708116
1001999,"USG INTERIORS, LLC - GREENVILLE PLANT",Minerals,MS,2027,28926.849305219424
1001999,"USG INTERIORS, LLC - GREENVILLE PLANT",Minerals,MS,2028,27899.725367255072
1002004,Glen Burnie Landfill,Waste,MD,2024,9728.476018697618
1002004,Glen Burnie Landfill,Waste,MD,2025,9028.50468719955
1002004,Glen Burnie Landfill,Waste,MD,2026,8378.896831335021
1002004,Glen Burnie Landfill,Waste,MD,2027,7776.028760298784
1002004,Glen Burnie Landfill,Waste,MD,2028,7216.537510625919
1002007,OWENS-BROCKWAY GLASS CONTAINER INC.,Minerals,CA,2024,87604.6266185524
1002007,OWENS-BROCKWAY GLASS CONTAINER INC.,Minerals,CA,2025,87533.48129868782
1002007,OWENS-BROCKWAY GLASS CONTAINER INC.,Minerals,CA,2026,87462.39375723868
1002007,OWENS-BROCKWAY GLASS CONTAINER INC.,Minerals,CA,2027,87391.36394728224
1002007,OWENS-BROCKWAY GLASS CONTAINER INC.,Minerals,CA,2028,87320.39182193398
1002011,KIMBERLY CLARK CORPORATION,Pulp and Paper,SC,2024,143900.71092022263
1002011,KIMBERLY CLARK CORPORATION,Pulp and Paper,SC,2025,144886.30206324314
1002011,KIMBERLY CLARK CORPORATION,Pulp and Paper,SC,2026,145878.64362392927
1002011,KIMBERLY CLARK CORPORATION,Pulp and Paper,SC,2027,146877.78183660496
1002011,KIMBERLY CLARK CORPORATION,Pulp and Paper,SC,2028,147883.76325225533
1002013,KIMBERLY-CLARK CORP,Pulp and Paper,WI,2024,40424.5014471282
1002013,KIMBERLY-CLARK CORP,Pulp and Paper,WI,2025,40470.86056630713
1002013,KIMBERLY-CLARK CORP,Pulp and Paper,WI,2026,40517.27285046881
1002013,KIMBERLY-CLARK CORP,Pulp and Paper,WI,2027,40563.73836058368
1002013,KIMBERLY-CLARK CORP,Pulp and Paper,WI,2028,40610.25715769136
1002019,"OWENS CORNING INSULATING SYSTEMS, LLC - WAXAHACHIE",Minerals,TX,2024,55497.88215822892
1002019,"OWENS CORNING INSULATING SYSTEMS, LLC - WAXAHACHIE",Minerals,TX,2025,55948.417922150344
1002019,"OWENS CORNING INSULATING SYSTEMS, LLC - WAXAHACHIE",Minerals,TX,2026,56402.611167522926
1002019,"OWENS CORNING INSULATING SYSTEMS, LLC - WAXAHACHIE",Minerals,TX,2027,56860.49158604183
1002019,"OWENS CORNING INSULATING SYSTEMS, LLC - WAXAHACHIE",Minerals,TX,2028,57322.08911044154
1002020,Elanco Clinton Laboratories,Chemicals,IN,2024,61387.040713178176
1002020,Elanco Clinton Laboratories,Chemicals,IN,2025,57599.24889986352
1002020,Elanco Clinton Laboratories,Chemicals,IN,2026,54045.17688561913
1002020,Elanco Clinton Laboratories,Chemicals,IN,2027,50710.403353971444
1002020,Elanco Clinton Laboratories,Chemicals,IN,2028,47581.39683333568
1002026,HF SINCLAIR TULSA REFINING LLC - WEST,Petroleum Product Suppliers,OK,2024,438805.93597294233
1002026,HF SINCLAIR TULSA REFINING LLC - WEST,Petroleum Product Suppliers,OK,2025,426818.4723657975
1002026,HF SINCLAIR TULSA REFINING LLC - WEST,Petroleum Product Suppliers,OK,2026,415158.4867436827
1002026,HF SINCLAIR TULSA REFINING LLC - WEST,Petroleum Product Suppliers,OK,2027,403817.03294132405
1002026,HF SINCLAIR TULSA REFINING LLC - WEST,Petroleum Product Suppliers,OK,2028,392785.40918811114
1002027,"St. Paul Park Refining Company, LLC",Chemicals,MN,2024,866563.2273601716
1002027,"St. Paul Park Refining Company, LLC",Chemicals,MN,2025,873367.1334700393
1002027,"St. Paul Park Refining Company, LLC",Chemicals,MN,2026,880224.4611155638
1002027,"St. Paul Park Refining Company, LLC",Chemicals,MN,2027,887135.629741174
1002027,"St. Paul Park Refining Company, LLC",Chemicals,MN,2028,894101.0620845959
1002029,WILCOX GAS PLANT,Natural Gas and Natural Gas Liquids Suppliers,TX,2024,141933.81998946675
1002029,WILCOX GAS PLANT,Natural Gas and Natural Gas Liquids Suppliers,TX,2025,140916.97790716257
1002029,WILCOX GAS PLANT,Natural Gas and Natural Gas Liquids Suppliers,TX,2026,139907.42068353653
1002029,WILCOX GAS PLANT,Natural Gas and Natural Gas Liquids Suppliers,TX,2027,138905.09612841468
1002029,WILCOX GAS PLANT,Natural Gas and Natural Gas Liquids Suppliers,TX,2028,137909.95242552247
1002030,MOBILE BAY NGL RECOVERY PLANT,Petroleum and Natural Gas Systems,AL,2024,35974.0090477482
1002030,MOBILE BAY NGL RECOVERY PLANT,Petroleum and Natural Gas Systems,AL,2025,34377.21481965036
1002030,MOBILE BAY NGL RECOVERY PLANT,Petroleum and Natural Gas Systems,AL,2026,32851.29820220477
1002030,MOBILE BAY NGL RECOVERY PLANT,Petroleum and Natural Gas Systems,AL,2027,31393.113119603175
1002030,MOBILE BAY NGL RECOVERY PLANT,Petroleum and Natural Gas Systems,AL,2028,29999.653142293737
1002031,ROGGEN GAS PLANT,Petroleum and Natural Gas Systems,CO,2024,34031.977081419835
1002031,ROGGEN GAS PLANT,Petroleum and Natural Gas Systems,CO,2025,32439.830376389375
1002031,ROGGEN GAS PLANT,Petroleum and Natural Gas Systems,CO,2026,30922.17041434992
1002031,ROGGEN GAS PLANT,Petroleum and Natural Gas Systems,CO,2027,29475.512419141203
1002031,ROGGEN GAS PLANT,Petroleum and Natural Gas Systems,CO,2028,28096.53464582689
1002032,BADGER STATE ETHANOL,Other,WI,2024,108437.12446454453
1002032,BADGER STATE ETHANOL,Other,WI,2025,110180.97711157918
1002032,BADGER STATE ETHANOL,Other,WI,2026,111952.87386315409
1002032,BADGER STATE ETHANOL,Other,WI,2027,113753.26571597598
1002032,BADGER STATE ETHANOL,Other,WI,2028,115582.6109195412
1002041,Linde Inc.,Chemicals,UT,2024,174956.0955607581
1002041,Linde Inc.,Chemicals,UT,2025,177651.72307659162
1002041,Linde Inc.,Chemicals,UT,2026,180388.88334200342
1002041,Linde Inc.,Chemicals,UT,2027,183168.21627080915
1002041,Linde Inc.,Chemicals,UT,2028,185990.37163626318
1002042,Matheson - LIMA I PLANT,Chemicals,OH,2024,85730.51952793534
1002042,Matheson - LIMA I PLANT,Chemicals,OH,2025,85307.45147213471
1002042,Matheson - LIMA I PLANT,Chemicals,OH,2026,84886.47119768443
1002042,Matheson - LIMA I PLANT,Chemicals,OH,2027,84467.56840167778
1002042,Matheson - LIMA I PLANT,Chemicals,OH,2028,84050.73283204994
1002044,Matheson - LEMONT PLANT,Chemicals,IL,2024,413075.6407568062
1002044,Matheson - LEMONT PLANT,Chemicals,IL,2025,420498.343663684
1002044,Matheson - LEMONT PLANT,Chemicals,IL,2026,428054.42775552464
1002044,Matheson - LEMONT PLANT,Chemicals,IL,2027,435746.28980621806
1002044,Matheson - LEMONT PLANT,Chemicals,IL,2028,443576.36965813
1002045,THIELE KAOLIN SANDERSVILLE,Other,GA,2024,86816.00986723244
1002045,THIELE KAOLIN SANDERSVILLE,Other,GA,2025,86473.69515481386
1002045,THIELE KAOLIN SANDERSVILLE,Other,GA,2026,86132.73018609452
1002045,THIELE KAOLIN SANDERSVILLE,Other,GA,2027,85793.10963904829
1002045,THIELE KAOLIN SANDERSVILLE,Other,GA,2028,85454.8282126325
1002046,NOVA CHEMICALS OLEFINS LLC,Chemicals,LA,2024,785390.426340096
1002046,NOVA CHEMICALS OLEFINS LLC,Chemicals,LA,2025,830076.3053246906
1002046,NOVA CHEMICALS OLEFINS LLC,Chemicals,LA,2026,877304.6494497518
1002046,NOVA CHEMICALS OLEFINS LLC,Chemicals,LA,2027,927220.1158001898
1002046,NOVA CHEMICALS OLEFINS LLC,Chemicals,LA,2028,979975.5919266402
1002052,US GYPSUM - BRIDGEPORT PLANT,Minerals,AL,2024,98786.86006792115
1002052,US GYPSUM - BRIDGEPORT PLANT,Minerals,AL,2025,107976.70245230633
1002052,US GYPSUM - BRIDGEPORT PLANT,Minerals,AL,2026,118021.44803932188
1002052,US GYPSUM - BRIDGEPORT PLANT,Minerals,AL,2027,129000.62588455915
1002052,US GYPSUM - BRIDGEPORT PLANT,Minerals,AL,2028,141001.1633907725
1002056,Kaiser Aluminum Washington,Metals,WA,2024,121439.31667825078
1002056,Kaiser Aluminum Washington,Metals,WA,2025,122002.25831863761
1002056,Kaiser Aluminum Washington,Metals,WA,2026,122567.80951990739
1002056,Kaiser Aluminum Washington,Metals,WA,2027,123135.98237888797
1002056,Kaiser Aluminum Washington,Metals,WA,2028,123706.78904848284
1002064,"EPNG Station 6796 Window Rock, AZ",Petroleum and Natural Gas Systems,AZ,2024,88791.66416162779
1002064,"EPNG Station 6796 Window Rock, AZ",Petroleum and Natural Gas Systems,AZ,2025,88156.77954552352
1002064,"EPNG Station 6796 Window Rock, AZ",Petroleum and Natural Gas Systems,AZ,2026,87526.43452758488
1002064,"EPNG Station 6796 Window Rock, AZ",Petroleum and Natural Gas Systems,AZ,2027,86900.59664844732
1002064,"EPNG Station 6796 Window Rock, AZ",Petroleum and Natural Gas Systems,AZ,2028,86279.23368083847
1002066,GIDDINGS GAS PLANT,Petroleum and Natural Gas Systems,TX,2024,120971.31131612103
1002066,GIDDINGS GAS PLANT,Petroleum and Natural Gas Systems,TX,2025,119984.37477630164
1002066,GIDDINGS GAS PLANT,Petroleum and Natural Gas Systems,TX,2026,119005.49009376153
1002066,GIDDINGS GAS PLANT,Petroleum and Natural Gas Systems,TX,2027,118034.59157794957
1002066,GIDDINGS GAS PLANT,Petroleum and Natural Gas Systems,TX,2028,117071.61407424587
1002067,AGP SOY/CORN PROCESSING,Other,NE,2024,177595.09389801786
1002067,AGP SOY/CORN PROCESSING,Other,NE,2025,175488.79243923925
1002067,AGP SOY/CORN PROCESSING,Other,NE,2026,173407.4719961963
1002067,AGP SOY/CORN PROCESSING,Other,NE,2027,171350.8362907168
1002067,AGP SOY/CORN PROCESSING,Other,NE,2028,169318.59255852574
1002073,"POET- Biorefining Fairmont, LLC",Other,NE,2024,169779.43466160758
1002073,"POET- Biorefining Fairmont, LLC",Other,NE,2025,170610.4290932236
1002073,"POET- Biorefining Fairmont, LLC",Other,NE,2026,171445.49087108
1002073,"POET- Biorefining Fairmont, LLC",Other,NE,2027,172284.6399030196
1002073,"POET- Biorefining Fairmont, LLC",Other,NE,2028,173127.89619432262
1002074,Huron Energy,Other,SD,2024,66278.73427889064
1002074,Huron Energy,Other,SD,2025,71475.88215370667
1002074,Huron Energy,Other,SD,2026,77080.55661041307
1002074,Huron Energy,Other,SD,2027,83124.71323675702
1002074,Huron Energy,Other,SD,2028,89642.81337013096
1002076,ROHM AND HAAS TEXAS DEER PARK PLANT,Chemicals,TX,2024,293305.1787126752
1002076,ROHM AND HAAS TEXAS DEER PARK PLANT,Chemicals,TX,2025,288493.02819135675
1002076,ROHM AND HAAS TEXAS DEER PARK PLANT,Chemicals,TX,2026,283759.8288591758
1002076,ROHM AND HAAS TEXAS DEER PARK PLANT,Chemicals,TX,2027,279104.28539292346
1002076,ROHM AND HAAS TEXAS DEER PARK PLANT,Chemicals,TX,2028,274525.12372127903
1002078,Opal Gas Plant,Natural Gas and Natural Gas Liquids Suppliers,WY,2024,201138.89057948947
1002078,Opal Gas Plant,Natural Gas and Natural Gas Liquids Suppliers,WY,2025,186914.4286054478
1002078,Opal Gas Plant,Natural Gas and Natural Gas Liquids Suppliers,WY,2026,173695.9148986353
1002078,Opal Gas Plant,Natural Gas and Natural Gas Liquids Suppliers,WY,2027,161412.20919953487
1002078,Opal Gas Plant,Natural Gas and Natural Gas Liquids Suppliers,WY,2028,149997.20225935476
1002083,"YUMA ETHANOL, LLC",Other,CO,2024,53398.302377489665
1002083,"YUMA ETHANOL, LLC",Other,CO,2025,53818.601147315196
1002083,"YUMA ETHANOL, LLC",Other,CO,2026,54242.20809451793
1002083,"YUMA ETHANOL, LLC",Other,CO,2027,54669.149257807745
1002083,"YUMA ETHANOL, LLC",Other,CO,2028,55099.45088084475
1002085,Cefe Valenzuela Landfill,Waste,TX,2024,112737.92944327419
1002085,Cefe Valenzuela Landfill,Waste,TX,2025,113525.88864545875
1002085,Cefe Valenzuela Landfill,Waste,TX,2026,114319.35513083852
1002085,Cefe Valenzuela Landfill,Waste,TX,2027,115118.36739146772
1002085,Cefe Valenzuela Landfill,Waste,TX,2028,115922.96418843312
1002088,ILLINOIS LANDFILL INC,Waste,IL,2024,43119.19508467144
1002088,ILLINOIS LANDFILL INC,Waste,IL,2025,42170.47914887554
1002088,ILLINOIS LANDFILL INC,Waste,IL,2026,41242.63702403705
1002088,ILLINOIS LANDFILL INC,Waste,IL,2027,40335.2094409823
1002088,ILLINOIS LANDFILL INC,Waste,IL,2028,39447.74723545684
1002090,LANDCOMP LANDFILL,Waste,IL,2024,21763.680674634674
1002090,LANDCOMP LANDFILL,Waste,IL,2025,21573.492825076708
1002090,LANDCOMP LANDFILL,Waste,IL,2026,21384.966983827915
1002090,LANDCOMP LANDFILL,Waste,IL,2027,21198.088626976187
1002090,LANDCOMP LANDFILL,Waste,IL,2028,21012.843357530444
1002091,Litchfield-Hillsboro Landfill,Waste,IL,2024,6538.39617685921
1002091,Litchfield-Hillsboro Landfill,Waste,IL,2025,5931.748052916095
1002091,Litchfield-Hillsboro Landfill,Waste,IL,2026,5381.386201069228
1002091,Litchfield-Hillsboro Landfill,Waste,IL,2027,4882.088245609422
1002091,Litchfield-Hillsboro Landfill,Waste,IL,2028,4429.116355407088
1002098,GREEN BAY PACKAGING/ARK KRAFT,Pulp and Paper,AR,2024,171254.87120620042
1002098,GREEN BAY PACKAGING/ARK KRAFT,Pulp and Paper,AR,2025,174063.34970589422
1002098,GREEN BAY PACKAGING/ARK KRAFT,Pulp and Paper,AR,2026,176917.88559027773
1002098,GREEN BAY PACKAGING/ARK KRAFT,Pulp and Paper,AR,2027,179819.2341731938
1002098,GREEN BAY PACKAGING/ARK KRAFT,Pulp and Paper,AR,2028,182768.16315518314
1002100,CGGSWA Regional Landfill,Waste,VA,2024,37711.69072864056
1002100,CGGSWA Regional Landfill,Waste,VA,2025,37625.43953618691
1002100,CGGSWA Regional Landfill,Waste,VA,2026,37539.385610629965
1002100,CGGSWA Regional Landfill,Waste,VA,2027,37453.52850079651
1002100,CGGSWA Regional Landfill,Waste,VA,2028,37367.867756545194
1002103,CPI Operations LLC,Petroleum Product Suppliers,NJ,2024,5551.549803873298
1002103,CPI Operations LLC,Petroleum Product Suppliers,NJ,2025,4153.283318005197
1002103,CPI Operations LLC,Petroleum Product Suppliers,NJ,2026,3107.197616706071
1002103,CPI Operations LLC,Petroleum Product Suppliers,NJ,2027,2324.589075686027
1002103,CPI Operations LLC,Petroleum Product Suppliers,NJ,2028,1739.0958147448907
1002106,PRIMA DESHECHA LANDFILL,Waste,CA,2024,102502.33464142054
1002106,PRIMA DESHECHA LANDFILL,Waste,CA,2025,100597.43688069853
1002106,PRIMA DESHECHA LANDFILL,Waste,CA,2026,98727.93963540412
1002106,PRIMA DESHECHA LANDFILL,Waste,CA,2027,96893.18502430154
1002106,PRIMA DESHECHA LANDFILL,Waste,CA,2028,95092.52739218359
1002109,US DOE OAK RIDGE NATIONAL LABORATORY,Other,TN,2024,33731.12632488757
1002109,US DOE OAK RIDGE NATIONAL LABORATORY,Other,TN,2025,33244.34028283513
1002109,US DOE OAK RIDGE NATIONAL LABORATORY,Other,TN,2026,32764.579225612746
1002109,US DOE OAK RIDGE NATIONAL LABORATORY,Other,TN,2027,32291.741773132486
1002109,US DOE OAK RIDGE NATIONAL LABORATORY,Other,TN,2028,31825.728008358594
1002117,"EPNG Station 6755 Navajo, AZ",Petroleum and Natural Gas Systems,AZ,2024,44532.8550329354
1002117,"EPNG Station 6755 Navajo, AZ",Petroleum and Natural Gas Systems,AZ,2025,47485.26214712125
1002117,"EPNG Station 6755 Navajo, AZ",Petroleum and Natural Gas Systems,AZ,2026,50633.40581943804
1002117,"EPNG Station 6755 Navajo, AZ",Petroleum and Natural Gas Systems,AZ,2027,53990.262851088235
1002117,"EPNG Station 6755 Navajo, AZ",Petroleum and Natural Gas Systems,AZ,2028,57569.67036988348
1002118,"EPNG Station 6560 Pecos River, NM",Petroleum and Natural Gas Systems,NM,2024,48197.01374412057
1002118,"EPNG Station 6560 Pecos River, NM",Petroleum and Natural Gas Systems,NM,2025,47426.43092284892
1002118,"EPNG Station 6560 Pecos River, NM",Petroleum and Natural Gas Systems,NM,2026,46668.16832306625
1002118,"EPNG Station 6560 Pecos River, NM",Petroleum and Natural Gas Systems,NM,2027,45922.02896677978
1002118,"EPNG Station 6560 Pecos River, NM",Petroleum and Natural Gas Systems,NM,2028,45187.81902531716
1002121,AIR PRODUCTS & CHEMICALS INC MARTINEZ WATERFRONT ROAD,Chemicals,CA,2024,636503.6921663273
1002121,AIR PRODUCTS & CHEMICALS INC MARTINEZ WATERFRONT ROAD,Chemicals,CA,2025,630064.816340173
1002121,AIR PRODUCTS & CHEMICALS INC MARTINEZ WATERFRONT ROAD,Chemicals,CA,2026,623691.076227154
1002121,AIR PRODUCTS & CHEMICALS INC MARTINEZ WATERFRONT ROAD,Chemicals,CA,2027,617381.8129139426
1002121,AIR PRODUCTS & CHEMICALS INC MARTINEZ WATERFRONT ROAD,Chemicals,CA,2028,611136.3741527764
1002123,AIR PRODUCTS AND CHEMICALS INCORPORATED,Chemicals,CA,2024,46357.97113676792
1002123,AIR PRODUCTS AND CHEMICALS INCORPORATED,Chemicals,CA,2025,46349.35040887618
1002123,AIR PRODUCTS AND CHEMICALS INCORPORATED,Chemicals,CA,2026,46340.73128409474
1002123,AIR PRODUCTS AND CHEMICALS INCORPORATED,Chemicals,CA,2027,46332.11376212576
1002123,AIR PRODUCTS AND CHEMICALS INCORPORATED,Chemicals,CA,2028,46323.497842671
1002129,"OWENS CORNING INSULATING SYSTEMS, LLC - DELMAR",Minerals,NY,2024,46131.635793497044
1002129,"OWENS CORNING INSULATING SYSTEMS, LLC - DELMAR",Minerals,NY,2025,46904.6509205918
1002129,"OWENS CORNING INSULATING SYSTEMS, LLC - DELMAR",Minerals,NY,2026,47690.61924946314
1002129,"OWENS CORNING INSULATING SYSTEMS, LLC - DELMAR",Minerals,NY,2027,48489.75783334896
1002129,"OWENS CORNING INSULATING SYSTEMS, LLC - DELMAR",Minerals,NY,2028,49302.2873625885
1002132,LA SALLE/GRANT PARISH SANITARY LANDFILL,Waste,LA,2024,90412.61038503914
1002132,LA SALLE/GRANT PARISH SANITARY LANDFILL,Waste,LA,2025,87792.15733369354
1002132,LA SALLE/GRANT PARISH SANITARY LANDFILL,Waste,LA,2026,85247.65357929975
1002132,LA SALLE/GRANT PARISH SANITARY LANDFILL,Waste,LA,2027,82776.89786291706
1002132,LA SALLE/GRANT PARISH SANITARY LANDFILL,Waste,LA,2028,80377.75272528594
1002139,MC 736 A-Thunder Hawk (Complex ID # 2045),Petroleum and Natural Gas Systems,LA,2024,89358.42286115469
1002139,MC 736 A-Thunder Hawk (Complex ID # 2045),Petroleum and Natural Gas Systems,LA,2025,90706.65400588655
1002139,MC 736 A-Thunder Hawk (Complex ID # 2045),Petroleum and Natural Gas Systems,LA,2026,92075.22713027064
1002139,MC 736 A-Thunder Hawk (Complex ID # 2045),Petroleum and Natural Gas Systems,LA,2027,93464.4491521071
1002139,MC 736 A-Thunder Hawk (Complex ID # 2045),Petroleum and Natural Gas Systems,LA,2028,94874.63161994073
1002145,"OWENS CORNING INSULATING SYSTEMS, LLC - NEWARK",Minerals,OH,2024,44741.924351705304
1002145,"OWENS CORNING INSULATING SYSTEMS, LLC - NEWARK",Minerals,OH,2025,44809.23418080486
1002145,"OWENS CORNING INSULATING SYSTEMS, LLC - NEWARK",Minerals,OH,2026,44876.64527092881
1002145,"OWENS CORNING INSULATING SYSTEMS, LLC - NEWARK",Minerals,OH,2027,44944.15777441451
1002145,"OWENS CORNING INSULATING SYSTEMS, LLC - NEWARK",Minerals,OH,2028,45011.771843828225
1002146,"CHEVRON PHILLIPS CHEMICAL COMPANY, LP PORT ARTHUR PLANT",Chemicals,TX,2024,917951.5864323317
1002146,"CHEVRON PHILLIPS CHEMICAL COMPANY, LP PORT ARTHUR PLANT",Chemicals,TX,2025,950217.1422140354
1002146,"CHEVRON PHILLIPS CHEMICAL COMPANY, LP PORT ARTHUR PLANT",Chemicals,TX,2026,983616.8167284583
1002146,"CHEVRON PHILLIPS CHEMICAL COMPANY, LP PORT ARTHUR PLANT",Chemicals,TX,2027,1018190.4737023766
1002146,"CHEVRON PHILLIPS CHEMICAL COMPANY, LP PORT ARTHUR PLANT",Chemicals,TX,2028,1053979.3780533397
1002149,International Paper - Springfield Mill,Pulp and Paper,OR,2024,107302.19209218286
1002149,International Paper - Springfield Mill,Pulp and Paper,OR,2025,107833.90157503942
1002149,International Paper - Springfield Mill,Pulp and Paper,OR,2026,108368.24581277477
1002149,International Paper - Springfield Mill,Pulp and Paper,OR,2027,108905.23786126602
1002149,International Paper - Springfield Mill,Pulp and Paper,OR,2028,109444.89084108395
1002152,PROCTER & GAMBLE PAPER PRODUCTS,Pulp and Paper,CA,2024,286015.6539958467
1002152,PROCTER & GAMBLE PAPER PRODUCTS,Pulp and Paper,CA,2025,283040.56207679235
1002152,PROCTER & GAMBLE PAPER PRODUCTS,Pulp and Paper,CA,2026,280096.416617496
1002152,PROCTER & GAMBLE PAPER PRODUCTS,Pulp and Paper,CA,2027,277182.8957175275
1002152,PROCTER & GAMBLE PAPER PRODUCTS,Pulp and Paper,CA,2028,274299.6808248155
1002159,HASTINGS LANDFILL,Waste,NE,2024,50306.576104213986
1002159,HASTINGS LANDFILL,Waste,NE,2025,51083.875556309766
1002159,HASTINGS LANDFILL,Waste,NE,2026,51873.18525607122
1002159,HASTINGS LANDFILL,Waste,NE,2027,52674.69077683015
1002159,HASTINGS LANDFILL,Waste,NE,2028,53488.58055925792
1002160,GUARDIAN INDUSTRIES LLC,Minerals,NY,2024,103007.72387710663
1002160,GUARDIAN INDUSTRIES LLC,Minerals,NY,2025,100505.24911289473
1002160,GUARDIAN INDUSTRIES LLC,Minerals,NY,2026,98063.56959499842
1002160,GUARDIAN INDUSTRIES LLC,Minerals,NY,2027,95681.20836068151
1002160,GUARDIAN INDUSTRIES LLC,Minerals,NY,2028,93356.72432861447
1002163,University of Rochester,Other,NY,2024,123928.35839831177
1002163,University of Rochester,Other,NY,2025,123668.36048361825
1002163,University of Rochester,Other,NY,2026,123408.90803661685
1002163,University of Rochester,Other,NY,2027,123149.99991293323
1002163,University of Rochester,Other,NY,2028,122891.634970593
1002165,HURON REAL ESTATE ASSOCIATES,Other,NY,2024,28107.41931569309
1002165,HURON REAL ESTATE ASSOCIATES,Other,NY,2025,27235.587493135292
1002165,HURON REAL ESTATE ASSOCIATES,Other,NY,2026,26390.79802257315
1002165,HURON REAL ESTATE ASSOCIATES,Other,NY,2027,25572.212108286512
1002165,HURON REAL ESTATE ASSOCIATES,Other,NY,2028,24779.01697219822
1002167,BARTHOLOMEW COUNTY LANDFILL II,Waste,IN,2024,79473.010499079
1002167,BARTHOLOMEW COUNTY LANDFILL II,Waste,IN,2025,81803.5704829052
1002167,BARTHOLOMEW COUNTY LANDFILL II,Waste,IN,2026,84202.47454737088
1002167,BARTHOLOMEW COUNTY LANDFILL II,Waste,IN,2027,86671.72689463812
1002167,BARTHOLOMEW COUNTY LANDFILL II,Waste,IN,2028,89213.39050044927
1002168,BARTHOLOMEW CO LANDFILL,Waste,IN,2024,16677.98903770919
1002168,BARTHOLOMEW CO LANDFILL,Waste,IN,2025,15815.697708307669
1002168,BARTHOLOMEW CO LANDFILL,Waste,IN,2026,14997.988872339853
1002168,BARTHOLOMEW CO LANDFILL,Waste,IN,2027,14222.557509851351
1002168,BARTHOLOMEW CO LANDFILL,Waste,IN,2028,13487.217775850433
1002172,RAIN CII CARBON LLC,Petroleum and Natural Gas Systems,MS,2024,18872.676363284034
1002172,RAIN CII CARBON LLC,Petroleum and Natural Gas Systems,MS,2025,18376.18213879252
1002172,RAIN CII CARBON LLC,Petroleum and Natural Gas Systems,MS,2026,17892.74947007655
1002172,RAIN CII CARBON LLC,Petroleum and Natural Gas Systems,MS,2027,17422.03473936412
1002172,RAIN CII CARBON LLC,Petroleum and Natural Gas Systems,MS,2028,16963.70336863106
1002173,GRANITE FALLS ENERGY LLC,Other,MN,2024,76958.09267212854
1002173,GRANITE FALLS ENERGY LLC,Other,MN,2025,76678.77186608237
1002173,GRANITE FALLS ENERGY LLC,Other,MN,2026,76400.46486001452
1002173,GRANITE FALLS ENERGY LLC,Other,MN,2027,76123.16797431976
1002173,GRANITE FALLS ENERGY LLC,Other,MN,2028,75846.87754274718
1002176,CHEMOURS WASHINGTON WORKS,Chemicals,WV,2024,866373.3715036627
1002176,CHEMOURS WASHINGTON WORKS,Chemicals,WV,2025,865323.2239718135
1002176,CHEMOURS WASHINGTON WORKS,Chemicals,WV,2026,864274.3493436249
1002176,CHEMOURS WASHINGTON WORKS,Chemicals,WV,2027,863226.7460761939
1002176,CHEMOURS WASHINGTON WORKS,Chemicals,WV,2028,862180.4126284725
1002177,"DENCO II, LLC",Other,MN,2024,38931.50659656769
1002177,"DENCO II, LLC",Other,MN,2025,38752.94607735916
1002177,"DENCO II, LLC",Other,MN,2026,38575.2045313115
1002177,"DENCO II, LLC",Other,MN,2027,38398.27820218002
1002177,"DENCO II, LLC",Other,MN,2028,38222.163350947885
1002178,Anchor Glass Container. - Plant 42,Minerals,IN,2024,45930.279642856076
1002178,Anchor Glass Container. - Plant 42,Minerals,IN,2025,46275.52670556729
1002178,Anchor Glass Container. - Plant 42,Minerals,IN,2026,46623.368908896795
1002178,Anchor Glass Container. - Plant 42,Minerals,IN,2027,46973.82575990361
1002178,Anchor Glass Container. - Plant 42,Minerals,IN,2028,47326.9169122768
1002179,KIMBERLY-CLARK CORP.,Pulp and Paper,TN,2024,76686.31061795977
1002179,KIMBERLY-CLARK CORP.,Pulp and Paper,TN,2025,76940.27273235291
1002179,KIMBERLY-CLARK CORP.,Pulp and Paper,TN,2026,77195.07589327711
1002179,KIMBERLY-CLARK CORP.,Pulp and Paper,TN,2027,77450.72288602754
1002179,KIMBERLY-CLARK CORP.,Pulp and Paper,TN,2028,77707.21650512199
1002181,Anchor Glass Container - Plant 41,Minerals,NY,2024,94566.73057389056
1002181,Anchor Glass Container - Plant 41,Minerals,NY,2025,94404.6211217374
1002181,Anchor Glass Container - Plant 41,Minerals,NY,2026,94242.78956302839
1002181,Anchor Glass Container - Plant 41,Minerals,NY,2027,94081.23542138946
1002181,Anchor Glass Container - Plant 41,Minerals,NY,2028,93919.95822126318
1002184,"Florida's Natural Growers, Inc.",Other,FL,2024,55603.6469267027
1002184,"Florida's Natural Growers, Inc.",Other,FL,2025,55082.550531001245
1002184,"Florida's Natural Growers, Inc.",Other,FL,2026,54566.337654072675
1002184,"Florida's Natural Growers, Inc.",Other,FL,2027,54054.96252942216
1002184,"Florida's Natural Growers, Inc.",Other,FL,2028,53548.37981946079
1002186,"CertainTeed Gypsum Buchanan, LLC.",Minerals,NY,2024,59659.24386041038
1002186,"CertainTeed Gypsum Buchanan, LLC.",Minerals,NY,2025,59730.07706603443
1002186,"CertainTeed Gypsum Buchanan, LLC.",Minerals,NY,2026,59800.9943716686
1002186,"CertainTeed Gypsum Buchanan, LLC.",Minerals,NY,2027,59871.99587716475
1002186,"CertainTeed Gypsum Buchanan, LLC.",Minerals,NY,2028,59943.081682492855
1002190,ASCEND PERFORMANCE MATERIALS CHOCOLATE BAYOU FACILITY,Chemicals,TX,2024,565654.7820085457
1002190,ASCEND PERFORMANCE MATERIALS CHOCOLATE BAYOU FACILITY,Chemicals,TX,2025,562124.4930949355
1002190,ASCEND PERFORMANCE MATERIALS CHOCOLATE BAYOU FACILITY,Chemicals,TX,2026,558616.2369479701
1002190,ASCEND PERFORMANCE MATERIALS CHOCOLATE BAYOU FACILITY,Chemicals,TX,2027,555129.8760596976
1002190,ASCEND PERFORMANCE MATERIALS CHOCOLATE BAYOU FACILITY,Chemicals,TX,2028,551665.2737803558
1002195,Sneed Booster Station,Petroleum and Natural Gas Systems,TX,2024,31805.564315813812
1002195,Sneed Booster Station,Petroleum and Natural Gas Systems,TX,2025,32141.04636557241
1002195,Sneed Booster Station,Petroleum and Natural Gas Systems,TX,2026,32480.06704789828
1002195,Sneed Booster Station,Petroleum and Natural Gas Systems,TX,2027,32822.66368794934
1002195,Sneed Booster Station,Petroleum and Natural Gas Systems,TX,2028,33168.87400458546
1002197,PHELPS DODGE REFINING CORPORATION,Metals,TX,2024,95498.31003402923
1002197,PHELPS DODGE REFINING CORPORATION,Metals,TX,2025,100779.62103234089
1002197,PHELPS DODGE REFINING CORPORATION,Metals,TX,2026,106353.00260081164
1002197,PHELPS DODGE REFINING CORPORATION,Metals,TX,2027,112234.60702018793
1002197,PHELPS DODGE REFINING CORPORATION,Metals,TX,2028,118441.47983537879
1002200,Waupaca Foundry INC. - PLT 1,Metals,WI,2024,75481.49980460534
1002200,Waupaca Foundry INC. - PLT 1,Metals,WI,2025,73461.1169878589
1002200,Waupaca Foundry INC. - PLT 1,Metals,WI,2026,71494.81294189421
1002200,Waupaca Foundry INC. - PLT 1,Metals,WI,2027,69581.14016209751
1002200,Waupaca Foundry INC. - PLT 1,Metals,WI,2028,67718.68988862589
1002203,"MORTON SALT, INC.",Chemicals,OH,2024,66218.64531659591
1002203,"MORTON SALT, INC.",Chemicals,OH,2025,61632.67757148221
1002203,"MORTON SALT, INC.",Chemicals,OH,2026,57364.31070839599
1002203,"MORTON SALT, INC.",Chemicals,OH,2027,53391.549300009894
1002203,"MORTON SALT, INC.",Chemicals,OH,2028,49693.92121080865
1002205,FOSTER FARMS LIVINGSTON COMPLEX,Other,CA,2024,51185.56574114526
1002205,FOSTER FARMS LIVINGSTON COMPLEX,Other,CA,2025,51994.371470347985
1002205,FOSTER FARMS LIVINGSTON COMPLEX,Other,CA,2026,52815.95749606836
1002205,FOSTER FARMS LIVINGSTON COMPLEX,Other,CA,2027,53650.5257654158
1002205,FOSTER FARMS LIVINGSTON COMPLEX,Other,CA,2028,54498.28141655486
1002209,ARKANSAS LIME COMPANY,Minerals,AR,2024,434168.30945863907
1002209,ARKANSAS LIME COMPANY,Minerals,AR,2025,433455.8772356039
1002209,ARKANSAS LIME COMPANY,Minerals,AR,2026,432744.6140515368
1002209,ARKANSAS LIME COMPANY,Minerals,AR,2027,432034.5179881477
1002209,ARKANSAS LIME COMPANY,Minerals,AR,2028,431325.5871302921
1002214,WILLIAMS MOBILE BAY GAS PROCESSING FACILITY,Petroleum and Natural Gas Systems,AL,2024,135687.15597448373
1002214,WILLIAMS MOBILE BAY GAS PROCESSING FACILITY,Petroleum and Natural Gas Systems,AL,2025,136329.67949246187
1002214,WILLIAMS MOBILE BAY GAS PROCESSING FACILITY,Petroleum and Natural Gas Systems,AL,2026,136975.2455716033
1002214,WILLIAMS MOBILE BAY GAS PROCESSING FACILITY,Petroleum and Natural Gas Systems,AL,2027,137623.86861944068
1002214,WILLIAMS MOBILE BAY GAS PROCESSING FACILITY,Petroleum and Natural Gas Systems,AL,2028,138275.56311173088
1002215,KELLOGG LANCASTER CEREAL PLT,Other,PA,2024,27584.13797991231
1002215,KELLOGG LANCASTER CEREAL PLT,Other,PA,2025,27556.0529521671
1002215,KELLOGG LANCASTER CEREAL PLT,Other,PA,2026,27527.996519434822
1002215,KELLOGG LANCASTER CEREAL PLT,Other,PA,2027,27499.968652601307
1002215,KELLOGG LANCASTER CEREAL PLT,Other,PA,2028,27471.969322581794
1002216,CMC Steel Florida,Metals,FL,2024,98280.79930034238
1002216,CMC Steel Florida,Metals,FL,2025,100516.54183562666
1002216,CMC Steel Florida,Metals,FL,2026,102803.14420029435
1002216,CMC Steel Florida,Metals,FL,2027,105141.76338009138
1002216,CMC Steel Florida,Metals,FL,2028,107533.58268047478
1002223,SABINE PARISH LANDFILL,Waste,LA,2024,147919.3587989029
1002223,SABINE PARISH LANDFILL,Waste,LA,2025,153086.4366252974
1002223,SABINE PARISH LANDFILL,Waste,LA,2026,158434.00937460648
1002223,SABINE PARISH LANDFILL,Waste,LA,2027,163968.3820451858
1002223,SABINE PARISH LANDFILL,Waste,LA,2028,169696.07987983667
1002226,OWENS-BROCKWAY GLASS CONTAINER INC PLANT NO 12,Minerals,OH,2024,83234.74251432413
1002226,OWENS-BROCKWAY GLASS CONTAINER INC PLANT NO 12,Minerals,OH,2025,83334.87242653292
1002226,OWENS-BROCKWAY GLASS CONTAINER INC PLANT NO 12,Minerals,OH,2026,83435.12279324204
1002226,OWENS-BROCKWAY GLASS CONTAINER INC PLANT NO 12,Minerals,OH,2027,83535.4937593561
1002226,OWENS-BROCKWAY GLASS CONTAINER INC PLANT NO 12,Minerals,OH,2028,83635.98546995404
1002229,"PCS Nitrogen Ohio, L.P.",Chemicals,OH,2024,1518482.3333364604
1002229,"PCS Nitrogen Ohio, L.P.",Chemicals,OH,2025,1532162.189343611
1002229,"PCS Nitrogen Ohio, L.P.",Chemicals,OH,2026,1545965.2858101726
1002229,"PCS Nitrogen Ohio, L.P.",Chemicals,OH,2027,1559892.732997178
1002229,"PCS Nitrogen Ohio, L.P.",Chemicals,OH,2028,1573945.6511678535
1002230,SAPUTO CHEESE USA INC,Other,CA,2024,64823.97694440914
1002230,SAPUTO CHEESE USA INC,Other,CA,2025,64732.74497171437
1002230,SAPUTO CHEESE USA INC,Other,CA,2026,64641.64139707898
1002230,SAPUTO CHEESE USA INC,Other,CA,2027,64550.66603979835
1002230,SAPUTO CHEESE USA INC,Other,CA,2028,64459.81871942146
1002232,CHRIN BROTHERS LANDFILL,Waste,PA,2024,68613.74793535157
1002232,CHRIN BROTHERS LANDFILL,Waste,PA,2025,69755.64308071855
1002232,CHRIN BROTHERS LANDFILL,Waste,PA,2026,70916.5420636873
1002232,CHRIN BROTHERS LANDFILL,Waste,PA,2027,72096.76115308971
1002232,CHRIN BROTHERS LANDFILL,Waste,PA,2028,73296.62188121908
1002235,DISCOVERY PRODUCER SERVICES LLC - DISCOVERY PARADIS FRACTIONATION PLANT,Natural Gas and Natural Gas Liquids Suppliers,LA,2024,123970.2107550677
1002235,DISCOVERY PRODUCER SERVICES LLC - DISCOVERY PARADIS FRACTIONATION PLANT,Natural Gas and Natural Gas Liquids Suppliers,LA,2025,124034.1841068913
1002235,DISCOVERY PRODUCER SERVICES LLC - DISCOVERY PARADIS FRACTIONATION PLANT,Natural Gas and Natural Gas Liquids Suppliers,LA,2026,124098.1904714013
1002235,DISCOVERY PRODUCER SERVICES LLC - DISCOVERY PARADIS FRACTIONATION PLANT,Natural Gas and Natural Gas Liquids Suppliers,LA,2027,124162.22986563438
1002235,DISCOVERY PRODUCER SERVICES LLC - DISCOVERY PARADIS FRACTIONATION PLANT,Natural Gas and Natural Gas Liquids Suppliers,LA,2028,124226.30230663423
1002239,Echo Springs Gas Plant,Petroleum and Natural Gas Systems,WY,2024,384993.54748692905
1002239,Echo Springs Gas Plant,Petroleum and Natural Gas Systems,WY,2025,367224.40174573887
1002239,Echo Springs Gas Plant,Petroleum and Natural Gas Systems,WY,2026,350275.3802441163
1002239,Echo Springs Gas Plant,Petroleum and Natural Gas Systems,WY,2027,334108.6306408133
1002239,Echo Springs Gas Plant,Petroleum and Natural Gas Systems,WY,2028,318688.04764663184
1002244,CenterPoint Landfill,Waste,OK,2024,42111.88914653202
1002244,CenterPoint Landfill,Waste,OK,2025,43500.194362859394
1002244,CenterPoint Landfill,Waste,OK,2026,44934.2679218744
1002244,CenterPoint Landfill,Waste,OK,2027,46415.61867132012
1002244,CenterPoint Landfill,Waste,OK,2028,47945.80520121515
1002246,Bayer CropScience LP,Chemicals,IA,2024,68329.93229620889
1002246,Bayer CropScience LP,Chemicals,IA,2025,66510.54553753935
1002246,Bayer CropScience LP,Chemicals,IA,2026,64739.60267551037
1002246,Bayer CropScience LP,Chemicals,IA,2027,63015.81381883857
1002246,Bayer CropScience LP,Chemicals,IA,2028,61337.923421526575
1002248,"INGEVITY SOUTH CAROLINA, LLC - DeRidder Plant",Chemicals,LA,2024,60573.832420840576
1002248,"INGEVITY SOUTH CAROLINA, LLC - DeRidder Plant",Chemicals,LA,2025,60902.037522419254
1002248,"INGEVITY SOUTH CAROLINA, LLC - DeRidder Plant",Chemicals,LA,2026,61232.020926350466
1002248,"INGEVITY SOUTH CAROLINA, LLC - DeRidder Plant",Chemicals,LA,2027,61563.79226794878
1002248,"INGEVITY SOUTH CAROLINA, LLC - DeRidder Plant",Chemicals,LA,2028,61897.36123473439
1002249,LIVINGSTON LANDFILL,Waste,IL,2024,119261.13316214069
1002249,LIVINGSTON LANDFILL,Waste,IL,2025,118132.2219565495
1002249,LIVINGSTON LANDFILL,Waste,IL,2026,117013.99688546284
1002249,LIVINGSTON LANDFILL,Waste,IL,2027,115906.35679524654
1002249,LIVINGSTON LANDFILL,Waste,IL,2028,114809.20148977508
1002251,"Big Escambia Creek Gas Production, Treating and Processing Facility (BEC)",Natural Gas and Natural Gas Liquids Suppliers,AL,2024,220860.8765214618
1002251,"Big Escambia Creek Gas Production, Treating and Processing Facility (BEC)",Natural Gas and Natural Gas Liquids Suppliers,AL,2025,208950.6081481205
1002251,"Big Escambia Creek Gas Production, Treating and Processing Facility (BEC)",Natural Gas and Natural Gas Liquids Suppliers,AL,2026,197682.619634205
1002251,"Big Escambia Creek Gas Production, Treating and Processing Facility (BEC)",Natural Gas and Natural Gas Liquids Suppliers,AL,2027,187022.2750332465
1002251,"Big Escambia Creek Gas Production, Treating and Processing Facility (BEC)",Natural Gas and Natural Gas Liquids Suppliers,AL,2028,176936.80619638576
1002256,MARKHAM GAS PROCESSING PLANT,Petroleum and Natural Gas Systems,TX,2024,84489.23993975834
1002256,MARKHAM GAS PROCESSING PLANT,Petroleum and Natural Gas Systems,TX,2025,79573.29370755372
1002256,MARKHAM GAS PROCESSING PLANT,Petroleum and Natural Gas Systems,TX,2026,74943.37830454281
1002256,MARKHAM GAS PROCESSING PLANT,Petroleum and Natural Gas Systems,TX,2027,70582.85123070952
1002256,MARKHAM GAS PROCESSING PLANT,Petroleum and Natural Gas Systems,TX,2028,66476.03831804423
1002257,AIR PRODUCTS CARSON HYDROGEN PLANT,Chemicals,CA,2024,650337.2636715969
1002257,AIR PRODUCTS CARSON HYDROGEN PLANT,Chemicals,CA,2025,648472.3891353091
1002257,AIR PRODUCTS CARSON HYDROGEN PLANT,Chemicals,CA,2026,646612.8622197555
1002257,AIR PRODUCTS CARSON HYDROGEN PLANT,Chemicals,CA,2027,644758.667590368
1002257,AIR PRODUCTS CARSON HYDROGEN PLANT,Chemicals,CA,2028,642909.78995655
1002258,"KELLOGG USA,INC.",Other,TN,2024,25640.252963507057
1002258,"KELLOGG USA,INC.",Other,TN,2025,25622.737875086365
1002258,"KELLOGG USA,INC.",Other,TN,2026,25605.234751380794
1002258,"KELLOGG USA,INC.",Other,TN,2027,25587.743584217144
1002258,"KELLOGG USA,INC.",Other,TN,2028,25570.26436542774
1002260,"COE Bridgewater LLC c/o Thor Equities, LLC",Other,NJ,2024,28808.469793075437
1002260,"COE Bridgewater LLC c/o Thor Equities, LLC",Other,NJ,2025,28682.250168059603
1002260,"COE Bridgewater LLC c/o Thor Equities, LLC",Other,NJ,2026,28556.583553802484
1002260,"COE Bridgewater LLC c/o Thor Equities, LLC",Other,NJ,2027,28431.46752737748
1002260,"COE Bridgewater LLC c/o Thor Equities, LLC",Other,NJ,2028,28306.899676473455
1002262,"ELECTRIC GLASS FIBER AMERICA, LLC",Minerals,NC,2024,79036.01039526428
1002262,"ELECTRIC GLASS FIBER AMERICA, LLC",Minerals,NC,2025,77563.03391680468
1002262,"ELECTRIC GLASS FIBER AMERICA, LLC",Minerals,NC,2026,76117.50897208563
1002262,"ELECTRIC GLASS FIBER AMERICA, LLC",Minerals,NC,2027,74698.92395300251
1002262,"ELECTRIC GLASS FIBER AMERICA, LLC",Minerals,NC,2028,73306.77678617615
1002263,Advancion Corporation,Chemicals,LA,2024,130759.27932126958
1002263,Advancion Corporation,Chemicals,LA,2025,134151.69853097884
1002263,Advancion Corporation,Chemicals,LA,2026,137632.1306767806
1002263,Advancion Corporation,Chemicals,LA,2027,141202.85916660365
1002263,Advancion Corporation,Chemicals,LA,2028,144866.22664911882
1002264,SAN JUAN GAS PLANT,Petroleum and Natural Gas Systems,NM,2024,226047.41529920505
1002264,SAN JUAN GAS PLANT,Petroleum and Natural Gas Systems,NM,2025,225899.2325675352
1002264,SAN JUAN GAS PLANT,Petroleum and Natural Gas Systems,NM,2026,225751.14697531654
1002264,SAN JUAN GAS PLANT,Petroleum and Natural Gas Systems,NM,2027,225603.1584588717
1002264,SAN JUAN GAS PLANT,Petroleum and Natural Gas Systems,NM,2028,225455.2669545622
1002268,LEE COUNTY SOLID WASTE RESOURCE RECOVERY FACILITY,Waste,FL,2024,218537.3822197096
1002268,LEE COUNTY SOLID WASTE RESOURCE RECOVERY FACILITY,Waste,FL,2025,218975.9984574742
1002268,LEE COUNTY SOLID WASTE RESOURCE RECOVERY FACILITY,Waste,FL,2026,219415.4950215339
1002268,LEE COUNTY SOLID WASTE RESOURCE RECOVERY FACILITY,Waste,FL,2027,219855.87367875074
1002268,LEE COUNTY SOLID WASTE RESOURCE RECOVERY FACILITY,Waste,FL,2028,220297.1361995326
1002270,University of Maryland,Other,MD,2024,105549.96876020869
1002270,University of Maryland,Other,MD,2025,104170.9480215262
1002270,University of Maryland,Other,MD,2026,102809.94432462985
1002270,University of Maryland,Other,MD,2027,101466.72227509471
1002270,University of Maryland,Other,MD,2028,100141.04955394579
1002271,UC DAVIS MEDICAL CENTER,Other,CA,2024,58440.221910684086
1002271,UC DAVIS MEDICAL CENTER,Other,CA,2025,58000.746832025645
1002271,UC DAVIS MEDICAL CENTER,Other,CA,2026,57564.57664062545
1002271,UC DAVIS MEDICAL CENTER,Other,CA,2027,57131.686483470825
1002271,UC DAVIS MEDICAL CENTER,Other,CA,2028,56702.0516944451
1002272,"WestRock CP, LLC - Fernandina Beach Mill (Formerly Smurfit-Stone)",Pulp and Paper,FL,2024,363901.3859668031
1002272,"WestRock CP, LLC - Fernandina Beach Mill (Formerly Smurfit-Stone)",Pulp and Paper,FL,2025,343694.4933476714
1002272,"WestRock CP, LLC - Fernandina Beach Mill (Formerly Smurfit-Stone)",Pulp and Paper,FL,2026,324609.65886040387
1002272,"WestRock CP, LLC - Fernandina Beach Mill (Formerly Smurfit-Stone)",Pulp and Paper,FL,2027,306584.5763169602
1002272,"WestRock CP, LLC - Fernandina Beach Mill (Formerly Smurfit-Stone)",Pulp and Paper,FL,2028,289560.3992975186
1002277,ISLIP MCARTHUR RESOURCE RECOVERY FACIL,Waste,NY,2024,46407.40266712944
1002277,ISLIP MCARTHUR RESOURCE RECOVERY FACIL,Waste,NY,2025,45963.19424827841
1002277,ISLIP MCARTHUR RESOURCE RECOVERY FACIL,Waste,NY,2026,45523.23776140463
1002277,ISLIP MCARTHUR RESOURCE RECOVERY FACIL,Waste,NY,2027,45087.49250731187
1002277,ISLIP MCARTHUR RESOURCE RECOVERY FACIL,Waste,NY,2028,44655.91817637408
1002284,MCCAIN FOODS USA INC,Other,WI,2024,40577.14425201119
1002284,MCCAIN FOODS USA INC,Other,WI,2025,40462.52442811713
1002284,MCCAIN FOODS USA INC,Other,WI,2026,40348.22837525901
1002284,MCCAIN FOODS USA INC,Other,WI,2027,40234.255178868276
1002284,MCCAIN FOODS USA INC,Other,WI,2028,40120.60392695977
1002285,MCCAIN FOODS USA INC,Other,ID,2024,81423.67887461219
1002285,MCCAIN FOODS USA INC,Other,ID,2025,85111.91279685787
1002285,MCCAIN FOODS USA INC,Other,ID,2026,88967.21199609902
1002285,MCCAIN FOODS USA INC,Other,ID,2027,92997.14399851966
1002285,MCCAIN FOODS USA INC,Other,ID,2028,97209.61911519285
1002286,LUNDAY-THAGARD COMPANY,Petroleum Product Suppliers,CA,2024,37468.779140991486
1002286,LUNDAY-THAGARD COMPANY,Petroleum Product Suppliers,CA,2025,37418.307725953346
1002286,LUNDAY-THAGARD COMPANY,Petroleum Product Suppliers,CA,2026,37367.904297217116
1002286,LUNDAY-THAGARD COMPANY,Petroleum Product Suppliers,CA,2027,37317.56876320362
1002286,LUNDAY-THAGARD COMPANY,Petroleum Product Suppliers,CA,2028,37267.301032456984
1002292,HARFORD WASTE DISPOSAL CENTER,Waste,MD,2024,44666.520914232126
1002292,HARFORD WASTE DISPOSAL CENTER,Waste,MD,2025,42960.917290206686
1002292,HARFORD WASTE DISPOSAL CENTER,Waste,MD,2026,41320.44261875562
1002292,HARFORD WASTE DISPOSAL CENTER,Waste,MD,2027,39742.60993256516
1002292,HARFORD WASTE DISPOSAL CENTER,Waste,MD,2028,38225.0272298654
1002299,SOLUTIA INC - INDIAN ORCHARD PLANT,Other,MA,2024,59891.853524061684
1002299,SOLUTIA INC - INDIAN ORCHARD PLANT,Other,MA,2025,55546.993217629075
1002299,SOLUTIA INC - INDIAN ORCHARD PLANT,Other,MA,2026,51517.33122234624
1002299,SOLUTIA INC - INDIAN ORCHARD PLANT,Other,MA,2027,47780.00144624603
1002299,SOLUTIA INC - INDIAN ORCHARD PLANT,Other,MA,2028,44313.79662021424
1002300,US GYPSUM - EAST CHICAGO PLANT,Minerals,IN,2024,41121.768108507364
1002300,US GYPSUM - EAST CHICAGO PLANT,Minerals,IN,2025,42372.47353573323
1002300,US GYPSUM - EAST CHICAGO PLANT,Minerals,IN,2026,43661.2187685813
1002300,US GYPSUM - EAST CHICAGO PLANT,Minerals,IN,2027,44989.160775575394
1002300,US GYPSUM - EAST CHICAGO PLANT,Minerals,IN,2028,46357.49171406702
1002301,"CF INDUSTRIES NITROGEN, LLC - DONALDSONVILLE NITROGEN COMPLEX",Chemicals,LA,2024,9823382.649470914
1002301,"CF INDUSTRIES NITROGEN, LLC - DONALDSONVILLE NITROGEN COMPLEX",Chemicals,LA,2025,10125051.292223144
1002301,"CF INDUSTRIES NITROGEN, LLC - DONALDSONVILLE NITROGEN COMPLEX",Chemicals,LA,2026,10435983.950566227
1002301,"CF INDUSTRIES NITROGEN, LLC - DONALDSONVILLE NITROGEN COMPLEX",Chemicals,LA,2027,10756465.115404217
1002301,"CF INDUSTRIES NITROGEN, LLC - DONALDSONVILLE NITROGEN COMPLEX",Chemicals,LA,2028,11086788.01414115
1002305,"WESTROCK TEXAS, L.P.",Pulp and Paper,TX,2024,503997.03512278403
1002305,"WESTROCK TEXAS, L.P.",Pulp and Paper,TX,2025,528509.4591757695
1002305,"WESTROCK TEXAS, L.P.",Pulp and Paper,TX,2026,554214.0706645522
1002305,"WESTROCK TEXAS, L.P.",Pulp and Paper,TX,2027,581168.8528746333
1002305,"WESTROCK TEXAS, L.P.",Pulp and Paper,TX,2028,609434.6091693683
1002309,U S GYPSUM - OAKFIELD PLANT,Pulp and Paper,NY,2024,32003.468928500282
1002309,U S GYPSUM - OAKFIELD PLANT,Pulp and Paper,NY,2025,32243.182162221234
1002309,U S GYPSUM - OAKFIELD PLANT,Pulp and Paper,NY,2026,32484.690902377617
1002309,U S GYPSUM - OAKFIELD PLANT,Pulp and Paper,NY,2027,32728.008597719698
1002309,U S GYPSUM - OAKFIELD PLANT,Pulp and Paper,NY,2028,32973.14879773152
1002311,Naval Submarine Base New London,Other,CT,2024,22135.904042975068
1002311,Naval Submarine Base New London,Other,CT,2025,21221.366123972384
1002311,Naval Submarine Base New London,Other,CT,2026,20344.612051686294
1002311,Naval Submarine Base New London,Other,CT,2027,19504.0807983639
1002311,Naval Submarine Base New London,Other,CT,2028,18698.275829623202
1002313,US GYPSUM - SPERRY PLANT,Minerals,IA,2024,73419.32808894703
1002313,US GYPSUM - SPERRY PLANT,Minerals,IA,2025,75176.98327750797
1002313,US GYPSUM - SPERRY PLANT,Minerals,IA,2026,76976.71664687346
1002313,US GYPSUM - SPERRY PLANT,Minerals,IA,2027,78819.53554667106
1002313,US GYPSUM - SPERRY PLANT,Minerals,IA,2028,80706.47144243045
1002317,SOLAR TURBINES INCORPORATED,Other,CA,2024,31422.907593040123
1002317,SOLAR TURBINES INCORPORATED,Other,CA,2025,30916.330096543414
1002317,SOLAR TURBINES INCORPORATED,Other,CA,2026,30417.919277786357
1002317,SOLAR TURBINES INCORPORATED,Other,CA,2027,29927.54347946936
1002317,SOLAR TURBINES INCORPORATED,Other,CA,2028,29445.07316677672
1002319,WILLOW CREEK GAS PLANT,Petroleum and Natural Gas Systems,CO,2024,305283.28610083746
1002319,WILLOW CREEK GAS PLANT,Petroleum and Natural Gas Systems,CO,2025,301694.52556599904
1002319,WILLOW CREEK GAS PLANT,Petroleum and Natural Gas Systems,CO,2026,298147.9527393073
1002319,WILLOW CREEK GAS PLANT,Petroleum and Natural Gas Systems,CO,2027,294643.0716827648
1002319,WILLOW CREEK GAS PLANT,Petroleum and Natural Gas Systems,CO,2028,291179.3922883758
1002324,IMCO RECYCLING OF OHIO LLC,Metals,OH,2024,67677.6685855631
1002324,IMCO RECYCLING OF OHIO LLC,Metals,OH,2025,67479.37267223792
1002324,IMCO RECYCLING OF OHIO LLC,Metals,OH,2026,67281.65776694768
1002324,IMCO RECYCLING OF OHIO LLC,Metals,OH,2027,67084.52216733599
1002324,IMCO RECYCLING OF OHIO LLC,Metals,OH,2028,66887.96417603438
1002327,"Morton Salt, Inc.",Other,KS,2024,16371.384875897607
1002327,"Morton Salt, Inc.",Other,KS,2025,15132.986038520141
1002327,"Morton Salt, Inc.",Other,KS,2026,13988.264778943396
1002327,"Morton Salt, Inc.",Other,KS,2027,12930.13494017361
1002327,"Morton Salt, Inc.",Other,KS,2028,11952.046391255592
1002328,City of Akron Steam Generating,Power Plants,OH,2024,36403.09074893845
1002328,City of Akron Steam Generating,Power Plants,OH,2025,33718.252233814215
1002328,City of Akron Steam Generating,Power Plants,OH,2026,31231.428714230024
1002328,City of Akron Steam Generating,Power Plants,OH,2027,28928.01598280516
1002328,City of Akron Steam Generating,Power Plants,OH,2028,26794.48693681261
1002334,Jameson Gas Plant,Natural Gas and Natural Gas Liquids Suppliers,TX,2024,126750.00792770353
1002334,Jameson Gas Plant,Natural Gas and Natural Gas Liquids Suppliers,TX,2025,130539.31328611821
1002334,Jameson Gas Plant,Natural Gas and Natural Gas Liquids Suppliers,TX,2026,134441.9033325105
1002334,Jameson Gas Plant,Natural Gas and Natural Gas Liquids Suppliers,TX,2027,138461.16481440296
1002334,Jameson Gas Plant,Natural Gas and Natural Gas Liquids Suppliers,TX,2028,142600.58572917528
1002349,BRIDGEPORT ETHANOL LLC,Other,NE,2024,50269.66691014214
1002349,BRIDGEPORT ETHANOL LLC,Other,NE,2025,50447.89590246112
1002349,BRIDGEPORT ETHANOL LLC,Other,NE,2026,50626.75679818538
1002349,BRIDGEPORT ETHANOL LLC,Other,NE,2027,50806.251837701995
1002349,BRIDGEPORT ETHANOL LLC,Other,NE,2028,50986.38326934087
1002350,"Westlake Chemicals and Vinyls, LLC",Chemicals,LA,2024,1090389.751817976
1002350,"Westlake Chemicals and Vinyls, LLC",Chemicals,LA,2025,1074794.9202248377
1002350,"Westlake Chemicals and Vinyls, LLC",Chemicals,LA,2026,1059423.1270195886
1002350,"Westlake Chemicals and Vinyls, LLC",Chemicals,LA,2027,1044271.182291386
1002350,"Westlake Chemicals and Vinyls, LLC",Chemicals,LA,2028,1029335.941751704
1002353,CHITWOOD GAS PLANT,Petroleum and Natural Gas Systems,OK,2024,27782.24758375195
1002353,CHITWOOD GAS PLANT,Petroleum and Natural Gas Systems,OK,2025,27097.680182654014
1002353,CHITWOOD GAS PLANT,Petroleum and Natural Gas Systems,OK,2026,26429.98083822543
1002353,CHITWOOD GAS PLANT,Petroleum and Natural Gas Systems,OK,2027,25778.733913765882
1002353,CHITWOOD GAS PLANT,Petroleum and Natural Gas Systems,OK,2028,25143.534014054963
1002356,ONE EARTH ENERGY LLC,Other,IL,2024,175364.46648887775
1002356,ONE EARTH ENERGY LLC,Other,IL,2025,174142.5858841115
1002356,ONE EARTH ENERGY LLC,Other,IL,2026,172929.2189323223
1002356,ONE EARTH ENERGY LLC,Other,IL,2027,171724.30631324145
1002356,ONE EARTH ENERGY LLC,Other,IL,2028,170527.78911992253
1002377,Douglas Gas Plant,Natural Gas and Natural Gas Liquids Suppliers,WY,2024,51052.64796053274
1002377,Douglas Gas Plant,Natural Gas and Natural Gas Liquids Suppliers,WY,2025,50183.203614024045
1002377,Douglas Gas Plant,Natural Gas and Natural Gas Liquids Suppliers,WY,2026,49328.56620705444
1002377,Douglas Gas Plant,Natural Gas and Natural Gas Liquids Suppliers,WY,2027,48488.48357229553
1002377,Douglas Gas Plant,Natural Gas and Natural Gas Liquids Suppliers,WY,2028,47662.70783691523
1002378,SOUTHWEST OZONA GAS PLANT,Petroleum and Natural Gas Systems,TX,2024,45506.11893263256
1002378,SOUTHWEST OZONA GAS PLANT,Petroleum and Natural Gas Systems,TX,2025,45858.53137858681
1002378,SOUTHWEST OZONA GAS PLANT,Petroleum and Natural Gas Systems,TX,2026,46213.6730076702
1002378,SOUTHWEST OZONA GAS PLANT,Petroleum and Natural Gas Systems,TX,2027,46571.56495546027
1002378,SOUTHWEST OZONA GAS PLANT,Petroleum and Natural Gas Systems,TX,2028,46932.22852121432
1002379,Valero Fort Dodge Plant,Other,IA,2024,185769.22210100907
1002379,Valero Fort Dodge Plant,Other,IA,2025,185389.96337150288
1002379,Valero Fort Dodge Plant,Other,IA,2026,185011.4789208689
1002379,Valero Fort Dodge Plant,Other,IA,2027,184633.76716837287
1002379,Valero Fort Dodge Plant,Other,IA,2028,184256.82653650508
1002389,CITGO PETROLEUM CORP - LAKE CHARLES MANUFACTURING COMPLEX,Petroleum Product Suppliers,LA,2024,4070400.7133308463
1002389,CITGO PETROLEUM CORP - LAKE CHARLES MANUFACTURING COMPLEX,Petroleum Product Suppliers,LA,2025,4025611.624859596
1002389,CITGO PETROLEUM CORP - LAKE CHARLES MANUFACTURING COMPLEX,Petroleum Product Suppliers,LA,2026,3981315.377901335
1002389,CITGO PETROLEUM CORP - LAKE CHARLES MANUFACTURING COMPLEX,Petroleum Product Suppliers,LA,2027,3937506.549421913
1002389,CITGO PETROLEUM CORP - LAKE CHARLES MANUFACTURING COMPLEX,Petroleum Product Suppliers,LA,2028,3894179.7760601086
1002390,Georgia-Pacific Gypsum LLC - Fletcher,Minerals,OK,2024,44909.647278526885
1002390,Georgia-Pacific Gypsum LLC - Fletcher,Minerals,OK,2025,45010.61989176483
1002390,Georgia-Pacific Gypsum LLC - Fletcher,Minerals,OK,2026,45111.81952679523
1002390,Georgia-Pacific Gypsum LLC - Fletcher,Minerals,OK,2027,45213.246694042595
1002390,Georgia-Pacific Gypsum LLC - Fletcher,Minerals,OK,2028,45314.901905079
1002393,High-Purity Silicon America Corporation,Metals,AL,2024,34616.67654534825
1002393,High-Purity Silicon America Corporation,Metals,AL,2025,34485.05734161763
1002393,High-Purity Silicon America Corporation,Metals,AL,2026,34353.93857919211
1002393,High-Purity Silicon America Corporation,Metals,AL,2027,34223.3183552985
1002393,High-Purity Silicon America Corporation,Metals,AL,2028,34093.1947743982
1002395,Texas Lime Company,Minerals,TX,2024,470204.65775925503
1002395,Texas Lime Company,Minerals,TX,2025,473651.19103629194
1002395,Texas Lime Company,Minerals,TX,2026,477122.98691214266
1002395,Texas Lime Company,Minerals,TX,2027,480620.23055806564
1002395,Texas Lime Company,Minerals,TX,2028,484143.10850259516
1002398,REWORLD HEMPSTEAD,Waste,NY,2024,332655.10738352407
1002398,REWORLD HEMPSTEAD,Waste,NY,2025,333294.6583813112
1002398,REWORLD HEMPSTEAD,Waste,NY,2026,333935.43895733036
1002398,REWORLD HEMPSTEAD,Waste,NY,2027,334577.45147552574
1002398,REWORLD HEMPSTEAD,Waste,NY,2028,335220.69830438436
1002399,COLUMBIA UNIVERSITY-410 W 118TH ST,Other,NY,2024,58613.48932626443
1002399,COLUMBIA UNIVERSITY-410 W 118TH ST,Other,NY,2025,58095.15475248586
1002399,COLUMBIA UNIVERSITY-410 W 118TH ST,Other,NY,2026,57581.403948304745
1002399,COLUMBIA UNIVERSITY-410 W 118TH ST,Other,NY,2027,57072.19637823544
1002399,COLUMBIA UNIVERSITY-410 W 118TH ST,Other,NY,2028,56567.49186525802
1002400,REWORLD HUNTINGTON,Waste,NY,2024,121701.38259088727
1002400,REWORLD HUNTINGTON,Waste,NY,2025,121795.90987324501
1002400,REWORLD HUNTINGTON,Waste,NY,2026,121890.51057635565
1002400,REWORLD HUNTINGTON,Waste,NY,2027,121985.18475724572
1002400,REWORLD HUNTINGTON,Waste,NY,2028,122079.93247298695
1002401,BARTON COUNTY SANITARY LANDFILL,Waste,KS,2024,37539.39187511779
1002401,BARTON COUNTY SANITARY LANDFILL,Waste,KS,2025,37868.951354695135
1002401,BARTON COUNTY SANITARY LANDFILL,Waste,KS,2026,38201.4040471125
1002401,BARTON COUNTY SANITARY LANDFILL,Waste,KS,2027,38536.77535197466
1002401,BARTON COUNTY SANITARY LANDFILL,Waste,KS,2028,38875.090891870335
1002409,"MEP Station 3 Perryville, LA",Petroleum and Natural Gas Systems,LA,2024,59431.749671298734
1002409,"MEP Station 3 Perryville, LA",Petroleum and Natural Gas Systems,LA,2025,58607.5832744194
1002409,"MEP Station 3 Perryville, LA",Petroleum and Natural Gas Systems,LA,2026,57794.845958014754
1002409,"MEP Station 3 Perryville, LA",Petroleum and Natural Gas Systems,LA,2027,56993.37922996355
1002409,"MEP Station 3 Perryville, LA",Petroleum and Natural Gas Systems,LA,2028,56203.02679602502
1002421,ASH GROVE CEMENT COMPANY,Minerals,TX,2024,611021.1618161696
1002421,ASH GROVE CEMENT COMPANY,Minerals,TX,2025,597254.9673156075
1002421,ASH GROVE CEMENT COMPANY,Minerals,TX,2026,583798.9226476043
1002421,ASH GROVE CEMENT COMPANY,Minerals,TX,2027,570646.0401934215
1002421,ASH GROVE CEMENT COMPANY,Minerals,TX,2028,557789.48976409
1002426,GNRL MILLS,Other,IA,2024,48591.14901855218
1002426,GNRL MILLS,Other,IA,2025,49290.05914648013
1002426,GNRL MILLS,Other,IA,2026,49999.02203868269
1002426,GNRL MILLS,Other,IA,2027,50718.1822889577
1002426,GNRL MILLS,Other,IA,2028,51447.6865708653
1002433,BUNGE NORTH AMERICA,Other,IN,2024,76969.02082327817
1002433,BUNGE NORTH AMERICA,Other,IN,2025,78837.34410938084
1002433,BUNGE NORTH AMERICA,Other,IN,2026,80751.01852330135
1002433,BUNGE NORTH AMERICA,Other,IN,2027,82711.14490492687
1002433,BUNGE NORTH AMERICA,Other,IN,2028,84718.85081560593
1002435,AIR PRODUCTS WILMINGTON HYDROGEN PLANT,Chemicals,CA,2024,785356.2867668275
1002435,AIR PRODUCTS WILMINGTON HYDROGEN PLANT,Chemicals,CA,2025,797695.507641347
1002435,AIR PRODUCTS WILMINGTON HYDROGEN PLANT,Chemicals,CA,2026,810228.597686273
1002435,AIR PRODUCTS WILMINGTON HYDROGEN PLANT,Chemicals,CA,2027,822958.6029006726
1002435,AIR PRODUCTS WILMINGTON HYDROGEN PLANT,Chemicals,CA,2028,835888.6171411901
1002437,SIKORSKY AIRCRAFT HEADQUARTERS,Other,CT,2024,55733.50568613464
1002437,SIKORSKY AIRCRAFT HEADQUARTERS,Other,CT,2025,56142.74670142877
1002437,SIKORSKY AIRCRAFT HEADQUARTERS,Other,CT,2026,56554.992699211005
1002437,SIKORSKY AIRCRAFT HEADQUARTERS,Other,CT,2027,56970.26574452259
1002437,SIKORSKY AIRCRAFT HEADQUARTERS,Other,CT,2028,57388.58806442384
1002443,BIG RIVER RESOURCES WEST BURLINGTON LLC,Other,IA,2024,157909.94842723684
1002443,BIG RIVER RESOURCES WEST BURLINGTON LLC,Other,IA,2025,158102.96536113406
1002443,BIG RIVER RESOURCES WEST BURLINGTON LLC,Other,IA,2026,158296.21822403444
1002443,BIG RIVER RESOURCES WEST BURLINGTON LLC,Other,IA,2027,158489.70730432
1002443,BIG RIVER RESOURCES WEST BURLINGTON LLC,Other,IA,2028,158683.43289072407
1002452,Vicinity Energy Kansas City,Power Plants,MO,2024,152489.54087115204
1002452,Vicinity Energy Kansas City,Power Plants,MO,2025,149458.90391183403
1002452,Vicinity Energy Kansas City,Power Plants,MO,2026,146488.499020412
1002452,Vicinity Energy Kansas City,Power Plants,MO,2027,143577.12912113869
1002452,Vicinity Energy Kansas City,Power Plants,MO,2028,140723.62092941994
1002458,JOHN DEERE FNDRY WATERLOO,Other,IA,2024,49147.48614893103
1002458,JOHN DEERE FNDRY WATERLOO,Other,IA,2025,49974.72465511762
1002458,JOHN DEERE FNDRY WATERLOO,Other,IA,2026,50815.88703818442
1002458,JOHN DEERE FNDRY WATERLOO,Other,IA,2027,51671.207661433196
1002458,JOHN DEERE FNDRY WATERLOO,Other,IA,2028,52540.924832911085
1002461,ULTRAMAR INC WILMINGTON REFINERY,Petroleum Product Suppliers,CA,2024,972376.5981369696
1002461,ULTRAMAR INC WILMINGTON REFINERY,Petroleum Product Suppliers,CA,2025,971687.197150887
1002461,ULTRAMAR INC WILMINGTON REFINERY,Petroleum Product Suppliers,CA,2026,970998.2849401587
1002461,ULTRAMAR INC WILMINGTON REFINERY,Petroleum Product Suppliers,CA,2027,970309.8611582534
1002461,ULTRAMAR INC WILMINGTON REFINERY,Petroleum Product Suppliers,CA,2028,969621.925458884
1002470,WETUMKA GAS PROCESSING PLT,Natural Gas and Natural Gas Liquids Suppliers,OK,2024,32968.870462671715
1002470,WETUMKA GAS PROCESSING PLT,Natural Gas and Natural Gas Liquids Suppliers,OK,2025,32972.46653052417
1002470,WETUMKA GAS PROCESSING PLT,Natural Gas and Natural Gas Liquids Suppliers,OK,2026,32976.06299061639
1002470,WETUMKA GAS PROCESSING PLT,Natural Gas and Natural Gas Liquids Suppliers,OK,2027,32979.65984299127
1002470,WETUMKA GAS PROCESSING PLT,Natural Gas and Natural Gas Liquids Suppliers,OK,2028,32983.2570876915
1002471,Tessman Road Landfill,Waste,TX,2024,211459.72907464652
1002471,Tessman Road Landfill,Waste,TX,2025,218355.98820156304
1002471,Tessman Road Landfill,Waste,TX,2026,225477.15251564587
1002471,Tessman Road Landfill,Waste,TX,2027,232830.55676784914
1002471,Tessman Road Landfill,Waste,TX,2028,240423.7749146885
1002478,PINE RIDGE LANDFIL,Waste,GA,2024,140037.05402769565
1002478,PINE RIDGE LANDFIL,Waste,GA,2025,144681.38244267477
1002478,PINE RIDGE LANDFIL,Waste,GA,2026,149479.73999355617
1002478,PINE RIDGE LANDFIL,Waste,GA,2027,154437.23505610198
1002478,PINE RIDGE LANDFIL,Waste,GA,2028,159559.14542533905
1002484,HIBBING PUBLIC UTILITIES COMMISSION,Natural Gas and Natural Gas Liquids Suppliers,MN,2024,38367.03204042119
1002484,HIBBING PUBLIC UTILITIES COMMISSION,Natural Gas and Natural Gas Liquids Suppliers,MN,2025,33512.068757723115
1002484,HIBBING PUBLIC UTILITIES COMMISSION,Natural Gas and Natural Gas Liquids Suppliers,MN,2026,29271.4524083898
1002484,HIBBING PUBLIC UTILITIES COMMISSION,Natural Gas and Natural Gas Liquids Suppliers,MN,2027,25567.443546712508
1002484,HIBBING PUBLIC UTILITIES COMMISSION,Natural Gas and Natural Gas Liquids Suppliers,MN,2028,22332.13987451355
1002497,GILLETTE CO,Other,MA,2024,45468.09508539364
1002497,GILLETTE CO,Other,MA,2025,44793.54747129107
1002497,GILLETTE CO,Other,MA,2026,44129.00719272427
1002497,GILLETTE CO,Other,MA,2027,43474.32578461466
1002497,GILLETTE CO,Other,MA,2028,42829.356984455924
1002499,"Pilkington North America, Inc.",Minerals,OH,2024,181815.8375080445
1002499,"Pilkington North America, Inc.",Minerals,OH,2025,182518.33740721346
1002499,"Pilkington North America, Inc.",Minerals,OH,2026,183223.5516249759
1002499,"Pilkington North America, Inc.",Minerals,OH,2027,183931.49064891395
1002499,"Pilkington North America, Inc.",Minerals,OH,2028,184642.16500713176
1002504,Ardagh Glass Inc. (Bridgeton),Minerals,NJ,2024,55105.348641738325
1002504,Ardagh Glass Inc. (Bridgeton),Minerals,NJ,2025,55226.72780813616
1002504,Ardagh Glass Inc. (Bridgeton),Minerals,NJ,2026,55348.37433337298
1002504,Ardagh Glass Inc. (Bridgeton),Minerals,NJ,2027,55470.2888063533
1002504,Ardagh Glass Inc. (Bridgeton),Minerals,NJ,2028,55592.47181727907
1002509,Charter Waste Landfill,Waste,TX,2024,135705.04456386037
1002509,Charter Waste Landfill,Waste,TX,2025,138129.0653537514
1002509,Charter Waste Landfill,Waste,TX,2026,140596.38502622047
1002509,Charter Waste Landfill,Waste,TX,2027,143107.7770041856
1002509,Charter Waste Landfill,Waste,TX,2028,145664.0285257714
1002512,ROYAL OAKS LANDFILL,Waste,TX,2024,116224.17601280629
1002512,ROYAL OAKS LANDFILL,Waste,TX,2025,117230.27602307264
1002512,ROYAL OAKS LANDFILL,Waste,TX,2026,118245.08538508843
1002512,ROYAL OAKS LANDFILL,Waste,TX,2027,119268.67949176379
1002512,ROYAL OAKS LANDFILL,Waste,TX,2028,120301.13438865135
1002514,WHISPERING PINES LANDFILL,Waste,TX,2024,21620.221320377423
1002514,WHISPERING PINES LANDFILL,Waste,TX,2025,20401.920158180783
1002514,WHISPERING PINES LANDFILL,Waste,TX,2026,19252.270361750263
1002514,WHISPERING PINES LANDFILL,Waste,TX,2027,18167.403421256113
1002514,WHISPERING PINES LANDFILL,Waste,TX,2028,17143.66881770005
1002516,GEORGIA PACIFIC GYPSUM,Minerals,GA,2024,59412.17093056437
1002516,GEORGIA PACIFIC GYPSUM,Minerals,GA,2025,62921.92528874191
1002516,GEORGIA PACIFIC GYPSUM,Minerals,GA,2026,66639.01722542914
1002516,GEORGIA PACIFIC GYPSUM,Minerals,GA,2027,70575.69513953809
1002516,GEORGIA PACIFIC GYPSUM,Minerals,GA,2028,74744.93100009765
1002521,King Ranch Gas Plant,Natural Gas and Natural Gas Liquids Suppliers,TX,2024,278809.8041810479
1002521,King Ranch Gas Plant,Natural Gas and Natural Gas Liquids Suppliers,TX,2025,280686.4602954448
1002521,King Ranch Gas Plant,Natural Gas and Natural Gas Liquids Suppliers,TX,2026,282575.74809681525
1002521,King Ranch Gas Plant,Natural Gas and Natural Gas Liquids Suppliers,TX,2027,284477.75260847143
1002521,King Ranch Gas Plant,Natural Gas and Natural Gas Liquids Suppliers,TX,2028,286392.55942600995
1002526,BUNGE NORTH AMERICA,Other,OH,2024,74433.5192539143
1002526,BUNGE NORTH AMERICA,Other,OH,2025,74555.48889250336
1002526,BUNGE NORTH AMERICA,Other,OH,2026,74677.65839525155
1002526,BUNGE NORTH AMERICA,Other,OH,2027,74800.02808966402
1002526,BUNGE NORTH AMERICA,Other,OH,2028,74922.59830378254
1002529,Corteva Agriscience LLC  Harbor Beach Operations,Chemicals,MI,2024,59508.76336078033
1002529,Corteva Agriscience LLC  Harbor Beach Operations,Chemicals,MI,2025,59631.96357592928
1002529,Corteva Agriscience LLC  Harbor Beach Operations,Chemicals,MI,2026,59755.41885087361
1002529,Corteva Agriscience LLC  Harbor Beach Operations,Chemicals,MI,2027,59879.129713660506
1002529,Corteva Agriscience LLC  Harbor Beach Operations,Chemicals,MI,2028,60003.096693429914
1002531,ASH GROVE CEMENT COMPANY-MONTANA CITY,Minerals,MT,2024,336034.94527150766
1002531,ASH GROVE CEMENT COMPANY-MONTANA CITY,Minerals,MT,2025,341403.49697292
1002531,ASH GROVE CEMENT COMPANY-MONTANA CITY,Minerals,MT,2026,346857.81757359806
1002531,ASH GROVE CEMENT COMPANY-MONTANA CITY,Minerals,MT,2027,352399.2773321311
1002531,ASH GROVE CEMENT COMPANY-MONTANA CITY,Minerals,MT,2028,358029.2683985945
1002532,Ignacio Gas Plant,Natural Gas and Natural Gas Liquids Suppliers,CO,2024,401655.47962093365
1002532,Ignacio Gas Plant,Natural Gas and Natural Gas Liquids Suppliers,CO,2025,395179.8371163519
1002532,Ignacio Gas Plant,Natural Gas and Natural Gas Liquids Suppliers,CO,2026,388808.5973847291
1002532,Ignacio Gas Plant,Natural Gas and Natural Gas Liquids Suppliers,CO,2027,382540.07720482803
1002532,Ignacio Gas Plant,Natural Gas and Natural Gas Liquids Suppliers,CO,2028,376372.6204929416
1002537,ASH GROVE CEMENT COMPANY-SEATTLE,Minerals,WA,2024,358414.2579673124
1002537,ASH GROVE CEMENT COMPANY-SEATTLE,Minerals,WA,2025,357482.547440412
1002537,ASH GROVE CEMENT COMPANY-SEATTLE,Minerals,WA,2026,356553.2589279456
1002537,ASH GROVE CEMENT COMPANY-SEATTLE,Minerals,WA,2027,355626.38613379985
1002537,ASH GROVE CEMENT COMPANY-SEATTLE,Minerals,WA,2028,354701.92277823034
1002538,City of Midland MSW Landfill,Waste,TX,2024,136114.21021940178
1002538,City of Midland MSW Landfill,Waste,TX,2025,142538.84804172048
1002538,City of Midland MSW Landfill,Waste,TX,2026,149266.7309923872
1002538,City of Midland MSW Landfill,Waste,TX,2027,156312.1723463929
1002538,City of Midland MSW Landfill,Waste,TX,2028,163690.16097026027
1002545,PAINESVILLE MUNICIPAL ELECTRIC PLANT,Power Plants,OH,2024,980.541696167137
1002545,PAINESVILLE MUNICIPAL ELECTRIC PLANT,Power Plants,OH,2025,732.9166680863134
1002545,PAINESVILLE MUNICIPAL ELECTRIC PLANT,Power Plants,OH,2026,547.8266191621311
1002545,PAINESVILLE MUNICIPAL ELECTRIC PLANT,Power Plants,OH,2027,409.4790277402544
1002545,PAINESVILLE MUNICIPAL ELECTRIC PLANT,Power Plants,OH,2028,306.06959993209205
1002547,"THREE RIVERS SOLID WASTE MANAGEMENT AUTHORITY, THREE RIVERS REGIONAL LANDFILL",Waste,MS,2024,185190.55250693485
1002547,"THREE RIVERS SOLID WASTE MANAGEMENT AUTHORITY, THREE RIVERS REGIONAL LANDFILL",Waste,MS,2025,190649.3134245496
1002547,"THREE RIVERS SOLID WASTE MANAGEMENT AUTHORITY, THREE RIVERS REGIONAL LANDFILL",Waste,MS,2026,196268.9792606516
1002547,"THREE RIVERS SOLID WASTE MANAGEMENT AUTHORITY, THREE RIVERS REGIONAL LANDFILL",Waste,MS,2027,202054.29292176862
1002547,"THREE RIVERS SOLID WASTE MANAGEMENT AUTHORITY, THREE RIVERS REGIONAL LANDFILL",Waste,MS,2028,208010.13711849888
1002548,DOW SILICONES CORPORATION,Chemicals,KY,2024,172262.0123498095
1002548,DOW SILICONES CORPORATION,Chemicals,KY,2025,175202.1115176706
1002548,DOW SILICONES CORPORATION,Chemicals,KY,2026,178192.3911228721
1002548,DOW SILICONES CORPORATION,Chemicals,KY,2027,181233.7076250601
1002548,DOW SILICONES CORPORATION,Chemicals,KY,2028,184326.9321015902
1002550,SALINA MUNICIPAL SOLID WASTE LANDFILL,Waste,KS,2024,76520.11820723665
1002550,SALINA MUNICIPAL SOLID WASTE LANDFILL,Waste,KS,2025,75988.74017920959
1002550,SALINA MUNICIPAL SOLID WASTE LANDFILL,Waste,KS,2026,75461.05219525572
1002550,SALINA MUNICIPAL SOLID WASTE LANDFILL,Waste,KS,2027,74937.0286306323
1002550,SALINA MUNICIPAL SOLID WASTE LANDFILL,Waste,KS,2028,74416.64403854228
1002551,Lhoist North America APEX PLANT,Minerals,NV,2024,597663.7595806461
1002551,Lhoist North America APEX PLANT,Minerals,NV,2025,583480.4373819662
1002551,Lhoist North America APEX PLANT,Minerals,NV,2026,569633.7034829227
1002551,Lhoist North America APEX PLANT,Minerals,NV,2027,556115.5702144869
1002551,Lhoist North America APEX PLANT,Minerals,NV,2028,542918.2394651889
1002556,CONESTOGA LANDFILL,Waste,PA,2024,105338.33270803154
1002556,CONESTOGA LANDFILL,Waste,PA,2025,100450.05741150946
1002556,CONESTOGA LANDFILL,Waste,PA,2026,95788.62484887439
1002556,CONESTOGA LANDFILL,Waste,PA,2027,91343.50827545766
1002556,CONESTOGA LANDFILL,Waste,PA,2028,87104.66944516986
1002557,LEE COUNTY LANDFILL,Waste,SC,2024,64577.88512346174
1002557,LEE COUNTY LANDFILL,Waste,SC,2025,61164.50935161179
1002557,LEE COUNTY LANDFILL,Waste,SC,2026,57931.553457829665
1002557,LEE COUNTY LANDFILL,Waste,SC,2027,54869.48103751833
1002557,LEE COUNTY LANDFILL,Waste,SC,2028,51969.25974923407
1002559,"JELD-WEN, INC.",Other,PA,2024,51350.67052766722
1002559,"JELD-WEN, INC.",Other,PA,2025,51986.76721025663
1002559,"JELD-WEN, INC.",Other,PA,2026,52630.743419742845
1002559,"JELD-WEN, INC.",Other,PA,2027,53282.6967622698
1002559,"JELD-WEN, INC.",Other,PA,2028,53942.72605305825
1002561,SUSQUEHANNA RESOURCE MGMT COMPLEX,Waste,PA,2024,105138.1440578858
1002561,SUSQUEHANNA RESOURCE MGMT COMPLEX,Waste,PA,2025,104968.73955578507
1002561,SUSQUEHANNA RESOURCE MGMT COMPLEX,Waste,PA,2026,104799.608007764
1002561,SUSQUEHANNA RESOURCE MGMT COMPLEX,Waste,PA,2027,104630.74897402328
1002561,SUSQUEHANNA RESOURCE MGMT COMPLEX,Waste,PA,2028,104462.1620154727
1002565,SAN JOAQUIN REFINING CO INC,Chemicals,CA,2024,91570.38083871256
1002565,SAN JOAQUIN REFINING CO INC,Chemicals,CA,2025,91180.84077218531
1002565,SAN JOAQUIN REFINING CO INC,Chemicals,CA,2026,90792.95780768179
1002565,SAN JOAQUIN REFINING CO INC,Chemicals,CA,2027,90406.72489589649
1002565,SAN JOAQUIN REFINING CO INC,Chemicals,CA,2028,90022.13501751068
1002567,WHITESIDE COUNTY LANDFILL,Waste,IL,2024,108436.53683575518
1002567,WHITESIDE COUNTY LANDFILL,Waste,IL,2025,110453.76918223778
1002567,WHITESIDE COUNTY LANDFILL,Waste,IL,2026,112508.52786862792
1002567,WHITESIDE COUNTY LANDFILL,Waste,IL,2027,114601.51099308436
1002567,WHITESIDE COUNTY LANDFILL,Waste,IL,2028,116733.42964040511
1002571,Northrop Grumman Systems Corporation,Other,UT,2024,51625.34222175049
1002571,Northrop Grumman Systems Corporation,Other,UT,2025,52718.19937966485
1002571,Northrop Grumman Systems Corporation,Other,UT,2026,53834.19123686051
1002571,Northrop Grumman Systems Corporation,Other,UT,2027,54973.8075319161
1002571,Northrop Grumman Systems Corporation,Other,UT,2028,56137.548370688564
1002575,Caterpillar Inc. - East Peoria Plant,Other,IL,2024,50978.6075592609
1002575,Caterpillar Inc. - East Peoria Plant,Other,IL,2025,49063.343574949045
1002575,Caterpillar Inc. - East Peoria Plant,Other,IL,2026,47220.03597205333
1002575,Caterpillar Inc. - East Peoria Plant,Other,IL,2027,45445.981352572955
1002575,Caterpillar Inc. - East Peoria Plant,Other,IL,2028,43738.57788504763
1002579,Georgia-Pacific Gypsum LLC - Cumberland,Minerals,TN,2024,96237.76499570669
1002579,Georgia-Pacific Gypsum LLC - Cumberland,Minerals,TN,2025,98359.11747709115
1002579,Georgia-Pacific Gypsum LLC - Cumberland,Minerals,TN,2026,100527.23056591986
1002579,Georgia-Pacific Gypsum LLC - Cumberland,Minerals,TN,2027,102743.13499821023
1002579,Georgia-Pacific Gypsum LLC - Cumberland,Minerals,TN,2028,105007.88423031672
1002581,HOFFMAN ROAD SANITARY LANDFILL,Waste,OH,2024,13544.135076760935
1002581,HOFFMAN ROAD SANITARY LANDFILL,Waste,OH,2025,12373.268779838358
1002581,HOFFMAN ROAD SANITARY LANDFILL,Waste,OH,2026,11303.621783926827
1002581,HOFFMAN ROAD SANITARY LANDFILL,Waste,OH,2027,10326.443861161664
1002581,HOFFMAN ROAD SANITARY LANDFILL,Waste,OH,2028,9433.741225255233
1002583,NOVELIS CORPORATION,Metals,NY,2024,195841.089821889
1002583,NOVELIS CORPORATION,Metals,NY,2025,199826.14806747285
1002583,NOVELIS CORPORATION,Metals,NY,2026,203892.29598241564
1002583,NOVELIS CORPORATION,Metals,NY,2027,208041.18361398793
1002583,NOVELIS CORPORATION,Metals,NY,2028,212274.49458532597
1002598,Lhoist North America - MONTEVALLO PLANT,Minerals,AL,2024,954912.943598786
1002598,Lhoist North America - MONTEVALLO PLANT,Minerals,AL,2025,952955.431221537
1002598,Lhoist North America - MONTEVALLO PLANT,Minerals,AL,2026,951001.9316233927
1002598,Lhoist North America - MONTEVALLO PLANT,Minerals,AL,2027,949052.4365784032
1002598,Lhoist North America - MONTEVALLO PLANT,Minerals,AL,2028,947106.9378774858
1002599,CLINTON COUNTY SANITARY LANDFILL (EAST),Waste,IA,2024,37356.25471402331
1002599,CLINTON COUNTY SANITARY LANDFILL (EAST),Waste,IA,2025,37486.56988549868
1002599,CLINTON COUNTY SANITARY LANDFILL (EAST),Waste,IA,2026,37617.339654043375
1002599,CLINTON COUNTY SANITARY LANDFILL (EAST),Waste,IA,2027,37748.56560549358
1002599,CLINTON COUNTY SANITARY LANDFILL (EAST),Waste,IA,2028,37880.24933121736
1002606,"PHARMACIA & UPJOHN COMPANY, LLC",Chemicals,MI,2024,89789.91617766727
1002606,"PHARMACIA & UPJOHN COMPANY, LLC",Chemicals,MI,2025,87286.91395767755
1002606,"PHARMACIA & UPJOHN COMPANY, LLC",Chemicals,MI,2026,84853.68594374527
1002606,"PHARMACIA & UPJOHN COMPANY, LLC",Chemicals,MI,2027,82488.28709571398
1002606,"PHARMACIA & UPJOHN COMPANY, LLC",Chemicals,MI,2028,80188.82659376635
1002609,OTTUMWA / WAPELLO COUNTY SANITARY LANDFILL,Waste,IA,2024,37912.01403578593
1002609,OTTUMWA / WAPELLO COUNTY SANITARY LANDFILL,Waste,IA,2025,37870.456101879696
1002609,OTTUMWA / WAPELLO COUNTY SANITARY LANDFILL,Waste,IA,2026,37828.94372244773
1002609,OTTUMWA / WAPELLO COUNTY SANITARY LANDFILL,Waste,IA,2027,37787.476847554826
1002609,OTTUMWA / WAPELLO COUNTY SANITARY LANDFILL,Waste,IA,2028,37746.05542732029
1002610,DES MOINES COUNTY REGIONAL SOLID WASTE COMMISSION,Waste,IA,2024,59473.6269610181
1002610,DES MOINES COUNTY REGIONAL SOLID WASTE COMMISSION,Waste,IA,2025,59678.80227183378
1002610,DES MOINES COUNTY REGIONAL SOLID WASTE COMMISSION,Waste,IA,2026,59884.685407450575
1002610,DES MOINES COUNTY REGIONAL SOLID WASTE COMMISSION,Waste,IA,2027,60091.27880976025
1002610,DES MOINES COUNTY REGIONAL SOLID WASTE COMMISSION,Waste,IA,2028,60298.584929079094
1002611,ENERGY TRANSFER MARKETING & TERMINALS L.P. - MARCUS HOOK TERMINAL,Petroleum and Natural Gas Systems,PA,2024,141266.75642508888
1002611,ENERGY TRANSFER MARKETING & TERMINALS L.P. - MARCUS HOOK TERMINAL,Petroleum and Natural Gas Systems,PA,2025,134364.11136149298
1002611,ENERGY TRANSFER MARKETING & TERMINALS L.P. - MARCUS HOOK TERMINAL,Petroleum and Natural Gas Systems,PA,2026,127798.74670327856
1002611,ENERGY TRANSFER MARKETING & TERMINALS L.P. - MARCUS HOOK TERMINAL,Petroleum and Natural Gas Systems,PA,2027,121554.18209098835
1002611,ENERGY TRANSFER MARKETING & TERMINALS L.P. - MARCUS HOOK TERMINAL,Petroleum and Natural Gas Systems,PA,2028,115614.74243651603
1002612,UNIVERSITY OF CALIFORNIA SAN DIEGO,Other,CA,2024,157112.14128665763
1002612,UNIVERSITY OF CALIFORNIA SAN DIEGO,Other,CA,2025,157685.2355224218
1002612,UNIVERSITY OF CALIFORNIA SAN DIEGO,Other,CA,2026,158260.42022045312
1002612,UNIVERSITY OF CALIFORNIA SAN DIEGO,Other,CA,2027,158837.70300608178
1002612,UNIVERSITY OF CALIFORNIA SAN DIEGO,Other,CA,2028,159417.0915324511
1002615,PRYOR SOLAE,Other,OK,2024,115726.84027116177
1002615,PRYOR SOLAE,Other,OK,2025,116258.368581367
1002615,PRYOR SOLAE,Other,OK,2026,116792.33817782757
1002615,PRYOR SOLAE,Other,OK,2027,117328.76027326475
1002615,PRYOR SOLAE,Other,OK,2028,117867.64613189854
1002620,LHOIST NORTH AMERICA,Minerals,MO,2024,817595.7908035044
1002620,LHOIST NORTH AMERICA,Minerals,MO,2025,804322.6377207753
1002620,LHOIST NORTH AMERICA,Minerals,MO,2026,791264.9659244464
1002620,LHOIST NORTH AMERICA,Minerals,MO,2027,778419.277211453
1002620,LHOIST NORTH AMERICA,Minerals,MO,2028,765782.1301698557
1002621,"NUCOR STEEL KANKAKEE, INC.",Metals,IL,2024,119824.90830843034
1002621,"NUCOR STEEL KANKAKEE, INC.",Metals,IL,2025,120656.42916532504
1002621,"NUCOR STEEL KANKAKEE, INC.",Metals,IL,2026,121493.72033279383
1002621,"NUCOR STEEL KANKAKEE, INC.",Metals,IL,2027,122336.82185370977
1002621,"NUCOR STEEL KANKAKEE, INC.",Metals,IL,2028,123185.77404882184
1002623,"Copano Energy Houston Central Plant, TX",Natural Gas and Natural Gas Liquids Suppliers,TX,2024,401165.8423716431
1002623,"Copano Energy Houston Central Plant, TX",Natural Gas and Natural Gas Liquids Suppliers,TX,2025,399673.86322896316
1002623,"Copano Energy Houston Central Plant, TX",Natural Gas and Natural Gas Liquids Suppliers,TX,2026,398187.4329180294
1002623,"Copano Energy Houston Central Plant, TX",Natural Gas and Natural Gas Liquids Suppliers,TX,2027,396706.5308021394
1002623,"Copano Energy Houston Central Plant, TX",Natural Gas and Natural Gas Liquids Suppliers,TX,2028,395231.1363213352
1002626,FORD MOTOR COMPANY - FORD KENTUCKY TRUCK PLANT,Other,KY,2024,84023.83776629227
1002626,FORD MOTOR COMPANY - FORD KENTUCKY TRUCK PLANT,Other,KY,2025,84293.08608398955
1002626,FORD MOTOR COMPANY - FORD KENTUCKY TRUCK PLANT,Other,KY,2026,84563.1971884685
1002626,FORD MOTOR COMPANY - FORD KENTUCKY TRUCK PLANT,Other,KY,2027,84834.17384446734
1002626,FORD MOTOR COMPANY - FORD KENTUCKY TRUCK PLANT,Other,KY,2028,85106.01882558307
1002627,ABSOLUTE ENERGY LLC,Other,IA,2024,144788.71196546714
1002627,ABSOLUTE ENERGY LLC,Other,IA,2025,142422.79682721407
1002627,ABSOLUTE ENERGY LLC,Other,IA,2026,140095.54184668596
1002627,ABSOLUTE ENERGY LLC,Other,IA,2027,137806.31529886
1002627,ABSOLUTE ENERGY LLC,Other,IA,2028,135554.4957813948
1002628,DISCOVERY PRODUCER SERVICES LLC - LAROSE GAS PROCESSING PLANT,Petroleum and Natural Gas Systems,LA,2024,152058.09011171397
1002628,DISCOVERY PRODUCER SERVICES LLC - LAROSE GAS PROCESSING PLANT,Petroleum and Natural Gas Systems,LA,2025,148941.74579610798
1002628,DISCOVERY PRODUCER SERVICES LLC - LAROSE GAS PROCESSING PLANT,Petroleum and Natural Gas Systems,LA,2026,145889.2691897849
1002628,DISCOVERY PRODUCER SERVICES LLC - LAROSE GAS PROCESSING PLANT,Petroleum and Natural Gas Systems,LA,2027,142899.35136026697
1002628,DISCOVERY PRODUCER SERVICES LLC - LAROSE GAS PROCESSING PLANT,Petroleum and Natural Gas Systems,LA,2028,139970.71020090336
1002629,WASSON CO2 REMOVAL PLANT,Petroleum and Natural Gas Systems,TX,2024,130153.74788937111
1002629,WASSON CO2 REMOVAL PLANT,Petroleum and Natural Gas Systems,TX,2025,127046.03166891365
1002629,WASSON CO2 REMOVAL PLANT,Petroleum and Natural Gas Systems,TX,2026,124012.51922870443
1002629,WASSON CO2 REMOVAL PLANT,Petroleum and Natural Gas Systems,TX,2027,121051.43878502451
1002629,WASSON CO2 REMOVAL PLANT,Petroleum and Natural Gas Systems,TX,2028,118161.06085951353
1002643,MALOY SOLID WASTE LANDFILL,Waste,TX,2024,114414.1605456324
1002643,MALOY SOLID WASTE LANDFILL,Waste,TX,2025,113329.24491907565
1002643,MALOY SOLID WASTE LANDFILL,Waste,TX,2026,112254.61684705874
1002643,MALOY SOLID WASTE LANDFILL,Waste,TX,2027,111190.17877934278
1002643,MALOY SOLID WASTE LANDFILL,Waste,TX,2028,110135.83409069528
1002644,CSC DISPOSAL AND LANDFILL,Waste,TX,2024,79319.45418518285
1002644,CSC DISPOSAL AND LANDFILL,Waste,TX,2025,76044.53679736676
1002644,CSC DISPOSAL AND LANDFILL,Waste,TX,2026,72904.83319798636
1002644,CSC DISPOSAL AND LANDFILL,Waste,TX,2027,69894.76072146004
1002644,CSC DISPOSAL AND LANDFILL,Waste,TX,2028,67008.96719759695
1002646,Pineview Landfill,Waste,AL,2024,44837.58843922181
1002646,Pineview Landfill,Waste,AL,2025,43335.38988252249
1002646,Pineview Landfill,Waste,AL,2026,41883.51964592908
1002646,Pineview Landfill,Waste,AL,2027,40480.29157431038
1002646,Pineview Landfill,Waste,AL,2028,39124.076003972004
1002649,CARTER VALLEY LANDFILL,Waste,TN,2024,26925.095376869103
1002649,CARTER VALLEY LANDFILL,Waste,TN,2025,26389.482320544095
1002649,CARTER VALLEY LANDFILL,Waste,TN,2026,25864.524058272378
1002649,CARTER VALLEY LANDFILL,Waste,TN,2027,25350.008637348586
1002649,CARTER VALLEY LANDFILL,Waste,TN,2028,24845.728321380604
1002654,GOODYEAR TIRE AND RUBBER COMPANY DANVILLE,Other,VA,2024,56539.032373511
1002654,GOODYEAR TIRE AND RUBBER COMPANY DANVILLE,Other,VA,2025,55823.83641258595
1002654,GOODYEAR TIRE AND RUBBER COMPANY DANVILLE,Other,VA,2026,55117.68739217341
1002654,GOODYEAR TIRE AND RUBBER COMPANY DANVILLE,Other,VA,2027,54420.47087212415
1002654,GOODYEAR TIRE AND RUBBER COMPANY DANVILLE,Other,VA,2028,53732.073859910284
1002655,PRINCE GEORGES COUNTY BROWN STATION ROA,Waste,MD,2024,40183.12488076723
1002655,PRINCE GEORGES COUNTY BROWN STATION ROA,Waste,MD,2025,37106.35374554426
1002655,PRINCE GEORGES COUNTY BROWN STATION ROA,Waste,MD,2026,34265.167091285206
1002655,PRINCE GEORGES COUNTY BROWN STATION ROA,Waste,MD,2027,31641.526511741373
1002655,PRINCE GEORGES COUNTY BROWN STATION ROA,Waste,MD,2028,29218.77477865467
1002662,UNITED WISCONSIN GRAIN PRODUCERS LLC,Other,WI,2024,89253.69288090577
1002662,UNITED WISCONSIN GRAIN PRODUCERS LLC,Other,WI,2025,90384.16338633515
1002662,UNITED WISCONSIN GRAIN PRODUCERS LLC,Other,WI,2026,91528.9522187982
1002662,UNITED WISCONSIN GRAIN PRODUCERS LLC,Other,WI,2027,92688.24073153538
1002662,UNITED WISCONSIN GRAIN PRODUCERS LLC,Other,WI,2028,93862.2125747724
1002664,SHOLEM GAS PLANT,Petroleum and Natural Gas Systems,OK,2024,65826.03863109663
1002664,SHOLEM GAS PLANT,Petroleum and Natural Gas Systems,OK,2025,67915.92856960559
1002664,SHOLEM GAS PLANT,Petroleum and Natural Gas Systems,OK,2026,70072.16975825651
1002664,SHOLEM GAS PLANT,Petroleum and Natural Gas Systems,OK,2027,72296.86876176136
1002664,SHOLEM GAS PLANT,Petroleum and Natural Gas Systems,OK,2028,74592.19902548353
1002665,ASH GROVE CEMENT CO-CHANUTE PLANT,Minerals,KS,2024,1391443.3856089383
1002665,ASH GROVE CEMENT CO-CHANUTE PLANT,Minerals,KS,2025,1453329.7100680906
1002665,ASH GROVE CEMENT CO-CHANUTE PLANT,Minerals,KS,2026,1517968.512417953
1002665,ASH GROVE CEMENT CO-CHANUTE PLANT,Minerals,KS,2027,1585482.2128313999
1002665,ASH GROVE CEMENT CO-CHANUTE PLANT,Minerals,KS,2028,1655998.6762838878
1002674,PROCTER & GAMBLE PAPER PRODUCTS CO,Pulp and Paper,MO,2024,161689.1770887684
1002674,PROCTER & GAMBLE PAPER PRODUCTS CO,Pulp and Paper,MO,2025,163951.0760114347
1002674,PROCTER & GAMBLE PAPER PRODUCTS CO,Pulp and Paper,MO,2026,166244.61704415703
1002674,PROCTER & GAMBLE PAPER PRODUCTS CO,Pulp and Paper,MO,2027,168570.24283409357
1002674,PROCTER & GAMBLE PAPER PRODUCTS CO,Pulp and Paper,MO,2028,170928.40222067208
1002677,CenTrio,Power Plants,WA,2024,65559.1438921493
1002677,CenTrio,Power Plants,WA,2025,64951.83620685257
1002677,CenTrio,Power Plants,WA,2026,64350.15432144773
1002677,CenTrio,Power Plants,WA,2027,63754.04612128977
1002677,CenTrio,Power Plants,WA,2028,63163.45997449817
1002678,SACROC CO2 TREATMENT,Petroleum and Natural Gas Systems,TX,2024,425144.07034189993
1002678,SACROC CO2 TREATMENT,Petroleum and Natural Gas Systems,TX,2025,418295.6215245899
1002678,SACROC CO2 TREATMENT,Petroleum and Natural Gas Systems,TX,2026,411557.49119570496
1002678,SACROC CO2 TREATMENT,Petroleum and Natural Gas Systems,TX,2027,404927.9022858381
1002678,SACROC CO2 TREATMENT,Petroleum and Natural Gas Systems,TX,2028,398405.1063515663
1002679,MC 807 A,Petroleum and Natural Gas Systems,LA,2024,178751.23369142876
1002679,MC 807 A,Petroleum and Natural Gas Systems,LA,2025,180969.84660442345
1002679,MC 807 A,Petroleum and Natural Gas Systems,LA,2026,183215.99635258282
1002679,MC 807 A,Petroleum and Natural Gas Systems,LA,2027,185490.02471580368
1002679,MC 807 A,Petroleum and Natural Gas Systems,LA,2028,187792.27771606288
1002682,University of Washington Seattle Campus,Other,WA,2024,88123.81327505261
1002682,University of Washington Seattle Campus,Other,WA,2025,88242.94083802715
1002682,University of Washington Seattle Campus,Other,WA,2026,88362.22944006402
1002682,University of Washington Seattle Campus,Other,WA,2027,88481.67929885913
1002682,University of Washington Seattle Campus,Other,WA,2028,88601.29063240248
1002690,Valero Hartley Plant,Other,IA,2024,177119.08670822924
1002690,Valero Hartley Plant,Other,IA,2025,176907.25337447267
1002690,Valero Hartley Plant,Other,IA,2026,176695.6733920746
1002690,Valero Hartley Plant,Other,IA,2027,176484.34645802897
1002690,Valero Hartley Plant,Other,IA,2028,176273.27226969096
1002696,TYSON FOODS-RIVER VALLEY,Other,AR,2024,103988.07582338892
1002696,TYSON FOODS-RIVER VALLEY,Other,AR,2025,105667.28394349467
1002696,TYSON FOODS-RIVER VALLEY,Other,AR,2026,107373.608056355
1002696,TYSON FOODS-RIVER VALLEY,Other,AR,2027,109107.48603328291
1002696,TYSON FOODS-RIVER VALLEY,Other,AR,2028,110869.36281637255
1002698,AIR PRODUCTS & CHEMICALS INC - Geismar SMR,Chemicals,LA,2024,45981.35942904976
1002698,AIR PRODUCTS & CHEMICALS INC - Geismar SMR,Chemicals,LA,2025,44342.78769919043
1002698,AIR PRODUCTS & CHEMICALS INC - Geismar SMR,Chemicals,LA,2026,42762.607398971835
1002698,AIR PRODUCTS & CHEMICALS INC - Geismar SMR,Chemicals,LA,2027,41238.7377167989
1002698,AIR PRODUCTS & CHEMICALS INC - Geismar SMR,Chemicals,LA,2028,39769.171991972966
1002700,CITY OF SNYDER LANDFILL,Waste,TX,2024,34667.76867835406
1002700,CITY OF SNYDER LANDFILL,Waste,TX,2025,35471.797636595424
1002700,CITY OF SNYDER LANDFILL,Waste,TX,2026,36294.473960685194
1002700,CITY OF SNYDER LANDFILL,Waste,TX,2027,37136.23012789854
1002700,CITY OF SNYDER LANDFILL,Waste,TX,2028,37997.508645699185
1002702,CUMBERLAND COUNTY IMPROVEMENT AUTHORITY SWC,Waste,NJ,2024,19941.641927876208
1002702,CUMBERLAND COUNTY IMPROVEMENT AUTHORITY SWC,Waste,NJ,2025,18791.358750893
1002702,CUMBERLAND COUNTY IMPROVEMENT AUTHORITY SWC,Waste,NJ,2026,17707.426749607162
1002702,CUMBERLAND COUNTY IMPROVEMENT AUTHORITY SWC,Waste,NJ,2027,16686.018624268094
1002702,CUMBERLAND COUNTY IMPROVEMENT AUTHORITY SWC,Waste,NJ,2028,15723.527843230975
1002706,Gold Bond - MED Plant,Minerals,KS,2024,57853.99302252819
1002706,Gold Bond - MED Plant,Minerals,KS,2025,60174.74663200803
1002706,Gold Bond - MED Plant,Minerals,KS,2026,62588.59489294634
1002706,Gold Bond - MED Plant,Minerals,KS,2027,65099.272201831634
1002706,Gold Bond - MED Plant,Minerals,KS,2028,67710.66275663882
1002708,CLEARWATER PAPER CORP-CYPRESS BEND MILL,Pulp and Paper,AR,2024,225865.09836946256
1002708,CLEARWATER PAPER CORP-CYPRESS BEND MILL,Pulp and Paper,AR,2025,227025.27736362256
1002708,CLEARWATER PAPER CORP-CYPRESS BEND MILL,Pulp and Paper,AR,2026,228191.4157348972
1002708,CLEARWATER PAPER CORP-CYPRESS BEND MILL,Pulp and Paper,AR,2027,229363.54409423406
1002708,CLEARWATER PAPER CORP-CYPRESS BEND MILL,Pulp and Paper,AR,2028,230541.693209813
1002709,COVORO MINING SOLUTIONS LLC,Chemicals,TN,2024,32642.29940321301
1002709,COVORO MINING SOLUTIONS LLC,Chemicals,TN,2025,32423.915043710662
1002709,COVORO MINING SOLUTIONS LLC,Chemicals,TN,2026,32206.991724923744
1002709,COVORO MINING SOLUTIONS LLC,Chemicals,TN,2027,31991.51967215988
1002709,COVORO MINING SOLUTIONS LLC,Chemicals,TN,2028,31777.489176121184
1002712,DUPONT EXPERIMENTAL STATION,Other,DE,2024,36208.14571823117
1002712,DUPONT EXPERIMENTAL STATION,Other,DE,2025,34042.74248005659
1002712,DUPONT EXPERIMENTAL STATION,Other,DE,2026,32006.839692426543
1002712,DUPONT EXPERIMENTAL STATION,Other,DE,2027,30092.692670011696
1002712,DUPONT EXPERIMENTAL STATION,Other,DE,2028,28293.019893058983
1002715,PERDUE AGRIBUSINESS LLC,Other,MD,2024,44441.151336132745
1002715,PERDUE AGRIBUSINESS LLC,Other,MD,2025,44967.11084593263
1002715,PERDUE AGRIBUSINESS LLC,Other,MD,2026,45499.295068586
1002715,PERDUE AGRIBUSINESS LLC,Other,MD,2027,46037.77767335733
1002715,PERDUE AGRIBUSINESS LLC,Other,MD,2028,46582.63320138377
1002720,GRANGER Grand River Avenue Landfill,Waste,MI,2024,125213.47023422504
1002720,GRANGER Grand River Avenue Landfill,Waste,MI,2025,129834.89233482172
1002720,GRANGER Grand River Avenue Landfill,Waste,MI,2026,134626.8834819592
1002720,GRANGER Grand River Avenue Landfill,Waste,MI,2027,139595.7390970472
1002720,GRANGER Grand River Avenue Landfill,Waste,MI,2028,144747.98695508862
1002725,Port Inland Plant,Minerals,MI,2024,255196.64014163794
1002725,Port Inland Plant,Minerals,MI,2025,254826.24700184335
1002725,Port Inland Plant,Minerals,MI,2026,254456.3914517205
1002725,Port Inland Plant,Minerals,MI,2027,254087.0727110102
1002725,Port Inland Plant,Minerals,MI,2028,253718.29000058572
1002726,UNIVERSITY OF CALIFORNIA DAVIS,Other,CA,2024,49348.10783383331
1002726,UNIVERSITY OF CALIFORNIA DAVIS,Other,CA,2025,48672.906091935394
1002726,UNIVERSITY OF CALIFORNIA DAVIS,Other,CA,2026,48006.94274665032
1002726,UNIVERSITY OF CALIFORNIA DAVIS,Other,CA,2027,47350.09139431741
1002726,UNIVERSITY OF CALIFORNIA DAVIS,Other,CA,2028,46702.22736078392
1002729,Ponca City Landfill,Waste,OK,2024,39892.583909371875
1002729,Ponca City Landfill,Waste,OK,2025,39671.284505407086
1002729,Ponca City Landfill,Waste,OK,2026,39451.21273378391
1002729,Ponca City Landfill,Waste,OK,2027,39232.3617843566
1002729,Ponca City Landfill,Waste,OK,2028,39014.72488475809
1002730,Rhea County Landfill,Waste,TN,2024,242292.93934546565
1002730,Rhea County Landfill,Waste,TN,2025,251791.30906314924
1002730,Rhea County Landfill,Waste,TN,2026,261662.0339453607
1002730,Rhea County Landfill,Waste,TN,2027,271919.7110621933
1002730,Rhea County Landfill,Waste,TN,2028,282579.5097181993
1002735,EAST VACUUM LIQUID RECOVERY PLANT/CO2 PLANT,Petroleum and Natural Gas Systems,NM,2024,12369.542421310833
1002735,EAST VACUUM LIQUID RECOVERY PLANT/CO2 PLANT,Petroleum and Natural Gas Systems,NM,2025,11588.818414077632
1002735,EAST VACUUM LIQUID RECOVERY PLANT/CO2 PLANT,Petroleum and Natural Gas Systems,NM,2026,10857.37108618383
1002735,EAST VACUUM LIQUID RECOVERY PLANT/CO2 PLANT,Petroleum and Natural Gas Systems,NM,2027,10172.09025899501
1002735,EAST VACUUM LIQUID RECOVERY PLANT/CO2 PLANT,Petroleum and Natural Gas Systems,NM,2028,9530.062057914713
1002738,NORTHERN NATURAL GAS CO-OGDEN COMPRESSOR,Petroleum and Natural Gas Systems,IA,2024,55086.45695780967
1002738,NORTHERN NATURAL GAS CO-OGDEN COMPRESSOR,Petroleum and Natural Gas Systems,IA,2025,55239.93200731813
1002738,NORTHERN NATURAL GAS CO-OGDEN COMPRESSOR,Petroleum and Natural Gas Systems,IA,2026,55393.83464996131
1002738,NORTHERN NATURAL GAS CO-OGDEN COMPRESSOR,Petroleum and Natural Gas Systems,IA,2027,55548.166077046415
1002738,NORTHERN NATURAL GAS CO-OGDEN COMPRESSOR,Petroleum and Natural Gas Systems,IA,2028,55702.927483199244
1002744,SOUTHEASTERN CT RESOURCE RECOVERY FACILITY,Waste,CT,2024,110396.1942236033
1002744,SOUTHEASTERN CT RESOURCE RECOVERY FACILITY,Waste,CT,2025,111896.78091688499
1002744,SOUTHEASTERN CT RESOURCE RECOVERY FACILITY,Waste,CT,2026,113417.76469395989
1002744,SOUTHEASTERN CT RESOURCE RECOVERY FACILITY,Waste,CT,2027,114959.4228070717
1002744,SOUTHEASTERN CT RESOURCE RECOVERY FACILITY,Waste,CT,2028,116522.03627708142
1002745,"NGPL Station 103, Minneola, KS",Petroleum and Natural Gas Systems,KS,2024,42696.89321737008
1002745,"NGPL Station 103, Minneola, KS",Petroleum and Natural Gas Systems,KS,2025,42142.66930653281
1002745,"NGPL Station 103, Minneola, KS",Petroleum and Natural Gas Systems,KS,2026,41595.63945878049
1002745,"NGPL Station 103, Minneola, KS",Petroleum and Natural Gas Systems,KS,2027,41055.71029210175
1002745,"NGPL Station 103, Minneola, KS",Petroleum and Natural Gas Systems,KS,2028,40522.78963662331
1002746,Rock Prairie Road Landfill,Waste,TX,2024,93253.34348255978
1002746,Rock Prairie Road Landfill,Waste,TX,2025,89952.29591880982
1002746,Rock Prairie Road Landfill,Waste,TX,2026,86768.10116281136
1002746,Rock Prairie Road Landfill,Waste,TX,2027,83696.62277653492
1002746,Rock Prairie Road Landfill,Waste,TX,2028,80733.87074649925
1002747,US DOE BROOKHAVEN NATIONAL LABORATORY,Other,NY,2024,31569.903305372252
1002747,US DOE BROOKHAVEN NATIONAL LABORATORY,Other,NY,2025,31125.025341578086
1002747,US DOE BROOKHAVEN NATIONAL LABORATORY,Other,NY,2026,30686.416525989895
1002747,US DOE BROOKHAVEN NATIONAL LABORATORY,Other,NY,2027,30253.98851478661
1002747,US DOE BROOKHAVEN NATIONAL LABORATORY,Other,NY,2028,29827.654209073993
1002749,"SYNGENTA CROP PROTECTION, LLC. - ST GABRIEL PLANT",Chemicals,LA,2024,56192.28155486736
1002749,"SYNGENTA CROP PROTECTION, LLC. - ST GABRIEL PLANT",Chemicals,LA,2025,56273.60803958031
1002749,"SYNGENTA CROP PROTECTION, LLC. - ST GABRIEL PLANT",Chemicals,LA,2026,56355.05222723986
1002749,"SYNGENTA CROP PROTECTION, LLC. - ST GABRIEL PLANT",Chemicals,LA,2027,56436.61428819644
1002749,"SYNGENTA CROP PROTECTION, LLC. - ST GABRIEL PLANT",Chemicals,LA,2028,56518.294393046286
1002750,Argos Cement LLC - Harleyville Plant,Minerals,SC,2024,633050.0815458266
1002750,Argos Cement LLC - Harleyville Plant,Minerals,SC,2025,638472.8958948505
1002750,Argos Cement LLC - Harleyville Plant,Minerals,SC,2026,643942.1629911718
1002750,Argos Cement LLC - Harleyville Plant,Minerals,SC,2027,649458.2807568989
1002750,Argos Cement LLC - Harleyville Plant,Minerals,SC,2028,655021.650522812
1002755,FORD MOTOR COMPANY - FORD MICHIGAN ASSEMBLY SITE,Other,MI,2024,57742.80218819553
1002755,FORD MOTOR COMPANY - FORD MICHIGAN ASSEMBLY SITE,Other,MI,2025,57142.39814569291
1002755,FORD MOTOR COMPANY - FORD MICHIGAN ASSEMBLY SITE,Other,MI,2026,56548.23704604345
1002755,FORD MOTOR COMPANY - FORD MICHIGAN ASSEMBLY SITE,Other,MI,2027,55960.25397573469
1002755,FORD MOTOR COMPANY - FORD MICHIGAN ASSEMBLY SITE,Other,MI,2028,55378.384696218076
1002756,"Waupaca Foundry, Inc.",Metals,IN,2024,197891.915869747
1002756,"Waupaca Foundry, Inc.",Metals,IN,2025,195599.589392321
1002756,"Waupaca Foundry, Inc.",Metals,IN,2026,193333.8166053575
1002756,"Waupaca Foundry, Inc.",Metals,IN,2027,191094.28991808248
1002756,"Waupaca Foundry, Inc.",Metals,IN,2028,188880.70530276885
1002758,EQUISTAR CHEMICALS LAPORTE COMPLEX,Chemicals,TX,2024,1280595.0257023424
1002758,EQUISTAR CHEMICALS LAPORTE COMPLEX,Chemicals,TX,2025,1316431.087765369
1002758,EQUISTAR CHEMICALS LAPORTE COMPLEX,Chemicals,TX,2026,1353269.9831351042
1002758,EQUISTAR CHEMICALS LAPORTE COMPLEX,Chemicals,TX,2027,1391139.7750133495
1002758,EQUISTAR CHEMICALS LAPORTE COMPLEX,Chemicals,TX,2028,1430069.3119201288
1002761,KERN RIVER GAS TRANSMISSION COMPANY: MUDDY CREEK COMPRESSOR STATION,Petroleum and Natural Gas Systems,WY,2024,216786.29772238948
1002761,KERN RIVER GAS TRANSMISSION COMPANY: MUDDY CREEK COMPRESSOR STATION,Petroleum and Natural Gas Systems,WY,2025,214944.4803615929
1002761,KERN RIVER GAS TRANSMISSION COMPANY: MUDDY CREEK COMPRESSOR STATION,Petroleum and Natural Gas Systems,WY,2026,213118.31108938018
1002761,KERN RIVER GAS TRANSMISSION COMPANY: MUDDY CREEK COMPRESSOR STATION,Petroleum and Natural Gas Systems,WY,2027,211307.65695952074
1002761,KERN RIVER GAS TRANSMISSION COMPANY: MUDDY CREEK COMPRESSOR STATION,Petroleum and Natural Gas Systems,WY,2028,209512.38615529455
1002762,KERN RIVER GAS TRANSMISSION COMPANY: GOODSPRINGS COMPRESSOR STATION,Petroleum and Natural Gas Systems,NV,2024,90727.30582903701
1002762,KERN RIVER GAS TRANSMISSION COMPANY: GOODSPRINGS COMPRESSOR STATION,Petroleum and Natural Gas Systems,NV,2025,89131.81571170999
1002762,KERN RIVER GAS TRANSMISSION COMPANY: GOODSPRINGS COMPRESSOR STATION,Petroleum and Natural Gas Systems,NV,2026,87564.38317518732
1002762,KERN RIVER GAS TRANSMISSION COMPANY: GOODSPRINGS COMPRESSOR STATION,Petroleum and Natural Gas Systems,NV,2027,86024.5148113112
1002762,KERN RIVER GAS TRANSMISSION COMPANY: GOODSPRINGS COMPRESSOR STATION,Petroleum and Natural Gas Systems,NV,2028,84511.72588877934
1002763,KERN RIVER GAS TRANSMISSION COMPANY: DRY LAKE COMPRESSOR STATION,Petroleum and Natural Gas Systems,NV,2024,55484.628188755916
1002763,KERN RIVER GAS TRANSMISSION COMPANY: DRY LAKE COMPRESSOR STATION,Petroleum and Natural Gas Systems,NV,2025,54002.88615339642
1002763,KERN RIVER GAS TRANSMISSION COMPANY: DRY LAKE COMPRESSOR STATION,Petroleum and Natural Gas Systems,NV,2026,52560.71470778436
1002763,KERN RIVER GAS TRANSMISSION COMPANY: DRY LAKE COMPRESSOR STATION,Petroleum and Natural Gas Systems,NV,2027,51157.05710146296
1002763,KERN RIVER GAS TRANSMISSION COMPANY: DRY LAKE COMPRESSOR STATION,Petroleum and Natural Gas Systems,NV,2028,49790.88480497292
1002771,LOGAN ALUMINUM INC,Metals,KY,2024,234537.5006749465
1002771,LOGAN ALUMINUM INC,Metals,KY,2025,241271.06320325466
1002771,LOGAN ALUMINUM INC,Metals,KY,2026,248197.9460500281
1002771,LOGAN ALUMINUM INC,Metals,KY,2027,255323.69943409637
1002771,LOGAN ALUMINUM INC,Metals,KY,2028,262654.03292085545
1002775,U.S. AIR FORCE PLANT 6 LOCKHEED MARTIN AERONAUTICS CO,Other,GA,2024,44425.36115700736
1002775,U.S. AIR FORCE PLANT 6 LOCKHEED MARTIN AERONAUTICS CO,Other,GA,2025,45024.736689620484
1002775,U.S. AIR FORCE PLANT 6 LOCKHEED MARTIN AERONAUTICS CO,Other,GA,2026,45632.19884257243
1002775,U.S. AIR FORCE PLANT 6 LOCKHEED MARTIN AERONAUTICS CO,Other,GA,2027,46247.85671846254
1002775,U.S. AIR FORCE PLANT 6 LOCKHEED MARTIN AERONAUTICS CO,Other,GA,2028,46871.82089187406
1002777,"HAVERHILL COKE COMPANY, LLC",Metals,OH,2024,915976.4452323499
1002777,"HAVERHILL COKE COMPANY, LLC",Metals,OH,2025,921968.1303766894
1002777,"HAVERHILL COKE COMPANY, LLC",Metals,OH,2026,927999.0089861603
1002777,"HAVERHILL COKE COMPANY, LLC",Metals,OH,2027,934069.3374373381
1002777,"HAVERHILL COKE COMPANY, LLC",Metals,OH,2028,940179.3737838351
1002784,FLORIDA GAS TRANSMISSION COMPANY - FRANKLINTON,Petroleum and Natural Gas Systems,LA,2024,61548.33727099872
1002784,FLORIDA GAS TRANSMISSION COMPANY - FRANKLINTON,Petroleum and Natural Gas Systems,LA,2025,61629.56887170621
1002784,FLORIDA GAS TRANSMISSION COMPANY - FRANKLINTON,Petroleum and Natural Gas Systems,LA,2026,61710.9076820189
1002784,FLORIDA GAS TRANSMISSION COMPANY - FRANKLINTON,Petroleum and Natural Gas Systems,LA,2027,61792.353843432655
1002784,FLORIDA GAS TRANSMISSION COMPANY - FRANKLINTON,Petroleum and Natural Gas Systems,LA,2028,61873.90749762921
1002788,ENID CITY LNDFLL,Waste,OK,2024,92993.53106974169
1002788,ENID CITY LNDFLL,Waste,OK,2025,94590.83558441643
1002788,ENID CITY LNDFLL,Waste,OK,2026,96215.57621946698
1002788,ENID CITY LNDFLL,Waste,OK,2027,97868.22423174784
1002788,ENID CITY LNDFLL,Waste,OK,2028,99549.25897266259
1002789,Deltech Monomers OpCo,Chemicals,LA,2024,92904.22195408153
1002789,Deltech Monomers OpCo,Chemicals,LA,2025,93189.04648526995
1002789,Deltech Monomers OpCo,Chemicals,LA,2026,93474.74422772741
1002789,Deltech Monomers OpCo,Chemicals,LA,2027,93761.31785853393
1002789,Deltech Monomers OpCo,Chemicals,LA,2028,94048.77006297573
1002790,GREEN VALLEY CHEMICAL CORP,Chemicals,IA,2024,69972.31882382034
1002790,GREEN VALLEY CHEMICAL CORP,Chemicals,IA,2025,73498.82522933936
1002790,GREEN VALLEY CHEMICAL CORP,Chemicals,IA,2026,77203.0625952896
1002790,GREEN VALLEY CHEMICAL CORP,Chemicals,IA,2027,81093.98831197889
1002790,GREEN VALLEY CHEMICAL CORP,Chemicals,IA,2028,85181.01120958097
1002792,USDA-NATIONAL ANIMAL DISEASE CENTER,Other,IA,2024,29358.08283019559
1002792,USDA-NATIONAL ANIMAL DISEASE CENTER,Other,IA,2025,29355.222521784388
1002792,USDA-NATIONAL ANIMAL DISEASE CENTER,Other,IA,2026,29352.36249204815
1002792,USDA-NATIONAL ANIMAL DISEASE CENTER,Other,IA,2027,29349.50274095983
1002792,USDA-NATIONAL ANIMAL DISEASE CENTER,Other,IA,2028,29346.643268492175
1002795,ARCONIC TENNESSEE OPERATIONS,Metals,TN,2024,195840.7384828811
1002795,ARCONIC TENNESSEE OPERATIONS,Metals,TN,2025,195453.43152788474
1002795,ARCONIC TENNESSEE OPERATIONS,Metals,TN,2026,195066.89053546873
1002795,ARCONIC TENNESSEE OPERATIONS,Metals,TN,2027,194681.11399081702
1002795,ARCONIC TENNESSEE OPERATIONS,Metals,TN,2028,194296.10038210993
1002798,HUNT SOUTHLAND REFINING COMPANY,Petroleum Product Suppliers,MS,2024,31010.184794329838
1002798,HUNT SOUTHLAND REFINING COMPANY,Petroleum Product Suppliers,MS,2025,31172.201933215558
1002798,HUNT SOUTHLAND REFINING COMPANY,Petroleum Product Suppliers,MS,2026,31335.065553780176
1002798,HUNT SOUTHLAND REFINING COMPANY,Petroleum Product Suppliers,MS,2027,31498.780078588265
1002798,HUNT SOUTHLAND REFINING COMPANY,Petroleum Product Suppliers,MS,2028,31663.349953310677
1002802,KLEEN ENERGY SYSTEMS POWER PLANT,Power Plants,CT,2024,905404.8086872107
1002802,KLEEN ENERGY SYSTEMS POWER PLANT,Power Plants,CT,2025,881121.4293061711
1002802,KLEEN ENERGY SYSTEMS POWER PLANT,Power Plants,CT,2026,857489.3414894192
1002802,KLEEN ENERGY SYSTEMS POWER PLANT,Power Plants,CT,2027,834491.0772933427
1002802,KLEEN ENERGY SYSTEMS POWER PLANT,Power Plants,CT,2028,812109.6372727305
1002803,University of Vermont and State Agricultural College,Other,VT,2024,28168.05666067876
1002803,University of Vermont and State Agricultural College,Other,VT,2025,28244.162456185877
1002803,University of Vermont and State Agricultural College,Other,VT,2026,28320.473877951725
1002803,University of Vermont and State Agricultural College,Other,VT,2027,28396.991481547313
1002803,University of Vermont and State Agricultural College,Other,VT,2028,28473.71582404432
1002804,J R SIMPLOT CO,Other,WA,2024,111044.59865619121
1002804,J R SIMPLOT CO,Other,WA,2025,113284.07495610382
1002804,J R SIMPLOT CO,Other,WA,2026,115568.7155788069
1002804,J R SIMPLOT CO,Other,WA,2027,117899.4313694182
1002804,J R SIMPLOT CO,Other,WA,2028,120277.15154239521
1002807,Gold Bond - SHI Plant,Minerals,PA,2024,80562.95040834122
1002807,Gold Bond - SHI Plant,Minerals,PA,2025,82321.28354411534
1002807,Gold Bond - SHI Plant,Minerals,PA,2026,84117.99332077327
1002807,Gold Bond - SHI Plant,Minerals,PA,2027,85953.91733076867
1002807,Gold Bond - SHI Plant,Minerals,PA,2028,87829.91144749646
1002818,TREASURE COAST ENERGY CENTER,Power Plants,FL,2024,750635.5634680089
1002818,TREASURE COAST ENERGY CENTER,Power Plants,FL,2025,756556.6474324326
1002818,TREASURE COAST ENERGY CENTER,Power Plants,FL,2026,762524.4374643811
1002818,TREASURE COAST ENERGY CENTER,Power Plants,FL,2027,768539.3019857102
1002818,TREASURE COAST ENERGY CENTER,Power Plants,FL,2028,774601.6123244222
1002820,DOUBLE C LIMITED,Power Plants,CA,2024,13766.77709535473
1002820,DOUBLE C LIMITED,Power Plants,CA,2025,13985.828737628479
1002820,DOUBLE C LIMITED,Power Plants,CA,2026,14208.365845065966
1002820,DOUBLE C LIMITED,Power Plants,CA,2027,14434.443877043212
1002820,DOUBLE C LIMITED,Power Plants,CA,2028,14664.119175384518
1002821,HIGH SIERRA LIMITED,Power Plants,CA,2024,14175.817471244025
1002821,HIGH SIERRA LIMITED,Power Plants,CA,2025,14409.987874608387
1002821,HIGH SIERRA LIMITED,Power Plants,CA,2026,14648.026540097528
1002821,HIGH SIERRA LIMITED,Power Plants,CA,2027,14889.997367553782
1002821,HIGH SIERRA LIMITED,Power Plants,CA,2028,15135.965312381444
1002832,J. R. Simplot Co.,Other,WA,2024,24689.19358684481
1002832,J. R. Simplot Co.,Other,WA,2025,23751.8388822006
1002832,J. R. Simplot Co.,Other,WA,2026,22850.07196778644
1002832,J. R. Simplot Co.,Other,WA,2027,21982.541710667112
1002832,J. R. Simplot Co.,Other,WA,2028,21147.948275282026
1002838,FLORIDA GAS TRANSMISSION COMPANY - ORLANDO,Petroleum and Natural Gas Systems,FL,2024,40986.900879810535
1002838,FLORIDA GAS TRANSMISSION COMPANY - ORLANDO,Petroleum and Natural Gas Systems,FL,2025,42317.60222277493
1002838,FLORIDA GAS TRANSMISSION COMPANY - ORLANDO,Petroleum and Natural Gas Systems,FL,2026,43691.50678496684
1002838,FLORIDA GAS TRANSMISSION COMPANY - ORLANDO,Petroleum and Natural Gas Systems,FL,2027,45110.017223835675
1002838,FLORIDA GAS TRANSMISSION COMPANY - ORLANDO,Petroleum and Natural Gas Systems,FL,2028,46574.581736213186
1002849,"MEP Station 4 Vicksburg, MS",Petroleum and Natural Gas Systems,MS,2024,59010.60970671347
1002849,"MEP Station 4 Vicksburg, MS",Petroleum and Natural Gas Systems,MS,2025,60677.95011965985
1002849,"MEP Station 4 Vicksburg, MS",Petroleum and Natural Gas Systems,MS,2026,62392.401112660584
1002849,"MEP Station 4 Vicksburg, MS",Petroleum and Natural Gas Systems,MS,2027,64155.29379167089
1002849,"MEP Station 4 Vicksburg, MS",Petroleum and Natural Gas Systems,MS,2028,65967.9968729462
1002855,City of Okmulgee Landfill,Waste,OK,2024,31009.523066636008
1002855,City of Okmulgee Landfill,Waste,OK,2025,31033.856378604672
1002855,City of Okmulgee Landfill,Waste,OK,2026,31058.20878503248
1002855,City of Okmulgee Landfill,Waste,OK,2027,31082.580300903
1002855,City of Okmulgee Landfill,Waste,OK,2028,31106.970941211384
1002861,SONOCO - NEWPORT,Pulp and Paper,TN,2024,29974.156266472168
1002861,SONOCO - NEWPORT,Pulp and Paper,TN,2025,29933.82247634534
1002861,SONOCO - NEWPORT,Pulp and Paper,TN,2026,29893.542960127234
1002861,SONOCO - NEWPORT,Pulp and Paper,TN,2027,29853.317644786173
1002861,SONOCO - NEWPORT,Pulp and Paper,TN,2028,29813.146457388168
1002862,U S PAPER MILLS Menasha,Pulp and Paper,WI,2024,50462.61227345769
1002862,U S PAPER MILLS Menasha,Pulp and Paper,WI,2025,50249.672921766774
1002862,U S PAPER MILLS Menasha,Pulp and Paper,WI,2026,50037.63211982274
1002862,U S PAPER MILLS Menasha,Pulp and Paper,WI,2027,49826.48607597539
1002862,U S PAPER MILLS Menasha,Pulp and Paper,WI,2028,49616.231014573335
1002863,DALTON WHITFIELD REGIONAL SW MANAGEMENT,Waste,GA,2024,155829.42694382486
1002863,DALTON WHITFIELD REGIONAL SW MANAGEMENT,Waste,GA,2025,157906.6200272034
1002863,DALTON WHITFIELD REGIONAL SW MANAGEMENT,Waste,GA,2026,160011.50191872436
1002863,DALTON WHITFIELD REGIONAL SW MANAGEMENT,Waste,GA,2027,162144.44170785934
1002863,DALTON WHITFIELD REGIONAL SW MANAGEMENT,Waste,GA,2028,164305.81340401052
1002864,GUARDIAN INDUSTRIES - DeWitt,Minerals,IA,2024,102879.16363939573
1002864,GUARDIAN INDUSTRIES - DeWitt,Minerals,IA,2025,102261.27509817205
1002864,GUARDIAN INDUSTRIES - DeWitt,Minerals,IA,2026,101647.09757321105
1002864,GUARDIAN INDUSTRIES - DeWitt,Minerals,IA,2027,101036.60877628346
1002864,GUARDIAN INDUSTRIES - DeWitt,Minerals,IA,2028,100429.78655302156
1002866,U.S. AIR FORCE PLANT 4 LOCKHEED MARTIN AERONAUTICS CO,Other,TX,2024,21035.803458958268
1002866,U.S. AIR FORCE PLANT 4 LOCKHEED MARTIN AERONAUTICS CO,Other,TX,2025,20761.297706613343
1002866,U.S. AIR FORCE PLANT 4 LOCKHEED MARTIN AERONAUTICS CO,Other,TX,2026,20490.37410449232
1002866,U.S. AIR FORCE PLANT 4 LOCKHEED MARTIN AERONAUTICS CO,Other,TX,2027,20222.985907490194
1002866,U.S. AIR FORCE PLANT 4 LOCKHEED MARTIN AERONAUTICS CO,Other,TX,2028,19959.086980499967
1002867,ANHEUSER BUSCH INC. - L.A. BREWERY,Other,CA,2024,29466.221417630186
1002867,ANHEUSER BUSCH INC. - L.A. BREWERY,Other,CA,2025,28595.61502387365
1002867,ANHEUSER BUSCH INC. - L.A. BREWERY,Other,CA,2026,27750.73149027306
1002867,ANHEUSER BUSCH INC. - L.A. BREWERY,Other,CA,2027,26930.81081145829
1002867,ANHEUSER BUSCH INC. - L.A. BREWERY,Other,CA,2028,26135.115437110984
1002871,Little Rapids - Shawano Paper Mill,Pulp and Paper,WI,2024,35738.04054901199
1002871,Little Rapids - Shawano Paper Mill,Pulp and Paper,WI,2025,36251.46040162834
1002871,Little Rapids - Shawano Paper Mill,Pulp and Paper,WI,2026,36772.25614673919
1002871,Little Rapids - Shawano Paper Mill,Pulp and Paper,WI,2027,37300.533747894675
1002871,Little Rapids - Shawano Paper Mill,Pulp and Paper,WI,2028,37836.40069093787
1002874,LAND O\LAKES INCORPORATED,Other,CA,2024,58357.22103151443
1002874,LAND O\LAKES INCORPORATED,Other,CA,2025,58106.60363267202
1002874,LAND O\LAKES INCORPORATED,Other,CA,2026,57857.06252018264
1002874,LAND O\LAKES INCORPORATED,Other,CA,2027,57608.59307189228
1002874,LAND O\LAKES INCORPORATED,Other,CA,2028,57361.19068549606
1002875,GENERAL MOTORS LLC BEDFORD CETC,Metals,IN,2024,34544.495490546105
1002875,GENERAL MOTORS LLC BEDFORD CETC,Metals,IN,2025,33455.08472403208
1002875,GENERAL MOTORS LLC BEDFORD CETC,Metals,IN,2026,32400.03010605464
1002875,GENERAL MOTORS LLC BEDFORD CETC,Metals,IN,2027,31378.248165641693
1002875,GENERAL MOTORS LLC BEDFORD CETC,Metals,IN,2028,30388.68960064959
1002876,U.S. AIR FORCE ROBINS AFB GA,Other,GA,2024,49358.09438463541
1002876,U.S. AIR FORCE ROBINS AFB GA,Other,GA,2025,49540.2708762607
1002876,U.S. AIR FORCE ROBINS AFB GA,Other,GA,2026,49723.11976568649
1002876,U.S. AIR FORCE ROBINS AFB GA,Other,GA,2027,49906.64353467545
1002876,U.S. AIR FORCE ROBINS AFB GA,Other,GA,2028,50090.84467414989
1002879,INEOS ABS,Other,OH,2024,25347.032358094206
1002879,INEOS ABS,Other,OH,2025,23211.443568537346
1002879,INEOS ABS,Other,OH,2026,21255.786670558464
1002879,INEOS ABS,Other,OH,2027,19464.901683095224
1002879,INEOS ABS,Other,OH,2028,17824.90591408478
1002880,UW CENTRAL ENERGY PLANT,Power Plants,WY,2024,25270.843382520598
1002880,UW CENTRAL ENERGY PLANT,Power Plants,WY,2025,24089.827739532833
1002880,UW CENTRAL ENERGY PLANT,Power Plants,WY,2026,22964.006057738527
1002880,UW CENTRAL ENERGY PLANT,Power Plants,WY,2027,21890.798884976935
1002880,UW CENTRAL ENERGY PLANT,Power Plants,WY,2028,20867.747318026097
1002881,Darling Ingredients Inc.,Other,TN,2024,46085.62192647368
1002881,Darling Ingredients Inc.,Other,TN,2025,47009.17138298562
1002881,Darling Ingredients Inc.,Other,TN,2026,47951.228642212714
1002881,Darling Ingredients Inc.,Other,TN,2027,48912.16459794853
1002881,Darling Ingredients Inc.,Other,TN,2028,49892.357576646406
1002882,"CARDINAL ETHANOL, LLC",Other,IN,2024,178680.16141912935
1002882,"CARDINAL ETHANOL, LLC",Other,IN,2025,179976.61171536098
1002882,"CARDINAL ETHANOL, LLC",Other,IN,2026,181282.4686707158
1002882,"CARDINAL ETHANOL, LLC",Other,IN,2027,182597.8005371252
1002882,"CARDINAL ETHANOL, LLC",Other,IN,2028,183922.67606173508
1002887,Gold Bond - MLT Plant,Minerals,PA,2024,45880.90724683095
1002887,Gold Bond - MLT Plant,Minerals,PA,2025,46531.57596644547
1002887,Gold Bond - MLT Plant,Minerals,PA,2026,47191.472266944715
1002887,Gold Bond - MLT Plant,Minerals,PA,2027,47860.72701100337
1002887,Gold Bond - MLT Plant,Minerals,PA,2028,48539.472917149695
1002890,FORT CAVAZOS,Waste,TX,2024,75784.51352963794
1002890,FORT CAVAZOS,Waste,TX,2025,76842.91348379033
1002890,FORT CAVAZOS,Waste,TX,2026,77916.09496006068
1002890,FORT CAVAZOS,Waste,TX,2027,79004.26439590722
1002890,FORT CAVAZOS,Waste,TX,2028,80107.63111187563
1002905,GUARDIAN INDUSTRIES CARLETON FACILITY,Minerals,MI,2024,147757.98382281134
1002905,GUARDIAN INDUSTRIES CARLETON FACILITY,Minerals,MI,2025,146137.65745393006
1002905,GUARDIAN INDUSTRIES CARLETON FACILITY,Minerals,MI,2026,144535.0997190935
1002905,GUARDIAN INDUSTRIES CARLETON FACILITY,Minerals,MI,2027,142950.11576597884
1002905,GUARDIAN INDUSTRIES CARLETON FACILITY,Minerals,MI,2028,141382.51287903113
1002910,GRAYMONT PA INC/PLEASANT GAP PLT,Minerals,PA,2024,784778.6968675168
1002910,GRAYMONT PA INC/PLEASANT GAP PLT,Minerals,PA,2025,788074.6748606043
1002910,GRAYMONT PA INC/PLEASANT GAP PLT,Minerals,PA,2026,791384.4955726305
1002910,GRAYMONT PA INC/PLEASANT GAP PLT,Minerals,PA,2027,794708.2171413857
1002910,GRAYMONT PA INC/PLEASANT GAP PLT,Minerals,PA,2028,798045.897948826
1002911,OWENS-BROCKWAY GLASS CONTAINER INC. - PLANT 06,Minerals,NC,2024,65510.47579837406
1002911,OWENS-BROCKWAY GLASS CONTAINER INC. - PLANT 06,Minerals,NC,2025,64840.66722857061
1002911,OWENS-BROCKWAY GLASS CONTAINER INC. - PLANT 06,Minerals,NC,2026,64177.707082850706
1002911,OWENS-BROCKWAY GLASS CONTAINER INC. - PLANT 06,Minerals,NC,2027,63521.525339846354
1002911,OWENS-BROCKWAY GLASS CONTAINER INC. - PLANT 06,Minerals,NC,2028,62872.05269411907
1002916,ARCHER DANIEL MIDLAND COMPANY,Other,NE,2024,1105246.0423518843
1002916,ARCHER DANIEL MIDLAND COMPANY,Other,NE,2025,1097713.9906434042
1002916,ARCHER DANIEL MIDLAND COMPANY,Other,NE,2026,1090233.2685038734
1002916,ARCHER DANIEL MIDLAND COMPANY,Other,NE,2027,1082803.5261315734
1002916,ARCHER DANIEL MIDLAND COMPANY,Other,NE,2028,1075424.4161086187
1002919,GRAYMONT (WI) LLC,Minerals,WI,2024,495152.4718549764
1002919,GRAYMONT (WI) LLC,Minerals,WI,2025,490624.08797997265
1002919,GRAYMONT (WI) LLC,Minerals,WI,2026,486137.11813738314
1002919,GRAYMONT (WI) LLC,Minerals,WI,2027,481691.1835779392
1002919,GRAYMONT (WI) LLC,Minerals,WI,2028,477285.9090161984
1002923,"KMTP Station 553 Katy, TX",Petroleum and Natural Gas Systems,TX,2024,58752.034471283
1002923,"KMTP Station 553 Katy, TX",Petroleum and Natural Gas Systems,TX,2025,59267.14360663179
1002923,"KMTP Station 553 Katy, TX",Petroleum and Natural Gas Systems,TX,2026,59786.76896722625
1002923,"KMTP Station 553 Katy, TX",Petroleum and Natural Gas Systems,TX,2027,60310.95014912318
1002923,"KMTP Station 553 Katy, TX",Petroleum and Natural Gas Systems,TX,2028,60839.72709553781
1002925,"SOLVAY SPECIALTY POLYMERS USA, LLC",Industrial Gas Suppliers,NJ,2024,8496.257536399178
1002925,"SOLVAY SPECIALTY POLYMERS USA, LLC",Industrial Gas Suppliers,NJ,2025,8007.820968425862
1002925,"SOLVAY SPECIALTY POLYMERS USA, LLC",Industrial Gas Suppliers,NJ,2026,7547.463855425677
1002925,"SOLVAY SPECIALTY POLYMERS USA, LLC",Industrial Gas Suppliers,NJ,2027,7113.571953414296
1002925,"SOLVAY SPECIALTY POLYMERS USA, LLC",Industrial Gas Suppliers,NJ,2028,6704.623818771292
1002928,GRAYMONT WESTERN US INC. CRICKET MOUNTAIN,Minerals,UT,2024,710726.8428268795
1002928,GRAYMONT WESTERN US INC. CRICKET MOUNTAIN,Minerals,UT,2025,695539.3098355143
1002928,GRAYMONT WESTERN US INC. CRICKET MOUNTAIN,Minerals,UT,2026,680676.3194735599
1002928,GRAYMONT WESTERN US INC. CRICKET MOUNTAIN,Minerals,UT,2027,666130.9365845055
1002928,GRAYMONT WESTERN US INC. CRICKET MOUNTAIN,Minerals,UT,2028,651896.3742093083
1002929,OWENS-BROCKWAY GLASS CONTAINER INC. PLANT 29,Minerals,VA,2024,50255.985696136835
1002929,OWENS-BROCKWAY GLASS CONTAINER INC. PLANT 29,Minerals,VA,2025,50609.51542225108
1002929,OWENS-BROCKWAY GLASS CONTAINER INC. PLANT 29,Minerals,VA,2026,50965.53208132487
1002929,OWENS-BROCKWAY GLASS CONTAINER INC. PLANT 29,Minerals,VA,2027,51324.053167885955
1002929,OWENS-BROCKWAY GLASS CONTAINER INC. PLANT 29,Minerals,VA,2028,51685.0962995284
1002933,Novelis ALR Aluminum LLC (Davenport Casting),Metals,IA,2024,49917.27122772319
1002933,Novelis ALR Aluminum LLC (Davenport Casting),Metals,IA,2025,49959.52367500136
1002933,Novelis ALR Aluminum LLC (Davenport Casting),Metals,IA,2026,50001.81188684053
1002933,Novelis ALR Aluminum LLC (Davenport Casting),Metals,IA,2027,50044.13589351378
1002933,Novelis ALR Aluminum LLC (Davenport Casting),Metals,IA,2028,50086.49572531963
1002943,"BARGATH, INC.- PARACHUTE",Petroleum and Natural Gas Systems,CO,2024,193866.41401899164
1002943,"BARGATH, INC.- PARACHUTE",Petroleum and Natural Gas Systems,CO,2025,182250.2765501102
1002943,"BARGATH, INC.- PARACHUTE",Petroleum and Natural Gas Systems,CO,2026,171330.15778244956
1002943,"BARGATH, INC.- PARACHUTE",Petroleum and Natural Gas Systems,CO,2027,161064.35348913286
1002943,"BARGATH, INC.- PARACHUTE",Petroleum and Natural Gas Systems,CO,2028,151413.65828783254
1002954,BRIDGESTONE FIRESTONE INCORPORATED,Other,NC,2024,38891.60118484115
1002954,BRIDGESTONE FIRESTONE INCORPORATED,Other,NC,2025,38254.27689794597
1002954,BRIDGESTONE FIRESTONE INCORPORATED,Other,NC,2026,37627.39656898225
1002954,BRIDGESTONE FIRESTONE INCORPORATED,Other,NC,2027,37010.78905076581
1002954,BRIDGESTONE FIRESTONE INCORPORATED,Other,NC,2028,36404.28600073444
1002955,INEOS NITRILES USA LLC,Chemicals,OH,2024,117737.3219655378
1002955,INEOS NITRILES USA LLC,Chemicals,OH,2025,117425.46977750515
1002955,INEOS NITRILES USA LLC,Chemicals,OH,2026,117114.44359592107
1002955,INEOS NITRILES USA LLC,Chemicals,OH,2027,116804.24123293305
1002955,INEOS NITRILES USA LLC,Chemicals,OH,2028,116494.86050648298
1002958,NUCOR STEEL HERTFORD COUNTY,Metals,NC,2024,207608.63596646913
1002958,NUCOR STEEL HERTFORD COUNTY,Metals,NC,2025,197094.76470283984
1002958,NUCOR STEEL HERTFORD COUNTY,Metals,NC,2026,187113.34474323987
1002958,NUCOR STEEL HERTFORD COUNTY,Metals,NC,2027,177637.41129191988
1002958,NUCOR STEEL HERTFORD COUNTY,Metals,NC,2028,168641.36512441208
1002961,DAL TILE INTERNATIONAL,Minerals,TX,2024,33414.6995658835
1002961,DAL TILE INTERNATIONAL,Minerals,TX,2025,33431.853914173415
1002961,DAL TILE INTERNATIONAL,Minerals,TX,2026,33449.01706911635
1002961,DAL TILE INTERNATIONAL,Minerals,TX,2027,33466.18903523346
1002961,DAL TILE INTERNATIONAL,Minerals,TX,2028,33483.369817048195
1002962,E ENERGY ADAMS,Other,NE,2024,123461.67426417222
1002962,E ENERGY ADAMS,Other,NE,2025,127227.63981951414
1002962,E ENERGY ADAMS,Other,NE,2026,131108.47905244483
1002962,E ENERGY ADAMS,Other,NE,2027,135107.69596787635
1002962,E ENERGY ADAMS,Other,NE,2028,139228.901453782
1002964,City of Wichita Falls Landfill,Waste,TX,2024,145779.1974661975
1002964,City of Wichita Falls Landfill,Waste,TX,2025,147442.48932634215
1002964,City of Wichita Falls Landfill,Waste,TX,2026,149124.758790014
1002964,City of Wichita Falls Landfill,Waste,TX,2027,150826.2223853187
1002964,City of Wichita Falls Landfill,Waste,TX,2028,152547.09911087507
1002968,ARMSTRONG WORLD INDUSTRIES INC.,Other,FL,2024,24804.804593226578
1002968,ARMSTRONG WORLD INDUSTRIES INC.,Other,FL,2025,24128.327818616825
1002968,ARMSTRONG WORLD INDUSTRIES INC.,Other,FL,2026,23470.299922524395
1002968,ARMSTRONG WORLD INDUSTRIES INC.,Other,FL,2027,22830.217767027458
1002968,ARMSTRONG WORLD INDUSTRIES INC.,Other,FL,2028,22207.591935784454
1002970,CITGO CORPUS CHRISTI REFINERY - WEST PLANT,Petroleum Product Suppliers,TX,2024,408959.7411191892
1002970,CITGO CORPUS CHRISTI REFINERY - WEST PLANT,Petroleum Product Suppliers,TX,2025,412678.7424070376
1002970,CITGO CORPUS CHRISTI REFINERY - WEST PLANT,Petroleum Product Suppliers,TX,2026,416431.5635778413
1002970,CITGO CORPUS CHRISTI REFINERY - WEST PLANT,Petroleum Product Suppliers,TX,2027,420218.5121831184
1002970,CITGO CORPUS CHRISTI REFINERY - WEST PLANT,Petroleum Product Suppliers,TX,2028,424039.8985711997
1002983,ABBOTT PARK FACILITY,Other,IL,2024,51595.27331326892
1002983,ABBOTT PARK FACILITY,Other,IL,2025,50666.04251674619
1002983,ABBOTT PARK FACILITY,Other,IL,2026,49753.54716550261
1002983,ABBOTT PARK FACILITY,Other,IL,2027,48857.48585419367
1002983,ABBOTT PARK FACILITY,Other,IL,2028,47977.56260578395
1002987,Montclair State University,Other,NJ,2024,38632.63479929602
1002987,Montclair State University,Other,NJ,2025,38873.92503968993
1002987,Montclair State University,Other,NJ,2026,39116.722321485664
1002987,Montclair State University,Other,NJ,2027,39361.03605730533
1002987,Montclair State University,Other,NJ,2028,39606.875718559575
1002988,LOUIS DREYFUS COMPANY AGRICULTURAL INDUSTRIES LL,Other,IN,2024,97808.23074393797
1002988,LOUIS DREYFUS COMPANY AGRICULTURAL INDUSTRIES LL,Other,IN,2025,99353.86277537503
1002988,LOUIS DREYFUS COMPANY AGRICULTURAL INDUSTRIES LL,Other,IN,2026,100923.91993298416
1002988,LOUIS DREYFUS COMPANY AGRICULTURAL INDUSTRIES LL,Other,IN,2027,102518.78819918352
1002988,LOUIS DREYFUS COMPANY AGRICULTURAL INDUSTRIES LL,Other,IN,2028,104138.85965594661
1002989,Valero Bloominburg Plant,Other,OH,2024,190483.4375063714
1002989,Valero Bloominburg Plant,Other,OH,2025,193257.76542059623
1002989,Valero Bloominburg Plant,Other,OH,2026,196072.50049817484
1002989,Valero Bloominburg Plant,Other,OH,2027,198928.2312560035
1002989,Valero Bloominburg Plant,Other,OH,2028,201825.55478252954
1002993,HUNTSMAN PETROCHEMICAL LLC,Chemicals,TX,2024,49381.969165168935
1002993,HUNTSMAN PETROCHEMICAL LLC,Chemicals,TX,2025,48811.14056718606
1002993,HUNTSMAN PETROCHEMICAL LLC,Chemicals,TX,2026,48246.91043608856
1002993,HUNTSMAN PETROCHEMICAL LLC,Chemicals,TX,2027,47689.20249720257
1002993,HUNTSMAN PETROCHEMICAL LLC,Chemicals,TX,2028,47137.941357547475
1002994,"PETE LIEN & SONS, INC.",Minerals,SD,2024,270605.29948434
1002994,"PETE LIEN & SONS, INC.",Minerals,SD,2025,266818.8198597286
1002994,"PETE LIEN & SONS, INC.",Minerals,SD,2026,263085.32304060843
1002994,"PETE LIEN & SONS, INC.",Minerals,SD,2027,259404.06765822734
1002994,"PETE LIEN & SONS, INC.",Minerals,SD,2028,255774.32271752993
1002995,"LITTLE SIOUX CORN PROCESSORS, LLC",Other,IA,2024,191218.24539470195
1002995,"LITTLE SIOUX CORN PROCESSORS, LLC",Other,IA,2025,194365.73444437885
1002995,"LITTLE SIOUX CORN PROCESSORS, LLC",Other,IA,2026,197565.03176840386
1002995,"LITTLE SIOUX CORN PROCESSORS, LLC",Other,IA,2027,200816.9901409251
1002995,"LITTLE SIOUX CORN PROCESSORS, LLC",Other,IA,2028,204122.4763729156
1002997,COOPER TIRE COMPANY,Other,AR,2024,41165.32644113544
1002997,COOPER TIRE COMPANY,Other,AR,2025,41882.191939403
1002997,COOPER TIRE COMPANY,Other,AR,2026,42611.54115119925
1002997,COOPER TIRE COMPANY,Other,AR,2027,43353.59147170341
1002997,COOPER TIRE COMPANY,Other,AR,2028,44108.56408188029
1003005,CARMEUSE LIME BLACK RIVER OPERATION,Minerals,KY,2024,962058.425685243
1003005,CARMEUSE LIME BLACK RIVER OPERATION,Minerals,KY,2025,945471.7424184191
1003005,CARMEUSE LIME BLACK RIVER OPERATION,Minerals,KY,2026,929171.0272949521
1003005,CARMEUSE LIME BLACK RIVER OPERATION,Minerals,KY,2027,913151.3499874399
1003005,CARMEUSE LIME BLACK RIVER OPERATION,Minerals,KY,2028,897407.8651714048
1003007,"Sekisui Specialty Chemicals America, LLC - Pasadena",Other,TX,2024,17183.051367947348
1003007,"Sekisui Specialty Chemicals America, LLC - Pasadena",Other,TX,2025,16072.867834327113
1003007,"Sekisui Specialty Chemicals America, LLC - Pasadena",Other,TX,2026,15034.412392064369
1003007,"Sekisui Specialty Chemicals America, LLC - Pasadena",Other,TX,2027,14063.050745176608
1003007,"Sekisui Specialty Chemicals America, LLC - Pasadena",Other,TX,2028,13154.448015926506
1003029,MADISON COUNTY LANDFILL,Waste,NY,2024,8612.52627226534
1003029,MADISON COUNTY LANDFILL,Waste,NY,2025,8014.245132559474
1003029,MADISON COUNTY LANDFILL,Waste,NY,2026,7457.524425973016
1003029,MADISON COUNTY LANDFILL,Waste,NY,2027,6939.477099101753
1003029,MADISON COUNTY LANDFILL,Waste,NY,2028,6457.416651729506
1003033,AVA LANDFILL,Waste,NY,2024,78894.41699334796
1003033,AVA LANDFILL,Waste,NY,2025,79175.58885152511
1003033,AVA LANDFILL,Waste,NY,2026,79457.76277824976
1003033,AVA LANDFILL,Waste,NY,2027,79740.94234479443
1003033,AVA LANDFILL,Waste,NY,2028,80025.13113515932
1003035,Coastal Regional Solid Waste Management Authority,Waste,NC,2024,139563.28788518696
1003035,Coastal Regional Solid Waste Management Authority,Waste,NC,2025,145087.4179298253
1003035,Coastal Regional Solid Waste Management Authority,Waste,NC,2026,150830.20155602114
1003035,Coastal Regional Solid Waste Management Authority,Waste,NC,2027,156800.29340954556
1003035,Coastal Regional Solid Waste Management Authority,Waste,NC,2028,163006.69070038863
1003038,"ADVANCED DISPOSAL MAPLE HILL LANDFILL, LLC",Waste,MO,2024,27338.705780274016
1003038,"ADVANCED DISPOSAL MAPLE HILL LANDFILL, LLC",Waste,MO,2025,27616.71669935843
1003038,"ADVANCED DISPOSAL MAPLE HILL LANDFILL, LLC",Waste,MO,2026,27897.554748291368
1003038,"ADVANCED DISPOSAL MAPLE HILL LANDFILL, LLC",Waste,MO,2027,28181.248676530515
1003038,"ADVANCED DISPOSAL MAPLE HILL LANDFILL, LLC",Waste,MO,2028,28467.82752589074
1003039,Greenwood County Landfills,Waste,SC,2024,58444.65946245247
1003039,Greenwood County Landfills,Waste,SC,2025,60106.03684995719
1003039,Greenwood County Landfills,Waste,SC,2026,61814.641389593606
1003039,Greenwood County Landfills,Waste,SC,2027,63571.81558422402
1003039,Greenwood County Landfills,Waste,SC,2028,65378.94009937502
1003043,Garyville Refinery,Petroleum Product Suppliers,LA,2024,3858498.4984712475
1003043,Garyville Refinery,Petroleum Product Suppliers,LA,2025,3849706.98322181
1003043,Garyville Refinery,Petroleum Product Suppliers,LA,2026,3840935.499272198
1003043,Garyville Refinery,Petroleum Product Suppliers,LA,2027,3832184.0009814985
1003043,Garyville Refinery,Petroleum Product Suppliers,LA,2028,3823452.4428127753
1003045,Petro-Hunt L.L.C.,Natural Gas and Natural Gas Liquids Suppliers,ND,2024,28373.128161581473
1003045,Petro-Hunt L.L.C.,Natural Gas and Natural Gas Liquids Suppliers,ND,2025,27711.367488694996
1003045,Petro-Hunt L.L.C.,Natural Gas and Natural Gas Liquids Suppliers,ND,2026,27065.041391287203
1003045,Petro-Hunt L.L.C.,Natural Gas and Natural Gas Liquids Suppliers,ND,2027,26433.78988102716
1003045,Petro-Hunt L.L.C.,Natural Gas and Natural Gas Liquids Suppliers,ND,2028,25817.261365771763
1003048,"Sappi North America, Inc. - Somerset Operations",Pulp and Paper,ME,2024,309530.35729263356
1003048,"Sappi North America, Inc. - Somerset Operations",Pulp and Paper,ME,2025,312987.8062916582
1003048,"Sappi North America, Inc. - Somerset Operations",Pulp and Paper,ME,2026,316483.874939124
1003048,"Sappi North America, Inc. - Somerset Operations",Pulp and Paper,ME,2027,320018.994615871
1003048,"Sappi North America, Inc. - Somerset Operations",Pulp and Paper,ME,2028,323593.6015212521
1003052,GERDAU - FORT SMITH MILL,Metals,AR,2024,81218.41010779559
1003052,GERDAU - FORT SMITH MILL,Metals,AR,2025,81100.67392420648
1003052,GERDAU - FORT SMITH MILL,Metals,AR,2026,80983.10841385384
1003052,GERDAU - FORT SMITH MILL,Metals,AR,2027,80865.71332932575
1003052,GERDAU - FORT SMITH MILL,Metals,AR,2028,80748.48842356878
1003058,Oaktown Fuels Mine No.1,Other,IN,2024,773725.5382157828
1003058,Oaktown Fuels Mine No.1,Other,IN,2025,817768.6999263138
1003058,Oaktown Fuels Mine No.1,Other,IN,2026,864318.952326824
1003058,Oaktown Fuels Mine No.1,Other,IN,2027,913519.0077813597
1003058,Oaktown Fuels Mine No.1,Other,IN,2028,965519.7023404908
1003063,MERCURY MARINE FOND DU LAC COMPLEX,Other,WI,2024,36494.68271877971
1003063,MERCURY MARINE FOND DU LAC COMPLEX,Other,WI,2025,36598.62555805786
1003063,MERCURY MARINE FOND DU LAC COMPLEX,Other,WI,2026,36702.8644435824
1003063,MERCURY MARINE FOND DU LAC COMPLEX,Other,WI,2027,36807.40021854184
1003063,MERCURY MARINE FOND DU LAC COMPLEX,Other,WI,2028,36912.23372852578
1003068,PANHANDLE EASTERN PIPE LINE CO - LIBERAL,Petroleum and Natural Gas Systems,KS,2024,35607.765477113084
1003068,PANHANDLE EASTERN PIPE LINE CO - LIBERAL,Petroleum and Natural Gas Systems,KS,2025,33831.65194018151
1003068,PANHANDLE EASTERN PIPE LINE CO - LIBERAL,Petroleum and Natural Gas Systems,KS,2026,32144.130856435386
1003068,PANHANDLE EASTERN PIPE LINE CO - LIBERAL,Petroleum and Natural Gas Systems,KS,2027,30540.7832388009
1003068,PANHANDLE EASTERN PIPE LINE CO - LIBERAL,Petroleum and Natural Gas Systems,KS,2028,29017.41051905542
1003081,"ALPEK POLYESTER MISSISSIPPI, INC.",Other,MS,2024,55250.276409635655
1003081,"ALPEK POLYESTER MISSISSIPPI, INC.",Other,MS,2025,55583.14276037576
1003081,"ALPEK POLYESTER MISSISSIPPI, INC.",Other,MS,2026,55918.01453108216
1003081,"ALPEK POLYESTER MISSISSIPPI, INC.",Other,MS,2027,56254.903803808906
1003081,"ALPEK POLYESTER MISSISSIPPI, INC.",Other,MS,2028,56593.82273340079
1003084,"Vicinity Energy Trenton, L.P.",Power Plants,NJ,2024,25804.63935438871
1003084,"Vicinity Energy Trenton, L.P.",Power Plants,NJ,2025,24874.240964994005
1003084,"Vicinity Energy Trenton, L.P.",Power Plants,NJ,2026,23977.388526430077
1003084,"Vicinity Energy Trenton, L.P.",Power Plants,NJ,2027,23112.872523687092
1003084,"Vicinity Energy Trenton, L.P.",Power Plants,NJ,2028,22279.52705138673
1003097,TRINIDAD GAS PROCESSING PLANT,Petroleum and Natural Gas Systems,TX,2024,54981.907351059825
1003097,TRINIDAD GAS PROCESSING PLANT,Petroleum and Natural Gas Systems,TX,2025,57084.85941151766
1003097,TRINIDAD GAS PROCESSING PLANT,Petroleum and Natural Gas Systems,TX,2026,59268.24533798067
1003097,TRINIDAD GAS PROCESSING PLANT,Petroleum and Natural Gas Systems,TX,2027,61535.141570907195
1003097,TRINIDAD GAS PROCESSING PLANT,Petroleum and Natural Gas Systems,TX,2028,63888.742218677544
1003101,EAST CAROLINA REGIONAL LANDFILL,Waste,NC,2024,91529.48361621855
1003101,EAST CAROLINA REGIONAL LANDFILL,Waste,NC,2025,88793.44906431601
1003101,EAST CAROLINA REGIONAL LANDFILL,Waste,NC,2026,86139.20111027716
1003101,EAST CAROLINA REGIONAL LANDFILL,Waste,NC,2027,83564.29495764099
1003101,EAST CAROLINA REGIONAL LANDFILL,Waste,NC,2028,81066.35889074307
1003103,IMPERIAL Landfill,Waste,PA,2024,33912.02782788273
1003103,IMPERIAL Landfill,Waste,PA,2025,33411.41060227084
1003103,IMPERIAL Landfill,Waste,PA,2026,32918.18360433425
1003103,IMPERIAL Landfill,Waste,PA,2027,32432.237737816846
1003103,IMPERIAL Landfill,Waste,PA,2028,31953.465516966586
1003110,DUTCHESS CO RESOURCE RECOVERY FACILITY,Waste,NY,2024,36714.05528611652
1003110,DUTCHESS CO RESOURCE RECOVERY FACILITY,Waste,NY,2025,35955.5505512343
1003110,DUTCHESS CO RESOURCE RECOVERY FACILITY,Waste,NY,2026,35212.71636618252
1003110,DUTCHESS CO RESOURCE RECOVERY FACILITY,Waste,NY,2027,34485.22898066578
1003110,DUTCHESS CO RESOURCE RECOVERY FACILITY,Waste,NY,2028,33772.77133300226
1003134,PAMPA PLANT,Chemicals,TX,2024,139061.71246026174
1003134,PAMPA PLANT,Chemicals,TX,2025,141930.38633975197
1003134,PAMPA PLANT,Chemicals,TX,2026,144858.23746998367
1003134,PAMPA PLANT,Chemicals,TX,2027,147846.4866056177
1003134,PAMPA PLANT,Chemicals,TX,2028,150896.37968399542
1003135,CARBON GREEN BIOENERGY,Other,MI,2024,75301.38329391256
1003135,CARBON GREEN BIOENERGY,Other,MI,2025,75267.9642022136
1003135,CARBON GREEN BIOENERGY,Other,MI,2026,75234.55994205731
1003135,CARBON GREEN BIOENERGY,Other,MI,2027,75201.17050686166
1003135,CARBON GREEN BIOENERGY,Other,MI,2028,75167.79589004713
1003141,ENKEI AMERICA INC,Metals,IN,2024,23433.617181946433
1003141,ENKEI AMERICA INC,Metals,IN,2025,23191.06229371162
1003141,ENKEI AMERICA INC,Metals,IN,2026,22951.01802401896
1003141,ENKEI AMERICA INC,Metals,IN,2027,22713.45838615047
1003141,ENKEI AMERICA INC,Metals,IN,2028,22478.357662369588
1003145,US Army Fort Drum,Other,NY,2024,42906.47525723986
1003145,US Army Fort Drum,Other,NY,2025,43158.072825731455
1003145,US Army Fort Drum,Other,NY,2026,43411.14572716728
1003145,US Army Fort Drum,Other,NY,2027,43665.70261269347
1003145,US Army Fort Drum,Other,NY,2028,43921.75218418499
1003147,ALCOA-MARYVILLE-BLOUNT COUNTY LANDFILL,Waste,TN,2024,94061.35844731999
1003147,ALCOA-MARYVILLE-BLOUNT COUNTY LANDFILL,Waste,TN,2025,100206.35511269319
1003147,ALCOA-MARYVILLE-BLOUNT COUNTY LANDFILL,Waste,TN,2026,106752.8023273754
1003147,ALCOA-MARYVILLE-BLOUNT COUNTY LANDFILL,Waste,TN,2027,113726.92671968197
1003147,ALCOA-MARYVILLE-BLOUNT COUNTY LANDFILL,Waste,TN,2028,121156.66829466661
1003150,"Valero Renewable Fuels Campany LLC, dba Valero Albion Plant",Other,NE,2024,190190.36951574395
1003150,"Valero Renewable Fuels Campany LLC, dba Valero Albion Plant",Other,NE,2025,193707.54761996982
1003150,"Valero Renewable Fuels Campany LLC, dba Valero Albion Plant",Other,NE,2026,197289.76866957833
1003150,"Valero Renewable Fuels Campany LLC, dba Valero Albion Plant",Other,NE,2027,200938.23549951942
1003150,"Valero Renewable Fuels Campany LLC, dba Valero Albion Plant",Other,NE,2028,204654.1731886889
1003153,PANHANDLE EASTERN PIPE LINE CO - GLENARM,Petroleum and Natural Gas Systems,IL,2024,16135.696538622637
1003153,PANHANDLE EASTERN PIPE LINE CO - GLENARM,Petroleum and Natural Gas Systems,IL,2025,14271.213508640314
1003153,PANHANDLE EASTERN PIPE LINE CO - GLENARM,Petroleum and Natural Gas Systems,IL,2026,12622.171873503956
1003153,PANHANDLE EASTERN PIPE LINE CO - GLENARM,Petroleum and Natural Gas Systems,IL,2027,11163.677336045528
1003153,PANHANDLE EASTERN PIPE LINE CO - GLENARM,Petroleum and Natural Gas Systems,IL,2028,9873.712140218173
1003157,SNF Holding Company,Chemicals,GA,2024,58614.56466172171
1003157,SNF Holding Company,Chemicals,GA,2025,58150.02591366875
1003157,SNF Holding Company,Chemicals,GA,2026,57689.16878041038
1003157,SNF Holding Company,Chemicals,GA,2027,57231.96408399876
1003157,SNF Holding Company,Chemicals,GA,2028,56778.38287772972
1003158,CROSSTEX PROCESSING SERVICES LLC - RIVERSIDE FRACTIONATION,Natural Gas and Natural Gas Liquids Suppliers,LA,2024,60327.74881962531
1003158,CROSSTEX PROCESSING SERVICES LLC - RIVERSIDE FRACTIONATION,Natural Gas and Natural Gas Liquids Suppliers,LA,2025,58922.432812701285
1003158,CROSSTEX PROCESSING SERVICES LLC - RIVERSIDE FRACTIONATION,Natural Gas and Natural Gas Liquids Suppliers,LA,2026,57549.85320184616
1003158,CROSSTEX PROCESSING SERVICES LLC - RIVERSIDE FRACTIONATION,Natural Gas and Natural Gas Liquids Suppliers,LA,2027,56209.24740297086
1003158,CROSSTEX PROCESSING SERVICES LLC - RIVERSIDE FRACTIONATION,Natural Gas and Natural Gas Liquids Suppliers,LA,2028,54899.870596142915
1003176,ANHEUSER BUSCH LLC,Other,VA,2024,31309.990520731644
1003176,ANHEUSER BUSCH LLC,Other,VA,2025,30226.600000305523
1003176,ANHEUSER BUSCH LLC,Other,VA,2026,29180.697035775294
1003176,ANHEUSER BUSCH LLC,Other,VA,2027,28170.98448006396
1003176,ANHEUSER BUSCH LLC,Other,VA,2028,27196.21007006958
1003186,"INEOS Americas, LLC",Chemicals,TX,2024,57011.17818419411
1003186,"INEOS Americas, LLC",Chemicals,TX,2025,56702.393332029984
1003186,"INEOS Americas, LLC",Chemicals,TX,2026,56395.28092530466
1003186,"INEOS Americas, LLC",Chemicals,TX,2027,56089.831905692976
1003186,"INEOS Americas, LLC",Chemicals,TX,2028,55786.03726393054
1003187,"WM BOLTHOUSE FARMS, INC.",Other,CA,2024,29939.3708854098
1003187,"WM BOLTHOUSE FARMS, INC.",Other,CA,2025,29923.30236561638
1003187,"WM BOLTHOUSE FARMS, INC.",Other,CA,2026,29907.24246982938
1003187,"WM BOLTHOUSE FARMS, INC.",Other,CA,2027,29891.191193420444
1003187,"WM BOLTHOUSE FARMS, INC.",Other,CA,2028,29875.148531763312
1003191,FLORIDA GAS TRANSMISSION COMPANY - WIGGINS,Petroleum and Natural Gas Systems,MS,2024,67324.08469300723
1003191,FLORIDA GAS TRANSMISSION COMPANY - WIGGINS,Petroleum and Natural Gas Systems,MS,2025,67451.40528340566
1003191,FLORIDA GAS TRANSMISSION COMPANY - WIGGINS,Petroleum and Natural Gas Systems,MS,2026,67578.9666573634
1003191,FLORIDA GAS TRANSMISSION COMPANY - WIGGINS,Petroleum and Natural Gas Systems,MS,2027,67706.7692702406
1003191,FLORIDA GAS TRANSMISSION COMPANY - WIGGINS,Petroleum and Natural Gas Systems,MS,2028,67834.81357825843
1003193,PANHANDLE EASTERN PIPE LINE CO - ALVA N HOPETON,Petroleum and Natural Gas Systems,OK,2024,22575.34629112779
1003193,PANHANDLE EASTERN PIPE LINE CO - ALVA N HOPETON,Petroleum and Natural Gas Systems,OK,2025,21271.535279389387
1003193,PANHANDLE EASTERN PIPE LINE CO - ALVA N HOPETON,Petroleum and Natural Gas Systems,OK,2026,20043.024248984904
1003193,PANHANDLE EASTERN PIPE LINE CO - ALVA N HOPETON,Petroleum and Natural Gas Systems,OK,2027,18885.464343264368
1003193,PANHANDLE EASTERN PIPE LINE CO - ALVA N HOPETON,Petroleum and Natural Gas Systems,OK,2028,17794.757868377703
1003204,GATEWAY ENERGY & COKE CO LLC,Metals,IL,2024,461246.86777273833
1003204,GATEWAY ENERGY & COKE CO LLC,Metals,IL,2025,454011.6132416887
1003204,GATEWAY ENERGY & COKE CO LLC,Metals,IL,2026,446889.853049108
1003204,GATEWAY ENERGY & COKE CO LLC,Metals,IL,2027,439879.80688930023
1003204,GATEWAY ENERGY & COKE CO LLC,Metals,IL,2028,432979.72238296707
1003205,Abbott Nutrition - A Division of Abbott Laboratories,Other,VA,2024,29299.022065865378
1003205,Abbott Nutrition - A Division of Abbott Laboratories,Other,VA,2025,29428.455009285342
1003205,Abbott Nutrition - A Division of Abbott Laboratories,Other,VA,2026,29558.45974267165
1003205,Abbott Nutrition - A Division of Abbott Laboratories,Other,VA,2027,29689.03879199466
1003205,Abbott Nutrition - A Division of Abbott Laboratories,Other,VA,2028,29820.194694383386
1003208,ARMSTRONG WORLD IND MARIETTA CEILING PLT,Other,PA,2024,70618.1727528307
1003208,ARMSTRONG WORLD IND MARIETTA CEILING PLT,Other,PA,2025,70633.97109215663
1003208,ARMSTRONG WORLD IND MARIETTA CEILING PLT,Other,PA,2026,70649.77296580675
1003208,ARMSTRONG WORLD IND MARIETTA CEILING PLT,Other,PA,2027,70665.57837457188
1003208,ARMSTRONG WORLD IND MARIETTA CEILING PLT,Other,PA,2028,70681.38731924287
1003223,Florida River Gas Processing Facility,Petroleum and Natural Gas Systems,CO,2024,179782.06530316194
1003223,Florida River Gas Processing Facility,Petroleum and Natural Gas Systems,CO,2025,182968.30149802487
1003223,Florida River Gas Processing Facility,Petroleum and Natural Gas Systems,CO,2026,186211.00662415897
1003223,Florida River Gas Processing Facility,Petroleum and Natural Gas Systems,CO,2027,189511.1814674464
1003223,Florida River Gas Processing Facility,Petroleum and Natural Gas Systems,CO,2028,192869.8445504657
1003227,IRIS GLEN ENVIRONMENTAL CENTER,Waste,TN,2024,28355.099527368526
1003227,IRIS GLEN ENVIRONMENTAL CENTER,Waste,TN,2025,27127.919257668575
1003227,IRIS GLEN ENVIRONMENTAL CENTER,Waste,TN,2026,25953.850119279847
1003227,IRIS GLEN ENVIRONMENTAL CENTER,Waste,TN,2027,24830.593515705306
1003227,IRIS GLEN ENVIRONMENTAL CENTER,Waste,TN,2028,23755.950331399017
1003242,COVANTA LAKE II INC,Waste,FL,2024,64075.50741806715
1003242,COVANTA LAKE II INC,Waste,FL,2025,64082.46697075232
1003242,COVANTA LAKE II INC,Waste,FL,2026,64089.427279348376
1003242,COVANTA LAKE II INC,Waste,FL,2027,64096.38834393742
1003242,COVANTA LAKE II INC,Waste,FL,2028,64103.350164601565
1003243,PCSW RESOURCE RECOVERY FACILITY,Waste,FL,2024,137967.25325642945
1003243,PCSW RESOURCE RECOVERY FACILITY,Waste,FL,2025,138410.33538189574
1003243,PCSW RESOURCE RECOVERY FACILITY,Waste,FL,2026,138854.8404665448
1003243,PCSW RESOURCE RECOVERY FACILITY,Waste,FL,2027,139300.77308021276
1003243,PCSW RESOURCE RECOVERY FACILITY,Waste,FL,2028,139748.13780741213
1003247,DART CONTAINER CORPORATION OF KENTUCKY,Other,KY,2024,25085.294950272997
1003247,DART CONTAINER CORPORATION OF KENTUCKY,Other,KY,2025,24542.64449307634
1003247,DART CONTAINER CORPORATION OF KENTUCKY,Other,KY,2026,24011.73276644986
1003247,DART CONTAINER CORPORATION OF KENTUCKY,Other,KY,2027,23492.3058356672
1003247,DART CONTAINER CORPORATION OF KENTUCKY,Other,KY,2028,22984.115259172075
1003261,MERCK SHARP & DOHME LLC - RAHWAY,Chemicals,NJ,2024,82712.43566629107
1003261,MERCK SHARP & DOHME LLC - RAHWAY,Chemicals,NJ,2025,82607.87490915856
1003261,MERCK SHARP & DOHME LLC - RAHWAY,Chemicals,NJ,2026,82503.44633229414
1003261,MERCK SHARP & DOHME LLC - RAHWAY,Chemicals,NJ,2027,82399.14976860282
1003261,MERCK SHARP & DOHME LLC - RAHWAY,Chemicals,NJ,2028,82294.98505119997
1003267,Hoover Diana Platform (AC25-HA),Petroleum and Natural Gas Systems,TX,2024,87323.49793869599
1003267,Hoover Diana Platform (AC25-HA),Petroleum and Natural Gas Systems,TX,2025,86500.00886687741
1003267,Hoover Diana Platform (AC25-HA),Petroleum and Natural Gas Systems,TX,2026,85684.28556564078
1003267,Hoover Diana Platform (AC25-HA),Petroleum and Natural Gas Systems,TX,2027,84876.25480123618
1003267,Hoover Diana Platform (AC25-HA),Petroleum and Natural Gas Systems,TX,2028,84075.84403053188
1003268,ALTON STEEL COMPANY,Metals,IL,2024,22573.539415683597
1003268,ALTON STEEL COMPANY,Metals,IL,2025,20882.18668602229
1003268,ALTON STEEL COMPANY,Metals,IL,2026,19317.560829070422
1003268,ALTON STEEL COMPANY,Metals,IL,2027,17870.166663849428
1003268,ALTON STEEL COMPANY,Metals,IL,2028,16531.220448556076
1003276,SAFETY-KLEEN SYSTEMS,Petroleum and Natural Gas Systems,IN,2024,82443.24070616938
1003276,SAFETY-KLEEN SYSTEMS,Petroleum and Natural Gas Systems,IN,2025,84596.05949860784
1003276,SAFETY-KLEEN SYSTEMS,Petroleum and Natural Gas Systems,IN,2026,86805.09428538832
1003276,SAFETY-KLEEN SYSTEMS,Petroleum and Natural Gas Systems,IN,2027,89071.81302007522
1003276,SAFETY-KLEEN SYSTEMS,Petroleum and Natural Gas Systems,IN,2028,91397.72198852045
1003277,Dunn Compressor Station,Petroleum and Natural Gas Systems,AR,2024,32298.598459614917
1003277,Dunn Compressor Station,Petroleum and Natural Gas Systems,AR,2025,32054.19136476259
1003277,Dunn Compressor Station,Petroleum and Natural Gas Systems,AR,2026,31811.63372564083
1003277,Dunn Compressor Station,Petroleum and Natural Gas Systems,AR,2027,31570.911547212196
1003277,Dunn Compressor Station,Petroleum and Natural Gas Systems,AR,2028,31332.010940340853
1003280,PACKAGING CORP. OF AMERICA,Pulp and Paper,GA,2024,74000.41593220235
1003280,PACKAGING CORP. OF AMERICA,Pulp and Paper,GA,2025,74345.75867935274
1003280,PACKAGING CORP. OF AMERICA,Pulp and Paper,GA,2026,74692.71306086352
1003280,PACKAGING CORP. OF AMERICA,Pulp and Paper,GA,2027,75041.2865978582
1003280,PACKAGING CORP. OF AMERICA,Pulp and Paper,GA,2028,75391.48684655878
1003286,Chevron Pascagoula Refinery,Chemicals,MS,2024,4865528.44728019
1003286,Chevron Pascagoula Refinery,Chemicals,MS,2025,4938241.734116224
1003286,Chevron Pascagoula Refinery,Chemicals,MS,2026,5012041.690599714
1003286,Chevron Pascagoula Refinery,Chemicals,MS,2027,5086944.556553873
1003286,Chevron Pascagoula Refinery,Chemicals,MS,2028,5162966.81449924
1003289,GRIFFIN PIPE PRODUCTS COMPANY - LYNCHBURG,Metals,VA,2024,75361.8917478743
1003289,GRIFFIN PIPE PRODUCTS COMPANY - LYNCHBURG,Metals,VA,2025,77512.25665240538
1003289,GRIFFIN PIPE PRODUCTS COMPANY - LYNCHBURG,Metals,VA,2026,79723.97974627305
1003289,GRIFFIN PIPE PRODUCTS COMPANY - LYNCHBURG,Metals,VA,2027,81998.81181483984
1003289,GRIFFIN PIPE PRODUCTS COMPANY - LYNCHBURG,Metals,VA,2028,84338.55360011478
1003293,WESTERN MICHIGAN UNIVERSITY,Other,MI,2024,63415.783817593336
1003293,WESTERN MICHIGAN UNIVERSITY,Other,MI,2025,63127.836296155794
1003293,WESTERN MICHIGAN UNIVERSITY,Other,MI,2026,62841.19623746823
1003293,WESTERN MICHIGAN UNIVERSITY,Other,MI,2027,62555.8577048279
1003293,WESTERN MICHIGAN UNIVERSITY,Other,MI,2028,62271.8147884884
1003297,DUKE UNIVERSITY,Other,NC,2024,92727.02577673958
1003297,DUKE UNIVERSITY,Other,NC,2025,93950.89358259657
1003297,DUKE UNIVERSITY,Other,NC,2026,95190.91474173596
1003297,DUKE UNIVERSITY,Other,NC,2027,96447.30245596061
1003297,DUKE UNIVERSITY,Other,NC,2028,97720.2727410399
1003299,WASTE MANAGEMENT OF LA LLC/RELIABLE LANDFILL,Waste,LA,2024,37938.62157670184
1003299,WASTE MANAGEMENT OF LA LLC/RELIABLE LANDFILL,Waste,LA,2025,37554.04382062213
1003299,WASTE MANAGEMENT OF LA LLC/RELIABLE LANDFILL,Waste,LA,2026,37173.36446791937
1003299,WASTE MANAGEMENT OF LA LLC/RELIABLE LANDFILL,Waste,LA,2027,36796.54400110028
1003299,WASTE MANAGEMENT OF LA LLC/RELIABLE LANDFILL,Waste,LA,2028,36423.54330325411
1003304,"PPG INDUSTRIES, INC.",Other,OH,2024,18010.583237374845
1003304,"PPG INDUSTRIES, INC.",Other,OH,2025,17861.547679285497
1003304,"PPG INDUSTRIES, INC.",Other,OH,2026,17713.745373738962
1003304,"PPG INDUSTRIES, INC.",Other,OH,2027,17567.16611570867
1003304,"PPG INDUSTRIES, INC.",Other,OH,2028,17421.799784613384
1003328,AVENAL REGIONAL LANDFILL,Waste,CA,2024,18580.610416013984
1003328,AVENAL REGIONAL LANDFILL,Waste,CA,2025,16427.70691491204
1003328,AVENAL REGIONAL LANDFILL,Waste,CA,2026,14524.25665464998
1003328,AVENAL REGIONAL LANDFILL,Waste,CA,2027,12841.355915514501
1003328,AVENAL REGIONAL LANDFILL,Waste,CA,2028,11353.450002284693
1003335,MURRAY COUNTY LANDFILL,Waste,GA,2024,48097.92951550715
1003335,MURRAY COUNTY LANDFILL,Waste,GA,2025,46768.69189796766
1003335,MURRAY COUNTY LANDFILL,Waste,GA,2026,45476.18918069677
1003335,MURRAY COUNTY LANDFILL,Waste,GA,2027,44219.406155518125
1003335,MURRAY COUNTY LANDFILL,Waste,GA,2028,42997.35567061679
1003337,IESI East Texas Regional Landfill,Waste,TX,2024,120575.46471140678
1003337,IESI East Texas Regional Landfill,Waste,TX,2025,126038.35334059343
1003337,IESI East Texas Regional Landfill,Waste,TX,2026,131748.7479797824
1003337,IESI East Texas Regional Landfill,Waste,TX,2027,137717.86233460557
1003337,IESI East Texas Regional Landfill,Waste,TX,2028,143957.4181678284
1003339,IESI Buffalo Creek Landfill,Waste,TX,2024,121975.58542840237
1003339,IESI Buffalo Creek Landfill,Waste,TX,2025,123735.01215109957
1003339,IESI Buffalo Creek Landfill,Waste,TX,2026,125519.81757873757
1003339,IESI Buffalo Creek Landfill,Waste,TX,2027,127330.36778434196
1003339,IESI Buffalo Creek Landfill,Waste,TX,2028,129167.03412132901
1003340,Southeast Resource Recovery Facility (SERRF),Waste,CA,2024,121667.2107478642
1003340,Southeast Resource Recovery Facility (SERRF),Waste,CA,2025,121678.13820616591
1003340,Southeast Resource Recovery Facility (SERRF),Waste,CA,2026,121689.06664591012
1003340,Southeast Resource Recovery Facility (SERRF),Waste,CA,2027,121699.99606718517
1003340,Southeast Resource Recovery Facility (SERRF),Waste,CA,2028,121710.9264700784
1003346,Sterling Gas Plant,Petroleum and Natural Gas Systems,TX,2024,41844.292908219046
1003346,Sterling Gas Plant,Petroleum and Natural Gas Systems,TX,2025,41942.757273244664
1003346,Sterling Gas Plant,Petroleum and Natural Gas Systems,TX,2026,42041.45333608384
1003346,Sterling Gas Plant,Petroleum and Natural Gas Systems,TX,2027,42140.38164194795
1003346,Sterling Gas Plant,Petroleum and Natural Gas Systems,TX,2028,42239.54273733108
1003347,Mertzon Gas Plant,Petroleum and Natural Gas Systems,TX,2024,30620.90943198467
1003347,Mertzon Gas Plant,Petroleum and Natural Gas Systems,TX,2025,30336.761328219407
1003347,Mertzon Gas Plant,Petroleum and Natural Gas Systems,TX,2026,30055.24998953949
1003347,Mertzon Gas Plant,Petroleum and Natural Gas Systems,TX,2027,29776.350947965093
1003347,Mertzon Gas Plant,Petroleum and Natural Gas Systems,TX,2028,29500.039962567735
1003348,JOHNS MANVILLE INTERNATIONAL INC PLANT NO 8,Minerals,OH,2024,37352.699893862
1003348,JOHNS MANVILLE INTERNATIONAL INC PLANT NO 8,Minerals,OH,2025,37417.42084319066
1003348,JOHNS MANVILLE INTERNATIONAL INC PLANT NO 8,Minerals,OH,2026,37482.25393438032
1003348,JOHNS MANVILLE INTERNATIONAL INC PLANT NO 8,Minerals,OH,2027,37547.1993617391
1003348,JOHNS MANVILLE INTERNATIONAL INC PLANT NO 8,Minerals,OH,2028,37612.25731991152
1003360,PASCAGOULA GAS PLANT,Petroleum and Natural Gas Systems,MS,2024,27692.604804909504
1003360,PASCAGOULA GAS PLANT,Petroleum and Natural Gas Systems,MS,2025,26924.588175388035
1003360,PASCAGOULA GAS PLANT,Petroleum and Natural Gas Systems,MS,2026,26177.871439732655
1003360,PASCAGOULA GAS PLANT,Petroleum and Natural Gas Systems,MS,2027,25451.863874434013
1003360,PASCAGOULA GAS PLANT,Petroleum and Natural Gas Systems,MS,2028,24745.991138893518
1003370,ICL,Chemicals,KS,2024,51364.35293391004
1003370,ICL,Chemicals,KS,2025,51457.075992141596
1003370,ICL,Chemicals,KS,2026,51549.9664342695
1003370,ICL,Chemicals,KS,2027,51643.024562455685
1003370,ICL,Chemicals,KS,2028,51736.25067940715
1003377,Green Plains Mount Vernon LLC,Other,IN,2024,108707.58651276144
1003377,Green Plains Mount Vernon LLC,Other,IN,2025,104972.20473263317
1003377,Green Plains Mount Vernon LLC,Other,IN,2026,101365.17716853412
1003377,Green Plains Mount Vernon LLC,Other,IN,2027,97882.09334631747
1003377,Green Plains Mount Vernon LLC,Other,IN,2028,94518.69434339908
1003378,GARRETT COUNTY SOLID WASTE DISPOSAL & RECYCLING FACILITY,Waste,MD,2024,43905.584973066885
1003378,GARRETT COUNTY SOLID WASTE DISPOSAL & RECYCLING FACILITY,Waste,MD,2025,43929.43952010274
1003378,GARRETT COUNTY SOLID WASTE DISPOSAL & RECYCLING FACILITY,Waste,MD,2026,43953.30702766319
1003378,GARRETT COUNTY SOLID WASTE DISPOSAL & RECYCLING FACILITY,Waste,MD,2027,43977.18750278989
1003378,GARRETT COUNTY SOLID WASTE DISPOSAL & RECYCLING FACILITY,Waste,MD,2028,44001.08095252831
1003379,Arconic US LLC,Metals,PA,2024,116507.25158717364
1003379,Arconic US LLC,Metals,PA,2025,116715.90133308741
1003379,Arconic US LLC,Metals,PA,2026,116924.92474429564
1003379,Arconic US LLC,Metals,PA,2027,117134.32248998537
1003379,Arconic US LLC,Metals,PA,2028,117344.09524054271
1003380,Cleveland-Cliffs Warren,Metals,OH,2024,160486.7460594864
1003380,Cleveland-Cliffs Warren,Metals,OH,2025,158518.09953351415
1003380,Cleveland-Cliffs Warren,Metals,OH,2026,156573.60184998089
1003380,Cleveland-Cliffs Warren,Metals,OH,2027,154652.95678171638
1003380,Cleveland-Cliffs Warren,Metals,OH,2028,152755.87173528582
1003382,SABINE RIVER OPERATIONS,Chemicals,TX,2024,833984.1749848865
1003382,SABINE RIVER OPERATIONS,Chemicals,TX,2025,832964.0083517166
1003382,SABINE RIVER OPERATIONS,Chemicals,TX,2026,831945.0896318622
1003382,SABINE RIVER OPERATIONS,Chemicals,TX,2027,830927.4172988277
1003382,SABINE RIVER OPERATIONS,Chemicals,TX,2028,829910.9898279682
1003383,HEXCEL CORP,Other,UT,2024,71321.5128060137
1003383,HEXCEL CORP,Other,UT,2025,75437.15262311856
1003383,HEXCEL CORP,Other,UT,2026,79790.28727786375
1003383,HEXCEL CORP,Other,UT,2027,84394.62151614875
1003383,HEXCEL CORP,Other,UT,2028,89264.65092236821
1003385,HEXCEL CORPORATION,Other,AL,2024,72396.92417736042
1003385,HEXCEL CORPORATION,Other,AL,2025,75931.40498446835
1003385,HEXCEL CORPORATION,Other,AL,2026,79638.44221876937
1003385,HEXCEL CORPORATION,Other,AL,2027,83526.46023512383
1003385,HEXCEL CORPORATION,Other,AL,2028,87604.29467272316
1003387,KENT COUNTY WASTE TO ENERGY FACILITY,Waste,MI,2024,69491.63333162785
1003387,KENT COUNTY WASTE TO ENERGY FACILITY,Waste,MI,2025,68355.49965982285
1003387,KENT COUNTY WASTE TO ENERGY FACILITY,Waste,MI,2026,67237.9408819775
1003387,KENT COUNTY WASTE TO ENERGY FACILITY,Waste,MI,2027,66138.65331315185
1003387,KENT COUNTY WASTE TO ENERGY FACILITY,Waste,MI,2028,65057.33823341691
1003391,Mid-Town Thermal Center,Power Plants,NJ,2024,43894.05286615827
1003391,Mid-Town Thermal Center,Power Plants,NJ,2025,44024.8241169232
1003391,Mid-Town Thermal Center,Power Plants,NJ,2026,44155.98496762047
1003391,Mid-Town Thermal Center,Power Plants,NJ,2027,44287.536578964726
1003391,Mid-Town Thermal Center,Power Plants,NJ,2028,44419.48011512868
1003392,GENEVA LANDFILL,Waste,OH,2024,37792.83103621584
1003392,GENEVA LANDFILL,Waste,OH,2025,36729.663510100734
1003392,GENEVA LANDFILL,Waste,OH,2026,35696.40443904427
1003392,GENEVA LANDFILL,Waste,OH,2027,34692.21245453019
1003392,GENEVA LANDFILL,Waste,OH,2028,33716.269856967236
1003398,SPRING GARDENS STEAM PLANT,Power Plants,MD,2024,61824.41725255577
1003398,SPRING GARDENS STEAM PLANT,Power Plants,MD,2025,64651.73374663311
1003398,SPRING GARDENS STEAM PLANT,Power Plants,MD,2026,67608.34735199634
1003398,SPRING GARDENS STEAM PLANT,Power Plants,MD,2027,70700.17100517788
1003398,SPRING GARDENS STEAM PLANT,Power Plants,MD,2028,73933.38804951265
1003402,ALBEMARLE CORPORATION HOUSTON PLANT,Chemicals,TX,2024,39751.50582546003
1003402,ALBEMARLE CORPORATION HOUSTON PLANT,Chemicals,TX,2025,37892.774232969765
1003402,ALBEMARLE CORPORATION HOUSTON PLANT,Chemicals,TX,2026,36120.954646985396
1003402,ALBEMARLE CORPORATION HOUSTON PLANT,Chemicals,TX,2027,34431.98316882177
1003402,ALBEMARLE CORPORATION HOUSTON PLANT,Chemicals,TX,2028,32821.98592270508
1003403,CLEVELAND-CLIFFS STEEL CORPORATION DEARBORN WORKS,Metals,MI,2024,953197.6777100934
1003403,CLEVELAND-CLIFFS STEEL CORPORATION DEARBORN WORKS,Metals,MI,2025,917250.391151039
1003403,CLEVELAND-CLIFFS STEEL CORPORATION DEARBORN WORKS,Metals,MI,2026,882658.7598156316
1003403,CLEVELAND-CLIFFS STEEL CORPORATION DEARBORN WORKS,Metals,MI,2027,849371.6588134771
1003403,CLEVELAND-CLIFFS STEEL CORPORATION DEARBORN WORKS,Metals,MI,2028,817339.8912919086
1003405,BUSCH AGRICULTURAL RESOURCES,Other,ID,2024,52474.39997491406
1003405,BUSCH AGRICULTURAL RESOURCES,Other,ID,2025,53588.8826474245
1003405,BUSCH AGRICULTURAL RESOURCES,Other,ID,2026,54727.03536910016
1003405,BUSCH AGRICULTURAL RESOURCES,Other,ID,2027,55889.36085859382
1003405,BUSCH AGRICULTURAL RESOURCES,Other,ID,2028,57076.37251159716
1003408,3M INDUSTRIAL MINERAL PRODUCTS DIVISION,Minerals,AR,2024,34578.801622510524
1003408,3M INDUSTRIAL MINERAL PRODUCTS DIVISION,Minerals,AR,2025,35462.15378149563
1003408,3M INDUSTRIAL MINERAL PRODUCTS DIVISION,Minerals,AR,2026,36368.07210819529
1003408,3M INDUSTRIAL MINERAL PRODUCTS DIVISION,Minerals,AR,2027,37297.13307929577
1003408,3M INDUSTRIAL MINERAL PRODUCTS DIVISION,Minerals,AR,2028,38249.92789819149
1003413,Benson Valley LF,Waste,KY,2024,28529.709292596108
1003413,Benson Valley LF,Waste,KY,2025,27933.81052677041
1003413,Benson Valley LF,Waste,KY,2026,27350.358271894776
1003413,Benson Valley LF,Waste,KY,2027,26779.092558250002
1003413,Benson Valley LF,Waste,KY,2028,26219.758846092758
1003417,Cleveland-Cliffs Steel Corporation,Metals,OH,2024,36741.40272699243
1003417,Cleveland-Cliffs Steel Corporation,Metals,OH,2025,35843.558324664446
1003417,Cleveland-Cliffs Steel Corporation,Metals,OH,2026,34967.65441755324
1003417,Cleveland-Cliffs Steel Corporation,Metals,OH,2027,34113.154848916005
1003417,Cleveland-Cliffs Steel Corporation,Metals,OH,2028,33279.536563995556
1003422,ADKINS ENERGY LLC,Other,IL,2024,94786.73565957963
1003422,ADKINS ENERGY LLC,Other,IL,2025,96981.25810761478
1003422,ADKINS ENERGY LLC,Other,IL,2026,99226.5886011152
1003422,ADKINS ENERGY LLC,Other,IL,2027,101523.90345864055
1003422,ADKINS ENERGY LLC,Other,IL,2028,103874.40623312454
1003426,MMSD-JONES ISLAND WASTEWATER TREATMENT PLANT,Other,WI,2024,76231.82208821131
1003426,MMSD-JONES ISLAND WASTEWATER TREATMENT PLANT,Other,WI,2025,75602.21474430598
1003426,MMSD-JONES ISLAND WASTEWATER TREATMENT PLANT,Other,WI,2026,74977.80739951706
1003426,MMSD-JONES ISLAND WASTEWATER TREATMENT PLANT,Other,WI,2027,74358.55710645663
1003426,MMSD-JONES ISLAND WASTEWATER TREATMENT PLANT,Other,WI,2028,73744.42127244423
1003427,"SUMITOMO RUBBER USA, LLC",Other,NY,2024,30916.776724366693
1003427,"SUMITOMO RUBBER USA, LLC",Other,NY,2025,31017.216656358058
1003427,"SUMITOMO RUBBER USA, LLC",Other,NY,2026,31117.982889503863
1003427,"SUMITOMO RUBBER USA, LLC",Other,NY,2027,31219.076483865105
1003427,"SUMITOMO RUBBER USA, LLC",Other,NY,2028,31320.498502946342
1003434,NOVELIS CORP - GREENSBORO,Metals,GA,2024,35054.9663899406
1003434,NOVELIS CORP - GREENSBORO,Metals,GA,2025,35028.61392287924
1003434,NOVELIS CORP - GREENSBORO,Metals,GA,2026,35002.2812662068
1003434,NOVELIS CORP - GREENSBORO,Metals,GA,2027,34975.96840503095
1003434,NOVELIS CORP - GREENSBORO,Metals,GA,2028,34949.67532447048
1003444,TYSON FOODS INCORPORATED,Other,AR,2024,28319.60556643328
1003444,TYSON FOODS INCORPORATED,Other,AR,2025,28384.004766262347
1003444,TYSON FOODS INCORPORATED,Other,AR,2026,28448.55041081947
1003444,TYSON FOODS INCORPORATED,Other,AR,2027,28513.24283312226
1003444,TYSON FOODS INCORPORATED,Other,AR,2028,28578.08236694538
1003449,KaMin LLC-Macon,Other,GA,2024,23244.694992161385
1003449,KaMin LLC-Macon,Other,GA,2025,23207.79374353966
1003449,KaMin LLC-Macon,Other,GA,2026,23170.95107611891
1003449,KaMin LLC-Macon,Other,GA,2027,23134.16689690077
1003449,KaMin LLC-Macon,Other,GA,2028,23097.441113034478
1003455,Eastern Gas Transmission and Storage - Leidy and Finnefrock Stations (Stor and Tran),Petroleum and Natural Gas Systems,PA,2024,139178.02471007372
1003455,Eastern Gas Transmission and Storage - Leidy and Finnefrock Stations (Stor and Tran),Petroleum and Natural Gas Systems,PA,2025,147417.95999207933
1003455,Eastern Gas Transmission and Storage - Leidy and Finnefrock Stations (Stor and Tran),Petroleum and Natural Gas Systems,PA,2026,156145.7347415086
1003455,Eastern Gas Transmission and Storage - Leidy and Finnefrock Stations (Stor and Tran),Petroleum and Natural Gas Systems,PA,2027,165390.231144669
1003455,Eastern Gas Transmission and Storage - Leidy and Finnefrock Stations (Stor and Tran),Petroleum and Natural Gas Systems,PA,2028,175182.04133702427
1003456,ARDEN LDFL,Waste,PA,2024,21791.24228108523
1003456,ARDEN LDFL,Waste,PA,2025,21048.296476204334
1003456,ARDEN LDFL,Waste,PA,2026,20330.680501622744
1003456,ARDEN LDFL,Waste,PA,2027,19637.5307676966
1003456,ARDEN LDFL,Waste,PA,2028,18968.0131278169
1003458,Dominion Energy Ohio - Robinson Station (Stor),Petroleum and Natural Gas Systems,OH,2024,19663.657916993947
1003458,Dominion Energy Ohio - Robinson Station (Stor),Petroleum and Natural Gas Systems,OH,2025,19234.036582995635
1003458,Dominion Energy Ohio - Robinson Station (Stor),Petroleum and Natural Gas Systems,OH,2026,18813.80182861564
1003458,Dominion Energy Ohio - Robinson Station (Stor),Petroleum and Natural Gas Systems,OH,2027,18402.7485712151
1003458,Dominion Energy Ohio - Robinson Station (Stor),Petroleum and Natural Gas Systems,OH,2028,18000.676208902045
1003465,ROCKY MOUNTAIN BOTTLE COMPANY,Minerals,CO,2024,73984.33216840576
1003465,ROCKY MOUNTAIN BOTTLE COMPANY,Minerals,CO,2025,73217.73579823591
1003465,ROCKY MOUNTAIN BOTTLE COMPANY,Minerals,CO,2026,72459.08259626849
1003465,ROCKY MOUNTAIN BOTTLE COMPANY,Minerals,CO,2027,71708.29025853825
1003465,ROCKY MOUNTAIN BOTTLE COMPANY,Minerals,CO,2028,70965.27733388072
1003466,CAVE CREEK MSW LANDFILL,Waste,AZ,2024,17678.28976142181
1003466,CAVE CREEK MSW LANDFILL,Waste,AZ,2025,16967.258990757327
1003466,CAVE CREEK MSW LANDFILL,Waste,AZ,2026,16284.826278143406
1003466,CAVE CREEK MSW LANDFILL,Waste,AZ,2027,15629.841393578747
1003466,CAVE CREEK MSW LANDFILL,Waste,AZ,2028,15001.200369960517
1003467,QUEEN CREEK MSW LANDFILL,Waste,AZ,2024,53501.940732904666
1003467,QUEEN CREEK MSW LANDFILL,Waste,AZ,2025,52369.703280464375
1003467,QUEEN CREEK MSW LANDFILL,Waste,AZ,2026,51261.4268588045
1003467,QUEEN CREEK MSW LANDFILL,Waste,AZ,2027,50176.604391432375
1003467,QUEEN CREEK MSW LANDFILL,Waste,AZ,2028,49114.73953288689
1003473,TC INDUSTRIES INC,Other,IL,2024,19688.491395997185
1003473,TC INDUSTRIES INC,Other,IL,2025,18926.626056871424
1003473,TC INDUSTRIES INC,Other,IL,2026,18194.241838634312
1003473,TC INDUSTRIES INC,Other,IL,2027,17490.19794061654
1003473,TC INDUSTRIES INC,Other,IL,2028,16813.397706541033
1003474,CHARTER STEEL CLEVELAND *,Metals,OH,2024,129706.14410290922
1003474,CHARTER STEEL CLEVELAND *,Metals,OH,2025,129616.22321586413
1003474,CHARTER STEEL CLEVELAND *,Metals,OH,2026,129526.36466793167
1003474,CHARTER STEEL CLEVELAND *,Metals,OH,2027,129436.56841589425
1003474,CHARTER STEEL CLEVELAND *,Metals,OH,2028,129346.83441656399
1003478,BERKELEY COUNTY LANDFILL,Waste,SC,2024,66693.81157001267
1003478,BERKELEY COUNTY LANDFILL,Waste,SC,2025,68206.7589598499
1003478,BERKELEY COUNTY LANDFILL,Waste,SC,2026,69754.02752207991
1003478,BERKELEY COUNTY LANDFILL,Waste,SC,2027,71336.39583161022
1003478,BERKELEY COUNTY LANDFILL,Waste,SC,2028,72954.66012530023
1003479,MISSISSIPPI LIME CO - CALERA PLANT,Minerals,AL,2024,439753.920083945
1003479,MISSISSIPPI LIME CO - CALERA PLANT,Minerals,AL,2025,439719.245944563
1003479,MISSISSIPPI LIME CO - CALERA PLANT,Minerals,AL,2026,439684.57453920087
1003479,MISSISSIPPI LIME CO - CALERA PLANT,Minerals,AL,2027,439649.905867643
1003479,MISSISSIPPI LIME CO - CALERA PLANT,Minerals,AL,2028,439615.23992967384
1003481,ROBESON COUNTY LANDFILL,Waste,NC,2024,135693.65451435183
1003481,ROBESON COUNTY LANDFILL,Waste,NC,2025,148473.83113724532
1003481,ROBESON COUNTY LANDFILL,Waste,NC,2026,162457.69643001008
1003481,ROBESON COUNTY LANDFILL,Waste,NC,2027,177758.61865481717
1003481,ROBESON COUNTY LANDFILL,Waste,NC,2028,194500.64355480875
1003482,Streetman Plant,Minerals,TX,2024,83407.1849420989
1003482,Streetman Plant,Minerals,TX,2025,83296.54641427849
1003482,Streetman Plant,Minerals,TX,2026,83186.05464700196
1003482,Streetman Plant,Minerals,TX,2027,83075.7094455937
1003482,Streetman Plant,Minerals,TX,2028,82965.51061563585
1003484,EXXONMOBIL CHEMICAL CO - BATON ROUGE PLASTICS PLANT,Other,LA,2024,87445.63997577946
1003484,EXXONMOBIL CHEMICAL CO - BATON ROUGE PLASTICS PLANT,Other,LA,2025,90804.88835663657
1003484,EXXONMOBIL CHEMICAL CO - BATON ROUGE PLASTICS PLANT,Other,LA,2026,94293.18319066636
1003484,EXXONMOBIL CHEMICAL CO - BATON ROUGE PLASTICS PLANT,Other,LA,2027,97915.48183296411
1003484,EXXONMOBIL CHEMICAL CO - BATON ROUGE PLASTICS PLANT,Other,LA,2028,101676.93207678777
1003486,TITAN TIRE CORPORATION OF FREEPORT,Other,IL,2024,29020.13138605129
1003486,TITAN TIRE CORPORATION OF FREEPORT,Other,IL,2025,27871.683234548716
1003486,TITAN TIRE CORPORATION OF FREEPORT,Other,IL,2026,26768.683986744847
1003486,TITAN TIRE CORPORATION OF FREEPORT,Other,IL,2027,25709.33503915496
1003486,TITAN TIRE CORPORATION OF FREEPORT,Other,IL,2028,24691.908966567655
1003488,RAND-WHITNEY CONTAINERBOARD LP,Pulp and Paper,CT,2024,90712.34093839214
1003488,RAND-WHITNEY CONTAINERBOARD LP,Pulp and Paper,CT,2025,90859.78057200274
1003488,RAND-WHITNEY CONTAINERBOARD LP,Pulp and Paper,CT,2026,91007.45984715848
1003488,RAND-WHITNEY CONTAINERBOARD LP,Pulp and Paper,CT,2027,91155.37915336207
1003488,RAND-WHITNEY CONTAINERBOARD LP,Pulp and Paper,CT,2028,91303.53888074838
1003489,PCS NITROGEN FERTILIZER LP - GEISMAR AGRICULTURAL NITROGEN & PHOSPHATE PLANT,Chemicals,LA,2024,1687231.6505197594
1003489,PCS NITROGEN FERTILIZER LP - GEISMAR AGRICULTURAL NITROGEN & PHOSPHATE PLANT,Chemicals,LA,2025,1758430.6125500745
1003489,PCS NITROGEN FERTILIZER LP - GEISMAR AGRICULTURAL NITROGEN & PHOSPHATE PLANT,Chemicals,LA,2026,1832634.0773661374
1003489,PCS NITROGEN FERTILIZER LP - GEISMAR AGRICULTURAL NITROGEN & PHOSPHATE PLANT,Chemicals,LA,2027,1909968.8310436558
1003489,PCS NITROGEN FERTILIZER LP - GEISMAR AGRICULTURAL NITROGEN & PHOSPHATE PLANT,Chemicals,LA,2028,1990567.0098643713
1003490,U.S. BORAX INC.,Other,CA,2024,342694.75690293295
1003490,U.S. BORAX INC.,Other,CA,2025,345483.42158928106
1003490,U.S. BORAX INC.,Other,CA,2026,348294.77892142034
1003490,U.S. BORAX INC.,Other,CA,2027,351129.0135598362
1003490,U.S. BORAX INC.,Other,CA,2028,353986.3116676794
1003494,JW Aluminum,Metals,SC,2024,51072.89959019467
1003494,JW Aluminum,Metals,SC,2025,50854.84604265791
1003494,JW Aluminum,Metals,SC,2026,50637.72346536115
1003494,JW Aluminum,Metals,SC,2027,50421.52788356709
1003494,JW Aluminum,Metals,SC,2028,50206.25533950831
1003498,POET BIOREFINING,Other,IA,2024,113696.12420584286
1003498,POET BIOREFINING,Other,IA,2025,115260.26790460382
1003498,POET BIOREFINING,Other,IA,2026,116845.9298875404
1003498,POET BIOREFINING,Other,IA,2027,118453.40618663197
1003498,POET BIOREFINING,Other,IA,2028,120082.99690643615
1003505,MONROE COUNTY LANDFILL,Waste,IN,2024,17510.985634541517
1003505,MONROE COUNTY LANDFILL,Waste,IN,2025,16736.970471332388
1003505,MONROE COUNTY LANDFILL,Waste,IN,2026,15997.168086625941
1003505,MONROE COUNTY LANDFILL,Waste,IN,2027,15290.066217783746
1003505,MONROE COUNTY LANDFILL,Waste,IN,2028,14614.219446732148
1003507,"Gerdau Ameristeel US, Inc - Charlotte Mill",Metals,NC,2024,53141.0735644098
1003507,"Gerdau Ameristeel US, Inc - Charlotte Mill",Metals,NC,2025,53894.413100517435
1003507,"Gerdau Ameristeel US, Inc - Charlotte Mill",Metals,NC,2026,54658.432143428225
1003507,"Gerdau Ameristeel US, Inc - Charlotte Mill",Metals,NC,2027,55433.28208817742
1003507,"Gerdau Ameristeel US, Inc - Charlotte Mill",Metals,NC,2028,56219.11647600947
1003508,SANDERS LEAD COMPANY INCORPORATED,Metals,AL,2024,210324.27335285355
1003508,SANDERS LEAD COMPANY INCORPORATED,Metals,AL,2025,209917.43245229597
1003508,SANDERS LEAD COMPANY INCORPORATED,Metals,AL,2026,209511.37852470946
1003508,SANDERS LEAD COMPANY INCORPORATED,Metals,AL,2027,209106.1100478123
1003508,SANDERS LEAD COMPANY INCORPORATED,Metals,AL,2028,208701.62550226823
1003516,Knox County Landfill,Waste,IL,2024,76909.94068524956
1003516,Knox County Landfill,Waste,IL,2025,76960.7950584936
1003516,Knox County Landfill,Waste,IL,2026,77011.68305765446
1003516,Knox County Landfill,Waste,IL,2027,77062.60470496639
1003516,Knox County Landfill,Waste,IL,2028,77113.56002267834
1003518,LANXESS Corporation Kalama Site,Chemicals,WA,2024,61502.676316866266
1003518,LANXESS Corporation Kalama Site,Chemicals,WA,2025,60260.0363766228
1003518,LANXESS Corporation Kalama Site,Chemicals,WA,2026,59042.503539249454
1003518,LANXESS Corporation Kalama Site,Chemicals,WA,2027,57849.57052456516
1003518,LANXESS Corporation Kalama Site,Chemicals,WA,2028,56680.74030180544
1003521,FREY FARM-CRESWELL LDFL,Waste,PA,2024,13112.092404432899
1003521,FREY FARM-CRESWELL LDFL,Waste,PA,2025,11891.440985469708
1003521,FREY FARM-CRESWELL LDFL,Waste,PA,2026,10784.424358014956
1003521,FREY FARM-CRESWELL LDFL,Waste,PA,2027,9780.463854284713
1003521,FREY FARM-CRESWELL LDFL,Waste,PA,2028,8869.965612385924
1003531,Eastern Gas Transmission and Storage - Oakford and Rock Springs Stations (Stor and Tran),Petroleum and Natural Gas Systems,PA,2024,39232.89647517346
1003531,Eastern Gas Transmission and Storage - Oakford and Rock Springs Stations (Stor and Tran),Petroleum and Natural Gas Systems,PA,2025,39170.04313274257
1003531,Eastern Gas Transmission and Storage - Oakford and Rock Springs Stations (Stor and Tran),Petroleum and Natural Gas Systems,PA,2026,39107.29048495844
1003531,Eastern Gas Transmission and Storage - Oakford and Rock Springs Stations (Stor and Tran),Petroleum and Natural Gas Systems,PA,2027,39044.63837050263
1003531,Eastern Gas Transmission and Storage - Oakford and Rock Springs Stations (Stor and Tran),Petroleum and Natural Gas Systems,PA,2028,38982.086628314864
1003533,Borger Carbon Black Plant,Chemicals,TX,2024,195662.23906242443
1003533,Borger Carbon Black Plant,Chemicals,TX,2025,194976.67429507925
1003533,Borger Carbon Black Plant,Chemicals,TX,2026,194293.51162152798
1003533,Borger Carbon Black Plant,Chemicals,TX,2027,193612.7426252732
1003533,Borger Carbon Black Plant,Chemicals,TX,2028,192934.3589193059
1003540,HURON LANDFILL CORPORATION,Waste,MI,2024,64842.04066494744
1003540,HURON LANDFILL CORPORATION,Waste,MI,2025,65508.20134543528
1003540,HURON LANDFILL CORPORATION,Waste,MI,2026,66181.20588906619
1003540,HURON LANDFILL CORPORATION,Waste,MI,2027,66861.12460689899
1003540,HURON LANDFILL CORPORATION,Waste,MI,2028,67548.02853233932
1003542,Metro Nashville District Energy System,Power Plants,TN,2024,31296.75964752955
1003542,Metro Nashville District Energy System,Power Plants,TN,2025,31471.797993127882
1003542,Metro Nashville District Energy System,Power Plants,TN,2026,31647.815303410516
1003542,Metro Nashville District Energy System,Power Plants,TN,2027,31824.817053588442
1003542,Metro Nashville District Energy System,Power Plants,TN,2028,32002.80874949455
1003543,BROWARD COUNTY LANDFILL,Waste,FL,2024,36867.70854643425
1003543,BROWARD COUNTY LANDFILL,Waste,FL,2025,37795.34989757189
1003543,BROWARD COUNTY LANDFILL,Waste,FL,2026,38746.33195824289
1003543,BROWARD COUNTY LANDFILL,Waste,FL,2027,39721.24201222964
1003543,BROWARD COUNTY LANDFILL,Waste,FL,2028,40720.682120168116
1003544,"DISPOSAL SERVICE, INC. SANITARY LANDFILL",Waste,WV,2024,96630.0147694852
1003544,"DISPOSAL SERVICE, INC. SANITARY LANDFILL",Waste,WV,2025,94948.12890568373
1003544,"DISPOSAL SERVICE, INC. SANITARY LANDFILL",Waste,WV,2026,93295.51696950801
1003544,"DISPOSAL SERVICE, INC. SANITARY LANDFILL",Waste,WV,2027,91671.66943599177
1003544,"DISPOSAL SERVICE, INC. SANITARY LANDFILL",Waste,WV,2028,90076.08564866355
1003548,DIVISION OF WILDLIFE RESOURCES LEEKAY LANDFILL,Waste,UT,2024,52234.57154636514
1003548,DIVISION OF WILDLIFE RESOURCES LEEKAY LANDFILL,Waste,UT,2025,50687.95835501919
1003548,DIVISION OF WILDLIFE RESOURCES LEEKAY LANDFILL,Waste,UT,2026,49187.13882662158
1003548,DIVISION OF WILDLIFE RESOURCES LEEKAY LANDFILL,Waste,UT,2027,47730.75705681435
1003548,DIVISION OF WILDLIFE RESOURCES LEEKAY LANDFILL,Waste,UT,2028,46317.49728820551
1003550,KANSAS STATE UNIV MAIN CAMPUS,Other,KS,2024,35587.2068996383
1003550,KANSAS STATE UNIV MAIN CAMPUS,Other,KS,2025,35692.68988151259
1003550,KANSAS STATE UNIV MAIN CAMPUS,Other,KS,2026,35798.48552235718
1003550,KANSAS STATE UNIV MAIN CAMPUS,Other,KS,2027,35904.59474891523
1003550,KANSAS STATE UNIV MAIN CAMPUS,Other,KS,2028,36011.01849067676
1003555,"Thunder Horse, MMS Platform ID 02481, Complex ID 1101-1",Petroleum and Natural Gas Systems,LA,2024,257704.81509698328
1003555,"Thunder Horse, MMS Platform ID 02481, Complex ID 1101-1",Petroleum and Natural Gas Systems,LA,2025,264793.2773219273
1003555,"Thunder Horse, MMS Platform ID 02481, Complex ID 1101-1",Petroleum and Natural Gas Systems,LA,2026,272076.7157125109
1003555,"Thunder Horse, MMS Platform ID 02481, Complex ID 1101-1",Petroleum and Natural Gas Systems,LA,2027,279560.4933085535
1003555,"Thunder Horse, MMS Platform ID 02481, Complex ID 1101-1",Petroleum and Natural Gas Systems,LA,2028,287250.1206663451
1003557,TEXAS GAS TRANSMISSION - GREENVILLE STATION,Petroleum and Natural Gas Systems,MS,2024,60728.76815821139
1003557,TEXAS GAS TRANSMISSION - GREENVILLE STATION,Petroleum and Natural Gas Systems,MS,2025,57568.43681490656
1003557,TEXAS GAS TRANSMISSION - GREENVILLE STATION,Petroleum and Natural Gas Systems,MS,2026,54572.56943987218
1003557,TEXAS GAS TRANSMISSION - GREENVILLE STATION,Petroleum and Natural Gas Systems,MS,2027,51732.60731127783
1003557,TEXAS GAS TRANSMISSION - GREENVILLE STATION,Petroleum and Natural Gas Systems,MS,2028,49040.43710405768
1003570,Ketjen Bayport Plant,Chemicals,TX,2024,113935.00341123961
1003570,Ketjen Bayport Plant,Chemicals,TX,2025,114220.62662523695
1003570,Ketjen Bayport Plant,Chemicals,TX,2026,114506.96586695107
1003570,Ketjen Bayport Plant,Chemicals,TX,2027,114794.02293138961
1003570,Ketjen Bayport Plant,Chemicals,TX,2028,115081.79961805878
1003573,"POET Biorefining- Iowa Falls, LLC",Other,IA,2024,147034.364950455
1003573,"POET Biorefining- Iowa Falls, LLC",Other,IA,2025,148091.9252363909
1003573,"POET Biorefining- Iowa Falls, LLC",Other,IA,2026,149157.0921370031
1003573,"POET Biorefining- Iowa Falls, LLC",Other,IA,2027,150229.9203636758
1003573,"POET Biorefining- Iowa Falls, LLC",Other,IA,2028,151310.46502131035
1003574,EGAN,Petroleum and Natural Gas Systems,LA,2024,73991.61552361392
1003574,EGAN,Petroleum and Natural Gas Systems,LA,2025,76746.82592447755
1003574,EGAN,Petroleum and Natural Gas Systems,LA,2026,79604.63152209824
1003574,EGAN,Petroleum and Natural Gas Systems,LA,2027,82568.8526324833
1003574,EGAN,Petroleum and Natural Gas Systems,LA,2028,85643.45182795268
1003577,GERDAU AMERISTEEL US INC,Metals,IA,2024,28871.730616483852
1003577,GERDAU AMERISTEEL US INC,Metals,IA,2025,28515.977513270685
1003577,GERDAU AMERISTEEL US INC,Metals,IA,2026,28164.607946054213
1003577,GERDAU AMERISTEEL US INC,Metals,IA,2027,27817.567901566134
1003577,GERDAU AMERISTEEL US INC,Metals,IA,2028,27474.80403208136
1003581,Cleveland-Cliffs Tek Inc. and Cleveland-Cliffs Kote Inc.,Metals,IN,2024,94277.51254732271
1003581,Cleveland-Cliffs Tek Inc. and Cleveland-Cliffs Kote Inc.,Metals,IN,2025,92925.81736624199
1003581,Cleveland-Cliffs Tek Inc. and Cleveland-Cliffs Kote Inc.,Metals,IN,2026,91593.50199072862
1003581,Cleveland-Cliffs Tek Inc. and Cleveland-Cliffs Kote Inc.,Metals,IN,2027,90280.2885645996
1003581,Cleveland-Cliffs Tek Inc. and Cleveland-Cliffs Kote Inc.,Metals,IN,2028,88985.90321540943
1003583,DAKOTA MUNICIPAL SOLID WASTE LANDFILL,Waste,ND,2024,60389.78313726455
1003583,DAKOTA MUNICIPAL SOLID WASTE LANDFILL,Waste,ND,2025,59810.51558893039
1003583,DAKOTA MUNICIPAL SOLID WASTE LANDFILL,Waste,ND,2026,59236.80445883657
1003583,DAKOTA MUNICIPAL SOLID WASTE LANDFILL,Waste,ND,2027,58668.59644901425
1003583,DAKOTA MUNICIPAL SOLID WASTE LANDFILL,Waste,ND,2028,58105.838772736795
1003585,TOYOTA MOTOR MANUFACTURING TEXAS INC,Other,TX,2024,31573.001629859813
1003585,TOYOTA MOTOR MANUFACTURING TEXAS INC,Other,TX,2025,31618.790680158807
1003585,TOYOTA MOTOR MANUFACTURING TEXAS INC,Other,TX,2026,31664.646136469815
1003585,TOYOTA MOTOR MANUFACTURING TEXAS INC,Other,TX,2027,31710.568095098904
1003585,TOYOTA MOTOR MANUFACTURING TEXAS INC,Other,TX,2028,31756.556652491596
1003589,VERTEX REFINING ALABAMA LLC,Petroleum Product Suppliers,AL,2024,392690.52012514014
1003589,VERTEX REFINING ALABAMA LLC,Petroleum Product Suppliers,AL,2025,390772.8123634327
1003589,VERTEX REFINING ALABAMA LLC,Petroleum Product Suppliers,AL,2026,388864.46974519215
1003589,VERTEX REFINING ALABAMA LLC,Petroleum Product Suppliers,AL,2027,386965.446535655
1003589,VERTEX REFINING ALABAMA LLC,Petroleum Product Suppliers,AL,2028,385075.6972234039
1003593,LAND O LAKES DRY CONDENSED MILK MFG,Other,PA,2024,45491.576597067666
1003593,LAND O LAKES DRY CONDENSED MILK MFG,Other,PA,2025,46745.60897945422
1003593,LAND O LAKES DRY CONDENSED MILK MFG,Other,PA,2026,48034.210337763485
1003593,LAND O LAKES DRY CONDENSED MILK MFG,Other,PA,2027,49358.333609187
1003593,LAND O LAKES DRY CONDENSED MILK MFG,Other,PA,2028,50718.95799982527
1003595,Merck Sharp & Dohme LLC,Chemicals,VA,2024,39171.12141300357
1003595,Merck Sharp & Dohme LLC,Chemicals,VA,2025,38294.85480427107
1003595,Merck Sharp & Dohme LLC,Chemicals,VA,2026,37438.19047246814
1003595,Merck Sharp & Dohme LLC,Chemicals,VA,2027,36600.689910344954
1003595,Merck Sharp & Dohme LLC,Chemicals,VA,2028,35781.924420155
1003597,Mohegan Tribe of Indians of Connecticut,Other,CT,2024,30386.137432236068
1003597,Mohegan Tribe of Indians of Connecticut,Other,CT,2025,30669.600860460534
1003597,Mohegan Tribe of Indians of Connecticut,Other,CT,2026,30955.708636467545
1003597,Mohegan Tribe of Indians of Connecticut,Other,CT,2027,31244.485428607637
1003597,Mohegan Tribe of Indians of Connecticut,Other,CT,2028,31535.956135355143
1003605,CITY OF MUSCATINE LANDFILL,Waste,IA,2024,40282.75712439685
1003605,CITY OF MUSCATINE LANDFILL,Waste,IA,2025,39918.79728974129
1003605,CITY OF MUSCATINE LANDFILL,Waste,IA,2026,39558.12587848816
1003605,CITY OF MUSCATINE LANDFILL,Waste,IA,2027,39200.71317931373
1003605,CITY OF MUSCATINE LANDFILL,Waste,IA,2028,38846.52974933986
1003607,"Dunn Paper - Ladysmith, LLC",Pulp and Paper,WI,2024,29580.58986592716
1003607,"Dunn Paper - Ladysmith, LLC",Pulp and Paper,WI,2025,29537.785709818134
1003607,"Dunn Paper - Ladysmith, LLC",Pulp and Paper,WI,2026,29495.043492831534
1003607,"Dunn Paper - Ladysmith, LLC",Pulp and Paper,WI,2027,29452.363125339474
1003607,"Dunn Paper - Ladysmith, LLC",Pulp and Paper,WI,2028,29409.744517843403
1003609,Lenzing Fibers Inc.,Other,AL,2024,67247.9421176761
1003609,Lenzing Fibers Inc.,Other,AL,2025,67888.78331697937
1003609,Lenzing Fibers Inc.,Other,AL,2026,68535.7314309298
1003609,Lenzing Fibers Inc.,Other,AL,2027,69188.84465554667
1003609,Lenzing Fibers Inc.,Other,AL,2028,69848.18174142911
1003610,CHEVRON PRODS.CO. RICHMOND REFY,Chemicals,CA,2024,4250493.5676886495
1003610,CHEVRON PRODS.CO. RICHMOND REFY,Chemicals,CA,2025,4257800.340216359
1003610,CHEVRON PRODS.CO. RICHMOND REFY,Chemicals,CA,2026,4265119.67338528
1003610,CHEVRON PRODS.CO. RICHMOND REFY,Chemicals,CA,2027,4272451.5887877
1003610,CHEVRON PRODS.CO. RICHMOND REFY,Chemicals,CA,2028,4279796.108052977
1003611,PAINTED DESERT LANDFILL,Waste,AZ,2024,3767.58270978315
1003611,PAINTED DESERT LANDFILL,Waste,AZ,2025,3979.539030772993
1003611,PAINTED DESERT LANDFILL,Waste,AZ,2026,4203.419570942124
1003611,PAINTED DESERT LANDFILL,Waste,AZ,2027,4439.895161914585
1003611,PAINTED DESERT LANDFILL,Waste,AZ,2028,4689.674374898122
1003612,IRONWOOD LANDFILL,Waste,AZ,2024,24404.792990746864
1003612,IRONWOOD LANDFILL,Waste,AZ,2025,23765.669510686726
1003612,IRONWOOD LANDFILL,Waste,AZ,2026,23143.283678141936
1003612,IRONWOOD LANDFILL,Waste,AZ,2027,22537.197160218948
1003612,IRONWOOD LANDFILL,Waste,AZ,2028,21946.983103279275
1003623,FOREST LAWN LANDFILL,Waste,MI,2024,9927.108336835743
1003623,FOREST LAWN LANDFILL,Waste,MI,2025,8730.029928866983
1003623,FOREST LAWN LANDFILL,Waste,MI,2026,7677.303397215288
1003623,FOREST LAWN LANDFILL,Waste,MI,2027,6751.5218084187145
1003623,FOREST LAWN LANDFILL,Waste,MI,2028,5937.377275735555
1003628,DAVIESS COUNTY LANDFILL,Waste,IN,2024,32866.79481974236
1003628,DAVIESS COUNTY LANDFILL,Waste,IN,2025,33304.49871270216
1003628,DAVIESS COUNTY LANDFILL,Waste,IN,2026,33748.03173195684
1003628,DAVIESS COUNTY LANDFILL,Waste,IN,2027,34197.47150695837
1003628,DAVIESS COUNTY LANDFILL,Waste,IN,2028,34652.89670098995
1003643,PHOENIX CEMENT COMPANY\S CLARKDALE FACILITY,Minerals,AZ,2024,885184.9384190429
1003643,PHOENIX CEMENT COMPANY\S CLARKDALE FACILITY,Minerals,AZ,2025,949022.894375426
1003643,PHOENIX CEMENT COMPANY\S CLARKDALE FACILITY,Minerals,AZ,2026,1017464.7296386211
1003643,PHOENIX CEMENT COMPANY\S CLARKDALE FACILITY,Minerals,AZ,2027,1090842.4677572215
1003643,PHOENIX CEMENT COMPANY\S CLARKDALE FACILITY,Minerals,AZ,2028,1169512.077224833
1003649,PREPA San Juan Steam Power Plant,Power Plants,PR,2024,1668461.4072509075
1003649,PREPA San Juan Steam Power Plant,Power Plants,PR,2025,1628026.1478140347
1003649,PREPA San Juan Steam Power Plant,Power Plants,PR,2026,1588570.8392460383
1003649,PREPA San Juan Steam Power Plant,Power Plants,PR,2027,1550071.732380509
1003649,PREPA San Juan Steam Power Plant,Power Plants,PR,2028,1512505.65361346
1003657,Stateline Compressor Station,Petroleum and Natural Gas Systems,TX,2024,45672.51606484308
1003657,Stateline Compressor Station,Petroleum and Natural Gas Systems,TX,2025,44345.14103948525
1003657,Stateline Compressor Station,Petroleum and Natural Gas Systems,TX,2026,43056.34336019354
1003657,Stateline Compressor Station,Petroleum and Natural Gas Systems,TX,2027,41805.00185804358
1003657,Stateline Compressor Station,Petroleum and Natural Gas Systems,TX,2028,40590.02794851284
1003665,GENENTECH INCORPORATED,Chemicals,CA,2024,27827.668087892278
1003665,GENENTECH INCORPORATED,Chemicals,CA,2025,27300.795619053886
1003665,GENENTECH INCORPORATED,Chemicals,CA,2026,26783.89863926983
1003665,GENENTECH INCORPORATED,Chemicals,CA,2027,26276.78827858062
1003665,GENENTECH INCORPORATED,Chemicals,CA,2028,25779.279242977824
1003669,Cleveland-Cliffs Minorca Mine,Metals,MN,2024,198591.75164740274
1003669,Cleveland-Cliffs Minorca Mine,Metals,MN,2025,194250.3852309482
1003669,Cleveland-Cliffs Minorca Mine,Metals,MN,2026,190003.92437932987
1003669,Cleveland-Cliffs Minorca Mine,Metals,MN,2027,185850.29438486992
1003669,Cleveland-Cliffs Minorca Mine,Metals,MN,2028,181787.46589457485
1003676,ROOSEVELT REGIONAL LANDFILL,Waste,WA,2024,239871.28676781835
1003676,ROOSEVELT REGIONAL LANDFILL,Waste,WA,2025,238788.93200959047
1003676,ROOSEVELT REGIONAL LANDFILL,Waste,WA,2026,237711.46108651618
1003676,ROOSEVELT REGIONAL LANDFILL,Waste,WA,2027,236638.85196160062
1003676,ROOSEVELT REGIONAL LANDFILL,Waste,WA,2028,235571.08269728618
1003688,"STEEL DYNAMICS, INC. (SDI)",Metals,IN,2024,192983.54485091023
1003688,"STEEL DYNAMICS, INC. (SDI)",Metals,IN,2025,197971.32418015393
1003688,"STEEL DYNAMICS, INC. (SDI)",Metals,IN,2026,203088.01575762298
1003688,"STEEL DYNAMICS, INC. (SDI)",Metals,IN,2027,208336.95140027316
1003688,"STEEL DYNAMICS, INC. (SDI)",Metals,IN,2028,213721.5490379356
1003691,NEWTON COUNTY LANDFILL,Waste,IN,2024,137815.89699235786
1003691,NEWTON COUNTY LANDFILL,Waste,IN,2025,131400.58500573857
1003691,NEWTON COUNTY LANDFILL,Waste,IN,2026,125283.90495334365
1003691,NEWTON COUNTY LANDFILL,Waste,IN,2027,119451.95555767833
1003691,NEWTON COUNTY LANDFILL,Waste,IN,2028,113891.48264389863
1003692,UNITED REFUSE LANDFILL,Waste,IN,2024,14094.921605638552
1003692,UNITED REFUSE LANDFILL,Waste,IN,2025,12802.753317909559
1003692,UNITED REFUSE LANDFILL,Waste,IN,2026,11629.04605682048
1003692,UNITED REFUSE LANDFILL,Waste,IN,2027,10562.939770344097
1003692,UNITED REFUSE LANDFILL,Waste,IN,2028,9594.570014320087
1003695,WILLIAMS COUNTY LANDFILL,Waste,OH,2024,123144.18027058324
1003695,WILLIAMS COUNTY LANDFILL,Waste,OH,2025,120168.24990279476
1003695,WILLIAMS COUNTY LANDFILL,Waste,OH,2026,117264.23654752359
1003695,WILLIAMS COUNTY LANDFILL,Waste,OH,2027,114430.4022418299
1003695,WILLIAMS COUNTY LANDFILL,Waste,OH,2028,111665.05102278382
1003707,Philip Morris USA,Other,VA,2024,32055.36435304648
1003707,Philip Morris USA,Other,VA,2025,30202.822122639303
1003707,Philip Morris USA,Other,VA,2026,28457.341932695694
1003707,Philip Morris USA,Other,VA,2027,26812.736458403353
1003707,Philip Morris USA,Other,VA,2028,25263.17595255775
1003712,FRESENIUS MEDICAL CARE,Chemicals,UT,2024,74445.33957498116
1003712,FRESENIUS MEDICAL CARE,Chemicals,UT,2025,75937.395014712165
1003712,FRESENIUS MEDICAL CARE,Chemicals,UT,2026,77459.35466937376
1003712,FRESENIUS MEDICAL CARE,Chemicals,UT,2027,79011.81788805648
1003712,FRESENIUS MEDICAL CARE,Chemicals,UT,2028,80595.39603218157
1003713,INDIANA UNIVERSITY,Other,IN,2024,83590.2461448901
1003713,INDIANA UNIVERSITY,Other,IN,2025,81231.21598770023
1003713,INDIANA UNIVERSITY,Other,IN,2026,78938.760862158
1003713,INDIANA UNIVERSITY,Other,IN,2027,76711.00193054487
1003713,INDIANA UNIVERSITY,Other,IN,2028,74546.11337849124
1003714,Iroquois Bio Energy Company,Other,IN,2024,77326.93820550769
1003714,Iroquois Bio Energy Company,Other,IN,2025,77925.90883879052
1003714,Iroquois Bio Energy Company,Other,IN,2026,78529.51906893105
1003714,Iroquois Bio Energy Company,Other,IN,2027,79137.80483401731
1003714,Iroquois Bio Energy Company,Other,IN,2028,79750.80235051096
1003716,"Ferroglobe USA Bridgeport, LLC, FKA-TENNESSEE ALLOYS CORPORATION",Metals,AL,2024,157629.89015583732
1003716,"Ferroglobe USA Bridgeport, LLC, FKA-TENNESSEE ALLOYS CORPORATION",Metals,AL,2025,158744.65995323562
1003716,"Ferroglobe USA Bridgeport, LLC, FKA-TENNESSEE ALLOYS CORPORATION",Metals,AL,2026,159867.31348194857
1003716,"Ferroglobe USA Bridgeport, LLC, FKA-TENNESSEE ALLOYS CORPORATION",Metals,AL,2027,160997.90649628488
1003716,"Ferroglobe USA Bridgeport, LLC, FKA-TENNESSEE ALLOYS CORPORATION",Metals,AL,2028,162136.49514485232
1003718,BENTONITE PERFORMANCE MINERALS LLC LOVELL,Other,WY,2024,36618.5545404422
1003718,BENTONITE PERFORMANCE MINERALS LLC LOVELL,Other,WY,2025,36373.91456029945
1003718,BENTONITE PERFORMANCE MINERALS LLC LOVELL,Other,WY,2026,36130.90896252474
1003718,BENTONITE PERFORMANCE MINERALS LLC LOVELL,Other,WY,2027,35889.52682819262
1003718,BENTONITE PERFORMANCE MINERALS LLC LOVELL,Other,WY,2028,35649.757311324196
1003722,UNIVERSITY OF DELAWARE,Other,DE,2024,39589.79493845424
1003722,UNIVERSITY OF DELAWARE,Other,DE,2025,39695.57767315494
1003722,UNIVERSITY OF DELAWARE,Other,DE,2026,39801.643056123416
1003722,UNIVERSITY OF DELAWARE,Other,DE,2027,39907.99184258728
1003722,UNIVERSITY OF DELAWARE,Other,DE,2028,40014.62478979211
1003725,FLORIDA GAS TRANSMISSION COMPANY - SILVER SPRINGS,Petroleum and Natural Gas Systems,FL,2024,52220.18469782348
1003725,FLORIDA GAS TRANSMISSION COMPANY - SILVER SPRINGS,Petroleum and Natural Gas Systems,FL,2025,51939.60677364988
1003725,FLORIDA GAS TRANSMISSION COMPANY - SILVER SPRINGS,Petroleum and Natural Gas Systems,FL,2026,51660.536388600936
1003725,FLORIDA GAS TRANSMISSION COMPANY - SILVER SPRINGS,Petroleum and Natural Gas Systems,FL,2027,51382.96544270168
1003725,FLORIDA GAS TRANSMISSION COMPANY - SILVER SPRINGS,Petroleum and Natural Gas Systems,FL,2028,51106.885879497786
1003736,OFS GPRP Custer Gas Plant,Petroleum and Natural Gas Systems,OK,2024,63852.74530124694
1003736,OFS GPRP Custer Gas Plant,Petroleum and Natural Gas Systems,OK,2025,63143.62802297208
1003736,OFS GPRP Custer Gas Plant,Petroleum and Natural Gas Systems,OK,2026,62442.38585346467
1003736,OFS GPRP Custer Gas Plant,Petroleum and Natural Gas Systems,OK,2027,61748.93133562842
1003736,OFS GPRP Custer Gas Plant,Petroleum and Natural Gas Systems,OK,2028,61063.17798362263
1003740,DEANS BRIDGE RD MSW LANDFILL,Waste,GA,2024,303914.7075113051
1003740,DEANS BRIDGE RD MSW LANDFILL,Waste,GA,2025,318713.90925441805
1003740,DEANS BRIDGE RD MSW LANDFILL,Waste,GA,2026,334233.7617815191
1003740,DEANS BRIDGE RD MSW LANDFILL,Waste,GA,2027,350509.35736051976
1003740,DEANS BRIDGE RD MSW LANDFILL,Waste,GA,2028,367577.49708598614
1003742,31st Street Landfill,Waste,IL,2024,26445.145575320435
1003742,31st Street Landfill,Waste,IL,2025,23805.611182187717
1003742,31st Street Landfill,Waste,IL,2026,21429.53314979568
1003742,31st Street Landfill,Waste,IL,2027,19290.615456317333
1003742,31st Street Landfill,Waste,IL,2028,17365.186730027166
1003748,AIR LIQUIDE LARGE INDUSTRIES US LP - RODEO HYDROGEN PLANT,Chemicals,CA,2024,864987.9189361943
1003748,AIR LIQUIDE LARGE INDUSTRIES US LP - RODEO HYDROGEN PLANT,Chemicals,CA,2025,874026.3756346419
1003748,AIR LIQUIDE LARGE INDUSTRIES US LP - RODEO HYDROGEN PLANT,Chemicals,CA,2026,883159.2772353821
1003748,AIR LIQUIDE LARGE INDUSTRIES US LP - RODEO HYDROGEN PLANT,Chemicals,CA,2027,892387.6106148124
1003748,AIR LIQUIDE LARGE INDUSTRIES US LP - RODEO HYDROGEN PLANT,Chemicals,CA,2028,901712.3729614257
1003749,INGEVITY VIRGINIA CORPORATION - CARBON PLANT,Chemicals,KY,2024,88289.34296805829
1003749,INGEVITY VIRGINIA CORPORATION - CARBON PLANT,Chemicals,KY,2025,89584.89637672699
1003749,INGEVITY VIRGINIA CORPORATION - CARBON PLANT,Chemicals,KY,2026,90899.46067140155
1003749,INGEVITY VIRGINIA CORPORATION - CARBON PLANT,Chemicals,KY,2027,92233.31481687415
1003749,INGEVITY VIRGINIA CORPORATION - CARBON PLANT,Chemicals,KY,2028,93586.74187145117
1003752,"ADA Carbon Solutions (Red River), LLC",Chemicals,LA,2024,325127.96053321235
1003752,"ADA Carbon Solutions (Red River), LLC",Chemicals,LA,2025,355062.0552433461
1003752,"ADA Carbon Solutions (Red River), LLC",Chemicals,LA,2026,387752.14185477846
1003752,"ADA Carbon Solutions (Red River), LLC",Chemicals,LA,2027,423451.9608408257
1003752,"ADA Carbon Solutions (Red River), LLC",Chemicals,LA,2028,462438.6142194299
1003770,GIANT CEMENT COMPANY,Minerals,SC,2024,552764.353119748
1003770,GIANT CEMENT COMPANY,Minerals,SC,2025,576514.6570349196
1003770,GIANT CEMENT COMPANY,Minerals,SC,2026,601285.4264212784
1003770,GIANT CEMENT COMPANY,Minerals,SC,2027,627120.5070241961
1003770,GIANT CEMENT COMPANY,Minerals,SC,2028,654065.6284836363
1003779,VALERO RENEWABLE FUELS LLC,Other,SD,2024,190172.27346505926
1003779,VALERO RENEWABLE FUELS LLC,Other,SD,2025,189467.01462138857
1003779,VALERO RENEWABLE FUELS LLC,Other,SD,2026,188764.37124856148
1003779,VALERO RENEWABLE FUELS LLC,Other,SD,2027,188064.33364703672
1003779,VALERO RENEWABLE FUELS LLC,Other,SD,2028,187366.8921532427
1003781,Orange Carbon Black Plant,Chemicals,TX,2024,177734.36900477528
1003781,Orange Carbon Black Plant,Chemicals,TX,2025,176794.2395139004
1003781,Orange Carbon Black Plant,Chemicals,TX,2026,175859.08285672363
1003781,Orange Carbon Black Plant,Chemicals,TX,2027,174928.87272934316
1003781,Orange Carbon Black Plant,Chemicals,TX,2028,174003.58296698972
1003812,IOWA CITY SANITARY LANDFILL,Waste,IA,2024,24989.120427672737
1003812,IOWA CITY SANITARY LANDFILL,Waste,IA,2025,25093.42592967922
1003812,IOWA CITY SANITARY LANDFILL,Waste,IA,2026,25198.1668066634
1003812,IOWA CITY SANITARY LANDFILL,Waste,IA,2027,25303.344875896346
1003812,IOWA CITY SANITARY LANDFILL,Waste,IA,2028,25408.961962234484
1003814,FINK ROAD LANDFILL,Waste,CA,2024,30055.380487273265
1003814,FINK ROAD LANDFILL,Waste,CA,2025,27529.679266707353
1003814,FINK ROAD LANDFILL,Waste,CA,2026,25216.225123108972
1003814,FINK ROAD LANDFILL,Waste,CA,2027,23097.181892281602
1003814,FINK ROAD LANDFILL,Waste,CA,2028,21156.212270497253
1003818,BOUNTIFUL SANITARY LANDFILL,Waste,UT,2024,57832.74168865258
1003818,BOUNTIFUL SANITARY LANDFILL,Waste,UT,2025,58799.06917456579
1003818,BOUNTIFUL SANITARY LANDFILL,Waste,UT,2026,59781.5430298671
1003818,BOUNTIFUL SANITARY LANDFILL,Waste,UT,2027,60780.43304429974
1003818,BOUNTIFUL SANITARY LANDFILL,Waste,UT,2028,61796.01351552506
1003819,UNIVERSITY OF MN - TWIN CITIES,Other,MN,2024,202404.87018568156
1003819,UNIVERSITY OF MN - TWIN CITIES,Other,MN,2025,207611.73923574606
1003819,UNIVERSITY OF MN - TWIN CITIES,Other,MN,2026,212952.5550889659
1003819,UNIVERSITY OF MN - TWIN CITIES,Other,MN,2027,218430.76352934464
1003819,UNIVERSITY OF MN - TWIN CITIES,Other,MN,2028,224049.89898374083
1003829,NORTH AMERICAN SALT CO,Chemicals,KS,2024,55048.69178062763
1003829,NORTH AMERICAN SALT CO,Chemicals,KS,2025,55236.84687016223
1003829,NORTH AMERICAN SALT CO,Chemicals,KS,2026,55425.64506921618
1003829,NORTH AMERICAN SALT CO,Chemicals,KS,2027,55615.08857592239
1003829,NORTH AMERICAN SALT CO,Chemicals,KS,2028,55805.1795959265
1003834,"POET Biorefining- Menlo, LLC",Other,IA,2024,175312.91264294542
1003834,"POET Biorefining- Menlo, LLC",Other,IA,2025,177088.24699387277
1003834,"POET Biorefining- Menlo, LLC",Other,IA,2026,178881.55955307934
1003834,"POET Biorefining- Menlo, LLC",Other,IA,2027,180693.0323797774
1003834,"POET Biorefining- Menlo, LLC",Other,IA,2028,182522.84937683077
1003837,BUSHMILLS ETHANOL INC.,Other,MN,2024,110571.99743690169
1003837,BUSHMILLS ETHANOL INC.,Other,MN,2025,113929.6828752854
1003837,BUSHMILLS ETHANOL INC.,Other,MN,2026,117389.32949520194
1003837,BUSHMILLS ETHANOL INC.,Other,MN,2027,120954.03350168056
1003837,BUSHMILLS ETHANOL INC.,Other,MN,2028,124626.98512068429
1003847,"The Goodyear Tire & Rubber Co, Inc",Other,NC,2024,37618.84036217285
1003847,"The Goodyear Tire & Rubber Co, Inc",Other,NC,2025,36840.238845529384
1003847,"The Goodyear Tire & Rubber Co, Inc",Other,NC,2026,36077.75213508098
1003847,"The Goodyear Tire & Rubber Co, Inc",Other,NC,2027,35331.04670080856
1003847,"The Goodyear Tire & Rubber Co, Inc",Other,NC,2028,34599.79591580259
1003850,"NISSAN NORTH AMERICA, INC.",Other,TN,2024,58372.333113625995
1003850,"NISSAN NORTH AMERICA, INC.",Other,TN,2025,57323.748136513575
1003850,"NISSAN NORTH AMERICA, INC.",Other,TN,2026,56293.99965942718
1003850,"NISSAN NORTH AMERICA, INC.",Other,TN,2027,55282.74930851953
1003850,"NISSAN NORTH AMERICA, INC.",Other,TN,2028,54289.664788400194
1003853,AFTON CHEMICAL CORP,Petroleum and Natural Gas Systems,IL,2024,51064.79391443513
1003853,AFTON CHEMICAL CORP,Petroleum and Natural Gas Systems,IL,2025,51447.18711644229
1003853,AFTON CHEMICAL CORP,Petroleum and Natural Gas Systems,IL,2026,51832.443828702264
1003853,AFTON CHEMICAL CORP,Petroleum and Natural Gas Systems,IL,2027,52220.58549430313
1003853,AFTON CHEMICAL CORP,Petroleum and Natural Gas Systems,IL,2028,52611.63371690656
1003854,Clayton County SR 3 Lovejoy Landfill,Waste,GA,2024,45226.00099798023
1003854,Clayton County SR 3 Lovejoy Landfill,Waste,GA,2025,44711.2964809128
1003854,Clayton County SR 3 Lovejoy Landfill,Waste,GA,2026,44202.4496725538
1003854,Clayton County SR 3 Lovejoy Landfill,Waste,GA,2027,43699.39390795226
1003854,Clayton County SR 3 Lovejoy Landfill,Waste,GA,2028,43202.06328085268
1003855,LOUIS DREYFUS COMMODITIES GRAND JUNCTION LLC,Other,IA,2024,153224.48317222908
1003855,LOUIS DREYFUS COMMODITIES GRAND JUNCTION LLC,Other,IA,2025,152120.85516067452
1003855,LOUIS DREYFUS COMMODITIES GRAND JUNCTION LLC,Other,IA,2026,151025.17623638455
1003855,LOUIS DREYFUS COMMODITIES GRAND JUNCTION LLC,Other,IA,2027,149937.38914457173
1003855,LOUIS DREYFUS COMMODITIES GRAND JUNCTION LLC,Other,IA,2028,148857.4370428349
1003863,Columbus Pine Grove MSWLF,Waste,GA,2024,103995.66190035948
1003863,Columbus Pine Grove MSWLF,Waste,GA,2025,107272.25586548728
1003863,Columbus Pine Grove MSWLF,Waste,GA,2026,110652.0855600304
1003863,Columbus Pine Grove MSWLF,Waste,GA,2027,114138.40363474182
1003863,Columbus Pine Grove MSWLF,Waste,GA,2028,117734.56522172455
1003865,CITY OF MIDLAND MUNICIPAL SOLID WASTE FACILITY,Waste,MI,2024,138557.76932749432
1003865,CITY OF MIDLAND MUNICIPAL SOLID WASTE FACILITY,Waste,MI,2025,135020.32201442402
1003865,CITY OF MIDLAND MUNICIPAL SOLID WASTE FACILITY,Waste,MI,2026,131573.1874535977
1003865,CITY OF MIDLAND MUNICIPAL SOLID WASTE FACILITY,Waste,MI,2027,128214.05991647829
1003865,CITY OF MIDLAND MUNICIPAL SOLID WASTE FACILITY,Waste,MI,2028,124940.69254090103
1003893,HAYES LANDFILL,Waste,IN,2024,79367.93531192887
1003893,HAYES LANDFILL,Waste,IN,2025,80190.09693622027
1003893,HAYES LANDFILL,Waste,IN,2026,81020.77522071976
1003893,HAYES LANDFILL,Waste,IN,2027,81860.05838834948
1003893,HAYES LANDFILL,Waste,IN,2028,82708.03557592098
1003898,"BRIDGESTONE AMERICAS TIRE OPERATIONS, LLC",Other,IA,2024,39175.126009605476
1003898,"BRIDGESTONE AMERICAS TIRE OPERATIONS, LLC",Other,IA,2025,37877.11552139718
1003898,"BRIDGESTONE AMERICAS TIRE OPERATIONS, LLC",Other,IA,2026,36622.112711762355
1003898,"BRIDGESTONE AMERICAS TIRE OPERATIONS, LLC",Other,IA,2027,35408.692584190634
1003898,"BRIDGESTONE AMERICAS TIRE OPERATIONS, LLC",Other,IA,2028,34235.47735734603
1003899,GREEN LAKE PLANT,Chemicals,TX,2024,326402.661319234
1003899,GREEN LAKE PLANT,Chemicals,TX,2025,335030.4181680815
1003899,GREEN LAKE PLANT,Chemicals,TX,2026,343886.231332223
1003899,GREEN LAKE PLANT,Chemicals,TX,2027,352976.1289930124
1003899,GREEN LAKE PLANT,Chemicals,TX,2028,362306.29867389135
1003901,CENTRAL BI-PRODUCTS - REDWOOD FALLS,Other,MN,2024,29950.444979851454
1003901,CENTRAL BI-PRODUCTS - REDWOOD FALLS,Other,MN,2025,30330.816926523938
1003901,CENTRAL BI-PRODUCTS - REDWOOD FALLS,Other,MN,2026,30716.019613371154
1003901,CENTRAL BI-PRODUCTS - REDWOOD FALLS,Other,MN,2027,31106.11439100227
1003901,CENTRAL BI-PRODUCTS - REDWOOD FALLS,Other,MN,2028,31501.16338918183
1003902,CF & I STEEL L P/ DBA ROCKY MOUNTAIN STEEL MILLS,Metals,CO,2024,271997.3261289058
1003902,CF & I STEEL L P/ DBA ROCKY MOUNTAIN STEEL MILLS,Metals,CO,2025,268410.26396470965
1003902,CF & I STEEL L P/ DBA ROCKY MOUNTAIN STEEL MILLS,Metals,CO,2026,264870.50746764196
1003902,CF & I STEEL L P/ DBA ROCKY MOUNTAIN STEEL MILLS,Metals,CO,2027,261377.43277727414
1003902,CF & I STEEL L P/ DBA ROCKY MOUNTAIN STEEL MILLS,Metals,CO,2028,257930.42426055856
1003903,"Westlake, Aberdeen",Other,MS,2024,58010.243655242666
1003903,"Westlake, Aberdeen",Other,MS,2025,57399.28333545319
1003903,"Westlake, Aberdeen",Other,MS,2026,56794.75761219066
1003903,"Westlake, Aberdeen",Other,MS,2027,56196.59871668015
1003903,"Westlake, Aberdeen",Other,MS,2028,55604.73959388319
1003904,TESORO CORPORATION-ANACORTES REFINERY,Petroleum Product Suppliers,WA,2024,1259617.2883339762
1003904,TESORO CORPORATION-ANACORTES REFINERY,Petroleum Product Suppliers,WA,2025,1258433.8875835822
1003904,TESORO CORPORATION-ANACORTES REFINERY,Petroleum Product Suppliers,WA,2026,1257251.598629083
1003904,TESORO CORPORATION-ANACORTES REFINERY,Petroleum Product Suppliers,WA,2027,1256070.4204259575
1003904,TESORO CORPORATION-ANACORTES REFINERY,Petroleum Product Suppliers,WA,2028,1254890.35193067
1003910,AIR LIQUIDE AMERICA CORP,Chemicals,TX,2024,457774.6867825657
1003910,AIR LIQUIDE AMERICA CORP,Chemicals,TX,2025,461625.66447766003
1003910,AIR LIQUIDE AMERICA CORP,Chemicals,TX,2026,465509.0380863692
1003910,AIR LIQUIDE AMERICA CORP,Chemicals,TX,2027,469425.0801356485
1003910,AIR LIQUIDE AMERICA CORP,Chemicals,TX,2028,473374.06544505
1003921,Maxwell Creek Landfill,Waste,TX,2024,67333.89133492229
1003921,Maxwell Creek Landfill,Waste,TX,2025,63932.29980396647
1003921,Maxwell Creek Landfill,Waste,TX,2026,60702.5507837296
1003921,Maxwell Creek Landfill,Waste,TX,2027,57635.963088295895
1003921,Maxwell Creek Landfill,Waste,TX,2028,54724.294090221105
1003930,OWENSBORO GRAIN CO,Other,KY,2024,61478.2183505274
1003930,OWENSBORO GRAIN CO,Other,KY,2025,59938.84088210319
1003930,OWENSBORO GRAIN CO,Other,KY,2026,58438.00849604895
1003930,OWENSBORO GRAIN CO,Other,KY,2027,56974.75604677503
1003930,OWENSBORO GRAIN CO,Other,KY,2028,55548.14255535411
1003933,Camden County SR 110 MSW Landfill,Waste,GA,2024,102471.77252289413
1003933,Camden County SR 110 MSW Landfill,Waste,GA,2025,105925.87257476458
1003933,Camden County SR 110 MSW Landfill,Waste,GA,2026,109496.4028090606
1003933,Camden County SR 110 MSW Landfill,Waste,GA,2027,113187.28783340138
1003933,Camden County SR 110 MSW Landfill,Waste,GA,2028,117002.58454537207
1003943,GREIF RIVERVILLE LLC,Pulp and Paper,VA,2024,162506.89120117493
1003943,GREIF RIVERVILLE LLC,Pulp and Paper,VA,2025,166040.77775365618
1003943,GREIF RIVERVILLE LLC,Pulp and Paper,VA,2026,169651.51245745827
1003943,GREIF RIVERVILLE LLC,Pulp and Paper,VA,2027,173340.76645801248
1003943,GREIF RIVERVILLE LLC,Pulp and Paper,VA,2028,177110.2472415959
1003944,"Total Petrochemicals & Refining USA, Inc.",Other,TX,2024,51736.32429102115
1003944,"Total Petrochemicals & Refining USA, Inc.",Other,TX,2025,52242.21089632659
1003944,"Total Petrochemicals & Refining USA, Inc.",Other,TX,2026,52753.04414716454
1003944,"Total Petrochemicals & Refining USA, Inc.",Other,TX,2027,53268.87241267912
1003944,"Total Petrochemicals & Refining USA, Inc.",Other,TX,2028,53789.74453497572
1003945,TEXAS INSTRUMENTS NORTH CAMPUS,Other,TX,2024,567885.3376867797
1003945,TEXAS INSTRUMENTS NORTH CAMPUS,Other,TX,2025,561743.4600659749
1003945,TEXAS INSTRUMENTS NORTH CAMPUS,Other,TX,2026,555668.0089897646
1003945,TEXAS INSTRUMENTS NORTH CAMPUS,Other,TX,2027,549658.2660319463
1003945,TEXAS INSTRUMENTS NORTH CAMPUS,Other,TX,2028,543713.5205363443
1003949,CITY OF LOGAN LANDFILL,Waste,UT,2024,57128.339551695375
1003949,CITY OF LOGAN LANDFILL,Waste,UT,2025,57130.71729026972
1003949,CITY OF LOGAN LANDFILL,Waste,UT,2026,57133.09512780792
1003949,CITY OF LOGAN LANDFILL,Waste,UT,2027,57135.473064314196
1003949,CITY OF LOGAN LANDFILL,Waste,UT,2028,57137.85109979246
1003954,"CIE Norfolk GNS, LLC",Other,NE,2024,64595.312418422385
1003954,"CIE Norfolk GNS, LLC",Other,NE,2025,64587.09590686035
1003954,"CIE Norfolk GNS, LLC",Other,NE,2026,64578.88044043692
1003954,"CIE Norfolk GNS, LLC",Other,NE,2027,64570.66601901939
1003954,"CIE Norfolk GNS, LLC",Other,NE,2028,64562.45264247459
1003955,OFS GPRP Antelope Hills Gas Plant,Petroleum and Natural Gas Systems,OK,2024,26568.034383525723
1003955,OFS GPRP Antelope Hills Gas Plant,Petroleum and Natural Gas Systems,OK,2025,26205.273101895164
1003955,OFS GPRP Antelope Hills Gas Plant,Petroleum and Natural Gas Systems,OK,2026,25847.464981102527
1003955,OFS GPRP Antelope Hills Gas Plant,Petroleum and Natural Gas Systems,OK,2027,25494.54239043993
1003955,OFS GPRP Antelope Hills Gas Plant,Petroleum and Natural Gas Systems,OK,2028,25146.438622632533
1003962,Cleveland-Cliffs Burns Harbor LLC,Metals,IN,2024,6990558.202313731
1003962,Cleveland-Cliffs Burns Harbor LLC,Metals,IN,2025,6850608.40837471
1003962,Cleveland-Cliffs Burns Harbor LLC,Metals,IN,2026,6713460.385661472
1003962,Cleveland-Cliffs Burns Harbor LLC,Metals,IN,2027,6579058.043187547
1003962,Cleveland-Cliffs Burns Harbor LLC,Metals,IN,2028,6447346.412898525
1003969,COLUMBIA SANITARY LANDFILL,Waste,MO,2024,27097.759593275005
1003969,COLUMBIA SANITARY LANDFILL,Waste,MO,2025,25593.995477971515
1003969,COLUMBIA SANITARY LANDFILL,Waste,MO,2026,24173.681306442595
1003969,COLUMBIA SANITARY LANDFILL,Waste,MO,2027,22832.186104291908
1003969,COLUMBIA SANITARY LANDFILL,Waste,MO,2028,21565.135888594923
1003970,"POET Biorefining Shell Rock, LLC.",Other,IA,2024,177158.37152823008
1003970,"POET Biorefining Shell Rock, LLC.",Other,IA,2025,178709.27095430368
1003970,"POET Biorefining Shell Rock, LLC.",Other,IA,2026,180273.74743580504
1003970,"POET Biorefining Shell Rock, LLC.",Other,IA,2027,181851.91983049668
1003970,"POET Biorefining Shell Rock, LLC.",Other,IA,2028,183443.9080366566
1003975,ASCEND PERFORMANCE MATERIALS OPERATIONS LLC,Other,SC,2024,49180.68289009272
1003975,ASCEND PERFORMANCE MATERIALS OPERATIONS LLC,Other,SC,2025,49293.82850699373
1003975,ASCEND PERFORMANCE MATERIALS OPERATIONS LLC,Other,SC,2026,49407.23442793826
1003975,ASCEND PERFORMANCE MATERIALS OPERATIONS LLC,Other,SC,2027,49520.90125178482
1003975,ASCEND PERFORMANCE MATERIALS OPERATIONS LLC,Other,SC,2028,49634.82957876921
1003978,ENERGY CENTER SAN FRANCISCO,Power Plants,CA,2024,54323.683548403205
1003978,ENERGY CENTER SAN FRANCISCO,Power Plants,CA,2025,53666.44340470777
1003978,ENERGY CENTER SAN FRANCISCO,Power Plants,CA,2026,53017.15494208887
1003978,ENERGY CENTER SAN FRANCISCO,Power Plants,CA,2027,52375.7219563926
1003978,ENERGY CENTER SAN FRANCISCO,Power Plants,CA,2028,51742.04940740013
1003979,CITY OF ELKO MUNICIPAL LANDFILL,Waste,NV,2024,39500.739367450595
1003979,CITY OF ELKO MUNICIPAL LANDFILL,Waste,NV,2025,40678.20054539498
1003979,CITY OF ELKO MUNICIPAL LANDFILL,Waste,NV,2026,41890.76017586888
1003979,CITY OF ELKO MUNICIPAL LANDFILL,Waste,NV,2027,43139.46449410531
1003979,CITY OF ELKO MUNICIPAL LANDFILL,Waste,NV,2028,44425.390922130064
1003981,SMI STEEL LLC,Metals,AL,2024,108849.2959619159
1003981,SMI STEEL LLC,Metals,AL,2025,110835.39670858765
1003981,SMI STEEL LLC,Metals,AL,2026,112857.73651533849
1003981,SMI STEEL LLC,Metals,AL,2027,114916.97661220784
1003981,SMI STEEL LLC,Metals,AL,2028,117013.7902942607
1003993,EL DORADO CHEMICAL COMPANY,Chemicals,AR,2024,1022525.2375202812
1003993,EL DORADO CHEMICAL COMPANY,Chemicals,AR,2025,1069408.489542783
1003993,EL DORADO CHEMICAL COMPANY,Chemicals,AR,2026,1118441.360214831
1003993,EL DORADO CHEMICAL COMPANY,Chemicals,AR,2027,1169722.4105393263
1003993,EL DORADO CHEMICAL COMPANY,Chemicals,AR,2028,1223354.720586435
1003994,"Sawyer Disposal Services, LLC",Waste,ND,2024,21004.512424227676
1003994,"Sawyer Disposal Services, LLC",Waste,ND,2025,20394.260408866823
1003994,"Sawyer Disposal Services, LLC",Waste,ND,2026,19801.73827529187
1003994,"Sawyer Disposal Services, LLC",Waste,ND,2027,19226.430910565487
1003994,"Sawyer Disposal Services, LLC",Waste,ND,2028,18667.838167520647
1004011,KELLER CANYON LANDFILL,Waste,CA,2024,124161.97660537457
1004011,KELLER CANYON LANDFILL,Waste,CA,2025,121401.85464534689
1004011,KELLER CANYON LANDFILL,Waste,CA,2026,118703.09022361344
1004011,KELLER CANYON LANDFILL,Waste,CA,2027,116064.31936149482
1004011,KELLER CANYON LANDFILL,Waste,CA,2028,113484.20840157123
1004014,Jefferson County Landfill No.1,Waste,AL,2024,255096.01467767995
1004014,Jefferson County Landfill No.1,Waste,AL,2025,268402.6060077695
1004014,Jefferson County Landfill No.1,Waste,AL,2026,282403.30999598734
1004014,Jefferson County Landfill No.1,Waste,AL,2027,297134.333689671
1004014,Jefferson County Landfill No.1,Waste,AL,2028,312633.77280690963
1004016,Cleveland Clinic,Other,OH,2024,49503.85995424026
1004016,Cleveland Clinic,Other,OH,2025,48675.19790841305
1004016,Cleveland Clinic,Other,OH,2026,47860.407120035765
1004016,Cleveland Clinic,Other,OH,2027,47059.25539338503
1004016,Cleveland Clinic,Other,OH,2028,46271.514419541
1004018,"MONUMENT CHEMICAL HOUSTON, LLC",Chemicals,TX,2024,60813.721967584024
1004018,"MONUMENT CHEMICAL HOUSTON, LLC",Chemicals,TX,2025,60463.4468704665
1004018,"MONUMENT CHEMICAL HOUSTON, LLC",Chemicals,TX,2026,60115.18928912805
1004018,"MONUMENT CHEMICAL HOUSTON, LLC",Chemicals,TX,2027,59768.93760307428
1004018,"MONUMENT CHEMICAL HOUSTON, LLC",Chemicals,TX,2028,59424.6802587418
1004020,CARMEUSE OHIO INC - MAPLEGROVE LIME PLANT,Minerals,OH,2024,532270.0665122791
1004020,CARMEUSE OHIO INC - MAPLEGROVE LIME PLANT,Minerals,OH,2025,534467.7308304649
1004020,CARMEUSE OHIO INC - MAPLEGROVE LIME PLANT,Minerals,OH,2026,536674.4689793237
1004020,CARMEUSE OHIO INC - MAPLEGROVE LIME PLANT,Minerals,OH,2027,538890.3184233578
1004020,CARMEUSE OHIO INC - MAPLEGROVE LIME PLANT,Minerals,OH,2028,541115.3167817577
1004022,JBS Swift Beef Company - Greeley Plant,Other,CO,2024,55233.82815217609
1004022,JBS Swift Beef Company - Greeley Plant,Other,CO,2025,55056.84233870342
1004022,JBS Swift Beef Company - Greeley Plant,Other,CO,2026,54880.42364105848
1004022,JBS Swift Beef Company - Greeley Plant,Other,CO,2027,54704.57024203141
1004022,JBS Swift Beef Company - Greeley Plant,Other,CO,2028,54529.28033023517
1004024,WESTROCK (DALLAS MILL),Pulp and Paper,TX,2024,32145.68627455606
1004024,WESTROCK (DALLAS MILL),Pulp and Paper,TX,2025,32249.897732008958
1004024,WESTROCK (DALLAS MILL),Pulp and Paper,TX,2026,32354.44702725968
1004024,WESTROCK (DALLAS MILL),Pulp and Paper,TX,2027,32459.33525552756
1004024,WESTROCK (DALLAS MILL),Pulp and Paper,TX,2028,32564.56351558204
1004036,CARPENTER TECHNOLOGY,Metals,PA,2024,154368.25528045025
1004036,CARPENTER TECHNOLOGY,Metals,PA,2025,153686.32395655406
1004036,CARPENTER TECHNOLOGY,Metals,PA,2026,153007.40510649627
1004036,CARPENTER TECHNOLOGY,Metals,PA,2027,152331.4854224872
1004036,CARPENTER TECHNOLOGY,Metals,PA,2028,151658.5516555249
1004039,"Nebraska Corn Processing, LLC",Other,NE,2024,54904.55470160002
1004039,"Nebraska Corn Processing, LLC",Other,NE,2025,55186.06451073075
1004039,"Nebraska Corn Processing, LLC",Other,NE,2026,55469.01769324039
1004039,"Nebraska Corn Processing, LLC",Other,NE,2027,55753.42164967642
1004039,"Nebraska Corn Processing, LLC",Other,NE,2028,56039.28381853084
1004040,TEXAS TECH UNIVERSITY,Other,TX,2024,65326.231903858556
1004040,TEXAS TECH UNIVERSITY,Other,TX,2025,65899.57380144286
1004040,TEXAS TECH UNIVERSITY,Other,TX,2026,66477.9476888103
1004040,TEXAS TECH UNIVERSITY,Other,TX,2027,67061.39772969902
1004040,TEXAS TECH UNIVERSITY,Other,TX,2028,67649.96847545366
1004041,TWIN CHIMNEYS LANDFILL,Waste,SC,2024,143349.63213861117
1004041,TWIN CHIMNEYS LANDFILL,Waste,SC,2025,148408.81756036475
1004041,TWIN CHIMNEYS LANDFILL,Waste,SC,2026,153646.55493757068
1004041,TWIN CHIMNEYS LANDFILL,Waste,SC,2027,159069.14583819624
1004041,TWIN CHIMNEYS LANDFILL,Waste,SC,2028,164683.11422911083
1004044,GRAND FORKS LANDFILL,Waste,ND,2024,36585.48168911485
1004044,GRAND FORKS LANDFILL,Waste,ND,2025,34503.084586080324
1004044,GRAND FORKS LANDFILL,Waste,ND,2026,32539.21476475757
1004044,GRAND FORKS LANDFILL,Waste,ND,2027,30687.125809446377
1004044,GRAND FORKS LANDFILL,Waste,ND,2028,28940.455301482016
1004053,City of Spokane Waste-to-Energy,Waste,WA,2024,95244.22591469246
1004053,City of Spokane Waste-to-Energy,Waste,WA,2025,94616.60377108991
1004053,City of Spokane Waste-to-Energy,Waste,WA,2026,93993.1174115872
1004053,City of Spokane Waste-to-Energy,Waste,WA,2027,93373.73958298718
1004053,City of Spokane Waste-to-Energy,Waste,WA,2028,92758.4432116801
1004055,GEORGIA-PACIFIC TOLEDO LLC,Pulp and Paper,OR,2024,340543.1204803204
1004055,GEORGIA-PACIFIC TOLEDO LLC,Pulp and Paper,OR,2025,341260.40109615127
1004055,GEORGIA-PACIFIC TOLEDO LLC,Pulp and Paper,OR,2026,341979.1925088548
1004055,GEORGIA-PACIFIC TOLEDO LLC,Pulp and Paper,OR,2027,342699.4979006017
1004055,GEORGIA-PACIFIC TOLEDO LLC,Pulp and Paper,OR,2028,343421.3204602593
1004056,LA PAZ COUNTY LANDFILL,Waste,AZ,2024,44782.092488238806
1004056,LA PAZ COUNTY LANDFILL,Waste,AZ,2025,44683.43357638339
1004056,LA PAZ COUNTY LANDFILL,Waste,AZ,2026,44584.99201883965
1004056,LA PAZ COUNTY LANDFILL,Waste,AZ,2027,44486.76733675674
1004056,LA PAZ COUNTY LANDFILL,Waste,AZ,2028,44388.75905233899
1004057,DANC SOLID WASTE MANAGEMENT FACILITY,Waste,NY,2024,47369.08317745328
1004057,DANC SOLID WASTE MANAGEMENT FACILITY,Waste,NY,2025,46636.657049131056
1004057,DANC SOLID WASTE MANAGEMENT FACILITY,Waste,NY,2026,45915.55577654741
1004057,DANC SOLID WASTE MANAGEMENT FACILITY,Waste,NY,2027,45205.60425350035
1004057,DANC SOLID WASTE MANAGEMENT FACILITY,Waste,NY,2028,44506.63008129992
1004062,US MARINE CORPS BASE CAMP LEJEUNE,Waste,NC,2024,77247.43196551238
1004062,US MARINE CORPS BASE CAMP LEJEUNE,Waste,NC,2025,73031.3123800854
1004062,US MARINE CORPS BASE CAMP LEJEUNE,Waste,NC,2026,69045.30613184413
1004062,US MARINE CORPS BASE CAMP LEJEUNE,Waste,NC,2027,65276.853769644644
1004062,US MARINE CORPS BASE CAMP LEJEUNE,Waste,NC,2028,61714.081329829
1004071,CONTINENTAL CARBON Sunray Plant,Chemicals,TX,2024,161512.1566898098
1004071,CONTINENTAL CARBON Sunray Plant,Chemicals,TX,2025,163145.69234456602
1004071,CONTINENTAL CARBON Sunray Plant,Chemicals,TX,2026,164795.74959614844
1004071,CONTINENTAL CARBON Sunray Plant,Chemicals,TX,2027,166462.49554416176
1004071,CONTINENTAL CARBON Sunray Plant,Chemicals,TX,2028,168146.09897825666
1004074,ENOREE LANDFILL,Waste,SC,2024,59393.57377477592
1004074,ENOREE LANDFILL,Waste,SC,2025,56057.02400530976
1004074,ENOREE LANDFILL,Waste,SC,2026,52907.911422336874
1004074,ENOREE LANDFILL,Waste,SC,2027,49935.706376576345
1004074,ENOREE LANDFILL,Waste,SC,2028,47130.47074231897
1004079,Poet Biorefining Fairbank LLC,Other,IA,2024,191307.0225235889
1004079,Poet Biorefining Fairbank LLC,Other,IA,2025,194272.33968988893
1004079,Poet Biorefining Fairbank LLC,Other,IA,2026,197283.62017620038
1004079,Poet Biorefining Fairbank LLC,Other,IA,2027,200341.57642799505
1004079,Poet Biorefining Fairbank LLC,Other,IA,2028,203446.93193386635
1004085,Fuyao Glass Illinois Inc.,Minerals,IL,2024,224749.7408929436
1004085,Fuyao Glass Illinois Inc.,Minerals,IL,2025,242477.7771358405
1004085,Fuyao Glass Illinois Inc.,Minerals,IL,2026,261604.18326241692
1004085,Fuyao Glass Illinois Inc.,Minerals,IL,2027,282239.26129963115
1004085,Fuyao Glass Illinois Inc.,Minerals,IL,2028,304502.0137887282
1004091,"BONANZA BIOENERGY, LLC",Other,KS,2024,54838.23521652596
1004091,"BONANZA BIOENERGY, LLC",Other,KS,2025,54670.80852007088
1004091,"BONANZA BIOENERGY, LLC",Other,KS,2026,54503.89299430838
1004091,"BONANZA BIOENERGY, LLC",Other,KS,2027,54337.48707858285
1004091,"BONANZA BIOENERGY, LLC",Other,KS,2028,54171.58921700285
1004094,WHEELABRATOR BALTIMORE LP,Waste,MD,2024,261796.23162081637
1004094,WHEELABRATOR BALTIMORE LP,Waste,MD,2025,259750.8588655545
1004094,WHEELABRATOR BALTIMORE LP,Waste,MD,2026,257721.46628572172
1004094,WHEELABRATOR BALTIMORE LP,Waste,MD,2027,255707.92903072236
1004094,WHEELABRATOR BALTIMORE LP,Waste,MD,2028,253710.12322539891
1004097,"MARTIN MARIETTA MAGNESIA SPECIALTIES, LLC",Minerals,OH,2024,1354851.7283851255
1004097,"MARTIN MARIETTA MAGNESIA SPECIALTIES, LLC",Minerals,OH,2025,1364007.8295308598
1004097,"MARTIN MARIETTA MAGNESIA SPECIALTIES, LLC",Minerals,OH,2026,1373225.807697108
1004097,"MARTIN MARIETTA MAGNESIA SPECIALTIES, LLC",Minerals,OH,2027,1382506.0810493764
1004097,"MARTIN MARIETTA MAGNESIA SPECIALTIES, LLC",Minerals,OH,2028,1391849.0705791372
1004098,"MARCAL MANUFACTURING, LLC.",Pulp and Paper,NJ,2024,32092.694959409106
1004098,"MARCAL MANUFACTURING, LLC.",Pulp and Paper,NJ,2025,30328.96577066063
1004098,"MARCAL MANUFACTURING, LLC.",Pulp and Paper,NJ,2026,28662.166448823446
1004098,"MARCAL MANUFACTURING, LLC.",Pulp and Paper,NJ,2027,27086.96998612389
1004098,"MARCAL MANUFACTURING, LLC.",Pulp and Paper,NJ,2028,25598.34213297205
1004099,CHARLESTON COUNTY LANDFILL,Waste,SC,2024,125826.46053410081
1004099,CHARLESTON COUNTY LANDFILL,Waste,SC,2025,126824.6763099333
1004099,CHARLESTON COUNTY LANDFILL,Waste,SC,2026,127830.81120493088
1004099,CHARLESTON COUNTY LANDFILL,Waste,SC,2027,128844.92804363546
1004099,CHARLESTON COUNTY LANDFILL,Waste,SC,2028,129867.09014899249
1004102,VANDERBILT UNIVERSITY,Other,TN,2024,119993.78864062009
1004102,VANDERBILT UNIVERSITY,Other,TN,2025,118285.10662916952
1004102,VANDERBILT UNIVERSITY,Other,TN,2026,116600.75582893669
1004102,VANDERBILT UNIVERSITY,Other,TN,2027,114940.38976946365
1004102,VANDERBILT UNIVERSITY,Other,TN,2028,113303.66691394629
1004103,"POET RESEARCH CENTER, INC.",Other,SD,2024,15927.965643427135
1004103,"POET RESEARCH CENTER, INC.",Other,SD,2025,15653.479032901289
1004103,"POET RESEARCH CENTER, INC.",Other,SD,2026,15383.722649765721
1004103,"POET RESEARCH CENTER, INC.",Other,SD,2027,15118.6149780182
1004103,"POET RESEARCH CENTER, INC.",Other,SD,2028,14858.075906421545
1004105,"BUNGE NORTH AMERICA, INC.",Other,KS,2024,34379.21256542649
1004105,"BUNGE NORTH AMERICA, INC.",Other,KS,2025,34924.6900666561
1004105,"BUNGE NORTH AMERICA, INC.",Other,KS,2026,35478.82238229658
1004105,"BUNGE NORTH AMERICA, INC.",Other,KS,2027,36041.746833891695
1004105,"BUNGE NORTH AMERICA, INC.",Other,KS,2028,36613.60292179612
1004110,West Frenchie Draw Amine Plant,Petroleum and Natural Gas Systems,WY,2024,29933.660484228534
1004110,West Frenchie Draw Amine Plant,Petroleum and Natural Gas Systems,WY,2025,29080.175992217908
1004110,West Frenchie Draw Amine Plant,Petroleum and Natural Gas Systems,WY,2026,28251.026505225625
1004110,West Frenchie Draw Amine Plant,Petroleum and Natural Gas Systems,WY,2027,27445.51817061031
1004110,West Frenchie Draw Amine Plant,Petroleum and Natural Gas Systems,WY,2028,26662.976919226938
1004119,HAROLD J LANDRY LANDFILL,Waste,LA,2024,116152.91477730665
1004119,HAROLD J LANDRY LANDFILL,Waste,LA,2025,117458.96107320882
1004119,HAROLD J LANDRY LANDFILL,Waste,LA,2026,118779.69281140325
1004119,HAROLD J LANDRY LANDFILL,Waste,LA,2027,120115.27511790117
1004119,HAROLD J LANDRY LANDFILL,Waste,LA,2028,121465.87497542346
1004130,HOUSTON REFINING,Petroleum Product Suppliers,TX,2024,1880674.8774747727
1004130,HOUSTON REFINING,Petroleum Product Suppliers,TX,2025,1873947.889595266
1004130,HOUSTON REFINING,Petroleum Product Suppliers,TX,2026,1867244.9634855348
1004130,HOUSTON REFINING,Petroleum Product Suppliers,TX,2027,1860566.0130790141
1004130,HOUSTON REFINING,Petroleum Product Suppliers,TX,2028,1853910.9526169896
1004132,CITY OF FLAGSTAFF - CINDER LAKE LANDFILL,Waste,AZ,2024,96423.73202708917
1004132,CITY OF FLAGSTAFF - CINDER LAKE LANDFILL,Waste,AZ,2025,97325.17918283874
1004132,CITY OF FLAGSTAFF - CINDER LAKE LANDFILL,Waste,AZ,2026,98235.05379682423
1004132,CITY OF FLAGSTAFF - CINDER LAKE LANDFILL,Waste,AZ,2027,99153.43465575193
1004132,CITY OF FLAGSTAFF - CINDER LAKE LANDFILL,Waste,AZ,2028,100080.40128289013
1004136,COVATION BIOMATERIALS KINSTON SITE,Other,NC,2024,37773.77432636984
1004136,COVATION BIOMATERIALS KINSTON SITE,Other,NC,2025,37884.30053991275
1004136,COVATION BIOMATERIALS KINSTON SITE,Other,NC,2026,37995.15015359499
1004136,COVATION BIOMATERIALS KINSTON SITE,Other,NC,2027,38106.32411368664
1004136,COVATION BIOMATERIALS KINSTON SITE,Other,NC,2028,38217.823369226535
1004144,XTO - New Teague Plant,Petroleum and Natural Gas Systems,TX,2024,44958.590501752355
1004144,XTO - New Teague Plant,Petroleum and Natural Gas Systems,TX,2025,43643.503600165765
1004144,XTO - New Teague Plant,Petroleum and Natural Gas Systems,TX,2026,42366.88439828727
1004144,XTO - New Teague Plant,Petroleum and Natural Gas Systems,TX,2027,41127.60767471985
1004144,XTO - New Teague Plant,Petroleum and Natural Gas Systems,TX,2028,39924.5811219966
1004149,PORTER LANDFILL,Waste,OK,2024,25706.79502575896
1004149,PORTER LANDFILL,Waste,OK,2025,24276.62757199423
1004149,PORTER LANDFILL,Waste,OK,2026,22926.025810637228
1004149,PORTER LANDFILL,Waste,OK,2027,21650.56319751537
1004149,PORTER LANDFILL,Waste,OK,2028,20446.059454060145
1004152,NUCOR STEEL BIRMINGHAM INC,Metals,AL,2024,86726.81134801288
1004152,NUCOR STEEL BIRMINGHAM INC,Metals,AL,2025,89815.99956674111
1004152,NUCOR STEEL BIRMINGHAM INC,Metals,AL,2026,93015.22392887644
1004152,NUCOR STEEL BIRMINGHAM INC,Metals,AL,2027,96328.40389545476
1004152,NUCOR STEEL BIRMINGHAM INC,Metals,AL,2028,99759.59853777383
1004155,SUBARU of INDIANA AUTOMOTIVE INCORPORATED,Other,IN,2024,50884.115544173066
1004155,SUBARU of INDIANA AUTOMOTIVE INCORPORATED,Other,IN,2025,51902.88856375719
1004155,SUBARU of INDIANA AUTOMOTIVE INCORPORATED,Other,IN,2026,52942.05888128642
1004155,SUBARU of INDIANA AUTOMOTIVE INCORPORATED,Other,IN,2027,54002.03487993901
1004155,SUBARU of INDIANA AUTOMOTIVE INCORPORATED,Other,IN,2028,55083.23311931015
1004161,COLUMBIA GAS FILES CREEK COMPRESSOR STATION,Petroleum and Natural Gas Systems,WV,2024,62477.63248618979
1004161,COLUMBIA GAS FILES CREEK COMPRESSOR STATION,Petroleum and Natural Gas Systems,WV,2025,65247.20139309085
1004161,COLUMBIA GAS FILES CREEK COMPRESSOR STATION,Petroleum and Natural Gas Systems,WV,2026,68139.54242858947
1004161,COLUMBIA GAS FILES CREEK COMPRESSOR STATION,Petroleum and Natural Gas Systems,WV,2027,71160.09795431944
1004161,COLUMBIA GAS FILES CREEK COMPRESSOR STATION,Petroleum and Natural Gas Systems,WV,2028,74314.55158618317
1004165,"IROQUOIS GAS TRANSMISSION SYSTEM, L.P. - BROOKFIELD COMPRESSOR STATION",Petroleum and Natural Gas Systems,CT,2024,52090.53914385027
1004165,"IROQUOIS GAS TRANSMISSION SYSTEM, L.P. - BROOKFIELD COMPRESSOR STATION",Petroleum and Natural Gas Systems,CT,2025,52283.59562372378
1004165,"IROQUOIS GAS TRANSMISSION SYSTEM, L.P. - BROOKFIELD COMPRESSOR STATION",Petroleum and Natural Gas Systems,CT,2026,52477.36760405147
1004165,"IROQUOIS GAS TRANSMISSION SYSTEM, L.P. - BROOKFIELD COMPRESSOR STATION",Petroleum and Natural Gas Systems,CT,2027,52671.85773660094
1004165,"IROQUOIS GAS TRANSMISSION SYSTEM, L.P. - BROOKFIELD COMPRESSOR STATION",Petroleum and Natural Gas Systems,CT,2028,52867.06868296762
1004168,COLUMBIA GULF TRANSMISSION CO - DELHI COMPRESSOR STATION,Petroleum and Natural Gas Systems,LA,2024,146374.82673170973
1004168,COLUMBIA GULF TRANSMISSION CO - DELHI COMPRESSOR STATION,Petroleum and Natural Gas Systems,LA,2025,167161.294257965
1004168,COLUMBIA GULF TRANSMISSION CO - DELHI COMPRESSOR STATION,Petroleum and Natural Gas Systems,LA,2026,190899.6165659989
1004168,COLUMBIA GULF TRANSMISSION CO - DELHI COMPRESSOR STATION,Petroleum and Natural Gas Systems,LA,2027,218008.98208413433
1004168,COLUMBIA GULF TRANSMISSION CO - DELHI COMPRESSOR STATION,Petroleum and Natural Gas Systems,LA,2028,248968.1075547304
1004171,BALL STATE UNIVERSITY,Other,IN,2024,17322.627666716027
1004171,BALL STATE UNIVERSITY,Other,IN,2025,16002.41897017646
1004171,BALL STATE UNIVERSITY,Other,IN,2026,14782.827283709054
1004171,BALL STATE UNIVERSITY,Other,IN,2027,13656.184287341115
1004171,BALL STATE UNIVERSITY,Other,IN,2028,12615.40608644863
1004174,NEVADA CEMENT COMPANY,Minerals,NV,2024,362462.5494285086
1004174,NEVADA CEMENT COMPANY,Minerals,NV,2025,357746.1771190995
1004174,NEVADA CEMENT COMPANY,Minerals,NV,2026,353091.17437130725
1004174,NEVADA CEMENT COMPANY,Minerals,NV,2027,348496.7426427679
1004174,NEVADA CEMENT COMPANY,Minerals,NV,2028,343962.0937817721
1004183,"CF Industries Nitrogen, LLC - Yazoo City Facility",Chemicals,MS,2024,2339496.413227422
1004183,"CF Industries Nitrogen, LLC - Yazoo City Facility",Chemicals,MS,2025,2356005.3147838735
1004183,"CF Industries Nitrogen, LLC - Yazoo City Facility",Chemicals,MS,2026,2372630.71313384
1004183,"CF Industries Nitrogen, LLC - Yazoo City Facility",Chemicals,MS,2027,2389373.4303491674
1004183,"CF Industries Nitrogen, LLC - Yazoo City Facility",Chemicals,MS,2028,2406234.2943027085
1004187,"Carmeuse Lime, Inc. Buffington",Minerals,IN,2024,833184.7411830034
1004187,"Carmeuse Lime, Inc. Buffington",Minerals,IN,2025,820071.2381223015
1004187,"Carmeuse Lime, Inc. Buffington",Minerals,IN,2026,807164.1286187808
1004187,"Carmeuse Lime, Inc. Buffington",Minerals,IN,2027,794460.1642421606
1004187,"Carmeuse Lime, Inc. Buffington",Minerals,IN,2028,781956.1476892361
1004191,NOVELIS ALUMINUM CORPORATION,Metals,KY,2024,52578.55103336289
1004191,NOVELIS ALUMINUM CORPORATION,Metals,KY,2025,52690.98184377466
1004191,NOVELIS ALUMINUM CORPORATION,Metals,KY,2026,52803.6530694675
1004191,NOVELIS ALUMINUM CORPORATION,Metals,KY,2027,52916.56522453108
1004191,NOVELIS ALUMINUM CORPORATION,Metals,KY,2028,53029.71882415427
1004205,"CAMPBELL SOUP SUPPLY COMPANY, LLC DBA DIXON CANNING CORP.",Other,CA,2024,35181.22551604684
1004205,"CAMPBELL SOUP SUPPLY COMPANY, LLC DBA DIXON CANNING CORP.",Other,CA,2025,35016.33461958326
1004205,"CAMPBELL SOUP SUPPLY COMPANY, LLC DBA DIXON CANNING CORP.",Other,CA,2026,34852.21655031195
1004205,"CAMPBELL SOUP SUPPLY COMPANY, LLC DBA DIXON CANNING CORP.",Other,CA,2027,34688.86768606904
1004205,"CAMPBELL SOUP SUPPLY COMPANY, LLC DBA DIXON CANNING CORP.",Other,CA,2028,34526.28442166701
1004206,3M Chemical Operations' Decatur Facility,Chemicals,AL,2024,38869.33308836017
1004206,3M Chemical Operations' Decatur Facility,Chemicals,AL,2025,37624.13472555017
1004206,3M Chemical Operations' Decatur Facility,Chemicals,AL,2026,36418.82690985137
1004206,3M Chemical Operations' Decatur Facility,Chemicals,AL,2027,35252.13172780339
1004206,3M Chemical Operations' Decatur Facility,Chemicals,AL,2028,34122.8122045371
1004211,HF Sinclair Puget Sound Refining LLC,Petroleum Product Suppliers,WA,2024,1756405.677520261
1004211,HF Sinclair Puget Sound Refining LLC,Petroleum Product Suppliers,WA,2025,1736199.5348696948
1004211,HF Sinclair Puget Sound Refining LLC,Petroleum Product Suppliers,WA,2026,1716225.848881066
1004211,HF Sinclair Puget Sound Refining LLC,Petroleum Product Suppliers,WA,2027,1696481.9453131557
1004211,HF Sinclair Puget Sound Refining LLC,Petroleum Product Suppliers,WA,2028,1676965.180689897
1004220,COOPER TIRE AND RUBBER CO *,Other,OH,2024,47898.67256108532
1004220,COOPER TIRE AND RUBBER CO *,Other,OH,2025,50448.086304687175
1004220,COOPER TIRE AND RUBBER CO *,Other,OH,2026,53133.19296186137
1004220,COOPER TIRE AND RUBBER CO *,Other,OH,2027,55961.214807470315
1004220,COOPER TIRE AND RUBBER CO *,Other,OH,2028,58939.75852299541
1004222,Essity Professional Hygiene North America LLC,Pulp and Paper,WI,2024,64518.375426774764
1004222,Essity Professional Hygiene North America LLC,Pulp and Paper,WI,2025,62998.51535573165
1004222,Essity Professional Hygiene North America LLC,Pulp and Paper,WI,2026,61514.45864489816
1004222,Essity Professional Hygiene North America LLC,Pulp and Paper,WI,2027,60065.361874128976
1004222,Essity Professional Hygiene North America LLC,Pulp and Paper,WI,2028,58650.40149173588
1004223,CLOVIS REGIONAL SOLID WASTE FACILITY,Waste,NM,2024,45291.25110262282
1004223,CLOVIS REGIONAL SOLID WASTE FACILITY,Waste,NM,2025,45647.30156905255
1004223,CLOVIS REGIONAL SOLID WASTE FACILITY,Waste,NM,2026,46006.15107352072
1004223,CLOVIS REGIONAL SOLID WASTE FACILITY,Waste,NM,2027,46367.82162025055
1004223,CLOVIS REGIONAL SOLID WASTE FACILITY,Waste,NM,2028,46732.335386448205
1004225,Cardinal FG Company,Minerals,WA,2024,106099.98964098596
1004225,Cardinal FG Company,Minerals,WA,2025,106438.19512719095
1004225,Cardinal FG Company,Minerals,WA,2026,106777.47868089893
1004225,Cardinal FG Company,Minerals,WA,2027,107117.84373856985
1004225,Cardinal FG Company,Minerals,WA,2028,107459.29374761715
1004230,"POET Biorefining - Preston, LLC",Other,MN,2024,90940.58367693615
1004230,"POET Biorefining - Preston, LLC",Other,MN,2025,101487.16526074152
1004230,"POET Biorefining - Preston, LLC",Other,MN,2026,113256.85734820263
1004230,"POET Biorefining - Preston, LLC",Other,MN,2027,126391.50678251433
1004230,"POET Biorefining - Preston, LLC",Other,MN,2028,141049.41070049768
1004233,"Atlantis, MMS Platform ID 02481, Complex ID 1223-1",Petroleum and Natural Gas Systems,LA,2024,239974.04261092911
1004233,"Atlantis, MMS Platform ID 02481, Complex ID 1223-1",Petroleum and Natural Gas Systems,LA,2025,240751.38354753767
1004233,"Atlantis, MMS Platform ID 02481, Complex ID 1223-1",Petroleum and Natural Gas Systems,LA,2026,241531.2425020329
1004233,"Atlantis, MMS Platform ID 02481, Complex ID 1223-1",Petroleum and Natural Gas Systems,LA,2027,242313.6276309577
1004233,"Atlantis, MMS Platform ID 02481, Complex ID 1223-1",Petroleum and Natural Gas Systems,LA,2028,243098.5471172746
1004239,UTILITY PLANTS SECTION,Power Plants,AK,2024,275709.47949799366
1004239,UTILITY PLANTS SECTION,Power Plants,AK,2025,266245.91996141634
1004239,UTILITY PLANTS SECTION,Power Plants,AK,2026,257107.19132751797
1004239,UTILITY PLANTS SECTION,Power Plants,AK,2027,248282.1439739037
1004239,UTILITY PLANTS SECTION,Power Plants,AK,2028,239760.01098216086
1004244,WHEELABRATOR WESTCHESTER LP,Waste,NY,2024,266343.90373151854
1004244,WHEELABRATOR WESTCHESTER LP,Waste,NY,2025,266915.5240338059
1004244,WHEELABRATOR WESTCHESTER LP,Waste,NY,2026,267488.3711325973
1004244,WHEELABRATOR WESTCHESTER LP,Waste,NY,2027,268062.4476608119
1004244,WHEELABRATOR WESTCHESTER LP,Waste,NY,2028,268637.7562570177
1004249,MERCEDES-BENZ US INTERNATIONAL INC,Other,AL,2024,45302.51107924767
1004249,MERCEDES-BENZ US INTERNATIONAL INC,Other,AL,2025,45251.92001322198
1004249,MERCEDES-BENZ US INTERNATIONAL INC,Other,AL,2026,45201.38544419606
1004249,MERCEDES-BENZ US INTERNATIONAL INC,Other,AL,2027,45150.90730907761
1004249,MERCEDES-BENZ US INTERNATIONAL INC,Other,AL,2028,45100.48554484469
1004252,JOHNSTON COUNTY MSW LANDFILL,Waste,NC,2024,105125.70143599839
1004252,JOHNSTON COUNTY MSW LANDFILL,Waste,NC,2025,111811.45360004163
1004252,JOHNSTON COUNTY MSW LANDFILL,Waste,NC,2026,118922.40418262978
1004252,JOHNSTON COUNTY MSW LANDFILL,Waste,NC,2027,126485.5948225638
1004252,JOHNSTON COUNTY MSW LANDFILL,Waste,NC,2028,134529.78694450742
1004254,CAMPBELL SOUP COMPANY (0335010105),Other,OH,2024,77823.35384236994
1004254,CAMPBELL SOUP COMPANY (0335010105),Other,OH,2025,77553.66815955997
1004254,CAMPBELL SOUP COMPANY (0335010105),Other,OH,2026,77284.91703384515
1004254,CAMPBELL SOUP COMPANY (0335010105),Other,OH,2027,77017.09722665191
1004254,CAMPBELL SOUP COMPANY (0335010105),Other,OH,2028,76750.20551062933
1004259,STRUCTURAL METALS INC,Metals,TX,2024,223777.20540988824
1004259,STRUCTURAL METALS INC,Metals,TX,2025,227898.7356089296
1004259,STRUCTURAL METALS INC,Metals,TX,2026,232096.1761811942
1004259,STRUCTURAL METALS INC,Metals,TX,2027,236370.92524448977
1004259,STRUCTURAL METALS INC,Metals,TX,2028,240724.40666716627
1004266,UNIVERSITY OF CONNECTICUT,Other,CT,2024,99717.53807427062
1004266,UNIVERSITY OF CONNECTICUT,Other,CT,2025,99944.86950450737
1004266,UNIVERSITY OF CONNECTICUT,Other,CT,2026,100172.71919442213
1004266,UNIVERSITY OF CONNECTICUT,Other,CT,2027,100401.08832551932
1004266,UNIVERSITY OF CONNECTICUT,Other,CT,2028,100629.97808199674
1004269,Spearman Gas Processing Plant,Petroleum and Natural Gas Systems,TX,2024,38285.9085143945
1004269,Spearman Gas Processing Plant,Petroleum and Natural Gas Systems,TX,2025,36010.52580361055
1004269,Spearman Gas Processing Plant,Petroleum and Natural Gas Systems,TX,2026,33870.372128297655
1004269,Spearman Gas Processing Plant,Petroleum and Natural Gas Systems,TX,2027,31857.4106461489
1004269,Spearman Gas Processing Plant,Petroleum and Natural Gas Systems,TX,2028,29964.08215513659
1004270,CAPITOL CEMENT PLANT,Minerals,TX,2024,473659.5022082261
1004270,CAPITOL CEMENT PLANT,Minerals,TX,2025,473314.5530550732
1004270,CAPITOL CEMENT PLANT,Minerals,TX,2026,472969.85511596175
1004270,CAPITOL CEMENT PLANT,Minerals,TX,2027,472625.40820794343
1004270,CAPITOL CEMENT PLANT,Minerals,TX,2028,472281.21214820043
1004271,WESTERN ILLINOIS UNIVERSITY,Other,IL,2024,21673.662857779396
1004271,WESTERN ILLINOIS UNIVERSITY,Other,IL,2025,20966.036223195853
1004271,WESTERN ILLINOIS UNIVERSITY,Other,IL,2026,20281.51299560249
1004271,WESTERN ILLINOIS UNIVERSITY,Other,IL,2027,19619.33886843647
1004271,WESTERN ILLINOIS UNIVERSITY,Other,IL,2028,18978.784162601714
1004272,PG&E HINKLEY COMPRESSOR STATION,Petroleum and Natural Gas Systems,CA,2024,56437.58305137154
1004272,PG&E HINKLEY COMPRESSOR STATION,Petroleum and Natural Gas Systems,CA,2025,55416.290684976244
1004272,PG&E HINKLEY COMPRESSOR STATION,Petroleum and Natural Gas Systems,CA,2026,54413.47958658127
1004272,PG&E HINKLEY COMPRESSOR STATION,Petroleum and Natural Gas Systems,CA,2027,53428.8153198606
1004272,PG&E HINKLEY COMPRESSOR STATION,Petroleum and Natural Gas Systems,CA,2028,52461.96950043476
1004274,FutureFuel Chemical Company,Chemicals,AR,2024,160073.1089034634
1004274,FutureFuel Chemical Company,Chemicals,AR,2025,159482.39876939077
1004274,FutureFuel Chemical Company,Chemicals,AR,2026,158893.86850465936
1004274,FutureFuel Chemical Company,Chemicals,AR,2027,158307.5100650022
1004274,FutureFuel Chemical Company,Chemicals,AR,2028,157723.31543583656
1004276,CHS-Rochelle,Other,IL,2024,196220.9622016809
1004276,CHS-Rochelle,Other,IL,2025,197929.4245461339
1004276,CHS-Rochelle,Other,IL,2026,199652.7621799015
1004276,CHS-Rochelle,Other,IL,2027,201391.10461958332
1004276,CHS-Rochelle,Other,IL,2028,203144.58250945644
1004279,"WHEELABRATOR GLOUCESTER COMPANY, L.P.",Waste,NJ,2024,61335.45046034213
1004279,"WHEELABRATOR GLOUCESTER COMPANY, L.P.",Waste,NJ,2025,61051.13686567706
1004279,"WHEELABRATOR GLOUCESTER COMPANY, L.P.",Waste,NJ,2026,60768.14117476104
1004279,"WHEELABRATOR GLOUCESTER COMPANY, L.P.",Waste,NJ,2027,60486.45727859931
1004279,"WHEELABRATOR GLOUCESTER COMPANY, L.P.",Waste,NJ,2028,60206.07909651433
1004283,Wheelabrator Bridgeport L.P.,Waste,CT,2024,297685.70904383645
1004283,Wheelabrator Bridgeport L.P.,Waste,CT,2025,300740.1563281003
1004283,Wheelabrator Bridgeport L.P.,Waste,CT,2026,303825.9442106156
1004283,Wheelabrator Bridgeport L.P.,Waste,CT,2027,306943.3942661254
1004283,Wheelabrator Bridgeport L.P.,Waste,CT,2028,310092.8313689352
1004288,PINNACLE ETHANOL LLC d/b/a POET BIOREFINING - CORNING,Other,IA,2024,112426.62502458337
1004288,PINNACLE ETHANOL LLC d/b/a POET BIOREFINING - CORNING,Other,IA,2025,112939.28444401926
1004288,PINNACLE ETHANOL LLC d/b/a POET BIOREFINING - CORNING,Other,IA,2026,113454.28156309041
1004288,PINNACLE ETHANOL LLC d/b/a POET BIOREFINING - CORNING,Other,IA,2027,113971.627041583
1004288,PINNACLE ETHANOL LLC d/b/a POET BIOREFINING - CORNING,Other,IA,2028,114491.33158789044
1004291,HF SINCLAIR EL DORADO REFINING LLC,Chemicals,KS,2024,1773449.811526583
1004291,HF SINCLAIR EL DORADO REFINING LLC,Chemicals,KS,2025,1790392.7022494397
1004291,HF SINCLAIR EL DORADO REFINING LLC,Chemicals,KS,2026,1807497.4591520864
1004291,HF SINCLAIR EL DORADO REFINING LLC,Chemicals,KS,2027,1824765.628644799
1004291,HF SINCLAIR EL DORADO REFINING LLC,Chemicals,KS,2028,1842198.77191167
1004292,Weyerhaeuser NR- Columbia Falls,Other,MT,2024,39385.8069436608
1004292,Weyerhaeuser NR- Columbia Falls,Other,MT,2025,40210.56434296513
1004292,Weyerhaeuser NR- Columbia Falls,Other,MT,2026,41052.59255174355
1004292,Weyerhaeuser NR- Columbia Falls,Other,MT,2027,41912.25322890352
1004292,Weyerhaeuser NR- Columbia Falls,Other,MT,2028,42789.915606660536
1004295,PRATT & WHITNEY MIDDLETOWN,Other,CT,2024,32334.98822306171
1004295,PRATT & WHITNEY MIDDLETOWN,Other,CT,2025,32079.689792704135
1004295,PRATT & WHITNEY MIDDLETOWN,Other,CT,2026,31826.40705160829
1004295,PRATT & WHITNEY MIDDLETOWN,Other,CT,2027,31575.124085053754
1004295,PRATT & WHITNEY MIDDLETOWN,Other,CT,2028,31325.825103973177
1004300,Onsemi East Fishkill Facility,Other,NY,2024,139611.05310151997
1004300,Onsemi East Fishkill Facility,Other,NY,2025,139219.9030923938
1004300,Onsemi East Fishkill Facility,Other,NY,2026,138829.84897307155
1004300,Onsemi East Fishkill Facility,Other,NY,2027,138440.8876731857
1004300,Onsemi East Fishkill Facility,Other,NY,2028,138053.01613097033
1004302,Beaver Gas Plant,Petroleum and Natural Gas Systems,OK,2024,44377.69456115152
1004302,Beaver Gas Plant,Petroleum and Natural Gas Systems,OK,2025,41407.391239020966
1004302,Beaver Gas Plant,Petroleum and Natural Gas Systems,OK,2026,38635.89729427473
1004302,Beaver Gas Plant,Petroleum and Natural Gas Systems,OK,2027,36049.905948362386
1004302,Beaver Gas Plant,Petroleum and Natural Gas Systems,OK,2028,33637.001076673645
1004305,Phillips 66 BAYWAY REFINERY,Chemicals,NJ,2024,2245190.6177341244
1004305,Phillips 66 BAYWAY REFINERY,Chemicals,NJ,2025,2230489.7237097
1004305,Phillips 66 BAYWAY REFINERY,Chemicals,NJ,2026,2215885.0871181195
1004305,Phillips 66 BAYWAY REFINERY,Chemicals,NJ,2027,2201376.0776920547
1004305,Phillips 66 BAYWAY REFINERY,Chemicals,NJ,2028,2186962.0692909667
1004307,ALBEMARLE CORPORATION-SOUTH PLANT,Chemicals,AR,2024,75043.1529181258
1004307,ALBEMARLE CORPORATION-SOUTH PLANT,Chemicals,AR,2025,74553.41856316553
1004307,ALBEMARLE CORPORATION-SOUTH PLANT,Chemicals,AR,2026,74066.88023248066
1004307,ALBEMARLE CORPORATION-SOUTH PLANT,Chemicals,AR,2027,73583.51706870037
1004307,ALBEMARLE CORPORATION-SOUTH PLANT,Chemicals,AR,2028,73103.3083505689
1004313,Worthington Landfill,Waste,IN,2024,32379.413940098588
1004313,Worthington Landfill,Waste,IN,2025,30250.376802003368
1004313,Worthington Landfill,Waste,IN,2026,28261.329817645154
1004313,Worthington Landfill,Waste,IN,2027,26403.068242403646
1004313,Worthington Landfill,Waste,IN,2028,24666.992569393216
1004315,"MITSUBISHI CHEMICAL AMERICA, INC. - POLYESTER FILM DIVISION",Other,SC,2024,31893.426823202022
1004315,"MITSUBISHI CHEMICAL AMERICA, INC. - POLYESTER FILM DIVISION",Other,SC,2025,31285.826560860267
1004315,"MITSUBISHI CHEMICAL AMERICA, INC. - POLYESTER FILM DIVISION",Other,SC,2026,30689.801664215047
1004315,"MITSUBISHI CHEMICAL AMERICA, INC. - POLYESTER FILM DIVISION",Other,SC,2027,30105.131611487137
1004315,"MITSUBISHI CHEMICAL AMERICA, INC. - POLYESTER FILM DIVISION",Other,SC,2028,29531.600082047695
1004317,General Motors LLC Wentzville,Other,MO,2024,64371.02714329134
1004317,General Motors LLC Wentzville,Other,MO,2025,61658.461415105776
1004317,General Motors LLC Wentzville,Other,MO,2026,59060.20196967286
1004317,General Motors LLC Wentzville,Other,MO,2027,56571.43199236563
1004317,General Motors LLC Wentzville,Other,MO,2028,54187.537646928315
1004325,"MICRON TECHNOLOGY, INC.",Other,ID,2024,59117.89902587208
1004325,"MICRON TECHNOLOGY, INC.",Other,ID,2025,58416.1042041397
1004325,"MICRON TECHNOLOGY, INC.",Other,ID,2026,57722.64046284015
1004325,"MICRON TECHNOLOGY, INC.",Other,ID,2027,57037.40890283811
1004325,"MICRON TECHNOLOGY, INC.",Other,ID,2028,56360.31179903995
1004328,JANESVILLE CITY/ROCK COUNTY LANDFILL,Waste,WI,2024,151650.91642150944
1004328,JANESVILLE CITY/ROCK COUNTY LANDFILL,Waste,WI,2025,159746.50562038954
1004328,JANESVILLE CITY/ROCK COUNTY LANDFILL,Waste,WI,2026,168274.26210202326
1004328,JANESVILLE CITY/ROCK COUNTY LANDFILL,Waste,WI,2027,177257.25627619785
1004328,JANESVILLE CITY/ROCK COUNTY LANDFILL,Waste,WI,2028,186719.79012165192
1004332,GREEN PLAINS SHENANDOAH LLC,Other,IA,2024,98539.55258006163
1004332,GREEN PLAINS SHENANDOAH LLC,Other,IA,2025,99513.79015056434
1004332,GREEN PLAINS SHENANDOAH LLC,Other,IA,2026,100497.65978067063
1004332,GREEN PLAINS SHENANDOAH LLC,Other,IA,2027,101491.25670030733
1004332,GREEN PLAINS SHENANDOAH LLC,Other,IA,2028,102494.67708091663
1004335,ALL PURPOSE LANDFILL,Waste,CA,2024,40861.41736344539
1004335,ALL PURPOSE LANDFILL,Waste,CA,2025,39708.038342022766
1004335,ALL PURPOSE LANDFILL,Waste,CA,2026,38587.21529278352
1004335,ALL PURPOSE LANDFILL,Waste,CA,2027,37498.02927121328
1004335,ALL PURPOSE LANDFILL,Waste,CA,2028,36439.58727147982
1004340,"PCS NITROGEN FERTILIZER, L.P.",Chemicals,GA,2024,1529193.4639042767
1004340,"PCS NITROGEN FERTILIZER, L.P.",Chemicals,GA,2025,1498235.7603618838
1004340,"PCS NITROGEN FERTILIZER, L.P.",Chemicals,GA,2026,1467904.7789650145
1004340,"PCS NITROGEN FERTILIZER, L.P.",Chemicals,GA,2027,1438187.832059138
1004340,"PCS NITROGEN FERTILIZER, L.P.",Chemicals,GA,2028,1409072.4888444913
1004343,Pfizer,Chemicals,MA,2024,45551.028731413906
1004343,Pfizer,Chemicals,MA,2025,45309.69879880946
1004343,Pfizer,Chemicals,MA,2026,45069.647435273364
1004343,Pfizer,Chemicals,MA,2027,44830.867866930574
1004343,Pfizer,Chemicals,MA,2028,44593.35335579359
1004345,ELEMENT RESOURCES-GARFIELD FACILITY LLC,Metals,IN,2024,45097.26685262877
1004345,ELEMENT RESOURCES-GARFIELD FACILITY LLC,Metals,IN,2025,44199.90743387379
1004345,ELEMENT RESOURCES-GARFIELD FACILITY LLC,Metals,IN,2026,43320.40395146768
1004345,ELEMENT RESOURCES-GARFIELD FACILITY LLC,Metals,IN,2027,42458.4011024446
1004345,ELEMENT RESOURCES-GARFIELD FACILITY LLC,Metals,IN,2028,41613.550653767474
1004347,Pike Co. Landfill,Waste,KY,2024,51069.33418598172
1004347,Pike Co. Landfill,Waste,KY,2025,52557.5846320554
1004347,Pike Co. Landfill,Waste,KY,2026,54089.20532028197
1004347,Pike Co. Landfill,Waste,KY,2027,55665.46013599037
1004347,Pike Co. Landfill,Waste,KY,2028,57287.64979635654
1004356,Columbia Gas Transmission LLC Kenova CS,Petroleum and Natural Gas Systems,WV,2024,26423.20172113142
1004356,Columbia Gas Transmission LLC Kenova CS,Petroleum and Natural Gas Systems,WV,2025,26027.089494799413
1004356,Columbia Gas Transmission LLC Kenova CS,Petroleum and Natural Gas Systems,WV,2026,25636.91541697433
1004356,Columbia Gas Transmission LLC Kenova CS,Petroleum and Natural Gas Systems,WV,2027,25252.59046842048
1004356,Columbia Gas Transmission LLC Kenova CS,Petroleum and Natural Gas Systems,WV,2028,24874.026964395984
1004357,Columbia Gas Transmission LLC Lost River CS,Petroleum and Natural Gas Systems,WV,2024,112596.87148393711
1004357,Columbia Gas Transmission LLC Lost River CS,Petroleum and Natural Gas Systems,WV,2025,124554.6698597373
1004357,Columbia Gas Transmission LLC Lost River CS,Petroleum and Natural Gas Systems,WV,2026,137782.38755133894
1004357,Columbia Gas Transmission LLC Lost River CS,Petroleum and Natural Gas Systems,WV,2027,152414.89010990498
1004357,Columbia Gas Transmission LLC Lost River CS,Petroleum and Natural Gas Systems,WV,2028,168601.36582085717
1004365,TROPICANA MANUFACTURING CO INC,Other,FL,2024,130111.22481312882
1004365,TROPICANA MANUFACTURING CO INC,Other,FL,2025,129881.4584274364
1004365,TROPICANA MANUFACTURING CO INC,Other,FL,2026,129652.09779145551
1004365,TROPICANA MANUFACTURING CO INC,Other,FL,2027,129423.14218866438
1004365,TROPICANA MANUFACTURING CO INC,Other,FL,2028,129194.59090380494
1004368,INEOS CHOCOLATE BAYOU PLANT,Chemicals,TX,2024,2440545.657547871
1004368,INEOS CHOCOLATE BAYOU PLANT,Chemicals,TX,2025,2463923.327493154
1004368,INEOS CHOCOLATE BAYOU PLANT,Chemicals,TX,2026,2487524.929103209
1004368,INEOS CHOCOLATE BAYOU PLANT,Chemicals,TX,2027,2511352.6073904033
1004368,INEOS CHOCOLATE BAYOU PLANT,Chemicals,TX,2028,2535408.527913834
1004373,UNIVERSITY OF NOTRE DAME,Other,IN,2024,122562.76613627811
1004373,UNIVERSITY OF NOTRE DAME,Other,IN,2025,120522.19014766358
1004373,UNIVERSITY OF NOTRE DAME,Other,IN,2026,118515.5881831067
1004373,UNIVERSITY OF NOTRE DAME,Other,IN,2027,116542.39460118234
1004373,UNIVERSITY OF NOTRE DAME,Other,IN,2028,114602.05317796078
1004375,CARMEUSE LIME & STONE ROCKWELL OPERATION,Minerals,WI,2024,158473.09382056916
1004375,CARMEUSE LIME & STONE ROCKWELL OPERATION,Minerals,WI,2025,157961.94282148447
1004375,CARMEUSE LIME & STONE ROCKWELL OPERATION,Minerals,WI,2026,157452.44052715818
1004375,CARMEUSE LIME & STONE ROCKWELL OPERATION,Minerals,WI,2027,156944.58161973467
1004375,CARMEUSE LIME & STONE ROCKWELL OPERATION,Minerals,WI,2028,156438.36079851005
1004381,"Coffeyville Resources Refining & Marketing, LLC",Chemicals,KS,2024,995571.1823206986
1004381,"Coffeyville Resources Refining & Marketing, LLC",Chemicals,KS,2025,996662.6022161617
1004381,"Coffeyville Resources Refining & Marketing, LLC",Chemicals,KS,2026,997755.2186080759
1004381,"Coffeyville Resources Refining & Marketing, LLC",Chemicals,KS,2027,998849.0328081356
1004381,"Coffeyville Resources Refining & Marketing, LLC",Chemicals,KS,2028,999944.0461294613
1004382,Carthage,Petroleum and Natural Gas Systems,TX,2024,80221.54581538335
1004382,Carthage,Petroleum and Natural Gas Systems,TX,2025,79208.32194291096
1004382,Carthage,Petroleum and Natural Gas Systems,TX,2026,78207.89541316367
1004382,Carthage,Petroleum and Natural Gas Systems,TX,2027,77220.10459159543
1004382,Carthage,Petroleum and Natural Gas Systems,TX,2028,76244.78988515622
1004384,Hidden Valley Landfill,Waste,WA,2024,4670.998376178759
1004384,Hidden Valley Landfill,Waste,WA,2025,4475.061722279124
1004384,Hidden Valley Landfill,Waste,WA,2026,4287.344119051212
1004384,Hidden Valley Landfill,Waste,WA,2027,4107.500797955813
1004384,Hidden Valley Landfill,Waste,WA,2028,3935.201452628279
1004385,Central Plains Cement Company LLC,Minerals,MO,2024,787134.6994504097
1004385,Central Plains Cement Company LLC,Minerals,MO,2025,793891.4176609255
1004385,Central Plains Cement Company LLC,Minerals,MO,2026,800706.1351452724
1004385,Central Plains Cement Company LLC,Minerals,MO,2027,807579.3497658262
1004385,Central Plains Cement Company LLC,Minerals,MO,2028,814511.5636585808
1004386,MISSISSIPPI LIME COMPANY,Minerals,MO,2024,2492458.4326106394
1004386,MISSISSIPPI LIME COMPANY,Minerals,MO,2025,2492190.485353088
1004386,MISSISSIPPI LIME COMPANY,Minerals,MO,2026,2491922.5669007245
1004386,MISSISSIPPI LIME COMPANY,Minerals,MO,2027,2491654.677250452
1004386,MISSISSIPPI LIME COMPANY,Minerals,MO,2028,2491386.8163991696
1004388,GEORGIA INSTITUTE OF TECHNOLOGY,Other,GA,2024,34148.264390056196
1004388,GEORGIA INSTITUTE OF TECHNOLOGY,Other,GA,2025,32790.96781184547
1004388,GEORGIA INSTITUTE OF TECHNOLOGY,Other,GA,2026,31487.619919874818
1004388,GEORGIA INSTITUTE OF TECHNOLOGY,Other,GA,2027,30236.07640700184
1004388,GEORGIA INSTITUTE OF TECHNOLOGY,Other,GA,2028,29034.278196206273
1004412,GE GLOBAL RESEARCH CENTER,Other,NY,2024,18286.329029191274
1004412,GE GLOBAL RESEARCH CENTER,Other,NY,2025,17610.87265921244
1004412,GE GLOBAL RESEARCH CENTER,Other,NY,2026,16960.366146967037
1004412,GE GLOBAL RESEARCH CENTER,Other,NY,2027,16333.887900138268
1004412,GE GLOBAL RESEARCH CENTER,Other,NY,2028,15730.550367982065
1004423,City of Greenville Closed Landfill,Waste,SC,2024,23253.854519538483
1004423,City of Greenville Closed Landfill,Waste,SC,2025,21968.66896196411
1004423,City of Greenville Closed Landfill,Waste,SC,2026,20754.512571447216
1004423,City of Greenville Closed Landfill,Waste,SC,2027,19607.459733866795
1004423,City of Greenville Closed Landfill,Waste,SC,2028,18523.80179451254
1004434,Carpenter Technology - Latrobe Operations,Metals,PA,2024,61031.980451599156
1004434,Carpenter Technology - Latrobe Operations,Metals,PA,2025,59849.07402421315
1004434,Carpenter Technology - Latrobe Operations,Metals,PA,2026,58689.09439038025
1004434,Carpenter Technology - Latrobe Operations,Metals,PA,2027,57551.59718877952
1004434,Carpenter Technology - Latrobe Operations,Metals,PA,2028,56436.14667058887
1004442,Air Products LLC - Corpus Christi,Chemicals,TX,2024,159498.02160337777
1004442,Air Products LLC - Corpus Christi,Chemicals,TX,2025,156938.73419006955
1004442,Air Products LLC - Corpus Christi,Chemicals,TX,2026,154420.51281631482
1004442,Air Products LLC - Corpus Christi,Chemicals,TX,2027,151942.69854103765
1004442,Air Products LLC - Corpus Christi,Chemicals,TX,2028,149504.64299645417
1004459,WYOMING REFINING COMPANY,Petroleum Product Suppliers,WY,2024,158361.75642373922
1004459,WYOMING REFINING COMPANY,Petroleum Product Suppliers,WY,2025,157365.38301931872
1004459,WYOMING REFINING COMPANY,Petroleum Product Suppliers,WY,2026,156375.27855244584
1004459,WYOMING REFINING COMPANY,Petroleum Product Suppliers,WY,2027,155391.40358050072
1004459,WYOMING REFINING COMPANY,Petroleum Product Suppliers,WY,2028,154413.71890902647
1004465,American Canyon Landfill,Waste,CA,2024,33092.41736779045
1004465,American Canyon Landfill,Waste,CA,2025,31918.07441777676
1004465,American Canyon Landfill,Waste,CA,2026,30785.405104019977
1004465,American Canyon Landfill,Waste,CA,2027,29692.930563843114
1004465,American Canyon Landfill,Waste,CA,2028,28639.2244146262
1004467,OHIO COUNTY BALEFILL LANDFILL,Waste,KY,2024,34783.217411014164
1004467,OHIO COUNTY BALEFILL LANDFILL,Waste,KY,2025,34662.96227535775
1004467,OHIO COUNTY BALEFILL LANDFILL,Waste,KY,2026,34543.12289473294
1004467,OHIO COUNTY BALEFILL LANDFILL,Waste,KY,2027,34423.69783176028
1004467,OHIO COUNTY BALEFILL LANDFILL,Waste,KY,2028,34304.685654029905
1004470,CATERPILLAR INCORPORATED,Other,IN,2024,30716.092126106483
1004470,CATERPILLAR INCORPORATED,Other,IN,2025,29836.760792746107
1004470,CATERPILLAR INCORPORATED,Other,IN,2026,28982.602700521136
1004470,CATERPILLAR INCORPORATED,Other,IN,2027,28152.89719722104
1004470,CATERPILLAR INCORPORATED,Other,IN,2028,27346.94426125654
1004478,"USS-UPI, LLC",Metals,CA,2024,29075.763988821356
1004478,"USS-UPI, LLC",Metals,CA,2025,27766.796573192616
1004478,"USS-UPI, LLC",Metals,CA,2026,26516.757813603195
1004478,"USS-UPI, LLC",Metals,CA,2027,25322.994789544096
1004478,"USS-UPI, LLC",Metals,CA,2028,24182.974012845167
1004480,MISSISSIPPI COUNTY LANDFILL,Waste,AR,2024,96955.86361107568
1004480,MISSISSIPPI COUNTY LANDFILL,Waste,AR,2025,98631.57181974857
1004480,MISSISSIPPI COUNTY LANDFILL,Waste,AR,2026,100336.24163936534
1004480,MISSISSIPPI COUNTY LANDFILL,Waste,AR,2027,102070.3736194271
1004480,MISSISSIPPI COUNTY LANDFILL,Waste,AR,2028,103834.47696053586
1004485,UNION COUNTY REGIONAL MSW LANDFILL,Waste,SC,2024,126400.76190556712
1004485,UNION COUNTY REGIONAL MSW LANDFILL,Waste,SC,2025,122215.76826185525
1004485,UNION COUNTY REGIONAL MSW LANDFILL,Waste,SC,2026,118169.33526867938
1004485,UNION COUNTY REGIONAL MSW LANDFILL,Waste,SC,2027,114256.8753315269
1004485,UNION COUNTY REGIONAL MSW LANDFILL,Waste,SC,2028,110473.95274621782
1004491,CHARLES M HINTON JR REGIONAL LANDFILL,Waste,TX,2024,294169.1237888469
1004491,CHARLES M HINTON JR REGIONAL LANDFILL,Waste,TX,2025,329980.31831588916
1004491,CHARLES M HINTON JR REGIONAL LANDFILL,Waste,TX,2026,370151.05145438074
1004491,CHARLES M HINTON JR REGIONAL LANDFILL,Waste,TX,2027,415212.0392878178
1004491,CHARLES M HINTON JR REGIONAL LANDFILL,Waste,TX,2028,465758.6055534842
1004492,WESTHOLLOW TECHNOLOGY CENTER,Other,TX,2024,20436.054202747047
1004492,WESTHOLLOW TECHNOLOGY CENTER,Other,TX,2025,19971.962648332712
1004492,WESTHOLLOW TECHNOLOGY CENTER,Other,TX,2026,19518.41035794367
1004492,WESTHOLLOW TECHNOLOGY CENTER,Other,TX,2027,19075.157990688906
1004492,WESTHOLLOW TECHNOLOGY CENTER,Other,TX,2028,18641.9716409772
1004493,GERDAU AMERISTEEL,Metals,TN,2024,94106.14858360615
1004493,GERDAU AMERISTEEL,Metals,TN,2025,95676.69430724434
1004493,GERDAU AMERISTEEL,Metals,TN,2026,97273.45100548016
1004493,GERDAU AMERISTEEL,Metals,TN,2027,98896.85611555568
1004493,GERDAU AMERISTEEL,Metals,TN,2028,100547.35437514095
1004499,Chaco Gas Plant,Petroleum and Natural Gas Systems,NM,2024,324140.99888463196
1004499,Chaco Gas Plant,Petroleum and Natural Gas Systems,NM,2025,315063.2198923549
1004499,Chaco Gas Plant,Petroleum and Natural Gas Systems,NM,2026,306239.6699908619
1004499,Chaco Gas Plant,Petroleum and Natural Gas Systems,NM,2027,297663.229329512
1004499,Chaco Gas Plant,Petroleum and Natural Gas Systems,NM,2028,289326.9774536958
1004500,ESSITY PROFESSIONAL HYGIENE NORTH AMERICA LLC BARTON OPERATIONS,Pulp and Paper,AL,2024,68041.95070174569
1004500,ESSITY PROFESSIONAL HYGIENE NORTH AMERICA LLC BARTON OPERATIONS,Pulp and Paper,AL,2025,67994.25685050538
1004500,ESSITY PROFESSIONAL HYGIENE NORTH AMERICA LLC BARTON OPERATIONS,Pulp and Paper,AL,2026,67946.59643016194
1004500,ESSITY PROFESSIONAL HYGIENE NORTH AMERICA LLC BARTON OPERATIONS,Pulp and Paper,AL,2027,67898.96941728232
1004500,ESSITY PROFESSIONAL HYGIENE NORTH AMERICA LLC BARTON OPERATIONS,Pulp and Paper,AL,2028,67851.37578844951
1004504,ISP LIMA LLC,Chemicals,OH,2024,101988.13516897669
1004504,ISP LIMA LLC,Chemicals,OH,2025,100368.42659010609
1004504,ISP LIMA LLC,Chemicals,OH,2026,98774.44115909074
1004504,ISP LIMA LLC,Chemicals,OH,2027,97205.77035779173
1004504,ISP LIMA LLC,Chemicals,OH,2028,95662.01215588523
1004511,ABC COKE,Metals,AL,2024,157632.48476047692
1004511,ABC COKE,Metals,AL,2025,154424.3872277024
1004511,ABC COKE,Metals,AL,2026,151281.5801063262
1004511,ABC COKE,Metals,AL,2027,148202.73462196536
1004511,ABC COKE,Metals,AL,2028,145186.54904312576
1004517,MISSISSIPPI LIME CO - VERONA PLANT,Minerals,KY,2024,322131.950984361
1004517,MISSISSIPPI LIME CO - VERONA PLANT,Minerals,KY,2025,323883.52216875594
1004517,MISSISSIPPI LIME CO - VERONA PLANT,Minerals,KY,2026,325644.6174056531
1004517,MISSISSIPPI LIME CO - VERONA PLANT,Minerals,KY,2027,327415.28848145885
1004517,MISSISSIPPI LIME CO - VERONA PLANT,Minerals,KY,2028,329195.58746416407
1004520,NORTHWESTERN UNIVERSITY,Other,IL,2024,75266.9515050809
1004520,NORTHWESTERN UNIVERSITY,Other,IL,2025,76121.0492149282
1004520,NORTHWESTERN UNIVERSITY,Other,IL,2026,76984.83886636951
1004520,NORTHWESTERN UNIVERSITY,Other,IL,2027,77858.43043948233
1004520,NORTHWESTERN UNIVERSITY,Other,IL,2028,78741.93516235074
1004521,OXBOW CALCINING LLC,Petroleum and Natural Gas Systems,OK,2024,357482.4192722952
1004521,OXBOW CALCINING LLC,Petroleum and Natural Gas Systems,OK,2025,365734.1796050647
1004521,OXBOW CALCINING LLC,Petroleum and Natural Gas Systems,OK,2026,374176.41517498804
1004521,OXBOW CALCINING LLC,Petroleum and Natural Gas Systems,OK,2027,382813.52271858236
1004521,OXBOW CALCINING LLC,Petroleum and Natural Gas Systems,OK,2028,391650.00046215096
1004528,JIM BEAM BRANDS COMPANY,Other,KY,2024,55426.2940715196
1004528,JIM BEAM BRANDS COMPANY,Other,KY,2025,56866.666785258676
1004528,JIM BEAM BRANDS COMPANY,Other,KY,2026,58344.47071443858
1004528,JIM BEAM BRANDS COMPANY,Other,KY,2027,59860.67859054506
1004528,JIM BEAM BRANDS COMPANY,Other,KY,2028,61416.288423604856
1004529,JIM BEAM BRANDS COMPANY,Other,KY,2024,27920.310711846156
1004529,JIM BEAM BRANDS COMPANY,Other,KY,2025,27197.19745605137
1004529,JIM BEAM BRANDS COMPANY,Other,KY,2026,26492.81224329665
1004529,JIM BEAM BRANDS COMPANY,Other,KY,2027,25806.670032555296
1004529,JIM BEAM BRANDS COMPANY,Other,KY,2028,25138.298344967076
1004530,"MGPI of Indiana, LLC",Other,IN,2024,64071.632300746736
1004530,"MGPI of Indiana, LLC",Other,IN,2025,62396.402634854
1004530,"MGPI of Indiana, LLC",Other,IN,2026,60764.97385763402
1004530,"MGPI of Indiana, LLC",Other,IN,2027,59176.20074232333
1004530,"MGPI of Indiana, LLC",Other,IN,2028,57628.9680054853
1004531,"WHEELABRATOR SOUTH BROWARD, INC - RESOURCE RECOVERY FACILITY",Waste,FL,2024,306634.39570268604
1004531,"WHEELABRATOR SOUTH BROWARD, INC - RESOURCE RECOVERY FACILITY",Waste,FL,2025,309241.17468041467
1004531,"WHEELABRATOR SOUTH BROWARD, INC - RESOURCE RECOVERY FACILITY",Waste,FL,2026,311870.1145661626
1004531,"WHEELABRATOR SOUTH BROWARD, INC - RESOURCE RECOVERY FACILITY",Waste,FL,2027,314521.4037555897
1004531,"WHEELABRATOR SOUTH BROWARD, INC - RESOURCE RECOVERY FACILITY",Waste,FL,2028,317195.2322459549
1004536,"Greif Packaging, LLC",Pulp and Paper,OH,2024,68363.79579022151
1004536,"Greif Packaging, LLC",Pulp and Paper,OH,2025,68333.86075443287
1004536,"Greif Packaging, LLC",Pulp and Paper,OH,2026,68303.93882655242
1004536,"Greif Packaging, LLC",Pulp and Paper,OH,2027,68274.03000084074
1004536,"Greif Packaging, LLC",Pulp and Paper,OH,2028,68244.13427156054
1004540,Wheelabrator Lisbon Inc.,Waste,CT,2024,72665.36590204312
1004540,Wheelabrator Lisbon Inc.,Waste,CT,2025,72183.07839731003
1004540,Wheelabrator Lisbon Inc.,Waste,CT,2026,71703.99188433326
1004540,Wheelabrator Lisbon Inc.,Waste,CT,2027,71228.0851178014
1004540,Wheelabrator Lisbon Inc.,Waste,CT,2028,70755.33699341047
1004541,Morris Community Landfill,Waste,IL,2024,38037.18009571271
1004541,Morris Community Landfill,Waste,IL,2025,36886.30801963314
1004541,Morris Community Landfill,Waste,IL,2026,35770.25730865384
1004541,Morris Community Landfill,Waste,IL,2027,34687.974390016796
1004541,Morris Community Landfill,Waste,IL,2028,33638.4375683917
1004542,Wieland Rolled Products North America,Metals,IL,2024,25689.908833902333
1004542,Wieland Rolled Products North America,Metals,IL,2025,24826.495447104888
1004542,Wieland Rolled Products North America,Metals,IL,2026,23992.100562526386
1004542,Wieland Rolled Products North America,Metals,IL,2027,23185.748895924142
1004542,Wieland Rolled Products North America,Metals,IL,2028,22406.497941430775
1004544,"ROLLING MEADOWS LANDFILL, INC.",Waste,AR,2024,151991.28688714103
1004544,"ROLLING MEADOWS LANDFILL, INC.",Waste,AR,2025,153360.71490236415
1004544,"ROLLING MEADOWS LANDFILL, INC.",Waste,AR,2026,154742.48134255415
1004544,"ROLLING MEADOWS LANDFILL, INC.",Waste,AR,2027,156136.69737582546
1004544,"ROLLING MEADOWS LANDFILL, INC.",Waste,AR,2028,157543.4751719079
1004551,Blacks Fork Gas Plant,Natural Gas and Natural Gas Liquids Suppliers,WY,2024,108177.99127914086
1004551,Blacks Fork Gas Plant,Natural Gas and Natural Gas Liquids Suppliers,WY,2025,105722.59312931012
1004551,Blacks Fork Gas Plant,Natural Gas and Natural Gas Liquids Suppliers,WY,2026,103322.9270188976
1004551,Blacks Fork Gas Plant,Natural Gas and Natural Gas Liquids Suppliers,WY,2027,100977.72795541456
1004551,Blacks Fork Gas Plant,Natural Gas and Natural Gas Liquids Suppliers,WY,2028,98685.75965886806
1004561,FORT WORTH REGIONAL LANDFILL,Waste,TX,2024,2165.2378659232504
1004561,FORT WORTH REGIONAL LANDFILL,Waste,TX,2025,2055.140599728056
1004561,FORT WORTH REGIONAL LANDFILL,Waste,TX,2026,1950.6415212490597
1004561,FORT WORTH REGIONAL LANDFILL,Waste,TX,2027,1851.4559757733048
1004561,FORT WORTH REGIONAL LANDFILL,Waste,TX,2028,1757.3137826122404
1004571,Cheney Lime and Cement Company,Minerals,AL,2024,534577.9685957776
1004571,Cheney Lime and Cement Company,Minerals,AL,2025,548126.0174026788
1004571,Cheney Lime and Cement Company,Minerals,AL,2026,562017.4204764166
1004571,Cheney Lime and Cement Company,Minerals,AL,2027,576260.8795979067
1004571,Cheney Lime and Cement Company,Minerals,AL,2028,590865.3170811938
1004572,MCKAY BAY FACILITY,Waste,FL,2024,117420.9388044614
1004572,MCKAY BAY FACILITY,Waste,FL,2025,117329.91978492592
1004572,MCKAY BAY FACILITY,Waste,FL,2026,117238.97131892206
1004572,MCKAY BAY FACILITY,Waste,FL,2027,117148.09335176012
1004572,MCKAY BAY FACILITY,Waste,FL,2028,117057.28582879304
1004580,University of Nebraska Lincoln (City Campus),Other,NE,2024,25330.863697157827
1004580,University of Nebraska Lincoln (City Campus),Other,NE,2025,25125.739819810322
1004580,University of Nebraska Lincoln (City Campus),Other,NE,2026,24922.276991432955
1004580,University of Nebraska Lincoln (City Campus),Other,NE,2027,24720.46176120909
1004580,University of Nebraska Lincoln (City Campus),Other,NE,2028,24520.280787243722
1004581,COLORADO STATE UNIVERSITY,Other,CO,2024,45954.074919019324
1004581,COLORADO STATE UNIVERSITY,Other,CO,2025,45963.17590033644
1004581,COLORADO STATE UNIVERSITY,Other,CO,2026,45972.27868405871
1004581,COLORADO STATE UNIVERSITY,Other,CO,2027,45981.38327054307
1004581,COLORADO STATE UNIVERSITY,Other,CO,2028,45990.48966014647
1004584,"POET Biorefining - Caro, LLC",Other,MI,2024,104161.32886071675
1004584,"POET Biorefining - Caro, LLC",Other,MI,2025,106363.42849293683
1004584,"POET Biorefining - Caro, LLC",Other,MI,2026,108612.08324156377
1004584,"POET Biorefining - Caro, LLC",Other,MI,2027,110908.27733947843
1004584,"POET Biorefining - Caro, LLC",Other,MI,2028,113253.01582746363
1004585,Georgetown Facility,Minerals,SC,2024,95454.09645829341
1004585,Georgetown Facility,Minerals,SC,2025,100779.40204847451
1004585,Georgetown Facility,Minerals,SC,2026,106401.80206080253
1004585,Georgetown Facility,Minerals,SC,2027,112337.8711489145
1004585,Georgetown Facility,Minerals,SC,2028,118605.10865275243
1004586,"Air Products and Chemicals, Inc. - BR SMR",Chemicals,LA,2024,809067.7440918422
1004586,"Air Products and Chemicals, Inc. - BR SMR",Chemicals,LA,2025,807290.9517275109
1004586,"Air Products and Chemicals, Inc. - BR SMR",Chemicals,LA,2026,805518.0613740159
1004586,"Air Products and Chemicals, Inc. - BR SMR",Chemicals,LA,2027,803749.0644621619
1004586,"Air Products and Chemicals, Inc. - BR SMR",Chemicals,LA,2028,801983.9524415622
1004587,Former Town of Babylon Landfill,Waste,NY,2024,27356.34333305437
1004587,Former Town of Babylon Landfill,Waste,NY,2025,26548.46399347539
1004587,Former Town of Babylon Landfill,Waste,NY,2026,25764.442704637102
1004587,Former Town of Babylon Landfill,Waste,NY,2027,25003.574897729126
1004587,Former Town of Babylon Landfill,Waste,NY,2028,24265.17681105639
1004604,U.S. Army IMCOM and Fort Leonard Wood,Waste,MO,2024,41202.17505656982
1004604,U.S. Army IMCOM and Fort Leonard Wood,Waste,MO,2025,40693.35601720348
1004604,U.S. Army IMCOM and Fort Leonard Wood,Waste,MO,2026,40190.8205493832
1004604,U.S. Army IMCOM and Fort Leonard Wood,Waste,MO,2027,39694.49105524351
1004604,U.S. Army IMCOM and Fort Leonard Wood,Waste,MO,2028,39204.29089520015
1004610,THE GOODYEAR TIRE & RUBBER COMPANY - TOPEKA KANSAS PLANT,Other,KS,2024,43657.52085575651
1004610,THE GOODYEAR TIRE & RUBBER COMPANY - TOPEKA KANSAS PLANT,Other,KS,2025,43790.48147464097
1004610,THE GOODYEAR TIRE & RUBBER COMPANY - TOPEKA KANSAS PLANT,Other,KS,2026,43923.84703008216
1004610,THE GOODYEAR TIRE & RUBBER COMPANY - TOPEKA KANSAS PLANT,Other,KS,2027,44057.6187553298
1004610,THE GOODYEAR TIRE & RUBBER COMPANY - TOPEKA KANSAS PLANT,Other,KS,2028,44191.79788738897
1004612,CalPortland Redding Cement Plant,Minerals,CA,2024,377174.5228045765
1004612,CalPortland Redding Cement Plant,Minerals,CA,2025,394596.6330090553
1004612,CalPortland Redding Cement Plant,Minerals,CA,2026,412823.4898377751
1004612,CalPortland Redding Cement Plant,Minerals,CA,2027,431892.26543128776
1004612,CalPortland Redding Cement Plant,Minerals,CA,2028,451841.8489526122
1004616,"Steel Dynamics Columbus, LLC",Metals,MS,2024,525693.846391164
1004616,"Steel Dynamics Columbus, LLC",Metals,MS,2025,520735.73119215213
1004616,"Steel Dynamics Columbus, LLC",Metals,MS,2026,515824.37877435866
1004616,"Steel Dynamics Columbus, LLC",Metals,MS,2027,510959.348091616
1004616,"Steel Dynamics Columbus, LLC",Metals,MS,2028,506140.2022575117
1004626,"PRATT PAPER (NY), INC.",Pulp and Paper,NY,2024,90382.04967610579
1004626,"PRATT PAPER (NY), INC.",Pulp and Paper,NY,2025,89315.68817683673
1004626,"PRATT PAPER (NY), INC.",Pulp and Paper,NY,2026,88261.90801259129
1004626,"PRATT PAPER (NY), INC.",Pulp and Paper,NY,2027,87220.56074403586
1004626,"PRATT PAPER (NY), INC.",Pulp and Paper,NY,2028,86191.49968317899
1004629,NEW YORK UNIVERSITY CENTRAL PLANT,Other,NY,2024,61907.44088251409
1004629,NEW YORK UNIVERSITY CENTRAL PLANT,Other,NY,2025,60045.234830088804
1004629,NEW YORK UNIVERSITY CENTRAL PLANT,Other,NY,2026,58239.044845073855
1004629,NEW YORK UNIVERSITY CENTRAL PLANT,Other,NY,2027,56487.18593680816
1004629,NEW YORK UNIVERSITY CENTRAL PLANT,Other,NY,2028,54788.02379997171
1004631,Cardinal FG - Spring Hill Plant,Minerals,KS,2024,111279.69504847203
1004631,Cardinal FG - Spring Hill Plant,Minerals,KS,2025,112391.21789867754
1004631,Cardinal FG - Spring Hill Plant,Minerals,KS,2026,113513.84325096998
1004631,Cardinal FG - Spring Hill Plant,Minerals,KS,2027,114647.68200325215
1004631,Cardinal FG - Spring Hill Plant,Minerals,KS,2028,115792.84616113539
1004632,Kohler Co.,Minerals,WI,2024,68640.01715683332
1004632,Kohler Co.,Minerals,WI,2025,68245.98602246254
1004632,Kohler Co.,Minerals,WI,2026,67854.21684170538
1004632,Kohler Co.,Minerals,WI,2027,67464.69662971463
1004632,Kohler Co.,Minerals,WI,2028,67077.41247618292
1004633,POST FOODS,Other,MI,2024,36967.17617126515
1004633,POST FOODS,Other,MI,2025,36568.65652484364
1004633,POST FOODS,Other,MI,2026,36174.433065608384
1004633,POST FOODS,Other,MI,2027,35784.45947909434
1004633,POST FOODS,Other,MI,2028,35398.68995012277
1004640,GRAIN PROCESSING CORP,Other,IN,2024,248481.47273635288
1004640,GRAIN PROCESSING CORP,Other,IN,2025,253576.74442107527
1004640,GRAIN PROCESSING CORP,Other,IN,2026,258776.49791385722
1004640,GRAIN PROCESSING CORP,Other,IN,2027,264082.87568106805
1004640,GRAIN PROCESSING CORP,Other,IN,2028,269498.064121718
1004646,Trinity Oaks Landfill,Waste,TX,2024,2400.6897653794654
1004646,Trinity Oaks Landfill,Waste,TX,2025,2257.027728459989
1004646,Trinity Oaks Landfill,Waste,TX,2026,2121.9627127589483
1004646,Trinity Oaks Landfill,Waste,TX,2027,1994.980255475907
1004646,Trinity Oaks Landfill,Waste,TX,2028,1875.5966802847558
1004656,CHS MANKATO,Other,MN,2024,83135.83996510111
1004656,CHS MANKATO,Other,MN,2025,82935.0543923337
1004656,CHS MANKATO,Other,MN,2026,82734.75374696024
1004656,CHS MANKATO,Other,MN,2027,82534.93685780837
1004656,CHS MANKATO,Other,MN,2028,82335.60255653366
1004658,OREGON STATE UNIVERSITY,Other,OR,2024,34055.045140617774
1004658,OREGON STATE UNIVERSITY,Other,OR,2025,33299.747653145765
1004658,OREGON STATE UNIVERSITY,Other,OR,2026,32561.20170108426
1004658,OREGON STATE UNIVERSITY,Other,OR,2027,31839.035756732967
1004658,OREGON STATE UNIVERSITY,Other,OR,2028,31132.88653240228
1004659,UNIVERSITY OF KENTUCKY,Other,KY,2024,65562.38702013022
1004659,UNIVERSITY OF KENTUCKY,Other,KY,2025,63018.17060640768
1004659,UNIVERSITY OF KENTUCKY,Other,KY,2026,60572.68514886372
1004659,UNIVERSITY OF KENTUCKY,Other,KY,2027,58222.09929036436
1004659,UNIVERSITY OF KENTUCKY,Other,KY,2028,55962.730353561405
1004660,PITTSBURGH CORNING CORPORATION,Minerals,MO,2024,29883.252273203347
1004660,PITTSBURGH CORNING CORPORATION,Minerals,MO,2025,29342.84961064126
1004660,PITTSBURGH CORNING CORPORATION,Minerals,MO,2026,28812.21948003238
1004660,PITTSBURGH CORNING CORPORATION,Minerals,MO,2027,28291.18515689436
1004660,PITTSBURGH CORNING CORPORATION,Minerals,MO,2028,27779.573112594477
1004667,Fort Stewart Hqs 3rd Infantry Division (Mechanized),Waste,GA,2024,56202.38947104522
1004667,Fort Stewart Hqs 3rd Infantry Division (Mechanized),Waste,GA,2025,57087.42617340395
1004667,Fort Stewart Hqs 3rd Infantry Division (Mechanized),Waste,GA,2026,57986.399827054134
1004667,Fort Stewart Hqs 3rd Infantry Division (Mechanized),Waste,GA,2027,58899.52990155077
1004667,Fort Stewart Hqs 3rd Infantry Division (Mechanized),Waste,GA,2028,59827.03932250525
1004673,TANGIPAHOA PARISH REGIONAL SOLID WASTE FACILITY,Waste,LA,2024,19019.999212896848
1004673,TANGIPAHOA PARISH REGIONAL SOLID WASTE FACILITY,Waste,LA,2025,16125.402471452897
1004673,TANGIPAHOA PARISH REGIONAL SOLID WASTE FACILITY,Waste,LA,2026,13671.325742748808
1004673,TANGIPAHOA PARISH REGIONAL SOLID WASTE FACILITY,Waste,LA,2027,11590.727604797954
1004673,TANGIPAHOA PARISH REGIONAL SOLID WASTE FACILITY,Waste,LA,2028,9826.769468928873
1004680,58TH ST LF (MAIN COUNTY LF),Waste,FL,2024,52420.82801888579
1004680,58TH ST LF (MAIN COUNTY LF),Waste,FL,2025,49724.823462450775
1004680,58TH ST LF (MAIN COUNTY LF),Waste,FL,2026,47167.47449088557
1004680,58TH ST LF (MAIN COUNTY LF),Waste,FL,2027,44741.650043832844
1004680,58TH ST LF (MAIN COUNTY LF),Waste,FL,2028,42440.58581155599
1004682,SOUTH DADE SOLID WASTE DISPOSAL FACILITY,Waste,FL,2024,57282.301466241035
1004682,SOUTH DADE SOLID WASTE DISPOSAL FACILITY,Waste,FL,2025,56709.22880901297
1004682,SOUTH DADE SOLID WASTE DISPOSAL FACILITY,Waste,FL,2026,56141.889375870815
1004682,SOUTH DADE SOLID WASTE DISPOSAL FACILITY,Waste,FL,2027,55580.22580958768
1004682,SOUTH DADE SOLID WASTE DISPOSAL FACILITY,Waste,FL,2028,55024.18132675894
1004687,NESTLE PURINA PET CARE CO,Other,MO,2024,74063.39322374867
1004687,NESTLE PURINA PET CARE CO,Other,MO,2025,76675.50527325748
1004687,NESTLE PURINA PET CARE CO,Other,MO,2026,79379.74285283168
1004687,NESTLE PURINA PET CARE CO,Other,MO,2027,82179.35510076613
1004687,NESTLE PURINA PET CARE CO,Other,MO,2028,85077.70574790784
1004701,Borman Specialty Materials,Chemicals,NV,2024,27212.627376423316
1004701,Borman Specialty Materials,Chemicals,NV,2025,27139.70354025515
1004701,Borman Specialty Materials,Chemicals,NV,2026,27066.9751238752
1004701,Borman Specialty Materials,Chemicals,NV,2027,26994.44160360181
1004701,Borman Specialty Materials,Chemicals,NV,2028,26922.102457156172
1004702,"Hankinson Renewable Energy, LLC",Other,ND,2024,181706.97522504046
1004702,"Hankinson Renewable Energy, LLC",Other,ND,2025,182201.07408400602
1004702,"Hankinson Renewable Energy, LLC",Other,ND,2026,182696.51649999278
1004702,"Hankinson Renewable Energy, LLC",Other,ND,2027,183193.30612641096
1004702,"Hankinson Renewable Energy, LLC",Other,ND,2028,183691.44662660378
1004705,CLEARWATER PAPER CORP,Pulp and Paper,ID,2024,312694.392731643
1004705,CLEARWATER PAPER CORP,Pulp and Paper,ID,2025,316467.74495454726
1004705,CLEARWATER PAPER CORP,Pulp and Paper,ID,2026,320286.6310511917
1004705,CLEARWATER PAPER CORP,Pulp and Paper,ID,2027,324151.6004888781
1004705,CLEARWATER PAPER CORP,Pulp and Paper,ID,2028,328063.2093654478
1004713,Poet Biorefining-Big Stone,Other,SD,2024,99710.43620714931
1004713,Poet Biorefining-Big Stone,Other,SD,2025,101341.65176678532
1004713,Poet Biorefining-Big Stone,Other,SD,2026,102999.55324118829
1004713,Poet Biorefining-Big Stone,Other,SD,2027,104684.57719929768
1004713,Poet Biorefining-Big Stone,Other,SD,2028,106397.1673521143
1004716,J BAR J LANDFILL,Waste,NE,2024,66611.55161337848
1004716,J BAR J LANDFILL,Waste,NE,2025,67723.95848635206
1004716,J BAR J LANDFILL,Waste,NE,2026,68854.94245325416
1004716,J BAR J LANDFILL,Waste,NE,2027,70004.8137498691
1004716,J BAR J LANDFILL,Waste,NE,2028,71173.88779289076
1004718,"Imerys Filtration Minerals, Inc.",Other,CA,2024,29449.132826152967
1004718,"Imerys Filtration Minerals, Inc.",Other,CA,2025,28295.10465095232
1004718,"Imerys Filtration Minerals, Inc.",Other,CA,2026,27186.29957406899
1004718,"Imerys Filtration Minerals, Inc.",Other,CA,2027,26120.945430260177
1004718,"Imerys Filtration Minerals, Inc.",Other,CA,2028,25097.339500423474
1004730,"JESSOP STEEL, LLC WASHINGTON FACILITY",Metals,PA,2024,27784.948437821848
1004730,"JESSOP STEEL, LLC WASHINGTON FACILITY",Metals,PA,2025,27113.966829619072
1004730,"JESSOP STEEL, LLC WASHINGTON FACILITY",Metals,PA,2026,26459.188826024518
1004730,"JESSOP STEEL, LLC WASHINGTON FACILITY",Metals,PA,2027,25820.22312450602
1004730,"JESSOP STEEL, LLC WASHINGTON FACILITY",Metals,PA,2028,25196.687872137023
1004737,Kordsa Inc. - Chattanooga,Other,TN,2024,27256.937203092413
1004737,Kordsa Inc. - Chattanooga,Other,TN,2025,24833.368351125413
1004737,Kordsa Inc. - Chattanooga,Other,TN,2026,22625.292749058743
1004737,Kordsa Inc. - Chattanooga,Other,TN,2027,20613.549670051598
1004737,Kordsa Inc. - Chattanooga,Other,TN,2028,18780.682076140693
1004740,BASIC AMERICAN FOODS,Other,ID,2024,66415.70664815756
1004740,BASIC AMERICAN FOODS,Other,ID,2025,68034.06037703448
1004740,BASIC AMERICAN FOODS,Other,ID,2026,69691.84858495154
1004740,BASIC AMERICAN FOODS,Other,ID,2027,71390.03217316911
1004740,BASIC AMERICAN FOODS,Other,ID,2028,73129.59545725996
1004743,TOLAND ROAD LANDFILL,Waste,CA,2024,50788.36430705906
1004743,TOLAND ROAD LANDFILL,Waste,CA,2025,50660.223644154794
1004743,TOLAND ROAD LANDFILL,Waste,CA,2026,50532.406284229815
1004743,TOLAND ROAD LANDFILL,Waste,CA,2027,50404.911411580404
1004743,TOLAND ROAD LANDFILL,Waste,CA,2028,50277.73821256062
1004749,"P4 Production, LLC",Petroleum and Natural Gas Systems,WY,2024,148417.7334393009
1004749,"P4 Production, LLC",Petroleum and Natural Gas Systems,WY,2025,146848.2977163806
1004749,"P4 Production, LLC",Petroleum and Natural Gas Systems,WY,2026,145295.45791115297
1004749,"P4 Production, LLC",Petroleum and Natural Gas Systems,WY,2027,143759.03853093702
1004749,"P4 Production, LLC",Petroleum and Natural Gas Systems,WY,2028,142238.8659387889
1004750,Cedar Trails Class III,Waste,FL,2024,395927.98941124376
1004750,Cedar Trails Class III,Waste,FL,2025,431681.5013461484
1004750,Cedar Trails Class III,Waste,FL,2026,470663.66508104303
1004750,Cedar Trails Class III,Waste,FL,2027,513166.03777721076
1004750,Cedar Trails Class III,Waste,FL,2028,559506.5051019333
1004753,KELCO,Other,CA,2024,115088.7528078967
1004753,KELCO,Other,CA,2025,117245.41257710972
1004753,KELCO,Other,CA,2026,119442.48621168024
1004753,KELCO,Other,CA,2027,121680.73103111566
1004753,KELCO,Other,CA,2028,123960.91854640891
1004756,UNIVERSITY OF ILLINOIS AT CHICAGO,Other,IL,2024,127620.0565461703
1004756,UNIVERSITY OF ILLINOIS AT CHICAGO,Other,IL,2025,126468.59547279429
1004756,UNIVERSITY OF ILLINOIS AT CHICAGO,Other,IL,2026,125327.52353917698
1004756,UNIVERSITY OF ILLINOIS AT CHICAGO,Other,IL,2027,124196.74700856347
1004756,UNIVERSITY OF ILLINOIS AT CHICAGO,Other,IL,2028,123076.17298994432
1004761,ACE ETHANOL LLC,Other,WI,2024,75889.72324910473
1004761,ACE ETHANOL LLC,Other,WI,2025,76234.55405267785
1004761,ACE ETHANOL LLC,Other,WI,2026,76580.95171244678
1004761,ACE ETHANOL LLC,Other,WI,2027,76928.9233479567
1004761,ACE ETHANOL LLC,Other,WI,2028,77278.47611110231
1004771,Northern Border Pipeline Saint Anthony CS#7,Petroleum and Natural Gas Systems,ND,2024,102065.23041503114
1004771,Northern Border Pipeline Saint Anthony CS#7,Petroleum and Natural Gas Systems,ND,2025,101593.56210706897
1004771,Northern Border Pipeline Saint Anthony CS#7,Petroleum and Natural Gas Systems,ND,2026,101124.07349332617
1004771,Northern Border Pipeline Saint Anthony CS#7,Petroleum and Natural Gas Systems,ND,2027,100656.75450090448
1004771,Northern Border Pipeline Saint Anthony CS#7,Petroleum and Natural Gas Systems,ND,2028,100191.59510345494
1004773,Gas Transmission Northwest Pipeline Rosalia CS#6,Petroleum and Natural Gas Systems,WA,2024,109211.06082474829
1004773,Gas Transmission Northwest Pipeline Rosalia CS#6,Petroleum and Natural Gas Systems,WA,2025,111783.87783589386
1004773,Gas Transmission Northwest Pipeline Rosalia CS#6,Petroleum and Natural Gas Systems,WA,2026,114417.30580826264
1004773,Gas Transmission Northwest Pipeline Rosalia CS#6,Petroleum and Natural Gas Systems,WA,2027,117112.77262755584
1004773,Gas Transmission Northwest Pipeline Rosalia CS#6,Petroleum and Natural Gas Systems,WA,2028,119871.73981790358
1004780,Gas Transmission Northwest Pipeline Bonanza CS#14,Petroleum and Natural Gas Systems,OR,2024,60489.76932531998
1004780,Gas Transmission Northwest Pipeline Bonanza CS#14,Petroleum and Natural Gas Systems,OR,2025,61088.31393374665
1004780,Gas Transmission Northwest Pipeline Bonanza CS#14,Petroleum and Natural Gas Systems,OR,2026,61692.781124657246
1004780,Gas Transmission Northwest Pipeline Bonanza CS#14,Petroleum and Natural Gas Systems,OR,2027,62303.22950184335
1004780,Gas Transmission Northwest Pipeline Bonanza CS#14,Petroleum and Natural Gas Systems,OR,2028,62919.71824897888
1004781,Gas Transmission Northwest Pipeline Athol CS#5,Petroleum and Natural Gas Systems,ID,2024,123604.99826037385
1004781,Gas Transmission Northwest Pipeline Athol CS#5,Petroleum and Natural Gas Systems,ID,2025,132537.87850802005
1004781,Gas Transmission Northwest Pipeline Athol CS#5,Petroleum and Natural Gas Systems,ID,2026,142116.33418256498
1004781,Gas Transmission Northwest Pipeline Athol CS#5,Petroleum and Natural Gas Systems,ID,2027,152387.0207434199
1004781,Gas Transmission Northwest Pipeline Athol CS#5,Petroleum and Natural Gas Systems,ID,2028,163399.9654200502
1004790,UNIV OF IOWA MAIN PWR PLANT,Other,IA,2024,140560.73768289638
1004790,UNIV OF IOWA MAIN PWR PLANT,Other,IA,2025,136013.122015238
1004790,UNIV OF IOWA MAIN PWR PLANT,Other,IA,2026,131612.63710828553
1004790,UNIV OF IOWA MAIN PWR PLANT,Other,IA,2027,127354.52278388766
1004790,UNIV OF IOWA MAIN PWR PLANT,Other,IA,2028,123234.17287176802
1004793,GOODYEAR TIRE & RUBBER COMPANY,Other,OK,2024,54104.76846239129
1004793,GOODYEAR TIRE & RUBBER COMPANY,Other,OK,2025,54815.33977609325
1004793,GOODYEAR TIRE & RUBBER COMPANY,Other,OK,2026,55535.24319870539
1004793,GOODYEAR TIRE & RUBBER COMPANY,Other,OK,2027,56264.60129112367
1004793,GOODYEAR TIRE & RUBBER COMPANY,Other,OK,2028,57003.53822386622
1004795,Hennepin Energy Recovery Center,Waste,MN,2024,164216.1220351699
1004795,Hennepin Energy Recovery Center,Waste,MN,2025,166456.4722577281
1004795,Hennepin Energy Recovery Center,Waste,MN,2026,168727.38689173094
1004795,Hennepin Energy Recovery Center,Waste,MN,2027,171029.28291807603
1004795,Hennepin Energy Recovery Center,Waste,MN,2028,173362.5830064037
1004796,DENVER INTERNATIONAL AIRPORT,Other,CO,2024,28822.883085562957
1004796,DENVER INTERNATIONAL AIRPORT,Other,CO,2025,28797.61497721938
1004796,DENVER INTERNATIONAL AIRPORT,Other,CO,2026,28772.369020625716
1004796,DENVER INTERNATIONAL AIRPORT,Other,CO,2027,28747.145196362326
1004796,DENVER INTERNATIONAL AIRPORT,Other,CO,2028,28721.943485026393
1004799,WE HEREFORD LLC,Other,TX,2024,98293.4876346766
1004799,WE HEREFORD LLC,Other,TX,2025,96627.93751501653
1004799,WE HEREFORD LLC,Other,TX,2026,94990.60958248033
1004799,WE HEREFORD LLC,Other,TX,2027,93381.02562159066
1004799,WE HEREFORD LLC,Other,TX,2028,91798.7155200701
1004800,YALE UNIVERSITY - SCHOOL OF MEDICINE,Other,CT,2024,101172.15229651847
1004800,YALE UNIVERSITY - SCHOOL OF MEDICINE,Other,CT,2025,101212.95168292386
1004800,YALE UNIVERSITY - SCHOOL OF MEDICINE,Other,CT,2026,101253.76752237345
1004800,YALE UNIVERSITY - SCHOOL OF MEDICINE,Other,CT,2027,101294.59982150294
1004800,YALE UNIVERSITY - SCHOOL OF MEDICINE,Other,CT,2028,101335.44858694944
1004804,3M NEVADA PLANT,Other,MO,2024,33775.95503077729
1004804,3M NEVADA PLANT,Other,MO,2025,34134.84829999161
1004804,3M NEVADA PLANT,Other,MO,2026,34497.55506252004
1004804,3M NEVADA PLANT,Other,MO,2027,34864.1158394102
1004804,3M NEVADA PLANT,Other,MO,2028,35234.57158227435
1004808,Bordeaux Landfill,Waste,TN,2024,42580.52139476348
1004808,Bordeaux Landfill,Waste,TN,2025,40081.781775916534
1004808,Bordeaux Landfill,Waste,TN,2026,37729.674924313265
1004808,Bordeaux Landfill,Waste,TN,2027,35515.5960344481
1004808,Bordeaux Landfill,Waste,TN,2028,33431.44525396576
1004809,TYSON POULTRY INC PINE BLUFF JEFFERSON PARKWAY PLANT,Other,AR,2024,26409.76563197209
1004809,TYSON POULTRY INC PINE BLUFF JEFFERSON PARKWAY PLANT,Other,AR,2025,26397.123715794132
1004809,TYSON POULTRY INC PINE BLUFF JEFFERSON PARKWAY PLANT,Other,AR,2026,26384.487851091482
1004809,TYSON POULTRY INC PINE BLUFF JEFFERSON PARKWAY PLANT,Other,AR,2027,26371.8580349674
1004809,TYSON POULTRY INC PINE BLUFF JEFFERSON PARKWAY PLANT,Other,AR,2028,26359.234264526487
1004811,KEYSTONE STEEL & WIRE CO,Metals,IL,2024,124393.30778505598
1004811,KEYSTONE STEEL & WIRE CO,Metals,IL,2025,121867.67596126431
1004811,KEYSTONE STEEL & WIRE CO,Metals,IL,2026,119393.32355292414
1004811,KEYSTONE STEEL & WIRE CO,Metals,IL,2027,116969.20940335433
1004811,KEYSTONE STEEL & WIRE CO,Metals,IL,2028,114594.3134951003
1004815,BEECH HOLLOW SANITARY LANDFILL *,Waste,OH,2024,342676.17600401834
1004815,BEECH HOLLOW SANITARY LANDFILL *,Waste,OH,2025,348442.0639708506
1004815,BEECH HOLLOW SANITARY LANDFILL *,Waste,OH,2026,354304.9690820719
1004815,BEECH HOLLOW SANITARY LANDFILL *,Waste,OH,2027,360266.52375342796
1004815,BEECH HOLLOW SANITARY LANDFILL *,Waste,OH,2028,366328.3878677814
1004819,GEORGIA PACIFIC Gypsum LLC,Minerals,WY,2024,36802.656174319265
1004819,GEORGIA PACIFIC Gypsum LLC,Minerals,WY,2025,37715.80796165992
1004819,GEORGIA PACIFIC Gypsum LLC,Minerals,WY,2026,38651.616977402
1004819,GEORGIA PACIFIC Gypsum LLC,Minerals,WY,2027,39610.64539533314
1004819,GEORGIA PACIFIC Gypsum LLC,Minerals,WY,2028,40593.469337962175
1004822,Meeker Gas Plant,Petroleum and Natural Gas Systems,CO,2024,325273.83328802494
1004822,Meeker Gas Plant,Petroleum and Natural Gas Systems,CO,2025,306526.5102533757
1004822,Meeker Gas Plant,Petroleum and Natural Gas Systems,CO,2026,288859.6987293279
1004822,Meeker Gas Plant,Petroleum and Natural Gas Systems,CO,2027,272211.122884695
1004822,Meeker Gas Plant,Petroleum and Natural Gas Systems,CO,2028,256522.09618753276
1004829,TRECORA HYDROCARBONS LLC,Chemicals,TX,2024,88723.91769726596
1004829,TRECORA HYDROCARBONS LLC,Chemicals,TX,2025,90313.3911312046
1004829,TRECORA HYDROCARBONS LLC,Chemicals,TX,2026,91931.33970310773
1004829,TRECORA HYDROCARBONS LLC,Chemicals,TX,2027,93578.27354008138
1004829,TRECORA HYDROCARBONS LLC,Chemicals,TX,2028,95254.71190806803
1004831,UWHARRIE ENVIRONMENTAL,Waste,NC,2024,68790.61258107255
1004831,UWHARRIE ENVIRONMENTAL,Waste,NC,2025,64946.44442983375
1004831,UWHARRIE ENVIRONMENTAL,Waste,NC,2026,61317.09670569294
1004831,UWHARRIE ENVIRONMENTAL,Waste,NC,2027,57890.56477875804
1004831,UWHARRIE ENVIRONMENTAL,Waste,NC,2028,54655.51486380836
1004832,J.G. Boswell Tomato Company Kings LLC,Other,CA,2024,28341.84308362177
1004832,J.G. Boswell Tomato Company Kings LLC,Other,CA,2025,27650.42207818924
1004832,J.G. Boswell Tomato Company Kings LLC,Other,CA,2026,26975.868818631297
1004832,J.G. Boswell Tomato Company Kings LLC,Other,CA,2027,26317.771803346808
1004832,J.G. Boswell Tomato Company Kings LLC,Other,CA,2028,25675.72956963157
1004833,EVONIK CORPORATION TIPPECANOE LABORATORIES,Chemicals,IN,2024,70027.08925748392
1004833,EVONIK CORPORATION TIPPECANOE LABORATORIES,Chemicals,IN,2025,69583.56555794341
1004833,EVONIK CORPORATION TIPPECANOE LABORATORIES,Chemicals,IN,2026,69142.85096091067
1004833,EVONIK CORPORATION TIPPECANOE LABORATORIES,Chemicals,IN,2027,68704.92767464934
1004833,EVONIK CORPORATION TIPPECANOE LABORATORIES,Chemicals,IN,2028,68269.77802010784
1004835,YALE UNIVERSITY CENTRAL POWER PLANT,Other,CT,2024,91554.81080307551
1004835,YALE UNIVERSITY CENTRAL POWER PLANT,Other,CT,2025,90655.92923928057
1004835,YALE UNIVERSITY CENTRAL POWER PLANT,Other,CT,2026,89765.87285964157
1004835,YALE UNIVERSITY CENTRAL POWER PLANT,Other,CT,2027,88884.55501884497
1004835,YALE UNIVERSITY CENTRAL POWER PLANT,Other,CT,2028,88011.88992225671
1004845,AMERICAN GYPSUM COMPANY,Minerals,NM,2024,45799.658561739314
1004845,AMERICAN GYPSUM COMPANY,Minerals,NM,2025,46636.8709455742
1004845,AMERICAN GYPSUM COMPANY,Minerals,NM,2026,47489.38747353718
1004845,AMERICAN GYPSUM COMPANY,Minerals,NM,2027,48357.48790358704
1004845,AMERICAN GYPSUM COMPANY,Minerals,NM,2028,49241.45710762494
1004850,NOBLE ROAD LANDFILL (0370000134),Waste,OH,2024,404335.97840271506
1004850,NOBLE ROAD LANDFILL (0370000134),Waste,OH,2025,430140.6765799223
1004850,NOBLE ROAD LANDFILL (0370000134),Waste,OH,2026,457592.2290653889
1004850,NOBLE ROAD LANDFILL (0370000134),Waste,OH,2027,486795.7380034611
1004850,NOBLE ROAD LANDFILL (0370000134),Waste,OH,2028,517863.01315110805
1004852,OWENS CORNING - JACKSON TN,Minerals,TN,2024,41188.48294989162
1004852,OWENS CORNING - JACKSON TN,Minerals,TN,2025,40940.20617812301
1004852,OWENS CORNING - JACKSON TN,Minerals,TN,2026,40693.42597410793
1004852,OWENS CORNING - JACKSON TN,Minerals,TN,2027,40448.13331680496
1004852,OWENS CORNING - JACKSON TN,Minerals,TN,2028,40204.31923954992
1004858,Northern Border Pipeline Zeeland CS#8,Petroleum and Natural Gas Systems,ND,2024,104461.31709042058
1004858,Northern Border Pipeline Zeeland CS#8,Petroleum and Natural Gas Systems,ND,2025,103603.13145677828
1004858,Northern Border Pipeline Zeeland CS#8,Petroleum and Natural Gas Systems,ND,2026,102751.99611315975
1004858,Northern Border Pipeline Zeeland CS#8,Petroleum and Natural Gas Systems,ND,2027,101907.8531390091
1004858,Northern Border Pipeline Zeeland CS#8,Petroleum and Natural Gas Systems,ND,2028,101070.64508960681
1004859,"VIKING ENERGY OF LINCOLN, LLC",Power Plants,MI,2024,25732.243730513135
1004859,"VIKING ENERGY OF LINCOLN, LLC",Power Plants,MI,2025,25158.12738654593
1004859,"VIKING ENERGY OF LINCOLN, LLC",Power Plants,MI,2026,24596.820247242806
1004859,"VIKING ENERGY OF LINCOLN, LLC",Power Plants,MI,2027,24048.036524320873
1004859,"VIKING ENERGY OF LINCOLN, LLC",Power Plants,MI,2028,23511.496805766852
1004861,"Alto ICP, LLC",Other,IL,2024,162637.5174296979
1004861,"Alto ICP, LLC",Other,IL,2025,163867.90046671647
1004861,"Alto ICP, LLC",Other,IL,2026,165107.59158001174
1004861,"Alto ICP, LLC",Other,IL,2027,166356.66118691128
1004861,"Alto ICP, LLC",Other,IL,2028,167615.18023746062
1004876,Tangerine Landfill,Waste,AZ,2024,57751.071656603286
1004876,Tangerine Landfill,Waste,AZ,2025,56875.72058465519
1004876,Tangerine Landfill,Waste,AZ,2026,56013.63748293138
1004876,Tangerine Landfill,Waste,AZ,2027,55164.62124465366
1004876,Tangerine Landfill,Waste,AZ,2028,54328.47381128223
1004884,Brownsville Municipal Landfill,Waste,TX,2024,126869.19030014472
1004884,Brownsville Municipal Landfill,Waste,TX,2025,129463.3143924017
1004884,Brownsville Municipal Landfill,Waste,TX,2026,132110.48114844578
1004884,Brownsville Municipal Landfill,Waste,TX,2027,134811.77514406492
1004884,Brownsville Municipal Landfill,Waste,TX,2028,137568.30313162276
1004887,LANDFILL 33 LTD,Waste,IL,2024,85434.43970551176
1004887,LANDFILL 33 LTD,Waste,IL,2025,87089.46129978295
1004887,LANDFILL 33 LTD,Waste,IL,2026,88776.54369397214
1004887,LANDFILL 33 LTD,Waste,IL,2027,90496.30796450208
1004887,LANDFILL 33 LTD,Waste,IL,2028,92249.38721918354
1004898,"FRITO-LAY, INC. - PERRY PLANT",Other,GA,2024,29701.910056237557
1004898,"FRITO-LAY, INC. - PERRY PLANT",Other,GA,2025,29800.113009153112
1004898,"FRITO-LAY, INC. - PERRY PLANT",Other,GA,2026,29898.64064893027
1004898,"FRITO-LAY, INC. - PERRY PLANT",Other,GA,2027,29997.494049076147
1004898,"FRITO-LAY, INC. - PERRY PLANT",Other,GA,2028,30096.67428664696
1004901,International Paper-Port Wentworth,Pulp and Paper,GA,2024,109568.30208685466
1004901,International Paper-Port Wentworth,Pulp and Paper,GA,2025,112759.16529067085
1004901,International Paper-Port Wentworth,Pulp and Paper,GA,2026,116042.95325275656
1004901,International Paper-Port Wentworth,Pulp and Paper,GA,2027,119422.37214073788
1004901,International Paper-Port Wentworth,Pulp and Paper,GA,2028,122900.20693162688
1004906,Northern Border Pipeline Clark CS#10,Petroleum and Natural Gas Systems,ND,2024,103667.04836931037
1004906,Northern Border Pipeline Clark CS#10,Petroleum and Natural Gas Systems,ND,2025,103229.85563573359
1004906,Northern Border Pipeline Clark CS#10,Petroleum and Natural Gas Systems,ND,2026,102794.5066653321
1004906,Northern Border Pipeline Clark CS#10,Petroleum and Natural Gas Systems,ND,2027,102360.99368244488
1004906,Northern Border Pipeline Clark CS#10,Petroleum and Natural Gas Systems,ND,2028,101929.30894420216
1004908,Northern Border Pipeline Estelline CS#11,Petroleum and Natural Gas Systems,ND,2024,101762.31755299783
1004908,Northern Border Pipeline Estelline CS#11,Petroleum and Natural Gas Systems,ND,2025,100732.7628259302
1004908,Northern Border Pipeline Estelline CS#11,Petroleum and Natural Gas Systems,ND,2026,99713.62436061345
1004908,Northern Border Pipeline Estelline CS#11,Petroleum and Natural Gas Systems,ND,2027,98704.79677313197
1004908,Northern Border Pipeline Estelline CS#11,Petroleum and Natural Gas Systems,ND,2028,97706.17574576472
1004909,"Quad/Graphics, Inc. - Martinsburg Facility",Pulp and Paper,WV,2024,26767.401275161577
1004909,"Quad/Graphics, Inc. - Martinsburg Facility",Pulp and Paper,WV,2025,26607.087019111434
1004909,"Quad/Graphics, Inc. - Martinsburg Facility",Pulp and Paper,WV,2026,26447.73291083306
1004909,"Quad/Graphics, Inc. - Martinsburg Facility",Pulp and Paper,WV,2027,26289.333199847806
1004909,"Quad/Graphics, Inc. - Martinsburg Facility",Pulp and Paper,WV,2028,26131.8821701171
1004912,Northern Border Pipeline Glen Ullin CS#6,Petroleum and Natural Gas Systems,ND,2024,104206.31522344278
1004912,Northern Border Pipeline Glen Ullin CS#6,Petroleum and Natural Gas Systems,ND,2025,103906.60674365073
1004912,Northern Border Pipeline Glen Ullin CS#6,Petroleum and Natural Gas Systems,ND,2026,103607.76025742048
1004912,Northern Border Pipeline Glen Ullin CS#6,Petroleum and Natural Gas Systems,ND,2027,103309.77328556732
1004912,Northern Border Pipeline Glen Ullin CS#6,Petroleum and Natural Gas Systems,ND,2028,103012.64335603546
1004916,YAKIMA COUNTY TERRACE HTS LANDFILL,Waste,WA,2024,128055.1893549949
1004916,YAKIMA COUNTY TERRACE HTS LANDFILL,Waste,WA,2025,130187.75099591658
1004916,YAKIMA COUNTY TERRACE HTS LANDFILL,Waste,WA,2026,132355.82716128093
1004916,YAKIMA COUNTY TERRACE HTS LANDFILL,Waste,WA,2027,134560.00929070744
1004916,YAKIMA COUNTY TERRACE HTS LANDFILL,Waste,WA,2028,136800.89867333102
1004917,Northern Border Pipeline Trimont CS#13,Petroleum and Natural Gas Systems,MN,2024,103907.14864048314
1004917,Northern Border Pipeline Trimont CS#13,Petroleum and Natural Gas Systems,MN,2025,103325.99149573257
1004917,Northern Border Pipeline Trimont CS#13,Petroleum and Natural Gas Systems,MN,2026,102748.08478785098
1004917,Northern Border Pipeline Trimont CS#13,Petroleum and Natural Gas Systems,MN,2027,102173.41033700542
1004917,Northern Border Pipeline Trimont CS#13,Petroleum and Natural Gas Systems,MN,2028,101601.95006504345
1004918,YAKIMA CNTY CHEYNE LANDFILL,Waste,WA,2024,46920.26941979666
1004918,YAKIMA CNTY CHEYNE LANDFILL,Waste,WA,2025,48462.84779843907
1004918,YAKIMA CNTY CHEYNE LANDFILL,Waste,WA,2026,50056.140891291005
1004918,YAKIMA CNTY CHEYNE LANDFILL,Waste,WA,2027,51701.81602513004
1004918,YAKIMA CNTY CHEYNE LANDFILL,Waste,WA,2028,53401.59534274971
1004922,Northern Border Pipeline Wetonka CS#9,Petroleum and Natural Gas Systems,ND,2024,105838.88012312858
1004922,Northern Border Pipeline Wetonka CS#9,Petroleum and Natural Gas Systems,ND,2025,105144.92707154137
1004922,Northern Border Pipeline Wetonka CS#9,Petroleum and Natural Gas Systems,ND,2026,104455.52405711675
1004922,Northern Border Pipeline Wetonka CS#9,Petroleum and Natural Gas Systems,ND,2027,103770.64124665761
1004922,Northern Border Pipeline Wetonka CS#9,Petroleum and Natural Gas Systems,ND,2028,103090.24900257394
1004926,ANR Pipeline Birmingham CS,Petroleum and Natural Gas Systems,IA,2024,27048.964106862808
1004926,ANR Pipeline Birmingham CS,Petroleum and Natural Gas Systems,IA,2025,25512.945940913294
1004926,ANR Pipeline Birmingham CS,Petroleum and Natural Gas Systems,IA,2026,24064.15299352685
1004926,ANR Pipeline Birmingham CS,Petroleum and Natural Gas Systems,IA,2027,22697.632042845882
1004926,ANR Pipeline Birmingham CS,Petroleum and Natural Gas Systems,IA,2028,21408.71114354222
1004933,ANR Pipeline Woolfolk CS,Petroleum and Natural Gas Systems,MI,2024,24252.608818157747
1004933,ANR Pipeline Woolfolk CS,Petroleum and Natural Gas Systems,MI,2025,22959.89224052965
1004933,ANR Pipeline Woolfolk CS,Petroleum and Natural Gas Systems,MI,2026,21736.080256325058
1004933,ANR Pipeline Woolfolk CS,Petroleum and Natural Gas Systems,MI,2027,20577.500101477184
1004933,ANR Pipeline Woolfolk CS,Petroleum and Natural Gas Systems,MI,2028,19480.67477819866
1004942,Anchor Glass Container Corporation. - Plant 12,Minerals,MN,2024,78902.42470792404
1004942,Anchor Glass Container Corporation. - Plant 12,Minerals,MN,2025,78638.76416973273
1004942,Anchor Glass Container Corporation. - Plant 12,Minerals,MN,2026,78375.98468025008
1004942,Anchor Glass Container Corporation. - Plant 12,Minerals,MN,2027,78114.08329536155
1004942,Anchor Glass Container Corporation. - Plant 12,Minerals,MN,2028,77853.05708079063
1004943,Anchor Glass Container Corporation - Plant 14,Minerals,GA,2024,55765.00112142089
1004943,Anchor Glass Container Corporation - Plant 14,Minerals,GA,2025,52862.571218270365
1004943,Anchor Glass Container Corporation - Plant 14,Minerals,GA,2026,50111.20558793066
1004943,Anchor Glass Container Corporation - Plant 14,Minerals,GA,2027,47503.04170993398
1004943,Anchor Glass Container Corporation - Plant 14,Minerals,GA,2028,45030.62628848861
1004944,TITANIUM METALS CORP TORONTO PLANT,Metals,OH,2024,36828.49618514119
1004944,TITANIUM METALS CORP TORONTO PLANT,Metals,OH,2025,36653.664478111416
1004944,TITANIUM METALS CORP TORONTO PLANT,Metals,OH,2026,36479.66272964483
1004944,TITANIUM METALS CORP TORONTO PLANT,Metals,OH,2027,36306.48699977421
1004944,TITANIUM METALS CORP TORONTO PLANT,Metals,OH,2028,36134.13336723598
1004946,Gulf South Pipeline - Tallulah Station,Petroleum and Natural Gas Systems,LA,2024,202025.08673668
1004946,Gulf South Pipeline - Tallulah Station,Petroleum and Natural Gas Systems,LA,2025,209488.94540282222
1004946,Gulf South Pipeline - Tallulah Station,Petroleum and Natural Gas Systems,LA,2026,217228.55787304862
1004946,Gulf South Pipeline - Tallulah Station,Petroleum and Natural Gas Systems,LA,2027,225254.11192875667
1004946,Gulf South Pipeline - Tallulah Station,Petroleum and Natural Gas Systems,LA,2028,233576.17174103585
1004953,SUNNYSIDE COGENERATION ASSOCIATES,Power Plants,UT,2024,429390.4670548804
1004953,SUNNYSIDE COGENERATION ASSOCIATES,Power Plants,UT,2025,421255.1621920834
1004953,SUNNYSIDE COGENERATION ASSOCIATES,Power Plants,UT,2026,413273.9901996889
1004953,SUNNYSIDE COGENERATION ASSOCIATES,Power Plants,UT,2027,405444.0308501038
1004953,SUNNYSIDE COGENERATION ASSOCIATES,Power Plants,UT,2028,397762.41924286337
1004965,UNITED STATES PIPE & FOUNDRY CO LLC,Metals,CA,2024,46919.51850032008
1004965,UNITED STATES PIPE & FOUNDRY CO LLC,Metals,CA,2025,48438.13792532946
1004965,UNITED STATES PIPE & FOUNDRY CO LLC,Metals,CA,2026,50005.909708072344
1004965,UNITED STATES PIPE & FOUNDRY CO LLC,Metals,CA,2027,51624.42473710935
1004965,UNITED STATES PIPE & FOUNDRY CO LLC,Metals,CA,2028,53295.32539245547
1004968,WHEELABRATOR HUDSON FALLS LLC,Waste,NY,2024,63187.17102429106
1004968,WHEELABRATOR HUDSON FALLS LLC,Waste,NY,2025,62989.94338314908
1004968,WHEELABRATOR HUDSON FALLS LLC,Waste,NY,2026,62793.331353401
1004968,WHEELABRATOR HUDSON FALLS LLC,Waste,NY,2027,62597.33301352411
1004968,WHEELABRATOR HUDSON FALLS LLC,Waste,NY,2028,62401.946447993425
1004976,Citizens Disposal Landfill,Waste,MI,2024,44838.05250828407
1004976,Citizens Disposal Landfill,Waste,MI,2025,43171.51346164738
1004976,Citizens Disposal Landfill,Waste,MI,2026,41566.916275519645
1004976,Citizens Disposal Landfill,Waste,MI,2027,40021.95869716289
1004976,Citizens Disposal Landfill,Waste,MI,2028,38534.42404388188
1004982,GRAPHIC PACKAGING INT INC,Pulp and Paper,OH,2024,44107.52120530308
1004982,GRAPHIC PACKAGING INT INC,Pulp and Paper,OH,2025,44063.62721448921
1004982,GRAPHIC PACKAGING INT INC,Pulp and Paper,OH,2026,44019.77690516925
1004982,GRAPHIC PACKAGING INT INC,Pulp and Paper,OH,2027,43975.97023387358
1004982,GRAPHIC PACKAGING INT INC,Pulp and Paper,OH,2028,43932.20715717527
1004983,FRITO-LAY,Other,CT,2024,41507.88720251138
1004983,FRITO-LAY,Other,CT,2025,41580.113545395
1004983,FRITO-LAY,Other,CT,2026,41652.46556667265
1004983,FRITO-LAY,Other,CT,2027,41724.94348503281
1004983,FRITO-LAY,Other,CT,2028,41797.54751954421
1004984,POET BIOREFINING LADDONIA,Other,MO,2024,68914.0279664632
1004984,POET BIOREFINING LADDONIA,Other,MO,2025,70788.55908236423
1004984,POET BIOREFINING LADDONIA,Other,MO,2026,72714.07933658952
1004984,POET BIOREFINING LADDONIA,Other,MO,2027,74691.97568516554
1004984,POET BIOREFINING LADDONIA,Other,MO,2028,76723.67281072152
1004985,TAMINCO US LLC,Chemicals,LA,2024,50426.235741006436
1004985,TAMINCO US LLC,Chemicals,LA,2025,49877.72570476738
1004985,TAMINCO US LLC,Chemicals,LA,2026,49335.18207183861
1004985,TAMINCO US LLC,Chemicals,LA,2027,48798.53994282729
1004985,TAMINCO US LLC,Chemicals,LA,2028,48267.73512428147
1004987,"Tyson Farms, Inc/ Cuthbert Plant",Other,GA,2024,104087.48878872443
1004987,"Tyson Farms, Inc/ Cuthbert Plant",Other,GA,2025,106112.6956531406
1004987,"Tyson Farms, Inc/ Cuthbert Plant",Other,GA,2026,108177.30651213296
1004987,"Tyson Farms, Inc/ Cuthbert Plant",Other,GA,2027,110282.08804036364
1004987,"Tyson Farms, Inc/ Cuthbert Plant",Other,GA,2028,112427.8218295113
1004989,Forest City Facility LLC,Metals,MO,2024,20542.109360613664
1004989,Forest City Facility LLC,Metals,MO,2025,19806.51717183668
1004989,Forest City Facility LLC,Metals,MO,2026,19097.26579639538
1004989,Forest City Facility LLC,Metals,MO,2027,18413.411996368326
1004989,Forest City Facility LLC,Metals,MO,2028,17754.046310231395
1004995,Delhi (SESH) Compressor Station,Petroleum and Natural Gas Systems,LA,2024,128334.18762394463
1004995,Delhi (SESH) Compressor Station,Petroleum and Natural Gas Systems,LA,2025,128795.40985974665
1004995,Delhi (SESH) Compressor Station,Petroleum and Natural Gas Systems,LA,2026,129258.28968932557
1004995,Delhi (SESH) Compressor Station,Petroleum and Natural Gas Systems,LA,2027,129722.83306993393
1004995,Delhi (SESH) Compressor Station,Petroleum and Natural Gas Systems,LA,2028,130189.04598023323
1004998,ConocoPhillips Alaska Inc - KRU CPF3,Petroleum and Natural Gas Systems,AK,2024,316108.9769261126
1004998,ConocoPhillips Alaska Inc - KRU CPF3,Petroleum and Natural Gas Systems,AK,2025,316061.95381760265
1004998,ConocoPhillips Alaska Inc - KRU CPF3,Petroleum and Natural Gas Systems,AK,2026,316014.93770406133
1004998,ConocoPhillips Alaska Inc - KRU CPF3,Petroleum and Natural Gas Systems,AK,2027,315967.92858445033
1004998,ConocoPhillips Alaska Inc - KRU CPF3,Petroleum and Natural Gas Systems,AK,2028,315920.9264577276
1005000,AUDUBON METALS LLC,Metals,KY,2024,49775.022430979836
1005000,AUDUBON METALS LLC,Metals,KY,2025,50317.571777125304
1005000,AUDUBON METALS LLC,Metals,KY,2026,50866.03492860159
1005000,AUDUBON METALS LLC,Metals,KY,2027,51420.47634607736
1005000,AUDUBON METALS LLC,Metals,KY,2028,51980.9611928442
1005002,SHOUP GAS PROCESSING AND FRACTIONATION PLANT,Natural Gas and Natural Gas Liquids Suppliers,TX,2024,213210.3593134483
1005002,SHOUP GAS PROCESSING AND FRACTIONATION PLANT,Natural Gas and Natural Gas Liquids Suppliers,TX,2025,211267.4002919873
1005002,SHOUP GAS PROCESSING AND FRACTIONATION PLANT,Natural Gas and Natural Gas Liquids Suppliers,TX,2026,209342.14721019616
1005002,SHOUP GAS PROCESSING AND FRACTIONATION PLANT,Natural Gas and Natural Gas Liquids Suppliers,TX,2027,207434.4387160882
1005002,SHOUP GAS PROCESSING AND FRACTIONATION PLANT,Natural Gas and Natural Gas Liquids Suppliers,TX,2028,205544.11492805515
1005003,BRACKENRIDGE PLANT,Metals,PA,2024,109778.49772910427
1005003,BRACKENRIDGE PLANT,Metals,PA,2025,106309.2070398104
1005003,BRACKENRIDGE PLANT,Metals,PA,2026,102949.55510615445
1005003,BRACKENRIDGE PLANT,Metals,PA,2027,99696.0770536664
1005003,BRACKENRIDGE PLANT,Metals,PA,2028,96545.41750706821
1005008,Gas Transmission Northwest Pipeline Sandpoint CS#4,Petroleum and Natural Gas Systems,ID,2024,114777.65878496574
1005008,Gas Transmission Northwest Pipeline Sandpoint CS#4,Petroleum and Natural Gas Systems,ID,2025,116797.98978721105
1005008,Gas Transmission Northwest Pipeline Sandpoint CS#4,Petroleum and Natural Gas Systems,ID,2026,118853.88291366953
1005008,Gas Transmission Northwest Pipeline Sandpoint CS#4,Petroleum and Natural Gas Systems,ID,2027,120945.96413339181
1005008,Gas Transmission Northwest Pipeline Sandpoint CS#4,Petroleum and Natural Gas Systems,ID,2028,123074.87043381503
1005011,Northern Border Pipeline Manning CS#5,Petroleum and Natural Gas Systems,ND,2024,97118.15564606393
1005011,Northern Border Pipeline Manning CS#5,Petroleum and Natural Gas Systems,ND,2025,96282.02415140507
1005011,Northern Border Pipeline Manning CS#5,Petroleum and Natural Gas Systems,ND,2026,95453.09126828998
1005011,Northern Border Pipeline Manning CS#5,Petroleum and Natural Gas Systems,ND,2027,94631.29502081152
1005011,Northern Border Pipeline Manning CS#5,Petroleum and Natural Gas Systems,ND,2028,93816.57396663881
1005012,"WESTROCK CP, LLC - HODGE MILL",Pulp and Paper,LA,2024,358083.3980056507
1005012,"WESTROCK CP, LLC - HODGE MILL",Pulp and Paper,LA,2025,365259.2988982928
1005012,"WESTROCK CP, LLC - HODGE MILL",Pulp and Paper,LA,2026,372579.0030331616
1005012,"WESTROCK CP, LLC - HODGE MILL",Pulp and Paper,LA,2027,380045.3921909282
1005012,"WESTROCK CP, LLC - HODGE MILL",Pulp and Paper,LA,2028,387661.40590241656
1005019,Bunge Chevron Ag Renewables LLC  Cairo Facility,Other,IL,2024,51204.94496123893
1005019,Bunge Chevron Ag Renewables LLC  Cairo Facility,Other,IL,2025,51300.20448302539
1005019,Bunge Chevron Ag Renewables LLC  Cairo Facility,Other,IL,2026,51395.64122161177
1005019,Bunge Chevron Ag Renewables LLC  Cairo Facility,Other,IL,2027,51491.25550668483
1005019,Bunge Chevron Ag Renewables LLC  Cairo Facility,Other,IL,2028,51587.04766854457
1005020,"Poet Biorefining Lake Crystal, LLC",Other,MN,2024,81935.10523116069
1005020,"Poet Biorefining Lake Crystal, LLC",Other,MN,2025,81402.61322762066
1005020,"Poet Biorefining Lake Crystal, LLC",Other,MN,2026,80873.58186202114
1005020,"Poet Biorefining Lake Crystal, LLC",Other,MN,2027,80347.9886438556
1005020,"Poet Biorefining Lake Crystal, LLC",Other,MN,2028,79825.811228782
1005022,Bunge Chevron Ag Renewables LLC,Other,LA,2024,46284.89060761729
1005022,Bunge Chevron Ag Renewables LLC,Other,LA,2025,46448.49711868258
1005022,Bunge Chevron Ag Renewables LLC,Other,LA,2026,46612.681941376206
1005022,Bunge Chevron Ag Renewables LLC,Other,LA,2027,46777.447119897966
1005022,Bunge Chevron Ag Renewables LLC,Other,LA,2028,46942.79470567284
1005023,BREVARD CO BOARD OF COUNTY COMMISSIONERS,Waste,FL,2024,691858.2769413909
1005023,BREVARD CO BOARD OF COUNTY COMMISSIONERS,Waste,FL,2025,749502.4613545329
1005023,BREVARD CO BOARD OF COUNTY COMMISSIONERS,Waste,FL,2026,811949.4386335016
1005023,BREVARD CO BOARD OF COUNTY COMMISSIONERS,Waste,FL,2027,879599.3674334467
1005023,BREVARD CO BOARD OF COUNTY COMMISSIONERS,Waste,FL,2028,952885.7467916168
1005024,FORD MOTOR COMPANY - FORD KANSAS CITY ASSEMBLY PLANT,Other,MO,2024,71505.06151763277
1005024,FORD MOTOR COMPANY - FORD KANSAS CITY ASSEMBLY PLANT,Other,MO,2025,70381.17399303868
1005024,FORD MOTOR COMPANY - FORD KANSAS CITY ASSEMBLY PLANT,Other,MO,2026,69274.95127623738
1005024,FORD MOTOR COMPANY - FORD KANSAS CITY ASSEMBLY PLANT,Other,MO,2027,68186.1157189527
1005024,FORD MOTOR COMPANY - FORD KANSAS CITY ASSEMBLY PLANT,Other,MO,2028,67114.39403687038
1005026,Lenoir County Landfill,Waste,NC,2024,20904.624306576985
1005026,Lenoir County Landfill,Waste,NC,2025,19826.127683444494
1005026,Lenoir County Landfill,Waste,NC,2026,18803.272096909932
1005026,Lenoir County Landfill,Waste,NC,2027,17833.18695388351
1005026,Lenoir County Landfill,Waste,NC,2028,16913.149758888205
1005027,Gulf South Pipeline - Mira Station,Petroleum and Natural Gas Systems,LA,2024,65917.25088204653
1005027,Gulf South Pipeline - Mira Station,Petroleum and Natural Gas Systems,LA,2025,66790.64382409774
1005027,Gulf South Pipeline - Mira Station,Petroleum and Natural Gas Systems,LA,2026,67675.60908175704
1005027,Gulf South Pipeline - Mira Station,Petroleum and Natural Gas Systems,LA,2027,68572.29998633968
1005027,Gulf South Pipeline - Mira Station,Petroleum and Natural Gas Systems,LA,2028,69480.871900776
1005029,Pioneer Cryogenic Plant,Petroleum and Natural Gas Systems,WY,2024,37005.598839924816
1005029,Pioneer Cryogenic Plant,Petroleum and Natural Gas Systems,WY,2025,36237.51567162082
1005029,Pioneer Cryogenic Plant,Petroleum and Natural Gas Systems,WY,2026,35485.37473292332
1005029,Pioneer Cryogenic Plant,Petroleum and Natural Gas Systems,WY,2027,34748.845129086454
1005029,Pioneer Cryogenic Plant,Petroleum and Natural Gas Systems,WY,2028,34027.60283337044
1005031,Port Allen Complex,Natural Gas and Natural Gas Liquids Suppliers,LA,2024,78058.48082309756
1005031,Port Allen Complex,Natural Gas and Natural Gas Liquids Suppliers,LA,2025,75696.03137295025
1005031,Port Allen Complex,Natural Gas and Natural Gas Liquids Suppliers,LA,2026,73405.08174377857
1005031,Port Allen Complex,Natural Gas and Natural Gas Liquids Suppliers,LA,2027,71183.46798477387
1005031,Port Allen Complex,Natural Gas and Natural Gas Liquids Suppliers,LA,2028,69029.09163736146
1005033,UNIVERSITY OF NORTHERN IOWA - POWER PLANT/MAIN CAMPUS,Other,IA,2024,63359.25946016252
1005033,UNIVERSITY OF NORTHERN IOWA - POWER PLANT/MAIN CAMPUS,Other,IA,2025,61822.791299196404
1005033,UNIVERSITY OF NORTHERN IOWA - POWER PLANT/MAIN CAMPUS,Other,IA,2026,60323.582639521344
1005033,UNIVERSITY OF NORTHERN IOWA - POWER PLANT/MAIN CAMPUS,Other,IA,2027,58860.729934632815
1005033,UNIVERSITY OF NORTHERN IOWA - POWER PLANT/MAIN CAMPUS,Other,IA,2028,57433.35154911589
1005035,JR SIMPLOT COMPANY DON SIDING COMPLEX,Chemicals,ID,2024,105345.1919819332
1005035,JR SIMPLOT COMPANY DON SIDING COMPLEX,Chemicals,ID,2025,104013.16582213056
1005035,JR SIMPLOT COMPANY DON SIDING COMPLEX,Chemicals,ID,2026,102697.98232649699
1005035,JR SIMPLOT COMPANY DON SIDING COMPLEX,Chemicals,ID,2027,101399.42852974388
1005035,JR SIMPLOT COMPANY DON SIDING COMPLEX,Chemicals,ID,2028,100117.2941593986
1005051,"Marquis Energy - Wisconsin, LLC",Other,WI,2024,133479.9773527017
1005051,"Marquis Energy - Wisconsin, LLC",Other,WI,2025,137397.85140525078
1005051,"Marquis Energy - Wisconsin, LLC",Other,WI,2026,141430.72200931318
1005051,"Marquis Energy - Wisconsin, LLC",Other,WI,2027,145581.96451761402
1005051,"Marquis Energy - Wisconsin, LLC",Other,WI,2028,149855.05335546657
1005056,BROWN COUNTY LANDFILL,Waste,SD,2024,53169.59339381175
1005056,BROWN COUNTY LANDFILL,Waste,SD,2025,53740.82717664768
1005056,BROWN COUNTY LANDFILL,Waste,SD,2026,54318.19807684383
1005056,BROWN COUNTY LANDFILL,Waste,SD,2027,54901.77202924269
1005056,BROWN COUNTY LANDFILL,Waste,SD,2028,55491.61567706548
1005059,GEORGIA-PACIFIC GYPSUM LLC,Minerals,WA,2024,49150.33855233637
1005059,GEORGIA-PACIFIC GYPSUM LLC,Minerals,WA,2025,49797.530749613674
1005059,GEORGIA-PACIFIC GYPSUM LLC,Minerals,WA,2026,50453.244917492884
1005059,GEORGIA-PACIFIC GYPSUM LLC,Minerals,WA,2027,51117.59326990866
1005059,GEORGIA-PACIFIC GYPSUM LLC,Minerals,WA,2028,51790.68949838434
1005062,DAIKIN AMERICA INC.,Chemicals,AL,2024,675424.5944448978
1005062,DAIKIN AMERICA INC.,Chemicals,AL,2025,718040.3460468372
1005062,DAIKIN AMERICA INC.,Chemicals,AL,2026,763344.9282000092
1005062,DAIKIN AMERICA INC.,Chemicals,AL,2027,811507.9920184199
1005062,DAIKIN AMERICA INC.,Chemicals,AL,2028,862709.8927121116
1005063,Southern California Gas Company - Honor Rancho,Petroleum and Natural Gas Systems,CA,2024,22236.451111379294
1005063,Southern California Gas Company - Honor Rancho,Petroleum and Natural Gas Systems,CA,2025,20717.629428725693
1005063,Southern California Gas Company - Honor Rancho,Petroleum and Natural Gas Systems,CA,2026,19302.548189731242
1005063,Southern California Gas Company - Honor Rancho,Petroleum and Natural Gas Systems,CA,2027,17984.121585855337
1005063,Southern California Gas Company - Honor Rancho,Petroleum and Natural Gas Systems,CA,2028,16755.74779224683
1005074,Anchor Glass Container Corporation - Plant 15,Minerals,OK,2024,95146.50370673972
1005074,Anchor Glass Container Corporation - Plant 15,Minerals,OK,2025,95524.74682122699
1005074,Anchor Glass Container Corporation - Plant 15,Minerals,OK,2026,95904.49359426257
1005074,Anchor Glass Container Corporation - Plant 15,Minerals,OK,2027,96285.75000345455
1005074,Anchor Glass Container Corporation - Plant 15,Minerals,OK,2028,96668.52205017422
1005075,BUNGE NORTH AMERICA INC,Other,AL,2024,86210.97234978367
1005075,BUNGE NORTH AMERICA INC,Other,AL,2025,87350.54185024468
1005075,BUNGE NORTH AMERICA INC,Other,AL,2026,88505.17461482379
1005075,BUNGE NORTH AMERICA INC,Other,AL,2027,89675.06975548912
1005075,BUNGE NORTH AMERICA INC,Other,AL,2028,90860.42901614623
1005077,MALLINCKRODT,Chemicals,MO,2024,23853.503605216545
1005077,MALLINCKRODT,Chemicals,MO,2025,22790.624571682612
1005077,MALLINCKRODT,Chemicals,MO,2026,21775.105953566945
1005077,MALLINCKRODT,Chemicals,MO,2027,20804.837436452173
1005077,MALLINCKRODT,Chemicals,MO,2028,19877.802738603732
1005090,WEST DAVIES COUNTY LANDFILL,Waste,KY,2024,192146.31394830652
1005090,WEST DAVIES COUNTY LANDFILL,Waste,KY,2025,202076.06060136878
1005090,WEST DAVIES COUNTY LANDFILL,Waste,KY,2026,212518.9571898519
1005090,WEST DAVIES COUNTY LANDFILL,Waste,KY,2027,223501.52230133183
1005090,WEST DAVIES COUNTY LANDFILL,Waste,KY,2028,235051.64495225585
1005091,WASHINGTON STATE UNIVERSITY,Other,WA,2024,66917.93414913159
1005091,WASHINGTON STATE UNIVERSITY,Other,WA,2025,67689.80016963946
1005091,WASHINGTON STATE UNIVERSITY,Other,WA,2026,68470.56929155317
1005091,WASHINGTON STATE UNIVERSITY,Other,WA,2027,69260.34420784391
1005091,WASHINGTON STATE UNIVERSITY,Other,WA,2028,70059.22879599569
1005097,L P GILL LANDFILL,Waste,NE,2024,80312.8846641427
1005097,L P GILL LANDFILL,Waste,NE,2025,79808.66565413012
1005097,L P GILL LANDFILL,Waste,NE,2026,79307.61222347799
1005097,L P GILL LANDFILL,Waste,NE,2027,78809.70449809857
1005097,L P GILL LANDFILL,Waste,NE,2028,78314.92272867789
1005105,METROPOLITAN AIRPORTS COMMISSION,Other,MN,2024,26957.387362058704
1005105,METROPOLITAN AIRPORTS COMMISSION,Other,MN,2025,27092.420535481906
1005105,METROPOLITAN AIRPORTS COMMISSION,Other,MN,2026,27228.130108204485
1005105,METROPOLITAN AIRPORTS COMMISSION,Other,MN,2027,27364.519468401362
1005105,METROPOLITAN AIRPORTS COMMISSION,Other,MN,2028,27501.592021219294
1005110,Carville Energy Center,Power Plants,LA,2024,1285430.5612487032
1005110,Carville Energy Center,Power Plants,LA,2025,1300867.7598092726
1005110,Carville Energy Center,Power Plants,LA,2026,1316490.349247093
1005110,Carville Energy Center,Power Plants,LA,2027,1332300.5559879832
1005110,Carville Energy Center,Power Plants,LA,2028,1348300.6331957043
1005111,WARBASSE HOUSES & POWER PLANT,Power Plants,NY,2024,32019.38076143577
1005111,WARBASSE HOUSES & POWER PLANT,Power Plants,NY,2025,31970.421623322178
1005111,WARBASSE HOUSES & POWER PLANT,Power Plants,NY,2026,31921.53734603187
1005111,WARBASSE HOUSES & POWER PLANT,Power Plants,NY,2027,31872.727815099126
1005111,WARBASSE HOUSES & POWER PLANT,Power Plants,NY,2028,31823.992916233256
1005114,COLUMBIAN CHEMICALS CO - NORTH BEND PLANT,Chemicals,LA,2024,254797.8574927502
1005114,COLUMBIAN CHEMICALS CO - NORTH BEND PLANT,Chemicals,LA,2025,254271.63647990575
1005114,COLUMBIAN CHEMICALS CO - NORTH BEND PLANT,Chemicals,LA,2026,253746.5022444654
1005114,COLUMBIAN CHEMICALS CO - NORTH BEND PLANT,Chemicals,LA,2027,253222.45254196547
1005114,COLUMBIAN CHEMICALS CO - NORTH BEND PLANT,Chemicals,LA,2028,252699.4851325727
1005115,COMMONWEALTH AGRI-ENERGY LLC,Other,KY,2024,65747.48867221225
1005115,COMMONWEALTH AGRI-ENERGY LLC,Other,KY,2025,67141.55117138238
1005115,COMMONWEALTH AGRI-ENERGY LLC,Other,KY,2026,68565.17236991627
1005115,COMMONWEALTH AGRI-ENERGY LLC,Other,KY,2027,70018.97900923259
1005115,COMMONWEALTH AGRI-ENERGY LLC,Other,KY,2028,71503.6111197241
1005116,Hibbing Taconite Company,Metals,MN,2024,268207.0415730468
1005116,Hibbing Taconite Company,Metals,MN,2025,269275.24184711307
1005116,Hibbing Taconite Company,Metals,MN,2026,270347.6964905601
1005116,Hibbing Taconite Company,Metals,MN,2027,271424.42244745663
1005116,Hibbing Taconite Company,Metals,MN,2028,272505.4367293562
1005121,Libbey Glass Inc.,Minerals,OH,2024,68325.8970618724
1005121,Libbey Glass Inc.,Minerals,OH,2025,68282.25797060409
1005121,Libbey Glass Inc.,Minerals,OH,2026,68238.64675120237
1005121,Libbey Glass Inc.,Minerals,OH,2027,68195.06338586574
1005121,Libbey Glass Inc.,Minerals,OH,2028,68151.50785680406
1005125,CALUMET SHREVPORT REFINING LLC,Chemicals,LA,2024,366928.3754302634
1005125,CALUMET SHREVPORT REFINING LLC,Chemicals,LA,2025,362570.3965905988
1005125,CALUMET SHREVPORT REFINING LLC,Chemicals,LA,2026,358264.1771155363
1005125,CALUMET SHREVPORT REFINING LLC,Chemicals,LA,2027,354009.10226326215
1005125,CALUMET SHREVPORT REFINING LLC,Chemicals,LA,2028,349804.5645931975
1005126,"BIRLA CARBON USA, Inc.",Chemicals,KS,2024,115179.16306537692
1005126,"BIRLA CARBON USA, Inc.",Chemicals,KS,2025,115731.28686995804
1005126,"BIRLA CARBON USA, Inc.",Chemicals,KS,2026,116286.05733985125
1005126,"BIRLA CARBON USA, Inc.",Chemicals,KS,2027,116843.48716213428
1005126,"BIRLA CARBON USA, Inc.",Chemicals,KS,2028,117403.58908470026
1005136,UMASS PHYSICAL PLANT BUILDING,Other,MA,2024,102613.30146353961
1005136,UMASS PHYSICAL PLANT BUILDING,Other,MA,2025,102222.36739601727
1005136,UMASS PHYSICAL PLANT BUILDING,Other,MA,2026,101832.92270114907
1005136,UMASS PHYSICAL PLANT BUILDING,Other,MA,2027,101444.96170475337
1005136,UMASS PHYSICAL PLANT BUILDING,Other,MA,2028,101058.47875426592
1005138,Alamance County Landfill,Waste,NC,2024,131292.67225312366
1005138,Alamance County Landfill,Waste,NC,2025,132937.1180518031
1005138,Alamance County Landfill,Waste,NC,2026,134602.16059772222
1005138,Alamance County Landfill,Waste,NC,2027,136288.0578659365
1005138,Alamance County Landfill,Waste,NC,2028,137995.07106264966
1005140,Gwinville (SESH) Compressor Station,Petroleum and Natural Gas Systems,MS,2024,111473.81637695448
1005140,Gwinville (SESH) Compressor Station,Petroleum and Natural Gas Systems,MS,2025,112097.43035561178
1005140,Gwinville (SESH) Compressor Station,Petroleum and Natural Gas Systems,MS,2026,112724.5329956159
1005140,Gwinville (SESH) Compressor Station,Petroleum and Natural Gas Systems,MS,2027,113355.14381346008
1005140,Gwinville (SESH) Compressor Station,Petroleum and Natural Gas Systems,MS,2028,113989.28243481794
1005146,ROBARDS PROCESSING - TYSON CHICKEN INC.,Other,KY,2024,62843.04710468938
1005146,ROBARDS PROCESSING - TYSON CHICKEN INC.,Other,KY,2025,64468.328463217396
1005146,ROBARDS PROCESSING - TYSON CHICKEN INC.,Other,KY,2026,66135.64373983297
1005146,ROBARDS PROCESSING - TYSON CHICKEN INC.,Other,KY,2027,67846.08003878481
1005146,ROBARDS PROCESSING - TYSON CHICKEN INC.,Other,KY,2028,69600.75257960768
1005150,CARLTON FORGE WORKS,Other,CA,2024,29140.468135644653
1005150,CARLTON FORGE WORKS,Other,CA,2025,28808.302802348833
1005150,CARLTON FORGE WORKS,Other,CA,2026,28479.92374345773
1005150,CARLTON FORGE WORKS,Other,CA,2027,28155.287800121227
1005150,CARLTON FORGE WORKS,Other,CA,2028,27834.352305446475
1005156,SOLVAY CHEMICALS INC,Chemicals,WA,2024,55449.13568254112
1005156,SOLVAY CHEMICALS INC,Chemicals,WA,2025,56224.166382166404
1005156,SOLVAY CHEMICALS INC,Chemicals,WA,2026,57010.02993929185
1005156,SOLVAY CHEMICALS INC,Chemicals,WA,2027,57806.87776830917
1005156,SOLVAY CHEMICALS INC,Chemicals,WA,2028,58614.86339997749
1005159,SNG Plant,Petroleum and Natural Gas Systems,HI,2024,24895.43195078454
1005159,SNG Plant,Petroleum and Natural Gas Systems,HI,2025,24907.86683019037
1005159,SNG Plant,Petroleum and Natural Gas Systems,HI,2026,24920.30792062424
1005159,SNG Plant,Petroleum and Natural Gas Systems,HI,2027,24932.755225188503
1005159,SNG Plant,Petroleum and Natural Gas Systems,HI,2028,24945.20874698693
1005161,Guaynabo Landfill,Waste,PR,2024,47910.35448793538
1005161,Guaynabo Landfill,Waste,PR,2025,46822.39675470432
1005161,Guaynabo Landfill,Waste,PR,2026,45759.14457921643
1005161,Guaynabo Landfill,Waste,PR,2027,44720.03694281743
1005161,Guaynabo Landfill,Waste,PR,2028,43704.525566574775
1005172,"COVANTA BRISTOL, INC",Waste,CT,2024,82436.65055947338
1005172,"COVANTA BRISTOL, INC",Waste,CT,2025,83187.97519243718
1005172,"COVANTA BRISTOL, INC",Waste,CT,2026,83946.14737076193
1005172,"COVANTA BRISTOL, INC",Waste,CT,2027,84711.22950272654
1005172,"COVANTA BRISTOL, INC",Waste,CT,2028,85483.28456539713
1005179,COVANTA HAVERHILL INC,Waste,MA,2024,243729.6552882812
1005179,COVANTA HAVERHILL INC,Waste,MA,2025,245663.2204967332
1005179,COVANTA HAVERHILL INC,Waste,MA,2026,247612.12513694586
1005179,COVANTA HAVERHILL INC,Waste,MA,2027,249576.4909002728
1005179,COVANTA HAVERHILL INC,Waste,MA,2028,251556.44044347273
1005185,TRANS ALASKA PIPELINE SYSTEM PUMP STATION 3,Other,AK,2024,52891.03430219686
1005185,TRANS ALASKA PIPELINE SYSTEM PUMP STATION 3,Other,AK,2025,51804.33600590466
1005185,TRANS ALASKA PIPELINE SYSTEM PUMP STATION 3,Other,AK,2026,50739.96499443
1005185,TRANS ALASKA PIPELINE SYSTEM PUMP STATION 3,Other,AK,2027,49697.462531756806
1005185,TRANS ALASKA PIPELINE SYSTEM PUMP STATION 3,Other,AK,2028,48676.379307051044
1005187,TRANS ALASKA PIPELINE SYSTEM PUMP STATION 4,Other,AK,2024,53265.111446339964
1005187,TRANS ALASKA PIPELINE SYSTEM PUMP STATION 4,Other,AK,2025,51856.94908038861
1005187,TRANS ALASKA PIPELINE SYSTEM PUMP STATION 4,Other,AK,2026,50486.01410766029
1005187,TRANS ALASKA PIPELINE SYSTEM PUMP STATION 4,Other,AK,2027,49151.322352722134
1005187,TRANS ALASKA PIPELINE SYSTEM PUMP STATION 4,Other,AK,2028,47851.91565865039
1005198,TPC GROUP LLC,Chemicals,TX,2024,739828.4658188383
1005198,TPC GROUP LLC,Chemicals,TX,2025,761664.5372357633
1005198,TPC GROUP LLC,Chemicals,TX,2026,784145.101311397
1005198,TPC GROUP LLC,Chemicals,TX,2027,807289.1802764005
1005198,TPC GROUP LLC,Chemicals,TX,2028,831116.3578034434
1005207,PYCO INDUSTRIES AVENUE A FACILITY,Other,TX,2024,25036.986667154117
1005207,PYCO INDUSTRIES AVENUE A FACILITY,Other,TX,2025,24894.834811719193
1005207,PYCO INDUSTRIES AVENUE A FACILITY,Other,TX,2026,24753.490048218737
1005207,PYCO INDUSTRIES AVENUE A FACILITY,Other,TX,2027,24612.947794247717
1005207,PYCO INDUSTRIES AVENUE A FACILITY,Other,TX,2028,24473.20349341832
1005211,Delta Air Lines Inc.- Atlanta Operations,Other,GA,2024,40557.83205166293
1005211,Delta Air Lines Inc.- Atlanta Operations,Other,GA,2025,40080.18742996871
1005211,Delta Air Lines Inc.- Atlanta Operations,Other,GA,2026,39608.16797049569
1005211,Delta Air Lines Inc.- Atlanta Operations,Other,GA,2027,39141.70742639733
1005211,Delta Air Lines Inc.- Atlanta Operations,Other,GA,2028,38680.7403310079
1005217,WESTERN NEW YORK ENERGY LLC,Other,NY,2024,79263.13705134565
1005217,WESTERN NEW YORK ENERGY LLC,Other,NY,2025,79585.91570655715
1005217,WESTERN NEW YORK ENERGY LLC,Other,NY,2026,79910.00879448131
1005217,WESTERN NEW YORK ENERGY LLC,Other,NY,2027,80235.4216678062
1005217,WESTERN NEW YORK ENERGY LLC,Other,NY,2028,80562.15970101656
1005261,NEWSVT LANDFILL,Waste,VT,2024,56674.584349643665
1005261,NEWSVT LANDFILL,Waste,VT,2025,55334.758975416364
1005261,NEWSVT LANDFILL,Waste,VT,2026,54026.60797611421
1005261,NEWSVT LANDFILL,Waste,VT,2027,52749.38254816469
1005261,NEWSVT LANDFILL,Waste,VT,2028,51502.35159021646
1005263,FLORIM USA INC,Minerals,TN,2024,50116.4947641297
1005263,FLORIM USA INC,Minerals,TN,2025,50543.99582265179
1005263,FLORIM USA INC,Minerals,TN,2026,50975.143527969376
1005263,FLORIM USA INC,Minerals,TN,2027,51409.9689865152
1005263,FLORIM USA INC,Minerals,TN,2028,51848.503570064204
1005264,DARTMOUTH COLLEGE HEATING PLANT,Other,NH,2024,40459.26411470835
1005264,DARTMOUTH COLLEGE HEATING PLANT,Other,NH,2025,40016.20091915284
1005264,DARTMOUTH COLLEGE HEATING PLANT,Other,NH,2026,39577.98964069335
1005264,DARTMOUTH COLLEGE HEATING PLANT,Other,NH,2027,39144.57714673016
1005264,DARTMOUTH COLLEGE HEATING PLANT,Other,NH,2028,38715.91088651024
1005266,WM - Tekoi Landfill,Waste,UT,2024,54232.15322361492
1005266,WM - Tekoi Landfill,Waste,UT,2025,55836.64658873041
1005266,WM - Tekoi Landfill,Waste,UT,2026,57488.60992886393
1005266,WM - Tekoi Landfill,Waste,UT,2027,59189.4476739602
1005266,WM - Tekoi Landfill,Waste,UT,2028,60940.60580493344
1005277,NORTHEASTERN UNIVERSITY,Other,MA,2024,27003.278106408914
1005277,NORTHEASTERN UNIVERSITY,Other,MA,2025,26634.073467094968
1005277,NORTHEASTERN UNIVERSITY,Other,MA,2026,26269.91680992425
1005277,NORTHEASTERN UNIVERSITY,Other,MA,2027,25910.739115927357
1005277,NORTHEASTERN UNIVERSITY,Other,MA,2028,25556.472309802644
1005283,SSAB ALABAMA INCORPORATED,Metals,AL,2024,325402.58641910687
1005283,SSAB ALABAMA INCORPORATED,Metals,AL,2025,327207.5703335519
1005283,SSAB ALABAMA INCORPORATED,Metals,AL,2026,329022.5663593538
1005283,SSAB ALABAMA INCORPORATED,Metals,AL,2027,330847.63003295026
1005283,SSAB ALABAMA INCORPORATED,Metals,AL,2028,332682.81719883345
1005294,UNITED TACONITE LLC - FAIRLANE PLANT,Metals,MN,2024,432845.0326216477
1005294,UNITED TACONITE LLC - FAIRLANE PLANT,Metals,MN,2025,452697.2854345472
1005294,UNITED TACONITE LLC - FAIRLANE PLANT,Metals,MN,2026,473460.053355728
1005294,UNITED TACONITE LLC - FAIRLANE PLANT,Metals,MN,2027,495175.0967722995
1005294,UNITED TACONITE LLC - FAIRLANE PLANT,Metals,MN,2028,517886.0913937117
1005295,CENTRAL SANITARY LANDFILL,Waste,MD,2024,111261.69512153555
1005295,CENTRAL SANITARY LANDFILL,Waste,MD,2025,109309.57327069035
1005295,CENTRAL SANITARY LANDFILL,Waste,MD,2026,107391.70201899667
1005295,CENTRAL SANITARY LANDFILL,Waste,MD,2027,105507.48042879225
1005295,CENTRAL SANITARY LANDFILL,Waste,MD,2028,103656.31810605679
1005302,LONE STAR INDUSTRIES INC,Minerals,IN,2024,990433.4199025106
1005302,LONE STAR INDUSTRIES INC,Minerals,IN,2025,996667.7510705692
1005302,LONE STAR INDUSTRIES INC,Minerals,IN,2026,1002941.3245383442
1005302,LONE STAR INDUSTRIES INC,Minerals,IN,2027,1009254.387318395
1005302,LONE STAR INDUSTRIES INC,Minerals,IN,2028,1015607.1879781084
1005308,Searles Valley Minerals,Other,CA,2024,1501372.370373631
1005308,Searles Valley Minerals,Other,CA,2025,1510513.4026043902
1005308,Searles Valley Minerals,Other,CA,2026,1519710.0895627125
1005308,Searles Valley Minerals,Other,CA,2027,1528962.7700996923
1005308,Searles Valley Minerals,Other,CA,2028,1538271.7851294775
1005310,AES - PUERTO RICO COGENERATION PLANT,Power Plants,PR,2024,3353315.3866237667
1005310,AES - PUERTO RICO COGENERATION PLANT,Power Plants,PR,2025,3340305.8961577388
1005310,AES - PUERTO RICO COGENERATION PLANT,Power Plants,PR,2026,3327346.8771871333
1005310,AES - PUERTO RICO COGENERATION PLANT,Power Plants,PR,2027,3314438.1339032166
1005310,AES - PUERTO RICO COGENERATION PLANT,Power Plants,PR,2028,3301579.4712569136
1005312,PMC BIOGENIX INC,Chemicals,TN,2024,100865.07539360784
1005312,PMC BIOGENIX INC,Chemicals,TN,2025,101444.83484640587
1005312,PMC BIOGENIX INC,Chemicals,TN,2026,102027.926681813
1005312,PMC BIOGENIX INC,Chemicals,TN,2027,102614.37005393517
1005312,PMC BIOGENIX INC,Chemicals,TN,2028,103204.18422697285
1005314,SAVANNAH-DEAN FOREST ROAD LANDFILL,Waste,GA,2024,135811.82176697304
1005314,SAVANNAH-DEAN FOREST ROAD LANDFILL,Waste,GA,2025,135174.32424728526
1005314,SAVANNAH-DEAN FOREST ROAD LANDFILL,Waste,GA,2026,134539.8191260668
1005314,SAVANNAH-DEAN FOREST ROAD LANDFILL,Waste,GA,2027,133908.29235706964
1005314,SAVANNAH-DEAN FOREST ROAD LANDFILL,Waste,GA,2028,133279.7299599778
1005318,CITY OF CONWAY LANDFILL & MRF,Waste,AR,2024,93169.46121816071
1005318,CITY OF CONWAY LANDFILL & MRF,Waste,AR,2025,92186.09263514733
1005318,CITY OF CONWAY LANDFILL & MRF,Waste,AR,2026,91213.10313726997
1005318,CITY OF CONWAY LANDFILL & MRF,Waste,AR,2027,90250.3831771929
1005318,CITY OF CONWAY LANDFILL & MRF,Waste,AR,2028,89297.8243638115
1005319,NORTHEAST ARKANSAS REGIONAL SOLID WASTE MANAGEMENT DISTRICT,Waste,AR,2024,91366.96106888803
1005319,NORTHEAST ARKANSAS REGIONAL SOLID WASTE MANAGEMENT DISTRICT,Waste,AR,2025,92284.13970231255
1005319,NORTHEAST ARKANSAS REGIONAL SOLID WASTE MANAGEMENT DISTRICT,Waste,AR,2026,93210.52534706556
1005319,NORTHEAST ARKANSAS REGIONAL SOLID WASTE MANAGEMENT DISTRICT,Waste,AR,2027,94146.21042686312
1005319,NORTHEAST ARKANSAS REGIONAL SOLID WASTE MANAGEMENT DISTRICT,Waste,AR,2028,95091.28829320808
1005322,PINE LAKE CORN PROCESSORS,Other,IA,2024,130623.42537422024
1005322,PINE LAKE CORN PROCESSORS,Other,IA,2025,141002.01614630298
1005322,PINE LAKE CORN PROCESSORS,Other,IA,2026,152205.23041991875
1005322,PINE LAKE CORN PROCESSORS,Other,IA,2027,164298.58806517508
1005322,PINE LAKE CORN PROCESSORS,Other,IA,2028,177352.8147865633
1005327,AMERICAN CAST IRON PIPE CO,Metals,AL,2024,173926.95387667307
1005327,AMERICAN CAST IRON PIPE CO,Metals,AL,2025,177763.3898618962
1005327,AMERICAN CAST IRON PIPE CO,Metals,AL,2026,181684.44896470173
1005327,AMERICAN CAST IRON PIPE CO,Metals,AL,2027,185691.99778003863
1005327,AMERICAN CAST IRON PIPE CO,Metals,AL,2028,189787.94407572545
1005332,Lucedale (SESH) Compressor Station,Petroleum and Natural Gas Systems,MS,2024,33495.10745541732
1005332,Lucedale (SESH) Compressor Station,Petroleum and Natural Gas Systems,MS,2025,32738.760011605504
1005332,Lucedale (SESH) Compressor Station,Petroleum and Natural Gas Systems,MS,2026,31999.491523474608
1005332,Lucedale (SESH) Compressor Station,Petroleum and Natural Gas Systems,MS,2027,31276.916333970526
1005332,Lucedale (SESH) Compressor Station,Petroleum and Natural Gas Systems,MS,2028,30570.657494496685
1005335,RICE COUNTY LANDFILL,Waste,MN,2024,52245.93848022109
1005335,RICE COUNTY LANDFILL,Waste,MN,2025,52704.37156792558
1005335,RICE COUNTY LANDFILL,Waste,MN,2026,53166.827186414564
1005335,RICE COUNTY LANDFILL,Waste,MN,2027,53633.34063146917
1005335,RICE COUNTY LANDFILL,Waste,MN,2028,54103.94750857405
1005337,"DECORATIVE PANELS INTERNATIONAL, INC.",Other,MI,2024,77252.08403990474
1005337,"DECORATIVE PANELS INTERNATIONAL, INC.",Other,MI,2025,74887.18008227044
1005337,"DECORATIVE PANELS INTERNATIONAL, INC.",Other,MI,2026,72594.67249812356
1005337,"DECORATIVE PANELS INTERNATIONAL, INC.",Other,MI,2027,70372.34503048804
1005337,"DECORATIVE PANELS INTERNATIONAL, INC.",Other,MI,2028,68218.04926825786
1005338,STEEL DUST RECYCLING LLC,Metals,AL,2024,228721.28315932877
1005338,STEEL DUST RECYCLING LLC,Metals,AL,2025,240177.99854221288
1005338,STEEL DUST RECYCLING LLC,Metals,AL,2026,252208.58412008442
1005338,STEEL DUST RECYCLING LLC,Metals,AL,2027,264841.7852173826
1005338,STEEL DUST RECYCLING LLC,Metals,AL,2028,278107.7870201825
1005339,WILLIAM BEAUMONT HOSPITAL,Other,MI,2024,31454.975488408912
1005339,WILLIAM BEAUMONT HOSPITAL,Other,MI,2025,31734.905630293993
1005339,WILLIAM BEAUMONT HOSPITAL,Other,MI,2026,32017.32698010773
1005339,WILLIAM BEAUMONT HOSPITAL,Other,MI,2027,32302.261708085036
1005339,WILLIAM BEAUMONT HOSPITAL,Other,MI,2028,32589.73218176198
1005341,HONDA MANUFACTURING OF ALABAMA LLC,Other,AL,2024,55341.60988661547
1005341,HONDA MANUFACTURING OF ALABAMA LLC,Other,AL,2025,55611.89578777777
1005341,HONDA MANUFACTURING OF ALABAMA LLC,Other,AL,2026,55883.50175296614
1005341,HONDA MANUFACTURING OF ALABAMA LLC,Other,AL,2027,56156.43422931354
1005341,HONDA MANUFACTURING OF ALABAMA LLC,Other,AL,2028,56430.69969543962
1005344,CHAPARRAL STEEL MIDLOTHIAN PLANT,Metals,TX,2024,265127.2635822025
1005344,CHAPARRAL STEEL MIDLOTHIAN PLANT,Metals,TX,2025,269374.4918677287
1005344,CHAPARRAL STEEL MIDLOTHIAN PLANT,Metals,TX,2026,273689.7589805916
1005344,CHAPARRAL STEEL MIDLOTHIAN PLANT,Metals,TX,2027,278074.1548744547
1005344,CHAPARRAL STEEL MIDLOTHIAN PLANT,Metals,TX,2028,282528.786963584
1005349,CENTRAL PENINSULA BALING FACILITY-SOLDOTNA LF,Waste,AK,2024,54171.388991720865
1005349,CENTRAL PENINSULA BALING FACILITY-SOLDOTNA LF,Waste,AK,2025,54256.66641063654
1005349,CENTRAL PENINSULA BALING FACILITY-SOLDOTNA LF,Waste,AK,2026,54342.078074553465
1005349,CENTRAL PENINSULA BALING FACILITY-SOLDOTNA LF,Waste,AK,2027,54427.62419480193
1005349,CENTRAL PENINSULA BALING FACILITY-SOLDOTNA LF,Waste,AK,2028,54513.30498304533
1005352,LEHIGH CEMENT CO LLC,Minerals,IA,2024,505765.5699001289
1005352,LEHIGH CEMENT CO LLC,Minerals,IA,2025,518703.6767337661
1005352,LEHIGH CEMENT CO LLC,Minerals,IA,2026,531972.7562915286
1005352,LEHIGH CEMENT CO LLC,Minerals,IA,2027,545581.2752637538
1005352,LEHIGH CEMENT CO LLC,Minerals,IA,2028,559537.916929157
1005353,ABERDEEN ENERGY LLC,Other,SD,2024,198919.4471782252
1005353,ABERDEEN ENERGY LLC,Other,SD,2025,201135.96722077113
1005353,ABERDEEN ENERGY LLC,Other,SD,2026,203377.18550759915
1005353,ABERDEEN ENERGY LLC,Other,SD,2027,205643.37724636003
1005353,ABERDEEN ENERGY LLC,Other,SD,2028,207934.82071128604
1005358,CARDINAL FG,Minerals,WI,2024,132769.65655657425
1005358,CARDINAL FG,Minerals,WI,2025,136859.06800151835
1005358,CARDINAL FG,Minerals,WI,2026,141074.43658455982
1005358,CARDINAL FG,Minerals,WI,2027,145419.64188613524
1005358,CARDINAL FG,Minerals,WI,2028,149898.6829808558
1005362,LOUISIANA TECH UNIVERSITY,Power Plants,LA,2024,35276.466071628995
1005362,LOUISIANA TECH UNIVERSITY,Power Plants,LA,2025,35187.3952688325
1005362,LOUISIANA TECH UNIVERSITY,Power Plants,LA,2026,35098.549364071274
1005362,LOUISIANA TECH UNIVERSITY,Power Plants,LA,2027,35009.92778949222
1005362,LOUISIANA TECH UNIVERSITY,Power Plants,LA,2028,34921.529978676204
1005363,"CALUMET KARNS CITY REFINING, LLC.",Petroleum and Natural Gas Systems,PA,2024,33483.8913800009
1005363,"CALUMET KARNS CITY REFINING, LLC.",Petroleum and Natural Gas Systems,PA,2025,33776.847444093226
1005363,"CALUMET KARNS CITY REFINING, LLC.",Petroleum and Natural Gas Systems,PA,2026,34072.366628896714
1005363,"CALUMET KARNS CITY REFINING, LLC.",Petroleum and Natural Gas Systems,PA,2027,34370.47135957554
1005363,"CALUMET KARNS CITY REFINING, LLC.",Petroleum and Natural Gas Systems,PA,2028,34671.1842574949
1005365,LEXINGTON / FAYETTE LANDFILL,Waste,KY,2024,47533.90280294698
1005365,LEXINGTON / FAYETTE LANDFILL,Waste,KY,2025,45092.81604827806
1005365,LEXINGTON / FAYETTE LANDFILL,Waste,KY,2026,42777.09043991616
1005365,LEXINGTON / FAYETTE LANDFILL,Waste,KY,2027,40580.288100561935
1005365,LEXINGTON / FAYETTE LANDFILL,Waste,KY,2028,38496.3017678262
1005367,US ARMY - FORT BELVOIR,Other,VA,2024,24965.809663774286
1005367,US ARMY - FORT BELVOIR,Other,VA,2025,24667.75068926364
1005367,US ARMY - FORT BELVOIR,Other,VA,2026,24373.250147404717
1005367,US ARMY - FORT BELVOIR,Other,VA,2027,24082.265555185866
1005367,US ARMY - FORT BELVOIR,Other,VA,2028,23794.754936786452
1005369,HUSKER AG L L C,Other,NE,2024,102119.28588137207
1005369,HUSKER AG L L C,Other,NE,2025,103404.10239606636
1005369,HUSKER AG L L C,Other,NE,2026,104705.08386395419
1005369,HUSKER AG L L C,Other,NE,2027,106022.43366482465
1005369,HUSKER AG L L C,Other,NE,2028,107356.35773729483
1005371,Tazewell County Landfill,Waste,VA,2024,63425.43918309057
1005371,Tazewell County Landfill,Waste,VA,2025,64966.335668738335
1005371,Tazewell County Landfill,Waste,VA,2026,66544.6676378462
1005371,Tazewell County Landfill,Waste,VA,2027,68161.34457098902
1005371,Tazewell County Landfill,Waste,VA,2028,69817.2980442205
1005385,ARCELORMITTAL TUBULAR PRODUCTS USA LLC,Metals,OH,2024,59402.68826832858
1005385,ARCELORMITTAL TUBULAR PRODUCTS USA LLC,Metals,OH,2025,59005.01472206389
1005385,ARCELORMITTAL TUBULAR PRODUCTS USA LLC,Metals,OH,2026,58610.00341641485
1005385,ARCELORMITTAL TUBULAR PRODUCTS USA LLC,Metals,OH,2027,58217.63652891114
1005385,ARCELORMITTAL TUBULAR PRODUCTS USA LLC,Metals,OH,2028,57827.896356395235
1005386,Glacial Lakes Energy,Other,SD,2024,189170.51219608664
1005386,Glacial Lakes Energy,Other,SD,2025,191916.98167100988
1005386,Glacial Lakes Energy,Other,SD,2026,194703.32572516354
1005386,Glacial Lakes Energy,Other,SD,2027,197530.12327707745
1005386,Glacial Lakes Energy,Other,SD,2028,200397.9616503008
1005389,MONARCH CERAMIC TILE INC,Minerals,AL,2024,17457.13643190225
1005389,MONARCH CERAMIC TILE INC,Minerals,AL,2025,16319.493508325148
1005389,MONARCH CERAMIC TILE INC,Minerals,AL,2026,15255.988254841515
1005389,MONARCH CERAMIC TILE INC,Minerals,AL,2027,14261.78928366442
1005389,MONARCH CERAMIC TILE INC,Minerals,AL,2028,13332.380057850138
1005390,Canton Refinery,Petroleum Product Suppliers,OH,2024,531230.285911428
1005390,Canton Refinery,Petroleum Product Suppliers,OH,2025,532109.676466547
1005390,Canton Refinery,Petroleum Product Suppliers,OH,2026,532990.5227514452
1005390,Canton Refinery,Petroleum Product Suppliers,OH,2027,533872.8271759197
1005390,Canton Refinery,Petroleum Product Suppliers,OH,2028,534756.5921537525
1005391,XTO - Farrar Plant,Petroleum and Natural Gas Systems,TX,2024,35511.542020035995
1005391,XTO - Farrar Plant,Petroleum and Natural Gas Systems,TX,2025,34303.04630460254
1005391,XTO - Farrar Plant,Petroleum and Natural Gas Systems,TX,2026,33135.67698952069
1005391,XTO - Farrar Plant,Petroleum and Natural Gas Systems,TX,2027,32008.0344994472
1005391,XTO - Farrar Plant,Petroleum and Natural Gas Systems,TX,2028,30918.76688808283
1005399,ST. GEORGE CITY POWER: MILLCREEK GENERATION STATION,Power Plants,UT,2024,73714.33213292398
1005399,ST. GEORGE CITY POWER: MILLCREEK GENERATION STATION,Power Plants,UT,2025,76739.7442637964
1005399,ST. GEORGE CITY POWER: MILLCREEK GENERATION STATION,Power Plants,UT,2026,79889.32652952298
1005399,ST. GEORGE CITY POWER: MILLCREEK GENERATION STATION,Power Plants,UT,2027,83168.1751688055
1005399,ST. GEORGE CITY POWER: MILLCREEK GENERATION STATION,Power Plants,UT,2028,86581.59558214521
1005415,SMITHFIELD FRESH MEATS CORP-DENISON,Other,IA,2024,47440.003252265735
1005415,SMITHFIELD FRESH MEATS CORP-DENISON,Other,IA,2025,46045.704234028235
1005415,SMITHFIELD FRESH MEATS CORP-DENISON,Other,IA,2026,44692.384760878806
1005415,SMITHFIELD FRESH MEATS CORP-DENISON,Other,IA,2027,43378.84041174755
1005415,SMITHFIELD FRESH MEATS CORP-DENISON,Other,IA,2028,42103.90216444682
1005423,UNIVERSAL STAINLESS BRIDGEVILLE PLT,Metals,PA,2024,40255.66046556723
1005423,UNIVERSAL STAINLESS BRIDGEVILLE PLT,Metals,PA,2025,40402.31927630814
1005423,UNIVERSAL STAINLESS BRIDGEVILLE PLT,Metals,PA,2026,40549.51239220057
1005423,UNIVERSAL STAINLESS BRIDGEVILLE PLT,Metals,PA,2027,40697.241759816956
1005423,UNIVERSAL STAINLESS BRIDGEVILLE PLT,Metals,PA,2028,40845.509332821566
1005425,"Futamura USA, Inc.",Other,KS,2024,41524.17948324607
1005425,"Futamura USA, Inc.",Other,KS,2025,41993.9621645982
1005425,"Futamura USA, Inc.",Other,KS,2026,42469.05971960799
1005425,"Futamura USA, Inc.",Other,KS,2027,42949.53227795513
1005425,"Futamura USA, Inc.",Other,KS,2028,43435.44064959415
1005432,AMERICAN AIRLINES,Other,OK,2024,35683.68081701688
1005432,AMERICAN AIRLINES,Other,OK,2025,35161.7836132026
1005432,AMERICAN AIRLINES,Other,OK,2026,34647.51949782281
1005432,AMERICAN AIRLINES,Other,OK,2027,34140.77683195995
1005432,AMERICAN AIRLINES,Other,OK,2028,33641.44560948829
1005434,CARGILL INC/SALT DIVISION,Other,KS,2024,44877.06858962819
1005434,CARGILL INC/SALT DIVISION,Other,KS,2025,44652.57222909039
1005434,CARGILL INC/SALT DIVISION,Other,KS,2026,44429.19890571778
1005434,CARGILL INC/SALT DIVISION,Other,KS,2027,44206.94300154652
1005434,CARGILL INC/SALT DIVISION,Other,KS,2028,43985.79892671614
1005440,Upper Southwest Regional Soild Waste Management District,Waste,AR,2024,78596.65518076907
1005440,Upper Southwest Regional Soild Waste Management District,Waste,AR,2025,80234.62644834579
1005440,Upper Southwest Regional Soild Waste Management District,Waste,AR,2026,81906.73339087237
1005440,Upper Southwest Regional Soild Waste Management District,Waste,AR,2027,83613.68740318691
1005440,Upper Southwest Regional Soild Waste Management District,Waste,AR,2028,85356.21470574918
1005446,MIDSTREAM ENERGY PARTNERS NORTH COLES LEVEE GAS PLANT,Natural Gas and Natural Gas Liquids Suppliers,CA,2024,28060.43552316928
1005446,MIDSTREAM ENERGY PARTNERS NORTH COLES LEVEE GAS PLANT,Natural Gas and Natural Gas Liquids Suppliers,CA,2025,27708.705689934
1005446,MIDSTREAM ENERGY PARTNERS NORTH COLES LEVEE GAS PLANT,Natural Gas and Natural Gas Liquids Suppliers,CA,2026,27361.384693314394
1005446,MIDSTREAM ENERGY PARTNERS NORTH COLES LEVEE GAS PLANT,Natural Gas and Natural Gas Liquids Suppliers,CA,2027,27018.417269757592
1005446,MIDSTREAM ENERGY PARTNERS NORTH COLES LEVEE GAS PLANT,Natural Gas and Natural Gas Liquids Suppliers,CA,2028,26679.748848423656
1005459,"Mitsubishi Electric Power Products, Inc.",Import and Export of Equipment Containing Fluorintaed GHGs,PA,2024,41792.27003639156
1005459,"Mitsubishi Electric Power Products, Inc.",Import and Export of Equipment Containing Fluorintaed GHGs,PA,2025,42703.89763696247
1005459,"Mitsubishi Electric Power Products, Inc.",Import and Export of Equipment Containing Fluorintaed GHGs,PA,2026,43635.410849905944
1005459,"Mitsubishi Electric Power Products, Inc.",Import and Export of Equipment Containing Fluorintaed GHGs,PA,2027,44587.24344618241
1005459,"Mitsubishi Electric Power Products, Inc.",Import and Export of Equipment Containing Fluorintaed GHGs,PA,2028,45559.838658730405
1005461,LINCOLN COUNTY LANDFILL,Waste,NC,2024,47691.12768354649
1005461,LINCOLN COUNTY LANDFILL,Waste,NC,2025,47952.89321920623
1005461,LINCOLN COUNTY LANDFILL,Waste,NC,2026,48216.095525162404
1005461,LINCOLN COUNTY LANDFILL,Waste,NC,2027,48480.74248751376
1005461,LINCOLN COUNTY LANDFILL,Waste,NC,2028,48746.842035644266
1005464,Eastern Michigan University,Other,MI,2024,36746.37023413149
1005464,Eastern Michigan University,Other,MI,2025,36975.047788945085
1005464,Eastern Michigan University,Other,MI,2026,37205.14843463106
1005464,Eastern Michigan University,Other,MI,2027,37436.68102727346
1005464,Eastern Michigan University,Other,MI,2028,37669.65447806886
1005465,EVONIK CORPORATION,Chemicals,IL,2024,73149.70244050061
1005465,EVONIK CORPORATION,Chemicals,IL,2025,72067.20803392479
1005465,EVONIK CORPORATION,Chemicals,IL,2026,71000.73275116157
1005465,EVONIK CORPORATION,Chemicals,IL,2027,69950.03953571859
1005465,EVONIK CORPORATION,Chemicals,IL,2028,68914.89483914553
1005471,TEMPLE UNIVERSITY HEALTH SCIENCES CAMPUS,Other,PA,2024,27932.7544553235
1005471,TEMPLE UNIVERSITY HEALTH SCIENCES CAMPUS,Other,PA,2025,27710.603172411506
1005471,TEMPLE UNIVERSITY HEALTH SCIENCES CAMPUS,Other,PA,2026,27490.218675248427
1005471,TEMPLE UNIVERSITY HEALTH SCIENCES CAMPUS,Other,PA,2027,27271.5869124552
1005471,TEMPLE UNIVERSITY HEALTH SCIENCES CAMPUS,Other,PA,2028,27054.69394440441
1005476,MID AMERICA AGRI PRODUCTS WHEATLAND LLC,Other,NE,2024,48272.87401222583
1005476,MID AMERICA AGRI PRODUCTS WHEATLAND LLC,Other,NE,2025,48266.81472789636
1005476,MID AMERICA AGRI PRODUCTS WHEATLAND LLC,Other,NE,2026,48260.75620413744
1005476,MID AMERICA AGRI PRODUCTS WHEATLAND LLC,Other,NE,2027,48254.69844085361
1005476,MID AMERICA AGRI PRODUCTS WHEATLAND LLC,Other,NE,2028,48248.64143794932
1005479,"Ingredion Incorporated, Indianapolis Plant",Other,IN,2024,61794.932159688084
1005479,"Ingredion Incorporated, Indianapolis Plant",Other,IN,2025,60839.414148459415
1005479,"Ingredion Incorporated, Indianapolis Plant",Other,IN,2026,59898.67104898914
1005479,"Ingredion Incorporated, Indianapolis Plant",Other,IN,2027,58972.474400887404
1005479,"Ingredion Incorporated, Indianapolis Plant",Other,IN,2028,58060.5992763843
1005480,West Texas Region Disposal Facility,Waste,TX,2024,141265.59639943187
1005480,West Texas Region Disposal Facility,Waste,TX,2025,148592.84194327268
1005480,West Texas Region Disposal Facility,Waste,TX,2026,156300.14129092774
1005480,West Texas Region Disposal Facility,Waste,TX,2027,164407.20729259896
1005480,West Texas Region Disposal Facility,Waste,TX,2028,172934.77527598664
1005482,Caliche Canyon Landfill,Waste,TX,2024,68610.33189557657
1005482,Caliche Canyon Landfill,Waste,TX,2025,69086.64992705383
1005482,Caliche Canyon Landfill,Waste,TX,2026,69566.2747326109
1005482,Caliche Canyon Landfill,Waste,TX,2027,70049.22926908325
1005482,Caliche Canyon Landfill,Waste,TX,2028,70535.53665268155
1005493,EBR NORTH LANDFILL,Waste,LA,2024,546569.8898066789
1005493,EBR NORTH LANDFILL,Waste,LA,2025,640428.5420969737
1005493,EBR NORTH LANDFILL,Waste,LA,2026,750404.8890756223
1005493,EBR NORTH LANDFILL,Waste,LA,2027,879266.7105447827
1005493,EBR NORTH LANDFILL,Waste,LA,2028,1030257.0779150812
1005501,"University of California, Los Angeles",Other,CA,2024,211753.70140006766
1005501,"University of California, Los Angeles",Other,CA,2025,211546.41927059332
1005501,"University of California, Los Angeles",Other,CA,2026,211339.3400461021
1005501,"University of California, Los Angeles",Other,CA,2027,211132.4635279744
1005501,"University of California, Los Angeles",Other,CA,2028,210925.78951778295
1005502,"East Dubuque Nitrogen Fertilizers, LLC",Chemicals,IL,2024,757962.4473439136
1005502,"East Dubuque Nitrogen Fertilizers, LLC",Chemicals,IL,2025,764483.3773946352
1005502,"East Dubuque Nitrogen Fertilizers, LLC",Chemicals,IL,2026,771060.408547561
1005502,"East Dubuque Nitrogen Fertilizers, LLC",Chemicals,IL,2027,777694.0234537347
1005502,"East Dubuque Nitrogen Fertilizers, LLC",Chemicals,IL,2028,784384.70891655155
1005508,Caesars Entertainment Consolidated Properties Source ID 257,Other,NV,2024,51882.5861785704
1005508,Caesars Entertainment Consolidated Properties Source ID 257,Other,NV,2025,51435.69061401816
1005508,Caesars Entertainment Consolidated Properties Source ID 257,Other,NV,2026,50992.64442669096
1005508,Caesars Entertainment Consolidated Properties Source ID 257,Other,NV,2027,50553.41445961407
1005508,Caesars Entertainment Consolidated Properties Source ID 257,Other,NV,2028,50117.96784141305
1005525,BELLEFIELD BOILER PLANT,Power Plants,PA,2024,48690.982778676414
1005525,BELLEFIELD BOILER PLANT,Power Plants,PA,2025,47252.194564481666
1005525,BELLEFIELD BOILER PLANT,Power Plants,PA,2026,45855.921645875
1005525,BELLEFIELD BOILER PLANT,Power Plants,PA,2027,44500.90772235205
1005525,BELLEFIELD BOILER PLANT,Power Plants,PA,2028,43185.933616306116
1005536,STD STEEL BURNHAM PLT,Metals,PA,2024,64858.53797045838
1005536,STD STEEL BURNHAM PLT,Metals,PA,2025,64754.37312283327
1005536,STD STEEL BURNHAM PLT,Metals,PA,2026,64650.37556722265
1005536,STD STEEL BURNHAM PLT,Metals,PA,2027,64546.54503495039
1005536,STD STEEL BURNHAM PLT,Metals,PA,2028,64442.881257771776
1005544,NEW MEXICO STATE UNIVERSITY CAMPUS,Other,NM,2024,31340.526367989634
1005544,NEW MEXICO STATE UNIVERSITY CAMPUS,Other,NM,2025,31207.56235031925
1005544,NEW MEXICO STATE UNIVERSITY CAMPUS,Other,NM,2026,31075.162440277036
1005544,NEW MEXICO STATE UNIVERSITY CAMPUS,Other,NM,2027,30943.324244603362
1005544,NEW MEXICO STATE UNIVERSITY CAMPUS,Other,NM,2028,30812.045380192132
1005551,FCA JEFFERSON NORTH ASSEMBLY PLANT,Other,MI,2024,69476.47887575567
1005551,FCA JEFFERSON NORTH ASSEMBLY PLANT,Other,MI,2025,68685.99136797451
1005551,FCA JEFFERSON NORTH ASSEMBLY PLANT,Other,MI,2026,67904.4978465044
1005551,FCA JEFFERSON NORTH ASSEMBLY PLANT,Other,MI,2027,67131.89597982376
1005551,FCA JEFFERSON NORTH ASSEMBLY PLANT,Other,MI,2028,66368.08460071484
1005556,WAYNE STATE UNIVERSITY,Other,MI,2024,33266.702438745175
1005556,WAYNE STATE UNIVERSITY,Other,MI,2025,32744.129502417647
1005556,WAYNE STATE UNIVERSITY,Other,MI,2026,32229.765449260398
1005556,WAYNE STATE UNIVERSITY,Other,MI,2027,31723.481329306527
1005556,WAYNE STATE UNIVERSITY,Other,MI,2028,31225.150218210856
1005558,CARDINAL FG COMPANY,Minerals,WI,2024,119693.66993074301
1005558,CARDINAL FG COMPANY,Minerals,WI,2025,122120.52819879541
1005558,CARDINAL FG COMPANY,Minerals,WI,2026,124596.59241948213
1005558,CARDINAL FG COMPANY,Minerals,WI,2027,127122.86027190354
1005558,CARDINAL FG COMPANY,Minerals,WI,2028,129700.34966368045
1005564,WESTLAKE STYRENE LLC - STYRENE MONOMER PRODUCTION FACILITY,Chemicals,LA,2024,164020.86822470036
1005564,WESTLAKE STYRENE LLC - STYRENE MONOMER PRODUCTION FACILITY,Chemicals,LA,2025,166792.74963242206
1005564,WESTLAKE STYRENE LLC - STYRENE MONOMER PRODUCTION FACILITY,Chemicals,LA,2026,169611.47463158143
1005564,WESTLAKE STYRENE LLC - STYRENE MONOMER PRODUCTION FACILITY,Chemicals,LA,2027,172477.8348585223
1005564,WESTLAKE STYRENE LLC - STYRENE MONOMER PRODUCTION FACILITY,Chemicals,LA,2028,175392.63532789535
1005567,FCA Warren PDC,Other,MI,2024,5677.402569774336
1005567,FCA Warren PDC,Other,MI,2025,5679.856732056249
1005567,FCA Warren PDC,Other,MI,2026,5682.311955195195
1005567,FCA Warren PDC,Other,MI,2027,5684.768239649769
1005567,FCA Warren PDC,Other,MI,2028,5687.225585878737
1005577,CSL BEHRING LLC,Chemicals,IL,2024,53319.763634769886
1005577,CSL BEHRING LLC,Chemicals,IL,2025,54718.38477923927
1005577,CSL BEHRING LLC,Chemicals,IL,2026,56153.69290377754
1005577,CSL BEHRING LLC,Chemicals,IL,2027,57626.65033797084
1005577,CSL BEHRING LLC,Chemicals,IL,2028,59138.24465409917
1005579,"WestRock CP, LLC - West Point Mill",Pulp and Paper,VA,2024,555600.8165409883
1005579,"WestRock CP, LLC - West Point Mill",Pulp and Paper,VA,2025,556341.4403267843
1005579,"WestRock CP, LLC - West Point Mill",Pulp and Paper,VA,2026,557083.0513746121
1005579,"WestRock CP, LLC - West Point Mill",Pulp and Paper,VA,2027,557825.6510005099
1005579,"WestRock CP, LLC - West Point Mill",Pulp and Paper,VA,2028,558569.2405222644
1005580,SHAW INDUSTRIES GROUP INC PLANT 4,Other,GA,2024,37700.05969941225
1005580,SHAW INDUSTRIES GROUP INC PLANT 4,Other,GA,2025,37291.90951651382
1005580,SHAW INDUSTRIES GROUP INC PLANT 4,Other,GA,2026,36888.17806857571
1005580,SHAW INDUSTRIES GROUP INC PLANT 4,Other,GA,2027,36488.81751727892
1005580,SHAW INDUSTRIES GROUP INC PLANT 4,Other,GA,2028,36093.78054221394
1005583,CHEYENNE LANDFILL,Waste,WY,2024,63522.22360421115
1005583,CHEYENNE LANDFILL,Waste,WY,2025,63102.459478240686
1005583,CHEYENNE LANDFILL,Waste,WY,2026,62685.469214888086
1005583,CHEYENNE LANDFILL,Waste,WY,2027,62271.234484064145
1005583,CHEYENNE LANDFILL,Waste,WY,2028,61859.73707680758
1005584,STEEL DYNAMICS INC,Metals,IN,2024,935049.854409536
1005584,STEEL DYNAMICS INC,Metals,IN,2025,939993.5858203899
1005584,STEEL DYNAMICS INC,Metals,IN,2026,944963.4553886328
1005584,STEEL DYNAMICS INC,Metals,IN,2027,949959.6013101381
1005584,STEEL DYNAMICS INC,Metals,IN,2028,954982.1625114372
1005585,Galveston Bay Refinery,Other,TX,2024,6713572.883070608
1005585,Galveston Bay Refinery,Other,TX,2025,6690606.41671213
1005585,Galveston Bay Refinery,Other,TX,2026,6667718.516355122
1005585,Galveston Bay Refinery,Other,TX,2027,6644908.913233093
1005585,Galveston Bay Refinery,Other,TX,2028,6622177.339498972
1005586,HIGHWATER ETHANOL LLC,Other,MN,2024,79708.34814630846
1005586,HIGHWATER ETHANOL LLC,Other,MN,2025,80169.10290251879
1005586,HIGHWATER ETHANOL LLC,Other,MN,2026,80632.52105535327
1005586,HIGHWATER ETHANOL LLC,Other,MN,2027,81098.61800059797
1005586,HIGHWATER ETHANOL LLC,Other,MN,2028,81567.40922303394
1005588,VISTA METALS CORPORATION,Metals,CA,2024,31434.72610849584
1005588,VISTA METALS CORPORATION,Metals,CA,2025,31445.180324695073
1005588,VISTA METALS CORPORATION,Metals,CA,2026,31455.63801764273
1005588,VISTA METALS CORPORATION,Metals,CA,2027,31466.099188495245
1005588,VISTA METALS CORPORATION,Metals,CA,2028,31476.563838409085
1005590,AMERICAN REFINING GROUP INC,Petroleum Product Suppliers,PA,2024,106813.97519455625
1005590,AMERICAN REFINING GROUP INC,Petroleum Product Suppliers,PA,2025,103045.20491013046
1005590,AMERICAN REFINING GROUP INC,Petroleum Product Suppliers,PA,2026,99409.41001053464
1005590,AMERICAN REFINING GROUP INC,Petroleum Product Suppliers,PA,2027,95901.89865953728
1005590,AMERICAN REFINING GROUP INC,Petroleum Product Suppliers,PA,2028,92518.14456528341
1005592,ISOLATEK INTERNATIONAL,Minerals,IN,2024,23085.849495477687
1005592,ISOLATEK INTERNATIONAL,Minerals,IN,2025,22980.06756251731
1005592,ISOLATEK INTERNATIONAL,Minerals,IN,2026,22874.770334152407
1005592,ISOLATEK INTERNATIONAL,Minerals,IN,2027,22769.955589412544
1005592,ISOLATEK INTERNATIONAL,Minerals,IN,2028,22665.621117504037
1005594,CITY OF ALBEMARLE LANDFILL,Waste,NC,2024,66315.3538269524
1005594,CITY OF ALBEMARLE LANDFILL,Waste,NC,2025,69644.60345008654
1005594,CITY OF ALBEMARLE LANDFILL,Waste,NC,2026,73140.99239184745
1005594,CITY OF ALBEMARLE LANDFILL,Waste,NC,2027,76812.91159764137
1005594,CITY OF ALBEMARLE LANDFILL,Waste,NC,2028,80669.1732660265
1005598,JEWELL COAL & COKE,Metals,VA,2024,375435.86821010726
1005598,JEWELL COAL & COKE,Metals,VA,2025,363371.1726325732
1005598,JEWELL COAL & COKE,Metals,VA,2026,351694.1781025503
1005598,JEWELL COAL & COKE,Metals,VA,2027,340392.42578083556
1005598,JEWELL COAL & COKE,Metals,VA,2028,329453.85719514603
1005602,"STEEL DYNAMICS. INC. (SDI), STRUCTUAL AND RAIL DIVISION",Metals,IN,2024,363527.1193376585
1005602,"STEEL DYNAMICS. INC. (SDI), STRUCTUAL AND RAIL DIVISION",Metals,IN,2025,377164.5943050404
1005602,"STEEL DYNAMICS. INC. (SDI), STRUCTUAL AND RAIL DIVISION",Metals,IN,2026,391313.66995801846
1005602,"STEEL DYNAMICS. INC. (SDI), STRUCTUAL AND RAIL DIVISION",Metals,IN,2027,405993.53865163855
1005602,"STEEL DYNAMICS. INC. (SDI), STRUCTUAL AND RAIL DIVISION",Metals,IN,2028,421224.1127292151
1005619,TACOMA CITY SOLID WASTE FAC,Waste,WA,2024,6640.2291155766725
1005619,TACOMA CITY SOLID WASTE FAC,Waste,WA,2025,5912.120607533419
1005619,TACOMA CITY SOLID WASTE FAC,Waste,WA,2026,5263.850007227612
1005619,TACOMA CITY SOLID WASTE FAC,Waste,WA,2027,4686.662999277034
1005619,TACOMA CITY SOLID WASTE FAC,Waste,WA,2028,4172.765188718013
1005621,Sisecam Wyoming LLC,Minerals,WY,2024,848482.2207258207
1005621,Sisecam Wyoming LLC,Minerals,WY,2025,863038.0195889551
1005621,Sisecam Wyoming LLC,Minerals,WY,2026,877843.5246632139
1005621,Sisecam Wyoming LLC,Minerals,WY,2027,892903.0196840666
1005621,Sisecam Wyoming LLC,Minerals,WY,2028,908220.8618749006
1005622,KEYSTONE CEMENT COMPANY,Minerals,PA,2024,691640.8953084602
1005622,KEYSTONE CEMENT COMPANY,Minerals,PA,2025,725713.8461867035
1005622,KEYSTONE CEMENT COMPANY,Minerals,PA,2026,761465.3646415985
1005622,KEYSTONE CEMENT COMPANY,Minerals,PA,2027,798978.1435141457
1005622,KEYSTONE CEMENT COMPANY,Minerals,PA,2028,838338.9494199421
1005626,BIG RIVER UNITED ENERGY LLC,Other,IA,2024,172973.0050644365
1005626,BIG RIVER UNITED ENERGY LLC,Other,IA,2025,173480.96357472334
1005626,BIG RIVER UNITED ENERGY LLC,Other,IA,2026,173990.41377354314
1005626,BIG RIVER UNITED ENERGY LLC,Other,IA,2027,174501.36004144044
1005626,BIG RIVER UNITED ENERGY LLC,Other,IA,2028,175013.80677182245
1005629,St Marys Cement INC,Minerals,MI,2024,1448155.7672975636
1005629,St Marys Cement INC,Minerals,MI,2025,1513903.8746155582
1005629,St Marys Cement INC,Minerals,MI,2026,1582637.0293390274
1005629,St Marys Cement INC,Minerals,MI,2027,1654490.75640362
1005629,St Marys Cement INC,Minerals,MI,2028,1729606.7337488243
1005637,HENNEPIN COUNTY ENERGY CENTER,Power Plants,MN,2024,33621.61291634029
1005637,HENNEPIN COUNTY ENERGY CENTER,Power Plants,MN,2025,33983.98377627844
1005637,HENNEPIN COUNTY ENERGY CENTER,Power Plants,MN,2026,34350.26023826069
1005637,HENNEPIN COUNTY ENERGY CENTER,Power Plants,MN,2027,34720.48439653087
1005637,HENNEPIN COUNTY ENERGY CENTER,Power Plants,MN,2028,35094.698799020916
1005638,SEMINOLE ROAD MSW LANDFILL,Waste,GA,2024,365584.1646274039
1005638,SEMINOLE ROAD MSW LANDFILL,Waste,GA,2025,380032.829011481
1005638,SEMINOLE ROAD MSW LANDFILL,Waste,GA,2026,395052.5353680591
1005638,SEMINOLE ROAD MSW LANDFILL,Waste,GA,2027,410665.852491435
1005638,SEMINOLE ROAD MSW LANDFILL,Waste,GA,2028,426896.2411426969
1005640,ELEMENTIS CHROMIUM,Chemicals,NC,2024,133726.12977747366
1005640,ELEMENTIS CHROMIUM,Chemicals,NC,2025,132199.87364067588
1005640,ELEMENTIS CHROMIUM,Chemicals,NC,2026,130691.0371196176
1005640,ELEMENTIS CHROMIUM,Chemicals,NC,2027,129199.42139903872
1005640,ELEMENTIS CHROMIUM,Chemicals,NC,2028,127724.82993281467
1005641,LINAM RANCH GAS PLANT,Injection of CO2,NM,2024,198322.619097855
1005641,LINAM RANCH GAS PLANT,Injection of CO2,NM,2025,192768.75901499085
1005641,LINAM RANCH GAS PLANT,Injection of CO2,NM,2026,187370.43016684047
1005641,LINAM RANCH GAS PLANT,Injection of CO2,NM,2027,182123.27703046874
1005641,LINAM RANCH GAS PLANT,Injection of CO2,NM,2028,177023.06605573915
1005651,LAMB WESTON INCORPORATED,Other,OR,2024,36801.048067885175
1005651,LAMB WESTON INCORPORATED,Other,OR,2025,36023.23471938735
1005651,LAMB WESTON INCORPORATED,Other,OR,2026,35261.8609463055
1005651,LAMB WESTON INCORPORATED,Other,OR,2027,34516.579287850705
1005651,LAMB WESTON INCORPORATED,Other,OR,2028,33787.04962703638
1005653,INTERNATIONAL PAPER - BOGALUSA MILL,Pulp and Paper,LA,2024,111099.4534185565
1005653,INTERNATIONAL PAPER - BOGALUSA MILL,Pulp and Paper,LA,2025,110459.75562629194
1005653,INTERNATIONAL PAPER - BOGALUSA MILL,Pulp and Paper,LA,2026,109823.74113986547
1005653,INTERNATIONAL PAPER - BOGALUSA MILL,Pulp and Paper,LA,2027,109191.3887512292
1005653,INTERNATIONAL PAPER - BOGALUSA MILL,Pulp and Paper,LA,2028,108562.67737444742
1005658,CALIFORNIA DAIRIES INC FRESNO,Other,CA,2024,33333.597782915116
1005658,CALIFORNIA DAIRIES INC FRESNO,Other,CA,2025,33369.54543204317
1005658,CALIFORNIA DAIRIES INC FRESNO,Other,CA,2026,33405.531847868
1005658,CALIFORNIA DAIRIES INC FRESNO,Other,CA,2027,33441.55707219654
1005658,CALIFORNIA DAIRIES INC FRESNO,Other,CA,2028,33477.62114688046
1005659,CALIFORNIA DAIRIES INC VISALIA,Other,CA,2024,69582.42666198246
1005659,CALIFORNIA DAIRIES INC VISALIA,Other,CA,2025,71053.54072637443
1005659,CALIFORNIA DAIRIES INC VISALIA,Other,CA,2026,72555.75713505449
1005659,CALIFORNIA DAIRIES INC VISALIA,Other,CA,2027,74089.73345485886
1005659,CALIFORNIA DAIRIES INC VISALIA,Other,CA,2028,75656.14115492324
1005660,Virginia Tech,Other,VA,2024,61158.24489185992
1005660,Virginia Tech,Other,VA,2025,58218.77849941206
1005660,Virginia Tech,Other,VA,2026,55420.592529376525
1005660,Virginia Tech,Other,VA,2027,52756.89657999633
1005660,Virginia Tech,Other,VA,2028,50221.226618555076
1005661,Archer Daniels Midland Co.,Injection of CO2,IL,2024,3852533.7114648917
1005661,Archer Daniels Midland Co.,Injection of CO2,IL,2025,3792656.3712911266
1005661,Archer Daniels Midland Co.,Injection of CO2,IL,2026,3733709.6643407876
1005661,Archer Daniels Midland Co.,Injection of CO2,IL,2027,3675679.1264076624
1005661,Archer Daniels Midland Co.,Injection of CO2,IL,2028,3618550.518092939
1005662,Mitsubishi Cement Corp Cushenbury Cement Plant,Minerals,CA,2024,1181074.1815615334
1005662,Mitsubishi Cement Corp Cushenbury Cement Plant,Minerals,CA,2025,1192574.995482584
1005662,Mitsubishi Cement Corp Cushenbury Cement Plant,Minerals,CA,2026,1204187.7995926582
1005662,Mitsubishi Cement Corp Cushenbury Cement Plant,Minerals,CA,2027,1215913.6844060905
1005662,Mitsubishi Cement Corp Cushenbury Cement Plant,Minerals,CA,2028,1227753.751056199
1005665,City of Port Arthur Landfill,Waste,TX,2024,126852.39026418678
1005665,City of Port Arthur Landfill,Waste,TX,2025,126253.90731369593
1005665,City of Port Arthur Landfill,Waste,TX,2026,125658.24797450096
1005665,City of Port Arthur Landfill,Waste,TX,2027,125065.3989249508
1005665,City of Port Arthur Landfill,Waste,TX,2028,124475.34690624618
1005668,FORD MOTOR COMPANY - FORD ROUGE SITE,Other,MI,2024,75740.08134794403
1005668,FORD MOTOR COMPANY - FORD ROUGE SITE,Other,MI,2025,76654.3920727152
1005668,FORD MOTOR COMPANY - FORD ROUGE SITE,Other,MI,2026,77579.74007242105
1005668,FORD MOTOR COMPANY - FORD ROUGE SITE,Other,MI,2027,78516.25858561513
1005668,FORD MOTOR COMPANY - FORD ROUGE SITE,Other,MI,2028,79464.08245926433
1005673,REGIONAL WASTE SYSTEMS INCORPORATED,Waste,ME,2024,57059.09813400459
1005673,REGIONAL WASTE SYSTEMS INCORPORATED,Waste,ME,2025,56738.96054252514
1005673,REGIONAL WASTE SYSTEMS INCORPORATED,Waste,ME,2026,56420.619125202385
1005673,REGIONAL WASTE SYSTEMS INCORPORATED,Waste,ME,2027,56104.063804364654
1005673,REGIONAL WASTE SYSTEMS INCORPORATED,Waste,ME,2028,55789.28455888207
1005675,NIPPON CHEMICAL TEXAS INC,Chemicals,TX,2024,43002.357254562645
1005675,NIPPON CHEMICAL TEXAS INC,Chemicals,TX,2025,42489.74822510975
1005675,NIPPON CHEMICAL TEXAS INC,Chemicals,TX,2026,41983.249744795314
1005675,NIPPON CHEMICAL TEXAS INC,Chemicals,TX,2027,41482.78897289949
1005675,NIPPON CHEMICAL TEXAS INC,Chemicals,TX,2028,40988.29393699901
1005678,PLATTEVILLE GAS PLANT,Petroleum and Natural Gas Systems,CO,2024,47441.19343440739
1005678,PLATTEVILLE GAS PLANT,Petroleum and Natural Gas Systems,CO,2025,46903.73033760018
1005678,PLATTEVILLE GAS PLANT,Petroleum and Natural Gas Systems,CO,2026,46372.35618079448
1005678,PLATTEVILLE GAS PLANT,Petroleum and Natural Gas Systems,CO,2027,45847.0019821562
1005678,PLATTEVILLE GAS PLANT,Petroleum and Natural Gas Systems,CO,2028,45327.599541348536
1005683,"SIOUXLAND ETHANOL, LLC",Other,NE,2024,106269.14609382932
1005683,"SIOUXLAND ETHANOL, LLC",Other,NE,2025,110584.85244055105
1005683,"SIOUXLAND ETHANOL, LLC",Other,NE,2026,115075.82434605189
1005683,"SIOUXLAND ETHANOL, LLC",Other,NE,2027,119749.17953652264
1005683,"SIOUXLAND ETHANOL, LLC",Other,NE,2028,124612.32479680507
1005691,Waha Gas Plant,Injection of CO2,TX,2024,72820.5628142431
1005691,Waha Gas Plant,Injection of CO2,TX,2025,70626.89396880458
1005691,Waha Gas Plant,Injection of CO2,TX,2026,68499.30787276369
1005691,Waha Gas Plant,Injection of CO2,TX,2027,66435.8138292216
1005691,Waha Gas Plant,Injection of CO2,TX,2028,64434.48110963954
1005693,WEST BISTINEAU FACILITY,Petroleum and Natural Gas Systems,LA,2024,169761.12754878314
1005693,WEST BISTINEAU FACILITY,Petroleum and Natural Gas Systems,LA,2025,183289.1912597753
1005693,WEST BISTINEAU FACILITY,Petroleum and Natural Gas Systems,LA,2026,197895.29038683214
1005693,WEST BISTINEAU FACILITY,Petroleum and Natural Gas Systems,LA,2027,213665.33229874773
1005693,WEST BISTINEAU FACILITY,Petroleum and Natural Gas Systems,LA,2028,230692.07022105067
1005694,CARGILL INC SOY PROCESSING PLANT *,Other,OH,2024,60554.54888584335
1005694,CARGILL INC SOY PROCESSING PLANT *,Other,OH,2025,59596.63844604143
1005694,CARGILL INC SOY PROCESSING PLANT *,Other,OH,2026,58653.88116033882
1005694,CARGILL INC SOY PROCESSING PLANT *,Other,OH,2027,57726.03732148355
1005694,CARGILL INC SOY PROCESSING PLANT *,Other,OH,2028,56812.87101414488
1005699,NCSU CENTRAL HEAT PLANT,Other,NC,2024,117936.22674386416
1005699,NCSU CENTRAL HEAT PLANT,Other,NC,2025,121617.94172002508
1005699,NCSU CENTRAL HEAT PLANT,Other,NC,2026,125414.5919076974
1005699,NCSU CENTRAL HEAT PLANT,Other,NC,2027,129329.7653366258
1005699,NCSU CENTRAL HEAT PLANT,Other,NC,2028,133367.16204711515
1005705,ALLIANCE PIPELINE - OLIVIA 23-A,Petroleum and Natural Gas Systems,MN,2024,84021.50682356853
1005705,ALLIANCE PIPELINE - OLIVIA 23-A,Petroleum and Natural Gas Systems,MN,2025,83518.19169410881
1005705,ALLIANCE PIPELINE - OLIVIA 23-A,Petroleum and Natural Gas Systems,MN,2026,83017.89157984129
1005705,ALLIANCE PIPELINE - OLIVIA 23-A,Petroleum and Natural Gas Systems,MN,2027,82520.58841988107
1005705,ALLIANCE PIPELINE - OLIVIA 23-A,Petroleum and Natural Gas Systems,MN,2028,82026.26426153349
1005706,"Domtar Paper Company, LLC",Pulp and Paper,PA,2024,159015.24049517862
1005706,"Domtar Paper Company, LLC",Pulp and Paper,PA,2025,148228.6140830038
1005706,"Domtar Paper Company, LLC",Pulp and Paper,PA,2026,138173.68677711234
1005706,"Domtar Paper Company, LLC",Pulp and Paper,PA,2027,128800.8245620421
1005706,"Domtar Paper Company, LLC",Pulp and Paper,PA,2028,120063.76029194797
1005713,Limestone,Power Plants,TX,2024,6131786.726249432
1005713,Limestone,Power Plants,TX,2025,5815173.00315415
1005713,Limestone,Power Plants,TX,2026,5514907.573652163
1005713,Limestone,Power Plants,TX,2027,5230146.2964952765
1005713,Limestone,Power Plants,TX,2028,4960088.6175193405
1005715,Carver-Marion-Wareham Landfill,Waste,MA,2024,35307.74978241237
1005715,Carver-Marion-Wareham Landfill,Waste,MA,2025,34260.05146686626
1005715,Carver-Marion-Wareham Landfill,Waste,MA,2026,33243.441843382505
1005715,Carver-Marion-Wareham Landfill,Waste,MA,2027,32256.99840711413
1005715,Carver-Marion-Wareham Landfill,Waste,MA,2028,31299.82602700002
1005722,GRIMES COUNTY CMP STN,Petroleum and Natural Gas Systems,TX,2024,39704.35775546095
1005722,GRIMES COUNTY CMP STN,Petroleum and Natural Gas Systems,TX,2025,37811.76891416387
1005722,GRIMES COUNTY CMP STN,Petroleum and Natural Gas Systems,TX,2026,36009.3941633266
1005722,GRIMES COUNTY CMP STN,Petroleum and Natural Gas Systems,TX,2027,34292.933265126914
1005722,GRIMES COUNTY CMP STN,Petroleum and Natural Gas Systems,TX,2028,32658.290961310777
1005725,"Potters Industries LLC. - Apex, NC",Minerals,NC,2024,34005.66851496944
1005725,"Potters Industries LLC. - Apex, NC",Minerals,NC,2025,34383.32051423857
1005725,"Potters Industries LLC. - Apex, NC",Minerals,NC,2026,34765.16655052507
1005725,"Potters Industries LLC. - Apex, NC",Minerals,NC,2027,35151.25320095957
1005725,"Potters Industries LLC. - Apex, NC",Minerals,NC,2028,35541.62755993781
1005727,"POET BIOREFINING - GOWRIE, LLC",Other,IA,2024,107888.61346111589
1005727,"POET BIOREFINING - GOWRIE, LLC",Other,IA,2025,108659.20849186825
1005727,"POET BIOREFINING - GOWRIE, LLC",Other,IA,2026,109435.30750197811
1005727,"POET BIOREFINING - GOWRIE, LLC",Other,IA,2027,110216.94980364968
1005727,"POET BIOREFINING - GOWRIE, LLC",Other,IA,2028,111004.17498987347
1005732,PORT TOWNSEND PAPER CORP,Pulp and Paper,WA,2024,69205.8815581566
1005732,PORT TOWNSEND PAPER CORP,Pulp and Paper,WA,2025,68346.40685582142
1005732,PORT TOWNSEND PAPER CORP,Pulp and Paper,WA,2026,67497.60605500007
1005732,PORT TOWNSEND PAPER CORP,Pulp and Paper,WA,2027,66659.34659545231
1005732,PORT TOWNSEND PAPER CORP,Pulp and Paper,WA,2028,65831.49756321583
1005734,CHRISTY MINERALS CO-HIGH HILL,Other,MO,2024,23116.870440751958
1005734,CHRISTY MINERALS CO-HIGH HILL,Other,MO,2025,22663.549975880956
1005734,CHRISTY MINERALS CO-HIGH HILL,Other,MO,2026,22219.11909856882
1005734,CHRISTY MINERALS CO-HIGH HILL,Other,MO,2027,21783.403484528302
1005734,CHRISTY MINERALS CO-HIGH HILL,Other,MO,2028,21356.232227960987
1005738,International Paper - Mansfield Mill,Pulp and Paper,LA,2024,681122.6931954111
1005738,International Paper - Mansfield Mill,Pulp and Paper,LA,2025,691370.2672730094
1005738,International Paper - Mansfield Mill,Pulp and Paper,LA,2026,701772.0173537307
1005738,International Paper - Mansfield Mill,Pulp and Paper,LA,2027,712330.2630343729
1005738,International Paper - Mansfield Mill,Pulp and Paper,LA,2028,723047.3588103374
1005743,"TotalEnergies Petrochemicals & Refining USA, Inc. - Port Arthur Refinery",Petroleum Product Suppliers,TX,2024,1870953.7265022758
1005743,"TotalEnergies Petrochemicals & Refining USA, Inc. - Port Arthur Refinery",Petroleum Product Suppliers,TX,2025,1864599.7341434108
1005743,"TotalEnergies Petrochemicals & Refining USA, Inc. - Port Arthur Refinery",Petroleum Product Suppliers,TX,2026,1858267.3207355975
1005743,"TotalEnergies Petrochemicals & Refining USA, Inc. - Port Arthur Refinery",Petroleum Product Suppliers,TX,2027,1851956.4129940316
1005743,"TotalEnergies Petrochemicals & Refining USA, Inc. - Port Arthur Refinery",Petroleum Product Suppliers,TX,2028,1845666.9378827899
1005751,AMERICAN CRYSTAL SUGAR - E GRAND FORKS,Minerals,MN,2024,307511.594116578
1005751,AMERICAN CRYSTAL SUGAR - E GRAND FORKS,Minerals,MN,2025,294425.47027061513
1005751,AMERICAN CRYSTAL SUGAR - E GRAND FORKS,Minerals,MN,2026,281896.2250613879
1005751,AMERICAN CRYSTAL SUGAR - E GRAND FORKS,Minerals,MN,2027,269900.1605765343
1005751,AMERICAN CRYSTAL SUGAR - E GRAND FORKS,Minerals,MN,2028,258414.58736588425
1005753,AMERICAN CRYSTAL SUGAR - HILLSBORO,Minerals,ND,2024,493650.296398443
1005753,AMERICAN CRYSTAL SUGAR - HILLSBORO,Minerals,ND,2025,497317.80157386
1005753,AMERICAN CRYSTAL SUGAR - HILLSBORO,Minerals,ND,2026,501012.55396113894
1005753,AMERICAN CRYSTAL SUGAR - HILLSBORO,Minerals,ND,2027,504734.7559895932
1005753,AMERICAN CRYSTAL SUGAR - HILLSBORO,Minerals,ND,2028,508484.6115924561
1005755,CASCADE STEEL ROLLING MILLS INC,Metals,OR,2024,73349.93723336398
1005755,CASCADE STEEL ROLLING MILLS INC,Metals,OR,2025,72979.42598299407
1005755,CASCADE STEEL ROLLING MILLS INC,Metals,OR,2026,72610.786289599
1005755,CASCADE STEEL ROLLING MILLS INC,Metals,OR,2027,72244.00869941623
1005755,CASCADE STEEL ROLLING MILLS INC,Metals,OR,2028,71879.08380643625
1005758,MICHIGAN SUGAR COMPANY - Bay City,Minerals,MI,2024,180933.55049800716
1005758,MICHIGAN SUGAR COMPANY - Bay City,Minerals,MI,2025,183998.4080415418
1005758,MICHIGAN SUGAR COMPANY - Bay City,Minerals,MI,2026,187115.1816157756
1005758,MICHIGAN SUGAR COMPANY - Bay City,Minerals,MI,2027,190284.75063327677
1005758,MICHIGAN SUGAR COMPANY - Bay City,Minerals,MI,2028,193508.00940310027
1005761,Bailey Mine-Crabapple Portal,Other,PA,2024,2617678.2601952734
1005761,Bailey Mine-Crabapple Portal,Other,PA,2025,2680555.430616486
1005761,Bailey Mine-Crabapple Portal,Other,PA,2026,2744942.9236087706
1005761,Bailey Mine-Crabapple Portal,Other,PA,2027,2810877.0174310524
1005761,Bailey Mine-Crabapple Portal,Other,PA,2028,2878394.8617534805
1005766,Dyno Nobel,Chemicals,OR,2024,181994.6953036212
1005766,Dyno Nobel,Chemicals,OR,2025,181220.6951948543
1005766,Dyno Nobel,Chemicals,OR,2026,180449.98680932898
1005766,Dyno Nobel,Chemicals,OR,2027,179682.55614776854
1005766,Dyno Nobel,Chemicals,OR,2028,178918.38927043253
1005768,WESTROCK CONVERTING COMPANY - STROUDSBURG MILL,Pulp and Paper,PA,2024,28046.536164980953
1005768,WESTROCK CONVERTING COMPANY - STROUDSBURG MILL,Pulp and Paper,PA,2025,28153.42903107499
1005768,WESTROCK CONVERTING COMPANY - STROUDSBURG MILL,Pulp and Paper,PA,2026,28260.72929452998
1005768,WESTROCK CONVERTING COMPANY - STROUDSBURG MILL,Pulp and Paper,PA,2027,28368.438508046762
1005768,WESTROCK CONVERTING COMPANY - STROUDSBURG MILL,Pulp and Paper,PA,2028,28476.558230243416
1005770,AUX SABLE LIQUID PRODUCTS INC,Natural Gas and Natural Gas Liquids Suppliers,IL,2024,306552.9449461692
1005770,AUX SABLE LIQUID PRODUCTS INC,Natural Gas and Natural Gas Liquids Suppliers,IL,2025,310898.72219980735
1005770,AUX SABLE LIQUID PRODUCTS INC,Natural Gas and Natural Gas Liquids Suppliers,IL,2026,315306.10636425565
1005770,AUX SABLE LIQUID PRODUCTS INC,Natural Gas and Natural Gas Liquids Suppliers,IL,2027,319775.9707957052
1005770,AUX SABLE LIQUID PRODUCTS INC,Natural Gas and Natural Gas Liquids Suppliers,IL,2028,324309.20123127545
1005772,CERTAINTEED GYPSUM,Minerals,WV,2024,68622.44211556253
1005772,CERTAINTEED GYPSUM,Minerals,WV,2025,69285.2926455933
1005772,CERTAINTEED GYPSUM,Minerals,WV,2026,69954.5459035307
1005772,CERTAINTEED GYPSUM,Minerals,WV,2027,70630.26373578332
1005772,CERTAINTEED GYPSUM,Minerals,WV,2028,71312.508586158
1005773,THE BELDEN BRICK COMPANY (0679000118),Minerals,OH,2024,60210.71733468368
1005773,THE BELDEN BRICK COMPANY (0679000118),Minerals,OH,2025,60169.35874484
1005773,THE BELDEN BRICK COMPANY (0679000118),Minerals,OH,2026,60128.02856410735
1005773,THE BELDEN BRICK COMPANY (0679000118),Minerals,OH,2027,60086.72677297158
1005773,THE BELDEN BRICK COMPANY (0679000118),Minerals,OH,2028,60045.45335193195
1005777,NUCOR STEEL - UTAH,Metals,UT,2024,260483.9407744805
1005777,NUCOR STEEL - UTAH,Metals,UT,2025,264527.39509447414
1005777,NUCOR STEEL - UTAH,Metals,UT,2026,268633.6153676745
1005777,NUCOR STEEL - UTAH,Metals,UT,2027,272803.5759008431
1005777,NUCOR STEEL - UTAH,Metals,UT,2028,277038.26612476306
1005780,CAMPBELL SOUP SUPPLY COMPANY,Other,NC,2024,46144.72808892908
1005780,CAMPBELL SOUP SUPPLY COMPANY,Other,NC,2025,45998.81070938703
1005780,CAMPBELL SOUP SUPPLY COMPANY,Other,NC,2026,45853.35474510367
1005780,CAMPBELL SOUP SUPPLY COMPANY,Other,NC,2027,45708.35873700664
1005780,CAMPBELL SOUP SUPPLY COMPANY,Other,NC,2028,45563.82123063707
1005784,Port Jefferson Energy Center,Power Plants,NY,2024,245911.3667805667
1005784,Port Jefferson Energy Center,Power Plants,NY,2025,240663.67753684023
1005784,Port Jefferson Energy Center,Power Plants,NY,2026,235527.97271562848
1005784,Port Jefferson Energy Center,Power Plants,NY,2027,230501.86259636996
1005784,Port Jefferson Energy Center,Power Plants,NY,2028,225583.00845456307
1005788,TERRA INTERNATIONAL (OKLAHOMA) LLC,Chemicals,OK,2024,1182013.8190735255
1005788,TERRA INTERNATIONAL (OKLAHOMA) LLC,Chemicals,OK,2025,1178722.9569241551
1005788,TERRA INTERNATIONAL (OKLAHOMA) LLC,Chemicals,OK,2026,1175441.256912749
1005788,TERRA INTERNATIONAL (OKLAHOMA) LLC,Chemicals,OK,2027,1172168.6935308657
1005788,TERRA INTERNATIONAL (OKLAHOMA) LLC,Chemicals,OK,2028,1168905.2413410756
1005789,ConocoPhillips Alaska Inc - KRU CPF1,Petroleum Product Suppliers,AK,2024,492704.2043350383
1005789,ConocoPhillips Alaska Inc - KRU CPF1,Petroleum Product Suppliers,AK,2025,488533.58842844534
1005789,ConocoPhillips Alaska Inc - KRU CPF1,Petroleum Product Suppliers,AK,2026,484398.2757258568
1005789,ConocoPhillips Alaska Inc - KRU CPF1,Petroleum Product Suppliers,AK,2027,480297.9673946221
1005789,ConocoPhillips Alaska Inc - KRU CPF1,Petroleum Product Suppliers,AK,2028,476232.3671316323
1005798,Energy Center Pittsburgh LLC,Power Plants,PA,2024,36577.946855060436
1005798,Energy Center Pittsburgh LLC,Power Plants,PA,2025,36744.119555337704
1005798,Energy Center Pittsburgh LLC,Power Plants,PA,2026,36911.04717404771
1005798,Energy Center Pittsburgh LLC,Power Plants,PA,2027,37078.733140766264
1005798,Energy Center Pittsburgh LLC,Power Plants,PA,2028,37247.180900649386
1005804,KERN RIVER GAS TRANSMISSION COMPANY: SALT LAKE COMPRESSOR STATION,Petroleum and Natural Gas Systems,UT,2024,41990.55579937634
1005804,KERN RIVER GAS TRANSMISSION COMPANY: SALT LAKE COMPRESSOR STATION,Petroleum and Natural Gas Systems,UT,2025,40025.770912183565
1005804,KERN RIVER GAS TRANSMISSION COMPANY: SALT LAKE COMPRESSOR STATION,Petroleum and Natural Gas Systems,UT,2026,38152.920498813415
1005804,KERN RIVER GAS TRANSMISSION COMPANY: SALT LAKE COMPRESSOR STATION,Petroleum and Natural Gas Systems,UT,2027,36367.70284281249
1005804,KERN RIVER GAS TRANSMISSION COMPANY: SALT LAKE COMPRESSOR STATION,Petroleum and Natural Gas Systems,UT,2028,34666.017509832454
1005805,FILLMORE COMPRESSOR STATION,Petroleum and Natural Gas Systems,UT,2024,75269.94501676655
1005805,FILLMORE COMPRESSOR STATION,Petroleum and Natural Gas Systems,UT,2025,75070.82906137028
1005805,FILLMORE COMPRESSOR STATION,Petroleum and Natural Gas Systems,UT,2026,74872.23983897062
1005805,FILLMORE COMPRESSOR STATION,Petroleum and Natural Gas Systems,UT,2027,74674.1759561702
1005805,FILLMORE COMPRESSOR STATION,Petroleum and Natural Gas Systems,UT,2028,74476.63602325767
1005806,KERN RIVER GAS TRANSMISSION CO: COYOTE CREEK COMPRESSOR STATION,Petroleum and Natural Gas Systems,WY,2024,62960.064429857615
1005806,KERN RIVER GAS TRANSMISSION CO: COYOTE CREEK COMPRESSOR STATION,Petroleum and Natural Gas Systems,WY,2025,63284.05447699986
1005806,KERN RIVER GAS TRANSMISSION CO: COYOTE CREEK COMPRESSOR STATION,Petroleum and Natural Gas Systems,WY,2026,63609.71176434584
1005806,KERN RIVER GAS TRANSMISSION CO: COYOTE CREEK COMPRESSOR STATION,Petroleum and Natural Gas Systems,WY,2027,63937.04487144892
1005806,KERN RIVER GAS TRANSMISSION CO: COYOTE CREEK COMPRESSOR STATION,Petroleum and Natural Gas Systems,WY,2028,64266.06242201239
1005810,Aucilla Area Solid Waste Facility,Waste,FL,2024,59195.2441901064
1005810,Aucilla Area Solid Waste Facility,Waste,FL,2025,60760.928789699414
1005810,Aucilla Area Solid Waste Facility,Waste,FL,2026,62368.0249638021
1005810,Aucilla Area Solid Waste Facility,Waste,FL,2027,64017.62802784653
1005810,Aucilla Area Solid Waste Facility,Waste,FL,2028,65710.86226780977
1005812,GreenAmerica Biofuels Ord LLC,Other,NE,2024,81093.52140194464
1005812,GreenAmerica Biofuels Ord LLC,Other,NE,2025,81201.7001224342
1005812,GreenAmerica Biofuels Ord LLC,Other,NE,2026,81310.02315328715
1005812,GreenAmerica Biofuels Ord LLC,Other,NE,2027,81418.49068701391
1005812,GreenAmerica Biofuels Ord LLC,Other,NE,2028,81527.10291638093
1005814,Befesa Zinc US INC,Metals,SC,2024,110666.83661743479
1005814,Befesa Zinc US INC,Metals,SC,2025,109641.0881793483
1005814,Befesa Zinc US INC,Metals,SC,2026,108624.84719525935
1005814,Befesa Zinc US INC,Metals,SC,2027,107618.02554250788
1005814,Befesa Zinc US INC,Metals,SC,2028,106620.5359152239
1005820,CENTERPOINT LANDFILL,Waste,IN,2024,20226.222530914143
1005820,CENTERPOINT LANDFILL,Waste,IN,2025,19438.52925159713
1005820,CENTERPOINT LANDFILL,Waste,IN,2026,18681.51202666115
1005820,CENTERPOINT LANDFILL,Waste,IN,2027,17953.97620288635
1005820,CENTERPOINT LANDFILL,Waste,IN,2028,17254.773651820942
1005822,Blackhawk Station,Power Plants,TX,2024,952709.5640197183
1005822,Blackhawk Station,Power Plants,TX,2025,940267.2252219275
1005822,Blackhawk Station,Power Plants,TX,2026,927987.3827405438
1005822,Blackhawk Station,Power Plants,TX,2027,915867.9143818803
1005822,Blackhawk Station,Power Plants,TX,2028,903906.7256679944
1005825,CLEVELAND COUNTY LANDFILL,Waste,NC,2024,138629.04902315637
1005825,CLEVELAND COUNTY LANDFILL,Waste,NC,2025,139288.78944906624
1005825,CLEVELAND COUNTY LANDFILL,Waste,NC,2026,139951.66960241887
1005825,CLEVELAND COUNTY LANDFILL,Waste,NC,2027,140617.70442528542
1005825,CLEVELAND COUNTY LANDFILL,Waste,NC,2028,141286.90893084696
1005831,Southaven Combined Cycle,Power Plants,MS,2024,1737210.5821217988
1005831,Southaven Combined Cycle,Power Plants,MS,2025,1784569.8577599088
1005831,Southaven Combined Cycle,Power Plants,MS,2026,1833220.2267243187
1005831,Southaven Combined Cycle,Power Plants,MS,2027,1883196.886385668
1005831,Southaven Combined Cycle,Power Plants,MS,2028,1934535.9936539568
1005832,NUCOR STEEL-TEXAS,Metals,TX,2024,173039.96301335626
1005832,NUCOR STEEL-TEXAS,Metals,TX,2025,173724.29739331108
1005832,NUCOR STEEL-TEXAS,Metals,TX,2026,174411.3381627922
1005832,NUCOR STEEL-TEXAS,Metals,TX,2027,175101.0960249657
1005832,NUCOR STEEL-TEXAS,Metals,TX,2028,175793.58172532584
1005840,NEW PARIS PIKE LDFL,Waste,IN,2024,48134.670484553455
1005840,NEW PARIS PIKE LDFL,Waste,IN,2025,50612.43320249149
1005840,NEW PARIS PIKE LDFL,Waste,IN,2026,53217.74032916032
1005840,NEW PARIS PIKE LDFL,Waste,IN,2027,55957.15729396151
1005840,NEW PARIS PIKE LDFL,Waste,IN,2028,58837.58748594267
1005844,EAGLE COUNTY LANDFILL,Waste,CO,2024,58665.65087798497
1005844,EAGLE COUNTY LANDFILL,Waste,CO,2025,59578.81657808227
1005844,EAGLE COUNTY LANDFILL,Waste,CO,2026,60506.196244672064
1005844,EAGLE COUNTY LANDFILL,Waste,CO,2027,61448.01112658492
1005844,EAGLE COUNTY LANDFILL,Waste,CO,2028,62404.485916521175
1005846,BLOOMFIELD CMP STN,Petroleum and Natural Gas Systems,NM,2024,24240.85292388563
1005846,BLOOMFIELD CMP STN,Petroleum and Natural Gas Systems,NM,2025,22744.401005051142
1005846,BLOOMFIELD CMP STN,Petroleum and Natural Gas Systems,NM,2026,21340.32901824355
1005846,BLOOMFIELD CMP STN,Petroleum and Natural Gas Systems,NM,2027,20022.934106101533
1005846,BLOOMFIELD CMP STN,Petroleum and Natural Gas Systems,NM,2028,18786.86546372102
1005848,Rain CII CARBON LLC - LAKE CHARLES CALCINING PLANT,Petroleum and Natural Gas Systems,LA,2024,286750.0079696693
1005848,Rain CII CARBON LLC - LAKE CHARLES CALCINING PLANT,Petroleum and Natural Gas Systems,LA,2025,288965.07128913567
1005848,Rain CII CARBON LLC - LAKE CHARLES CALCINING PLANT,Petroleum and Natural Gas Systems,LA,2026,291197.245350966
1005848,Rain CII CARBON LLC - LAKE CHARLES CALCINING PLANT,Petroleum and Natural Gas Systems,LA,2027,293446.66233084205
1005848,Rain CII CARBON LLC - LAKE CHARLES CALCINING PLANT,Petroleum and Natural Gas Systems,LA,2028,295713.455425465
1005849,U S SALT - WATKINS GLEN REFINERY,Other,NY,2024,78724.2321507068
1005849,U S SALT - WATKINS GLEN REFINERY,Other,NY,2025,79592.3557064078
1005849,U S SALT - WATKINS GLEN REFINERY,Other,NY,2026,80470.05240734457
1005849,U S SALT - WATKINS GLEN REFINERY,Other,NY,2027,81357.42782041404
1005849,U S SALT - WATKINS GLEN REFINERY,Other,NY,2028,82254.58867664095
1005850,BASF BEAUMONT AGRO PLANT,Chemicals,TX,2024,52566.499382887545
1005850,BASF BEAUMONT AGRO PLANT,Chemicals,TX,2025,52173.17009311378
1005850,BASF BEAUMONT AGRO PLANT,Chemicals,TX,2026,51782.7838931787
1005850,BASF BEAUMONT AGRO PLANT,Chemicals,TX,2027,51395.318761387214
1005850,BASF BEAUMONT AGRO PLANT,Chemicals,TX,2028,51010.752840821115
1005853,POET BIOREFINING - PORTLAND,Other,IN,2024,123899.42973280895
1005853,POET BIOREFINING - PORTLAND,Other,IN,2025,126631.65855120402
1005853,POET BIOREFINING - PORTLAND,Other,IN,2026,129424.13844849517
1005853,POET BIOREFINING - PORTLAND,Other,IN,2027,132278.1980807914
1005853,POET BIOREFINING - PORTLAND,Other,IN,2028,135195.19540370948
1005855,"MARTIN MARIETTA MAGNESIA SPECIALTIES, LLC",Minerals,MI,2024,82947.71586983657
1005855,"MARTIN MARIETTA MAGNESIA SPECIALTIES, LLC",Minerals,MI,2025,81556.38901978398
1005855,"MARTIN MARIETTA MAGNESIA SPECIALTIES, LLC",Minerals,MI,2026,80188.39964663931
1005855,"MARTIN MARIETTA MAGNESIA SPECIALTIES, LLC",Minerals,MI,2027,78843.35629829466
1005855,"MARTIN MARIETTA MAGNESIA SPECIALTIES, LLC",Minerals,MI,2028,77520.8740886794
1005856,GEISMAR FRACTIONATION PLANT,Natural Gas and Natural Gas Liquids Suppliers,LA,2024,52776.2801095419
1005856,GEISMAR FRACTIONATION PLANT,Natural Gas and Natural Gas Liquids Suppliers,LA,2025,52764.683254668846
1005856,GEISMAR FRACTIONATION PLANT,Natural Gas and Natural Gas Liquids Suppliers,LA,2026,52753.08894804348
1005856,GEISMAR FRACTIONATION PLANT,Natural Gas and Natural Gas Liquids Suppliers,LA,2027,52741.49718910621
1005856,GEISMAR FRACTIONATION PLANT,Natural Gas and Natural Gas Liquids Suppliers,LA,2028,52729.907977296854
1005860,EAST CENTRAL SOLID WASTE COMMISSION,Waste,MN,2024,34707.011890303664
1005860,EAST CENTRAL SOLID WASTE COMMISSION,Waste,MN,2025,35657.31255067324
1005860,EAST CENTRAL SOLID WASTE COMMISSION,Waste,MN,2026,36633.63306397493
1005860,EAST CENTRAL SOLID WASTE COMMISSION,Waste,MN,2027,37636.685870781264
1005860,EAST CENTRAL SOLID WASTE COMMISSION,Waste,MN,2028,38667.20291875329
1005862,ALLEGANY BALLISTICS LABORATORY,Other,WV,2024,22475.22228454567
1005862,ALLEGANY BALLISTICS LABORATORY,Other,WV,2025,22088.73654235859
1005862,ALLEGANY BALLISTICS LABORATORY,Other,WV,2026,21708.896840287278
1005862,ALLEGANY BALLISTICS LABORATORY,Other,WV,2027,21335.588892487744
1005862,ALLEGANY BALLISTICS LABORATORY,Other,WV,2028,20968.700378384747
1005868,UNIVERSITY OF CHICAGO,Other,IL,2024,111276.98372931857
1005868,UNIVERSITY OF CHICAGO,Other,IL,2025,111665.94782246831
1005868,UNIVERSITY OF CHICAGO,Other,IL,2026,112056.2715235142
1005868,UNIVERSITY OF CHICAGO,Other,IL,2027,112447.95958490997
1005868,UNIVERSITY OF CHICAGO,Other,IL,2028,112841.01677572001
1005870,"COVANTA BABYLON, INC.",Waste,NY,2024,88492.90912217255
1005870,"COVANTA BABYLON, INC.",Waste,NY,2025,88664.50272246382
1005870,"COVANTA BABYLON, INC.",Waste,NY,2026,88836.42905408863
1005870,"COVANTA BABYLON, INC.",Waste,NY,2027,89008.68876223502
1005870,"COVANTA BABYLON, INC.",Waste,NY,2028,89181.28249334212
1005871,Kingston,Power Plants,TN,2024,2853565.8354604584
1005871,Kingston,Power Plants,TN,2025,2727437.334309596
1005871,Kingston,Power Plants,TN,2026,2606883.7523019635
1005871,Kingston,Power Plants,TN,2027,2491658.676270267
1005871,Kingston,Power Plants,TN,2028,2381526.5845861835
1005874,HOLCIM (US) INC. D/B/A LAFARGE ALPENA,Minerals,MI,2024,1670236.7469802566
1005874,HOLCIM (US) INC. D/B/A LAFARGE ALPENA,Minerals,MI,2025,1640306.4862863964
1005874,HOLCIM (US) INC. D/B/A LAFARGE ALPENA,Minerals,MI,2026,1610912.5690221859
1005874,HOLCIM (US) INC. D/B/A LAFARGE ALPENA,Minerals,MI,2027,1582045.3840359754
1005874,HOLCIM (US) INC. D/B/A LAFARGE ALPENA,Minerals,MI,2028,1553695.492405747
1005878,LAKE COUNTY SOLID WASTE FACILITY *,Waste,OH,2024,52426.3357432535
1005878,LAKE COUNTY SOLID WASTE FACILITY *,Waste,OH,2025,50726.33955308068
1005878,LAKE COUNTY SOLID WASTE FACILITY *,Waste,OH,2026,49081.46808229995
1005878,LAKE COUNTY SOLID WASTE FACILITY *,Waste,OH,2027,47489.93383591242
1005878,LAKE COUNTY SOLID WASTE FACILITY *,Waste,OH,2028,45950.00728090806
1005879,HUNT REFINING COMPANY,Chemicals,AL,2024,887239.7769637706
1005879,HUNT REFINING COMPANY,Chemicals,AL,2025,888735.1491151282
1005879,HUNT REFINING COMPANY,Chemicals,AL,2026,890233.0415974356
1005879,HUNT REFINING COMPANY,Chemicals,AL,2027,891733.4586585149
1005879,HUNT REFINING COMPANY,Chemicals,AL,2028,893236.4045533368
1005880,BMW MANUFACTURING CORPORATION,Other,SC,2024,57980.55175501755
1005880,BMW MANUFACTURING CORPORATION,Other,SC,2025,60005.0204196013
1005880,BMW MANUFACTURING CORPORATION,Other,SC,2026,62100.1761206104
1005880,BMW MANUFACTURING CORPORATION,Other,SC,2027,64268.48699065016
1005880,BMW MANUFACTURING CORPORATION,Other,SC,2028,66512.5073404825
1005895,GREENWOOD FARMS LANDFILL,Waste,TX,2024,58487.692044527284
1005895,GREENWOOD FARMS LANDFILL,Waste,TX,2025,58648.778908156615
1005895,GREENWOOD FARMS LANDFILL,Waste,TX,2026,58810.30943739707
1005895,GREENWOOD FARMS LANDFILL,Waste,TX,2027,58972.284854192825
1005895,GREENWOOD FARMS LANDFILL,Waste,TX,2028,59134.70638385389
1005898,Modelfill Landfill,Waste,AR,2024,4837.912837409187
1005898,Modelfill Landfill,Waste,AR,2025,4352.487660610437
1005898,Modelfill Landfill,Waste,AR,2026,3915.7689426068996
1005898,Modelfill Landfill,Waste,AR,2027,3522.8695880402024
1005898,Modelfill Landfill,Waste,AR,2028,3169.3928615911277
1005899,COUNTRYMARK REFINING & LOGISTICS LLC,Petroleum Product Suppliers,IN,2024,202690.8885578629
1005899,COUNTRYMARK REFINING & LOGISTICS LLC,Petroleum Product Suppliers,IN,2025,202248.58304272077
1005899,COUNTRYMARK REFINING & LOGISTICS LLC,Petroleum Product Suppliers,IN,2026,201807.24271239756
1005899,COUNTRYMARK REFINING & LOGISTICS LLC,Petroleum Product Suppliers,IN,2027,201366.86546069893
1005899,COUNTRYMARK REFINING & LOGISTICS LLC,Petroleum Product Suppliers,IN,2028,200927.4491860261
1005905,"E F Kenilworth, Inc.",Power Plants,NJ,2024,83442.09016099511
1005905,"E F Kenilworth, Inc.",Power Plants,NJ,2025,83483.23287930501
1005905,"E F Kenilworth, Inc.",Power Plants,NJ,2026,83524.395883819
1005905,"E F Kenilworth, Inc.",Power Plants,NJ,2027,83565.57918453956
1005905,"E F Kenilworth, Inc.",Power Plants,NJ,2028,83606.78279147414
1005906,AR GLASS CONTAINER CORP,Minerals,AR,2024,36835.69046351206
1005906,AR GLASS CONTAINER CORP,Minerals,AR,2025,38296.92464655608
1005906,AR GLASS CONTAINER CORP,Minerals,AR,2026,39816.12449580123
1005906,AR GLASS CONTAINER CORP,Minerals,AR,2027,41395.58944996653
1005906,AR GLASS CONTAINER CORP,Minerals,AR,2028,43037.71016415444
1005907,DALTON CORP WARSAW MFG FACILITY,Metals,IN,2024,18153.930834918385
1005907,DALTON CORP WARSAW MFG FACILITY,Metals,IN,2025,17190.399044951548
1005907,DALTON CORP WARSAW MFG FACILITY,Metals,IN,2026,16278.007336916166
1005907,DALTON CORP WARSAW MFG FACILITY,Metals,IN,2027,15414.041417410495
1005907,DALTON CORP WARSAW MFG FACILITY,Metals,IN,2028,14595.931055935842
1005911,Norco Manufacturing Complex,Chemicals,LA,2024,3837562.7219728534
1005911,Norco Manufacturing Complex,Chemicals,LA,2025,3838689.1971609755
1005911,Norco Manufacturing Complex,Chemicals,LA,2026,3839816.0030137375
1005911,Norco Manufacturing Complex,Chemicals,LA,2027,3840943.139628237
1005911,Norco Manufacturing Complex,Chemicals,LA,2028,3842070.6071015247
1005915,CARDINAL FG FLAT GLASS PLANT,Minerals,NC,2024,109735.89670580608
1005915,CARDINAL FG FLAT GLASS PLANT,Minerals,NC,2025,110935.31889387175
1005915,CARDINAL FG FLAT GLASS PLANT,Minerals,NC,2026,112147.85086304268
1005915,CARDINAL FG FLAT GLASS PLANT,Minerals,NC,2027,113373.63590428249
1005915,CARDINAL FG FLAT GLASS PLANT,Minerals,NC,2028,114612.81887473575
1005918,WHEATLAND TUBE COMPANY - COUNCIL,Metals,PA,2024,38572.1597603296
1005918,WHEATLAND TUBE COMPANY - COUNCIL,Metals,PA,2025,37982.95976186923
1005918,WHEATLAND TUBE COMPANY - COUNCIL,Metals,PA,2026,37402.75995008081
1005918,WHEATLAND TUBE COMPANY - COUNCIL,Metals,PA,2027,36831.42284471941
1005918,WHEATLAND TUBE COMPANY - COUNCIL,Metals,PA,2028,36268.81306558745
1005920,HILLSBOROUGH COUNTY RESOURCE RECOVERY FACILITY,Waste,FL,2024,205581.03799488285
1005920,HILLSBOROUGH COUNTY RESOURCE RECOVERY FACILITY,Waste,FL,2025,204890.07276947235
1005920,HILLSBOROUGH COUNTY RESOURCE RECOVERY FACILITY,Waste,FL,2026,204201.42990291028
1005920,HILLSBOROUGH COUNTY RESOURCE RECOVERY FACILITY,Waste,FL,2027,203515.10158966613
1005920,HILLSBOROUGH COUNTY RESOURCE RECOVERY FACILITY,Waste,FL,2028,202831.08005044304
1005924,Cheyenne Plant,Chemicals,WY,2024,427022.27441729186
1005924,Cheyenne Plant,Chemicals,WY,2025,424855.5707882604
1005924,Cheyenne Plant,Chemicals,WY,2026,422699.86097593827
1005924,Cheyenne Plant,Chemicals,WY,2027,420555.089197892
1005924,Cheyenne Plant,Chemicals,WY,2028,418421.199954722
1005928,LARIMER COUNTY LANDFILL,Waste,CO,2024,206466.4633853202
1005928,LARIMER COUNTY LANDFILL,Waste,CO,2025,213325.7761564825
1005928,LARIMER COUNTY LANDFILL,Waste,CO,2026,220412.97180470507
1005928,LARIMER COUNTY LANDFILL,Waste,CO,2027,227735.62114755876
1005928,LARIMER COUNTY LANDFILL,Waste,CO,2028,235301.54652339435
1005929,HERON LAKE BIOENERGY LLC,Other,MN,2024,75230.54428237413
1005929,HERON LAKE BIOENERGY LLC,Other,MN,2025,73691.97270668809
1005929,HERON LAKE BIOENERGY LLC,Other,MN,2026,72184.86710690428
1005929,HERON LAKE BIOENERGY LLC,Other,MN,2027,70708.58395908466
1005929,HERON LAKE BIOENERGY LLC,Other,MN,2028,69262.49290027046
1005938,"New-Indy Ontario, LLC",Pulp and Paper,CA,2024,207797.68216407893
1005938,"New-Indy Ontario, LLC",Pulp and Paper,CA,2025,205402.4893179916
1005938,"New-Indy Ontario, LLC",Pulp and Paper,CA,2026,203034.90481050542
1005938,"New-Indy Ontario, LLC",Pulp and Paper,CA,2027,200694.61041239803
1005938,"New-Indy Ontario, LLC",Pulp and Paper,CA,2028,198381.2915625337
1005940,ARCHER DANIELS MIDLAND PROCESSING,Other,ND,2024,43672.86989289098
1005940,ARCHER DANIELS MIDLAND PROCESSING,Other,ND,2025,44044.292462824
1005940,ARCHER DANIELS MIDLAND PROCESSING,Other,ND,2026,44418.87385254127
1005940,ARCHER DANIELS MIDLAND PROCESSING,Other,ND,2027,44796.64092670663
1005940,ARCHER DANIELS MIDLAND PROCESSING,Other,ND,2028,45177.62077845823
1005947,Dixie Chemical Company,Chemicals,TX,2024,46091.28122976551
1005947,Dixie Chemical Company,Chemicals,TX,2025,45998.057726049
1005947,Dixie Chemical Company,Chemicals,TX,2026,45905.02277473141
1005947,Dixie Chemical Company,Chemicals,TX,2027,45812.175994449615
1005947,Dixie Chemical Company,Chemicals,TX,2028,45719.51700461182
1005948,GEORGIA-PACIFIC BREWTON LLC,Pulp and Paper,AL,2024,552709.7267409618
1005948,GEORGIA-PACIFIC BREWTON LLC,Pulp and Paper,AL,2025,554700.325656614
1005948,GEORGIA-PACIFIC BREWTON LLC,Pulp and Paper,AL,2026,556698.093767688
1005948,GEORGIA-PACIFIC BREWTON LLC,Pulp and Paper,AL,2027,558703.0568942362
1005948,GEORGIA-PACIFIC BREWTON LLC,Pulp and Paper,AL,2028,560715.2409492963
1005949,Apache Station,Power Plants,AZ,2024,1459040.3801292148
1005949,Apache Station,Power Plants,AZ,2025,1411142.4245002933
1005949,Apache Station,Power Plants,AZ,2026,1364816.8819345548
1005949,Apache Station,Power Plants,AZ,2027,1320012.1326330209
1005949,Apache Station,Power Plants,AZ,2028,1276678.251391915
1005950,"Bavarian Trucking Co., Inc.",Waste,KY,2024,33667.38003363055
1005950,"Bavarian Trucking Co., Inc.",Waste,KY,2025,32662.783196008808
1005950,"Bavarian Trucking Co., Inc.",Waste,KY,2026,31688.162400631853
1005950,"Bavarian Trucking Co., Inc.",Waste,KY,2027,30742.623196039156
1005950,"Bavarian Trucking Co., Inc.",Waste,KY,2028,29825.297820197982
1005958,ANR Pipeline Blue Lake Complex Gas Storage Facility,Petroleum and Natural Gas Systems,MI,2024,38854.58784154417
1005958,ANR Pipeline Blue Lake Complex Gas Storage Facility,Petroleum and Natural Gas Systems,MI,2025,39451.62437093011
1005958,ANR Pipeline Blue Lake Complex Gas Storage Facility,Petroleum and Natural Gas Systems,MI,2026,40057.834916493375
1005958,ANR Pipeline Blue Lake Complex Gas Storage Facility,Petroleum and Natural Gas Systems,MI,2027,40673.36044544229
1005958,ANR Pipeline Blue Lake Complex Gas Storage Facility,Petroleum and Natural Gas Systems,MI,2028,41298.344091076106
1005960,QUAD CNTY CORN PROCESSORS,Other,IA,2024,63278.02322565663
1005960,QUAD CNTY CORN PROCESSORS,Other,IA,2025,64582.119621046724
1005960,QUAD CNTY CORN PROCESSORS,Other,IA,2026,65913.09213110933
1005960,QUAD CNTY CORN PROCESSORS,Other,IA,2027,67271.4946455283
1005960,QUAD CNTY CORN PROCESSORS,Other,IA,2028,68657.89246909622
1005964,GOLDEN TRIANGLE REGIONAL SOLID WASTE MANAGEMENT AUTHORITY,Waste,MS,2024,104481.18816723673
1005964,GOLDEN TRIANGLE REGIONAL SOLID WASTE MANAGEMENT AUTHORITY,Waste,MS,2025,101491.38190965983
1005964,GOLDEN TRIANGLE REGIONAL SOLID WASTE MANAGEMENT AUTHORITY,Waste,MS,2026,98587.13116322008
1005964,GOLDEN TRIANGLE REGIONAL SOLID WASTE MANAGEMENT AUTHORITY,Waste,MS,2027,95765.98769386622
1005964,GOLDEN TRIANGLE REGIONAL SOLID WASTE MANAGEMENT AUTHORITY,Waste,MS,2028,93025.57332557003
1005966,Marathon Mandan Refinery,Petroleum Product Suppliers,ND,2024,673497.3326245056
1005966,Marathon Mandan Refinery,Petroleum Product Suppliers,ND,2025,675697.8234455502
1005966,Marathon Mandan Refinery,Petroleum Product Suppliers,ND,2026,677905.5038419906
1005966,Marathon Mandan Refinery,Petroleum Product Suppliers,ND,2027,680120.3973040406
1005966,Marathon Mandan Refinery,Petroleum Product Suppliers,ND,2028,682342.5273986604
1005969,THE ANDERSONS MARATHON HOLDINGS LLC,Other,IN,2024,184888.7892091408
1005969,THE ANDERSONS MARATHON HOLDINGS LLC,Other,IN,2025,185011.39301036356
1005969,THE ANDERSONS MARATHON HOLDINGS LLC,Other,IN,2026,185134.07811284869
1005969,THE ANDERSONS MARATHON HOLDINGS LLC,Other,IN,2027,185256.8445705097
1005969,THE ANDERSONS MARATHON HOLDINGS LLC,Other,IN,2028,185379.69243729446
1005977,Ardagh Glass Inc. (Burlington),Minerals,WI,2024,78218.70799930714
1005977,Ardagh Glass Inc. (Burlington),Minerals,WI,2025,79086.9360165453
1005977,Ardagh Glass Inc. (Burlington),Minerals,WI,2026,79964.8013687534
1005977,Ardagh Glass Inc. (Burlington),Minerals,WI,2027,80852.41103039394
1005977,Ardagh Glass Inc. (Burlington),Minerals,WI,2028,81749.87316334639
1005978,MOUNTAIN CEMENT CO,Minerals,WY,2024,495903.8315989199
1005978,MOUNTAIN CEMENT CO,Minerals,WY,2025,488366.3265634212
1005978,MOUNTAIN CEMENT CO,Minerals,WY,2026,480943.38805985864
1005978,MOUNTAIN CEMENT CO,Minerals,WY,2027,473633.27473082324
1005978,MOUNTAIN CEMENT CO,Minerals,WY,2028,466434.2716867187
1005984,"Corning Pharmaceutical Glass, LLC",Minerals,NJ,2024,33479.05725853536
1005984,"Corning Pharmaceutical Glass, LLC",Minerals,NJ,2025,33760.95737656053
1005984,"Corning Pharmaceutical Glass, LLC",Minerals,NJ,2026,34045.23114793946
1005984,"Corning Pharmaceutical Glass, LLC",Minerals,NJ,2027,34331.89855929106
1005984,"Corning Pharmaceutical Glass, LLC",Minerals,NJ,2028,34620.9797655256
1005990,CATERPILLAR INC.-MAPLETON,Metals,IL,2024,187211.09346402565
1005990,CATERPILLAR INC.-MAPLETON,Metals,IL,2025,187031.07420553747
1005990,CATERPILLAR INC.-MAPLETON,Metals,IL,2026,186851.2280507518
1005990,CATERPILLAR INC.-MAPLETON,Metals,IL,2027,186671.55483321447
1005990,CATERPILLAR INC.-MAPLETON,Metals,IL,2028,186492.0543866324
1005992,SWEENY REFINERY,Petroleum Product Suppliers,TX,2024,1846922.9250506929
1005992,SWEENY REFINERY,Petroleum Product Suppliers,TX,2025,1834420.7981510945
1005992,SWEENY REFINERY,Petroleum Product Suppliers,TX,2026,1822003.3002172648
1005992,SWEENY REFINERY,Petroleum Product Suppliers,TX,2027,1809669.8583817373
1005992,SWEENY REFINERY,Petroleum Product Suppliers,TX,2028,1797419.9036548764
1005994,DOMTAR AW LLC ASHDOWN MILL,Pulp and Paper,AR,2024,398855.7591004517
1005994,DOMTAR AW LLC ASHDOWN MILL,Pulp and Paper,AR,2025,386216.84303733555
1005994,DOMTAR AW LLC ASHDOWN MILL,Pulp and Paper,AR,2026,373978.4281469002
1005994,DOMTAR AW LLC ASHDOWN MILL,Pulp and Paper,AR,2027,362127.8233733225
1005994,DOMTAR AW LLC ASHDOWN MILL,Pulp and Paper,AR,2028,350652.73981415055
1005997,PETRO STAR VALDEZ REFINERY,Chemicals,AK,2024,74683.9538841128
1005997,PETRO STAR VALDEZ REFINERY,Chemicals,AK,2025,73070.83787706097
1005997,PETRO STAR VALDEZ REFINERY,Chemicals,AK,2026,71492.5639360336
1005997,PETRO STAR VALDEZ REFINERY,Chemicals,AK,2027,69948.37949918222
1005997,PETRO STAR VALDEZ REFINERY,Chemicals,AK,2028,68437.54825941469
1006005,"CF Industries Nitrogen, LLC-Port Neal Nitrogen Complex",Chemicals,IA,2024,3576873.7344370494
1006005,"CF Industries Nitrogen, LLC-Port Neal Nitrogen Complex",Chemicals,IA,2025,3887318.911573119
1006005,"CF Industries Nitrogen, LLC-Port Neal Nitrogen Complex",Chemicals,IA,2026,4224708.346505925
1006005,"CF Industries Nitrogen, LLC-Port Neal Nitrogen Complex",Chemicals,IA,2027,4591380.593935912
1006005,"CF Industries Nitrogen, LLC-Port Neal Nitrogen Complex",Chemicals,IA,2028,4989877.177156188
1006007,POET Biorefining - Hanlontown LLC,Other,IA,2024,105101.79515539919
1006007,POET Biorefining - Hanlontown LLC,Other,IA,2025,106977.96485459548
1006007,POET Biorefining - Hanlontown LLC,Other,IA,2026,108887.62601542624
1006007,POET Biorefining - Hanlontown LLC,Other,IA,2027,110831.37649319385
1006007,POET Biorefining - Hanlontown LLC,Other,IA,2028,112809.82481550153
1006008,CLEWISTON SUGAR HOUSE,Other,FL,2024,44803.40801833155
1006008,CLEWISTON SUGAR HOUSE,Other,FL,2025,45560.40228984982
1006008,CLEWISTON SUGAR HOUSE,Other,FL,2026,46330.18666713133
1006008,CLEWISTON SUGAR HOUSE,Other,FL,2027,47112.977250629825
1006008,CLEWISTON SUGAR HOUSE,Other,FL,2028,47908.99379201216
1006011,ROCHDALE VILLAGE,Other,NY,2024,62878.4071937595
1006011,ROCHDALE VILLAGE,Other,NY,2025,62230.079042586854
1006011,ROCHDALE VILLAGE,Other,NY,2026,61588.43568847489
1006011,ROCHDALE VILLAGE,Other,NY,2027,60953.4082056621
1006011,ROCHDALE VILLAGE,Other,NY,2028,60324.928379067765
1006012,PHILLIPS 66 CO - LAKE CHARLES REFINERY,Petroleum Product Suppliers,LA,2024,1613450.2369173204
1006012,PHILLIPS 66 CO - LAKE CHARLES REFINERY,Petroleum Product Suppliers,LA,2025,1603372.8072745348
1006012,PHILLIPS 66 CO - LAKE CHARLES REFINERY,Petroleum Product Suppliers,LA,2026,1593358.3201296756
1006012,PHILLIPS 66 CO - LAKE CHARLES REFINERY,Petroleum Product Suppliers,LA,2027,1583406.3823509524
1006012,PHILLIPS 66 CO - LAKE CHARLES REFINERY,Petroleum Product Suppliers,LA,2028,1573516.6032620259
1006016,FREEPORT LNG IMPORT TERMINAL,Petroleum and Natural Gas Systems,TX,2024,50527.985394967116
1006016,FREEPORT LNG IMPORT TERMINAL,Petroleum and Natural Gas Systems,TX,2025,52523.2647351151
1006016,FREEPORT LNG IMPORT TERMINAL,Petroleum and Natural Gas Systems,TX,2026,54597.33486049036
1006016,FREEPORT LNG IMPORT TERMINAL,Petroleum and Natural Gas Systems,TX,2027,56753.307108794834
1006016,FREEPORT LNG IMPORT TERMINAL,Petroleum and Natural Gas Systems,TX,2028,58994.415680096114
1006019,"Potters Industries, Inc. - Brownwood, TX",Minerals,TX,2024,26287.291925042988
1006019,"Potters Industries, Inc. - Brownwood, TX",Minerals,TX,2025,26270.445532002977
1006019,"Potters Industries, Inc. - Brownwood, TX",Minerals,TX,2026,26253.609935090586
1006019,"Potters Industries, Inc. - Brownwood, TX",Minerals,TX,2027,26236.785127387044
1006019,"Potters Industries, Inc. - Brownwood, TX",Minerals,TX,2028,26219.97110197801
1006021,CHEMUNG COUNTY LANDFILL,Waste,NY,2024,35845.10852637568
1006021,CHEMUNG COUNTY LANDFILL,Waste,NY,2025,39819.02679890481
1006021,CHEMUNG COUNTY LANDFILL,Waste,NY,2026,44233.50801254255
1006021,CHEMUNG COUNTY LANDFILL,Waste,NY,2027,49137.394567098876
1006021,CHEMUNG COUNTY LANDFILL,Waste,NY,2028,54584.943707338774
1006022,"Big River Resources Boyceville, LLC",Other,WI,2024,80381.78097592064
1006022,"Big River Resources Boyceville, LLC",Other,WI,2025,80502.05975711171
1006022,"Big River Resources Boyceville, LLC",Other,WI,2026,80622.51851671355
1006022,"Big River Resources Boyceville, LLC",Other,WI,2027,80743.157524036
1006022,"Big River Resources Boyceville, LLC",Other,WI,2028,80863.97704879133
1006024,Duluth Steam One,Power Plants,MN,2024,38675.13263272243
1006024,Duluth Steam One,Power Plants,MN,2025,37163.23354009105
1006024,Duluth Steam One,Power Plants,MN,2026,35710.43802928858
1006024,Duluth Steam One,Power Plants,MN,2027,34314.435606577565
1006024,Duluth Steam One,Power Plants,MN,2028,32973.006100687635
1006025,WALKER MOUNTAIN LANDFILL-ROME-FLOYD SW COMMISSION,Waste,GA,2024,99366.81823455934
1006025,WALKER MOUNTAIN LANDFILL-ROME-FLOYD SW COMMISSION,Waste,GA,2025,101738.40832824603
1006025,WALKER MOUNTAIN LANDFILL-ROME-FLOYD SW COMMISSION,Waste,GA,2026,104166.60121622967
1006025,WALKER MOUNTAIN LANDFILL-ROME-FLOYD SW COMMISSION,Waste,GA,2027,106652.74783867935
1006025,WALKER MOUNTAIN LANDFILL-ROME-FLOYD SW COMMISSION,Waste,GA,2028,109198.23137868372
1006028,"NEW GEORGIA LANDFILL, BIRMINGHAM",Waste,AL,2024,129993.9933070206
1006028,"NEW GEORGIA LANDFILL, BIRMINGHAM",Waste,AL,2025,131175.44482345885
1006028,"NEW GEORGIA LANDFILL, BIRMINGHAM",Waste,AL,2026,132367.6339720765
1006028,"NEW GEORGIA LANDFILL, BIRMINGHAM",Waste,AL,2027,133570.65834193566
1006028,"NEW GEORGIA LANDFILL, BIRMINGHAM",Waste,AL,2028,134784.61640903668
1006030,POET Biorefining - Hudson,Other,SD,2024,104089.80901730155
1006030,POET Biorefining - Hudson,Other,SD,2025,106044.88371847749
1006030,POET Biorefining - Hudson,Other,SD,2026,108036.67975792124
1006030,POET Biorefining - Hudson,Other,SD,2027,110065.88685694328
1006030,POET Biorefining - Hudson,Other,SD,2028,112133.20769159611
1006032,FORELAND REFINING CORP EAGLE SPRINGS REFINERY,Petroleum Product Suppliers,NV,2024,14622.743952988707
1006032,FORELAND REFINING CORP EAGLE SPRINGS REFINERY,Petroleum Product Suppliers,NV,2025,14519.01849635812
1006032,FORELAND REFINING CORP EAGLE SPRINGS REFINERY,Petroleum Product Suppliers,NV,2026,14416.028809319576
1006032,FORELAND REFINING CORP EAGLE SPRINGS REFINERY,Petroleum Product Suppliers,NV,2027,14313.769672740666
1006032,FORELAND REFINING CORP EAGLE SPRINGS REFINERY,Petroleum Product Suppliers,NV,2028,14212.235904510619
1006036,CARROLL COUNTY SOLID WASTE MANAGEMENT COMMISSION,Waste,IA,2024,44071.66995783634
1006036,CARROLL COUNTY SOLID WASTE MANAGEMENT COMMISSION,Waste,IA,2025,45797.55710635455
1006036,CARROLL COUNTY SOLID WASTE MANAGEMENT COMMISSION,Waste,IA,2026,47591.03158370033
1006036,CARROLL COUNTY SOLID WASTE MANAGEMENT COMMISSION,Waste,IA,2027,49454.74017186169
1006036,CARROLL COUNTY SOLID WASTE MANAGEMENT COMMISSION,Waste,IA,2028,51391.43330324477
1006037,"KOCH FERTILIZER DODGE CITY, LLC",Chemicals,KS,2024,549200.4106551223
1006037,"KOCH FERTILIZER DODGE CITY, LLC",Chemicals,KS,2025,552445.1888871305
1006037,"KOCH FERTILIZER DODGE CITY, LLC",Chemicals,KS,2026,555709.1378727827
1006037,"KOCH FERTILIZER DODGE CITY, LLC",Chemicals,KS,2027,558992.370876464
1006037,"KOCH FERTILIZER DODGE CITY, LLC",Chemicals,KS,2028,562295.0018317356
1006038,Delaware Valley Resource Recovery Facility,Waste,PA,2024,370629.7993560211
1006038,Delaware Valley Resource Recovery Facility,Waste,PA,2025,371361.4249476688
1006038,Delaware Valley Resource Recovery Facility,Waste,PA,2026,372094.49477290903
1006038,Delaware Valley Resource Recovery Facility,Waste,PA,2027,372829.0116826674
1006038,Delaware Valley Resource Recovery Facility,Waste,PA,2028,373564.97853349795
1006045,Commonwealth Rolled Products,Metals,KY,2024,174811.7045711865
1006045,Commonwealth Rolled Products,Metals,KY,2025,175294.27268070786
1006045,Commonwealth Rolled Products,Metals,KY,2026,175778.1729205968
1006045,Commonwealth Rolled Products,Metals,KY,2027,176263.4089682026
1006045,Commonwealth Rolled Products,Metals,KY,2028,176749.98451102545
1006046,GRACE,Chemicals,MD,2024,103380.06423191744
1006046,GRACE,Chemicals,MD,2025,103004.5128524086
1006046,GRACE,Chemicals,MD,2026,102630.3257479141
1006046,GRACE,Chemicals,MD,2027,102257.49796239845
1006046,GRACE,Chemicals,MD,2028,101886.02455782822
1006047,ADM CORN PROCESSING,Other,IA,2024,2637627.3741502096
1006047,ADM CORN PROCESSING,Other,IA,2025,2610313.9241247317
1006047,ADM CORN PROCESSING,Other,IA,2026,2583283.31335077
1006047,ADM CORN PROCESSING,Other,IA,2027,2556532.6129401065
1006047,ADM CORN PROCESSING,Other,IA,2028,2530058.9243340576
1006048,New-Indy Oxnard LLC,Pulp and Paper,CA,2024,117339.44992928371
1006048,New-Indy Oxnard LLC,Pulp and Paper,CA,2025,117225.46282663835
1006048,New-Indy Oxnard LLC,Pulp and Paper,CA,2026,117111.58645452293
1006048,New-Indy Oxnard LLC,Pulp and Paper,CA,2027,116997.82070537147
1006048,New-Indy Oxnard LLC,Pulp and Paper,CA,2028,116884.16547172127
1006050,OWENS-BROCKWAY GLASS CONTAINER INC. PlANT 26,Minerals,VA,2024,58110.39693439203
1006050,OWENS-BROCKWAY GLASS CONTAINER INC. PlANT 26,Minerals,VA,2025,58728.86130139214
1006050,OWENS-BROCKWAY GLASS CONTAINER INC. PlANT 26,Minerals,VA,2026,59353.90793582495
1006050,OWENS-BROCKWAY GLASS CONTAINER INC. PlANT 26,Minerals,VA,2027,59985.60689224332
1006050,OWENS-BROCKWAY GLASS CONTAINER INC. PlANT 26,Minerals,VA,2028,60624.02897078486
1006054,AG PROCESSING INC-EAGLE GROVE,Other,IA,2024,62585.51302100916
1006054,AG PROCESSING INC-EAGLE GROVE,Other,IA,2025,58413.856683301725
1006054,AG PROCESSING INC-EAGLE GROVE,Other,IA,2026,54520.263363054684
1006054,AG PROCESSING INC-EAGLE GROVE,Other,IA,2027,50886.19868556916
1006054,AG PROCESSING INC-EAGLE GROVE,Other,IA,2028,47494.36369050824
1006055,"STERLING ETHANOL, LLC",Other,CO,2024,57446.70679959045
1006055,"STERLING ETHANOL, LLC",Other,CO,2025,58035.12289311256
1006055,"STERLING ETHANOL, LLC",Other,CO,2026,58629.566024882784
1006055,"STERLING ETHANOL, LLC",Other,CO,2027,59230.097928750074
1006055,"STERLING ETHANOL, LLC",Other,CO,2028,59836.78097089113
1006058,US GYPSUM - SHOALS PLANT,Minerals,IN,2024,61795.505621349395
1006058,US GYPSUM - SHOALS PLANT,Minerals,IN,2025,63145.71768508849
1006058,US GYPSUM - SHOALS PLANT,Minerals,IN,2026,64525.431451236786
1006058,US GYPSUM - SHOALS PLANT,Minerals,IN,2027,65935.29152257057
1006058,US GYPSUM - SHOALS PLANT,Minerals,IN,2028,67375.9565862313
1006060,Ardagh Glass Inc. (Winchester),Minerals,IN,2024,95539.04665012434
1006060,Ardagh Glass Inc. (Winchester),Minerals,IN,2025,95429.43960452356
1006060,Ardagh Glass Inc. (Winchester),Minerals,IN,2026,95319.95830546187
1006060,Ardagh Glass Inc. (Winchester),Minerals,IN,2027,95210.60260867634
1006060,Ardagh Glass Inc. (Winchester),Minerals,IN,2028,95101.37237007028
1006065,KIMBERLY-CLARK TISSUE MILL,Pulp and Paper,CT,2024,144441.6414664192
1006065,KIMBERLY-CLARK TISSUE MILL,Pulp and Paper,CT,2025,144079.74509599083
1006065,KIMBERLY-CLARK TISSUE MILL,Pulp and Paper,CT,2026,143718.75545150074
1006065,KIMBERLY-CLARK TISSUE MILL,Pulp and Paper,CT,2027,143358.67026116126
1006065,KIMBERLY-CLARK TISSUE MILL,Pulp and Paper,CT,2028,142999.48725887574
1006068,EXXONMOBIL OIL JOLIET REFINERY,Petroleum Product Suppliers,IL,2024,2432163.611164306
1006068,EXXONMOBIL OIL JOLIET REFINERY,Petroleum Product Suppliers,IL,2025,2440050.950102163
1006068,EXXONMOBIL OIL JOLIET REFINERY,Petroleum Product Suppliers,IL,2026,2447963.8671365073
1006068,EXXONMOBIL OIL JOLIET REFINERY,Petroleum Product Suppliers,IL,2027,2455902.4452153393
1006068,EXXONMOBIL OIL JOLIET REFINERY,Petroleum Product Suppliers,IL,2028,2463866.7675556657
1006069,North Omaha Station,Power Plants,NE,2024,1512318.468410386
1006069,North Omaha Station,Power Plants,NE,2025,1417339.6873559912
1006069,North Omaha Station,Power Plants,NE,2026,1328325.8991513264
1006069,North Omaha Station,Power Plants,NE,2027,1244902.4818092193
1006069,North Omaha Station,Power Plants,NE,2028,1166718.3408867633
1006073,ROWAN UNIV,Other,NJ,2024,23032.065509300195
1006073,ROWAN UNIV,Other,NJ,2025,22750.733156334205
1006073,ROWAN UNIV,Other,NJ,2026,22472.83722520331
1006073,ROWAN UNIV,Other,NJ,2027,22198.33574066059
1006073,ROWAN UNIV,Other,NJ,2028,21927.187240178548
1006075,THE COLLEGE OF NEW JERSEY,Other,NJ,2024,31299.76493093109
1006075,THE COLLEGE OF NEW JERSEY,Other,NJ,2025,31302.807730600103
1006075,THE COLLEGE OF NEW JERSEY,Other,NJ,2026,31305.85082607415
1006075,THE COLLEGE OF NEW JERSEY,Other,NJ,2027,31308.894217382105
1006075,THE COLLEGE OF NEW JERSEY,Other,NJ,2028,31311.937904552553
1006077,Davenport Plant,Minerals,IA,2024,822699.4007398156
1006077,Davenport Plant,Minerals,IA,2025,812677.644338956
1006077,Davenport Plant,Minerals,IA,2026,802777.9684954274
1006077,Davenport Plant,Minerals,IA,2027,792998.8860784433
1006077,Davenport Plant,Minerals,IA,2028,783338.9280727784
1006081,Darling Ingredients Inc.,Other,KY,2024,30680.60768080781
1006081,Darling Ingredients Inc.,Other,KY,2025,31092.22732828548
1006081,Darling Ingredients Inc.,Other,KY,2026,31509.36938053266
1006081,Darling Ingredients Inc.,Other,KY,2027,31932.107927682486
1006081,Darling Ingredients Inc.,Other,KY,2028,32360.518053881904
1006082,CERTAINTEED CEILINGS CORP,Minerals,MI,2024,26630.95525557125
1006082,CERTAINTEED CEILINGS CORP,Minerals,MI,2025,26457.929144063706
1006082,CERTAINTEED CEILINGS CORP,Minerals,MI,2026,26286.02721435794
1006082,CERTAINTEED CEILINGS CORP,Minerals,MI,2027,26115.242162442402
1006082,CERTAINTEED CEILINGS CORP,Minerals,MI,2028,25945.56673176099
1006085,FORNEY POWER PLANT,Power Plants,TX,2024,3924512.089770353
1006085,FORNEY POWER PLANT,Power Plants,TX,2025,3964477.0423135576
1006085,FORNEY POWER PLANT,Power Plants,TX,2026,4004848.9747297373
1006085,FORNEY POWER PLANT,Power Plants,TX,2027,4045632.031465631
1006085,FORNEY POWER PLANT,Power Plants,TX,2028,4086830.3991725976
1006093,BF GOODRICH TIRE MANUFACTURING,Other,IN,2024,28651.511498601427
1006093,BF GOODRICH TIRE MANUFACTURING,Other,IN,2025,28417.530937184885
1006093,BF GOODRICH TIRE MANUFACTURING,Other,IN,2026,28185.46116163114
1006093,BF GOODRICH TIRE MANUFACTURING,Other,IN,2027,27955.286567641364
1006093,BF GOODRICH TIRE MANUFACTURING,Other,IN,2028,27726.99167834808
1006096,DANE CNTY LANDFILL SITE #2 RODEFELD,Waste,WI,2024,27106.064016459477
1006096,DANE CNTY LANDFILL SITE #2 RODEFELD,Waste,WI,2025,25333.942788206554
1006096,DANE CNTY LANDFILL SITE #2 RODEFELD,Waste,WI,2026,23677.67805781022
1006096,DANE CNTY LANDFILL SITE #2 RODEFELD,Waste,WI,2027,22129.69544047024
1006096,DANE CNTY LANDFILL SITE #2 RODEFELD,Waste,WI,2028,20682.915744199472
1006097,Haynes Generating Station,Power Plants,CA,2024,1091637.3075100237
1006097,Haynes Generating Station,Power Plants,CA,2025,1078705.4971738139
1006097,Haynes Generating Station,Power Plants,CA,2026,1065926.8803180954
1006097,Haynes Generating Station,Power Plants,CA,2027,1053299.6421743322
1006097,Haynes Generating Station,Power Plants,CA,2028,1040821.9894722024
1006111,ANHEUSER BUSCH INC,Other,OH,2024,30391.476872199957
1006111,ANHEUSER BUSCH INC,Other,OH,2025,29521.16386334013
1006111,ANHEUSER BUSCH INC,Other,OH,2026,28675.773787201735
1006111,ANHEUSER BUSCH INC,Other,OH,2027,27854.59293208666
1006111,ANHEUSER BUSCH INC,Other,OH,2028,27056.92802467749
1006112,LONE STAR INDUSTRIES,Minerals,MO,2024,846978.8240890444
1006112,LONE STAR INDUSTRIES,Minerals,MO,2025,852579.9571689232
1006112,LONE STAR INDUSTRIES,Minerals,MO,2026,858218.1309526381
1006112,LONE STAR INDUSTRIES,Minerals,MO,2027,863893.5903930801
1006112,LONE STAR INDUSTRIES,Minerals,MO,2028,869606.5820630317
1006115,AIR LIQUIDE AMERICA CORP.,Chemicals,LA,2024,359756.0898457617
1006115,AIR LIQUIDE AMERICA CORP.,Chemicals,LA,2025,358100.5767146637
1006115,AIR LIQUIDE AMERICA CORP.,Chemicals,LA,2026,356452.68186663126
1006115,AIR LIQUIDE AMERICA CORP.,Chemicals,LA,2027,354812.37024411483
1006115,AIR LIQUIDE AMERICA CORP.,Chemicals,LA,2028,353179.6069508869
1006119,NEW HANOVER COUNTY SECURE LANDFILL,Waste,NC,2024,42135.4002418618
1006119,NEW HANOVER COUNTY SECURE LANDFILL,Waste,NC,2025,37641.58286118242
1006119,NEW HANOVER COUNTY SECURE LANDFILL,Waste,NC,2026,33627.03931046503
1006119,NEW HANOVER COUNTY SECURE LANDFILL,Waste,NC,2027,30040.654160525857
1006119,NEW HANOVER COUNTY SECURE LANDFILL,Waste,NC,2028,26836.76353604742
1006121,JBS SWIFT,Other,IA,2024,48737.87375072072
1006121,JBS SWIFT,Other,IA,2025,49224.06449162125
1006121,JBS SWIFT,Other,IA,2026,49715.1052889224
1006121,JBS SWIFT,Other,IA,2027,50211.04452496706
1006121,JBS SWIFT,Other,IA,2028,50711.93106474193
1006123,US GYPSUM - GYPSUM PLANT,Minerals,OH,2024,48212.51009577119
1006123,US GYPSUM - GYPSUM PLANT,Minerals,OH,2025,52993.35880873207
1006123,US GYPSUM - GYPSUM PLANT,Minerals,OH,2026,58248.2860206306
1006123,US GYPSUM - GYPSUM PLANT,Minerals,OH,2027,64024.30230148246
1006123,US GYPSUM - GYPSUM PLANT,Minerals,OH,2028,70373.07988323923
1006130,Cromwell,Petroleum and Natural Gas Systems,CT,2024,70284.96012021233
1006130,Cromwell,Petroleum and Natural Gas Systems,CT,2025,71699.93016191275
1006130,Cromwell,Petroleum and Natural Gas Systems,CT,2026,73143.38624409007
1006130,Cromwell,Petroleum and Natural Gas Systems,CT,2027,74615.90184496538
1006130,Cromwell,Petroleum and Natural Gas Systems,CT,2028,76118.06198796736
1006131,MEWBOURN GAS PLANT,Petroleum and Natural Gas Systems,CO,2024,317978.92120434594
1006131,MEWBOURN GAS PLANT,Petroleum and Natural Gas Systems,CO,2025,330566.07213118323
1006131,MEWBOURN GAS PLANT,Petroleum and Natural Gas Systems,CO,2026,343651.4836592412
1006131,MEWBOURN GAS PLANT,Petroleum and Natural Gas Systems,CO,2027,357254.8793644263
1006131,MEWBOURN GAS PLANT,Petroleum and Natural Gas Systems,CO,2028,371396.76357762236
1006138,"UNITED ETHANOL, LLC",Other,WI,2024,97853.93428219475
1006138,"UNITED ETHANOL, LLC",Other,WI,2025,100030.56161942269
1006138,"UNITED ETHANOL, LLC",Other,WI,2026,102255.60506377931
1006138,"UNITED ETHANOL, LLC",Other,WI,2027,104530.141565549
1006138,"UNITED ETHANOL, LLC",Other,WI,2028,106855.27203030603
1006146,EIELSON AIR FORCE BASE,Other,AK,2024,404734.36361241044
1006146,EIELSON AIR FORCE BASE,Other,AK,2025,409886.1659227091
1006146,EIELSON AIR FORCE BASE,Other,AK,2026,415103.54474301176
1006146,EIELSON AIR FORCE BASE,Other,AK,2027,420387.33478676615
1006146,EIELSON AIR FORCE BASE,Other,AK,2028,425738.38139235845
1006147,ANHEUSER-BUSCH LLC,Other,FL,2024,53197.57161378431
1006147,ANHEUSER-BUSCH LLC,Other,FL,2025,52581.13251452365
1006147,ANHEUSER-BUSCH LLC,Other,FL,2026,51971.83654513837
1006147,ANHEUSER-BUSCH LLC,Other,FL,2027,51369.600932967944
1006147,ANHEUSER-BUSCH LLC,Other,FL,2028,50774.34386449871
1006148,Onshore Treating Facility,Petroleum and Natural Gas Systems,AL,2024,104169.1173164157
1006148,Onshore Treating Facility,Petroleum and Natural Gas Systems,AL,2025,98119.38613205207
1006148,Onshore Treating Facility,Petroleum and Natural Gas Systems,AL,2026,92420.99945694327
1006148,Onshore Treating Facility,Petroleum and Natural Gas Systems,AL,2027,87053.5525887282
1006148,Onshore Treating Facility,Petroleum and Natural Gas Systems,AL,2028,81997.8258496221
1006153,GREAT RIVER REGIONAL WASTE AUTHORITY SANITARY LANDFILL,Waste,IA,2024,51765.81042139783
1006153,GREAT RIVER REGIONAL WASTE AUTHORITY SANITARY LANDFILL,Waste,IA,2025,52383.77849814518
1006153,GREAT RIVER REGIONAL WASTE AUTHORITY SANITARY LANDFILL,Waste,IA,2026,53009.123732533255
1006153,GREAT RIVER REGIONAL WASTE AUTHORITY SANITARY LANDFILL,Waste,IA,2027,53641.9341913359
1006153,GREAT RIVER REGIONAL WASTE AUTHORITY SANITARY LANDFILL,Waste,IA,2028,54282.29899264732
1006156,KERN RIVER GAS TRANSMISSION COMPANY: MILFORD COMPRESSOR STATION,Petroleum and Natural Gas Systems,UT,2024,28119.355629324924
1006156,KERN RIVER GAS TRANSMISSION COMPANY: MILFORD COMPRESSOR STATION,Petroleum and Natural Gas Systems,UT,2025,26722.73163849222
1006156,KERN RIVER GAS TRANSMISSION COMPANY: MILFORD COMPRESSOR STATION,Petroleum and Natural Gas Systems,UT,2026,25395.474762520927
1006156,KERN RIVER GAS TRANSMISSION COMPANY: MILFORD COMPRESSOR STATION,Petroleum and Natural Gas Systems,UT,2027,24134.139695691254
1006156,KERN RIVER GAS TRANSMISSION COMPANY: MILFORD COMPRESSOR STATION,Petroleum and Natural Gas Systems,UT,2028,22935.452252727235
1006176,PRAIRIE VIEW RECYCLING & DISPOSAL FAC,Waste,IL,2024,128813.05936251751
1006176,PRAIRIE VIEW RECYCLING & DISPOSAL FAC,Waste,IL,2025,126658.5022054027
1006176,PRAIRIE VIEW RECYCLING & DISPOSAL FAC,Waste,IL,2026,124539.98267185067
1006176,PRAIRIE VIEW RECYCLING & DISPOSAL FAC,Waste,IL,2027,122456.8979881971
1006176,PRAIRIE VIEW RECYCLING & DISPOSAL FAC,Waste,IL,2028,120408.65546291073
1006185,Trident,Minerals,MT,2024,270591.76460349816
1006185,Trident,Minerals,MT,2025,267632.95438820706
1006185,Trident,Minerals,MT,2026,264706.4975518259
1006185,Trident,Minerals,MT,2027,261812.04032339572
1006185,Trident,Minerals,MT,2028,258949.23280029892
1006189,CHEVRON PRODUCTS CO - SALT LAKE REFINERY,Refineries,UT,2024,503329.3511211657
1006189,CHEVRON PRODUCTS CO - SALT LAKE REFINERY,Refineries,UT,2025,506729.22190400376
1006189,CHEVRON PRODUCTS CO - SALT LAKE REFINERY,Refineries,UT,2026,510152.0580102712
1006189,CHEVRON PRODUCTS CO - SALT LAKE REFINERY,Refineries,UT,2027,513598.0145652999
1006189,CHEVRON PRODUCTS CO - SALT LAKE REFINERY,Refineries,UT,2028,517067.2477422538
1006202,CERTAINTEED GYPSUM & CEILING MFG INC,Minerals,KY,2024,67518.41683223961
1006202,CERTAINTEED GYPSUM & CEILING MFG INC,Minerals,KY,2025,69172.04425947415
1006202,CERTAINTEED GYPSUM & CEILING MFG INC,Minerals,KY,2026,70866.17150581574
1006202,CERTAINTEED GYPSUM & CEILING MFG INC,Minerals,KY,2027,72601.7904726569
1006202,CERTAINTEED GYPSUM & CEILING MFG INC,Minerals,KY,2028,74379.91735454483
1006203,ARKALON ETHANOL LLC,Other,KS,2024,100753.6123927955
1006203,ARKALON ETHANOL LLC,Other,KS,2025,99495.01223136175
1006203,ARKALON ETHANOL LLC,Other,KS,2026,98252.13432870105
1006203,ARKALON ETHANOL LLC,Other,KS,2027,97024.78228453614
1006203,ARKALON ETHANOL LLC,Other,KS,2028,95812.76215199406
1006204,TAZEWELL RECYCLING & DISPOSAL FACILITY,Waste,IL,2024,5000.587669337932
1006204,TAZEWELL RECYCLING & DISPOSAL FACILITY,Waste,IL,2025,4894.681177415179
1006204,TAZEWELL RECYCLING & DISPOSAL FACILITY,Waste,IL,2026,4791.017658873367
1006204,TAZEWELL RECYCLING & DISPOSAL FACILITY,Waste,IL,2027,4689.549610207306
1006204,TAZEWELL RECYCLING & DISPOSAL FACILITY,Waste,IL,2028,4590.230533979506
1006208,ADM CORN PROCESSING,Other,IA,2024,2010542.4059333673
1006208,ADM CORN PROCESSING,Other,IA,2025,2006879.4865647862
1006208,ADM CORN PROCESSING,Other,IA,2026,2003223.2405089657
1006208,ADM CORN PROCESSING,Other,IA,2027,1999573.6556080962
1006208,ADM CORN PROCESSING,Other,IA,2028,1995930.7197265031
1006209,International Paper - Flint River Mill,Pulp and Paper,GA,2024,91343.43140065728
1006209,International Paper - Flint River Mill,Pulp and Paper,GA,2025,87930.59501688386
1006209,International Paper - Flint River Mill,Pulp and Paper,GA,2026,84645.27138365834
1006209,International Paper - Flint River Mill,Pulp and Paper,GA,2027,81482.6962815099
1006209,International Paper - Flint River Mill,Pulp and Paper,GA,2028,78438.28349502564
1006211,"Potters Industries, Inc. - Muscatine, IA",Minerals,IA,2024,27549.77557426527
1006211,"Potters Industries, Inc. - Muscatine, IA",Minerals,IA,2025,27475.949626724523
1006211,"Potters Industries, Inc. - Muscatine, IA",Minerals,IA,2026,27402.32151275657
1006211,"Potters Industries, Inc. - Muscatine, IA",Minerals,IA,2027,27328.89070222085
1006211,"Potters Industries, Inc. - Muscatine, IA",Minerals,IA,2028,27255.656666397623
1006213,"Darling Ingredients, Inc. - Rose Hill",Other,NC,2024,40094.925304885306
1006213,"Darling Ingredients, Inc. - Rose Hill",Other,NC,2025,40918.33589979577
1006213,"Darling Ingredients, Inc. - Rose Hill",Other,NC,2026,41758.656490239395
1006213,"Darling Ingredients, Inc. - Rose Hill",Other,NC,2027,42616.23434882949
1006213,"Darling Ingredients, Inc. - Rose Hill",Other,NC,2028,43491.42387995289
1006214,BRASKEM AMERICA NEAL PLANT,Other,WV,2024,27852.31307585306
1006214,BRASKEM AMERICA NEAL PLANT,Other,WV,2025,27999.46989638456
1006214,BRASKEM AMERICA NEAL PLANT,Other,WV,2026,28147.404215351053
1006214,BRASKEM AMERICA NEAL PLANT,Other,WV,2027,28296.12014064119
1006214,BRASKEM AMERICA NEAL PLANT,Other,WV,2028,28445.621801847246
1006221,BUENA VISTA DRIVE SANITARY LANDFILL,Waste,CA,2024,19310.832841283736
1006221,BUENA VISTA DRIVE SANITARY LANDFILL,Waste,CA,2025,18614.40931541774
1006221,BUENA VISTA DRIVE SANITARY LANDFILL,Waste,CA,2026,17943.10152284848
1006221,BUENA VISTA DRIVE SANITARY LANDFILL,Waste,CA,2027,17296.003692826464
1006221,BUENA VISTA DRIVE SANITARY LANDFILL,Waste,CA,2028,16672.242720208113
1006223,BIG RIVER LANDFILL,Waste,MS,2024,135547.0460594422
1006223,BIG RIVER LANDFILL,Waste,MS,2025,132197.7531966603
1006223,BIG RIVER LANDFILL,Waste,MS,2026,128931.21951607258
1006223,BIG RIVER LANDFILL,Waste,MS,2027,125745.40008386198
1006223,BIG RIVER LANDFILL,Waste,MS,2028,122638.30049540022
1006225,Tilden Gas Plant,Injection of CO2,TX,2024,79489.51298865824
1006225,Tilden Gas Plant,Injection of CO2,TX,2025,77229.68333160368
1006225,Tilden Gas Plant,Injection of CO2,TX,2026,75034.099005623415
1006225,Tilden Gas Plant,Injection of CO2,TX,2027,72900.93356218346
1006225,Tilden Gas Plant,Injection of CO2,TX,2028,70828.41247736661
1006228,Salinas Landfill,Waste,PR,2024,119631.99953444756
1006228,Salinas Landfill,Waste,PR,2025,122941.05987307752
1006228,Salinas Landfill,Waste,PR,2026,126341.64990583011
1006228,Salinas Landfill,Waste,PR,2027,129836.301374061
1006228,Salinas Landfill,Waste,PR,2028,133427.61604792107
1006229,LIVE OAK LANDFILL & RECYLING CENTER,Waste,GA,2024,7348.624101000903
1006229,LIVE OAK LANDFILL & RECYLING CENTER,Waste,GA,2025,6979.335299646062
1006229,LIVE OAK LANDFILL & RECYLING CENTER,Waste,GA,2026,6628.604287740202
1006229,LIVE OAK LANDFILL & RECYLING CENTER,Waste,GA,2027,6295.4984847448295
1006229,LIVE OAK LANDFILL & RECYLING CENTER,Waste,GA,2028,5979.1321748874525
1006231,Gold Bond - FTD Plant,Minerals,IA,2024,45383.02241198028
1006231,Gold Bond - FTD Plant,Minerals,IA,2025,45564.21507197756
1006231,Gold Bond - FTD Plant,Minerals,IA,2026,45746.13114743489
1006231,Gold Bond - FTD Plant,Minerals,IA,2027,45928.77352660354
1006231,Gold Bond - FTD Plant,Minerals,IA,2028,46112.14510926616
1006232,ELBERTA COMPRESSOR STATION,Petroleum and Natural Gas Systems,UT,2024,67469.5744642353
1006232,ELBERTA COMPRESSOR STATION,Petroleum and Natural Gas Systems,UT,2025,66894.27980909492
1006232,ELBERTA COMPRESSOR STATION,Petroleum and Natural Gas Systems,UT,2026,66323.8905345333
1006232,ELBERTA COMPRESSOR STATION,Petroleum and Natural Gas Systems,UT,2027,65758.36481370847
1006232,ELBERTA COMPRESSOR STATION,Petroleum and Natural Gas Systems,UT,2028,65197.661176424524
1006234,HM Cement Southeast LLC,Minerals,AL,2024,511323.3952868245
1006234,HM Cement Southeast LLC,Minerals,AL,2025,505333.25497269887
1006234,HM Cement Southeast LLC,Minerals,AL,2026,499413.28899699234
1006234,HM Cement Southeast LLC,Minerals,AL,2027,493562.67526915215
1006234,HM Cement Southeast LLC,Minerals,AL,2028,487780.60132939235
1006236,EMORY UNIVERSITY,Other,GA,2024,50958.39615078013
1006236,EMORY UNIVERSITY,Other,GA,2025,51077.91141152639
1006236,EMORY UNIVERSITY,Other,GA,2026,51197.70697735739
1006236,EMORY UNIVERSITY,Other,GA,2027,51317.78350568667
1006236,EMORY UNIVERSITY,Other,GA,2028,51438.141655469284
1006243,DAL-ITALIA,Minerals,OK,2024,63017.751286684834
1006243,DAL-ITALIA,Minerals,OK,2025,62212.69340864709
1006243,DAL-ITALIA,Minerals,OK,2026,61417.9202229976
1006243,DAL-ITALIA,Minerals,OK,2027,60633.30034179481
1006243,DAL-ITALIA,Minerals,OK,2028,59858.70405559085
1006246,PENN STATE MILTON S HERSHEY MED CTR,Other,PA,2024,50359.30548003961
1006246,PENN STATE MILTON S HERSHEY MED CTR,Other,PA,2025,52729.53528560409
1006246,PENN STATE MILTON S HERSHEY MED CTR,Other,PA,2026,55211.32320893119
1006246,PENN STATE MILTON S HERSHEY MED CTR,Other,PA,2027,57809.91988589155
1006246,PENN STATE MILTON S HERSHEY MED CTR,Other,PA,2028,60530.82308073684
1006247,Riverton Facility,Minerals,WV,2024,325689.8601646597
1006247,Riverton Facility,Minerals,WV,2025,323917.4889298066
1006247,Riverton Facility,Minerals,WV,2026,322154.7627597172
1006247,Riverton Facility,Minerals,WV,2027,320401.62916692573
1006247,Riverton Facility,Minerals,WV,2028,318658.035949598
1006251,FIVE OAKS RECYCLING & DISPOSAL FACILITY,Waste,IL,2024,21166.51427094612
1006251,FIVE OAKS RECYCLING & DISPOSAL FACILITY,Waste,IL,2025,20155.636098518095
1006251,FIVE OAKS RECYCLING & DISPOSAL FACILITY,Waste,IL,2026,19193.03581759407
1006251,FIVE OAKS RECYCLING & DISPOSAL FACILITY,Waste,IL,2027,18276.40775487773
1006251,FIVE OAKS RECYCLING & DISPOSAL FACILITY,Waste,IL,2028,17403.556352265794
1006253,WARD MANUFACTURING LLC,Metals,PA,2024,16016.354886958805
1006253,WARD MANUFACTURING LLC,Metals,PA,2025,15306.619914974792
1006253,WARD MANUFACTURING LLC,Metals,PA,2026,14628.335527971663
1006253,WARD MANUFACTURING LLC,Metals,PA,2027,13980.108051782823
1006253,WARD MANUFACTURING LLC,Metals,PA,2028,13360.605570319642
1006256,PACKAGING CORPORATION OF AMERICA,Pulp and Paper,LA,2024,281676.603636514
1006256,PACKAGING CORPORATION OF AMERICA,Pulp and Paper,LA,2025,288006.8749062369
1006256,PACKAGING CORPORATION OF AMERICA,Pulp and Paper,LA,2026,294479.40979967144
1006256,PACKAGING CORPORATION OF AMERICA,Pulp and Paper,LA,2027,301097.4054844865
1006256,PACKAGING CORPORATION OF AMERICA,Pulp and Paper,LA,2028,307864.1309800339
1006258,Cargill Incorporated,Other,IA,2024,61757.2536616321
1006258,Cargill Incorporated,Other,IA,2025,61964.35759222474
1006258,Cargill Incorporated,Other,IA,2026,62172.15604913654
1006258,Cargill Incorporated,Other,IA,2027,62380.65136147253
1006258,Cargill Incorporated,Other,IA,2028,62589.84586614845
1006259,INEOS US Chemicals Company  Naperville Campus,Other,IL,2024,58762.88965127922
1006259,INEOS US Chemicals Company  Naperville Campus,Other,IL,2025,59563.57708167299
1006259,INEOS US Chemicals Company  Naperville Campus,Other,IL,2026,60375.17446501477
1006259,INEOS US Chemicals Company  Naperville Campus,Other,IL,2027,61197.83045740812
1006259,INEOS US Chemicals Company  Naperville Campus,Other,IL,2028,62031.69574050423
1006264,INEOS POLYETHYLENE,Other,TX,2024,133791.08303285626
1006264,INEOS POLYETHYLENE,Other,TX,2025,132298.96922504748
1006264,INEOS POLYETHYLENE,Other,TX,2026,130823.49631411256
1006264,INEOS POLYETHYLENE,Other,TX,2027,129364.47871136118
1006264,INEOS POLYETHYLENE,Other,TX,2028,127921.73289789143
1006265,PG&E GERBER COMPRESSOR STATION,Petroleum and Natural Gas Systems,CA,2024,57828.15585589892
1006265,PG&E GERBER COMPRESSOR STATION,Petroleum and Natural Gas Systems,CA,2025,58355.180707536245
1006265,PG&E GERBER COMPRESSOR STATION,Petroleum and Natural Gas Systems,CA,2026,58887.00867264196
1006265,PG&E GERBER COMPRESSOR STATION,Petroleum and Natural Gas Systems,CA,2027,59423.68352505144
1006265,PG&E GERBER COMPRESSOR STATION,Petroleum and Natural Gas Systems,CA,2028,59965.249437538325
1006267,WHEELABRATOR MILLBURY INC,Waste,MA,2024,204321.8533881926
1006267,WHEELABRATOR MILLBURY INC,Waste,MA,2025,204700.9612472297
1006267,WHEELABRATOR MILLBURY INC,Waste,MA,2026,205080.772519859
1006267,WHEELABRATOR MILLBURY INC,Waste,MA,2027,205461.288511225
1006267,WHEELABRATOR MILLBURY INC,Waste,MA,2028,205842.51052889423
1006269,STERLING STEEL COMPANY LLC,Metals,IL,2024,80307.99210796825
1006269,STERLING STEEL COMPANY LLC,Metals,IL,2025,79282.25680408409
1006269,STERLING STEEL COMPANY LLC,Metals,IL,2026,78269.62272320395
1006269,STERLING STEEL COMPANY LLC,Metals,IL,2027,77269.92252971687
1006269,STERLING STEEL COMPANY LLC,Metals,IL,2028,76282.99102530832
1006273,MOM BRANDS CO - PLANT 2 - NORTHFIELD,Other,MN,2024,37947.05471721054
1006273,MOM BRANDS CO - PLANT 2 - NORTHFIELD,Other,MN,2025,37893.77727735415
1006273,MOM BRANDS CO - PLANT 2 - NORTHFIELD,Other,MN,2026,37840.5746387074
1006273,MOM BRANDS CO - PLANT 2 - NORTHFIELD,Other,MN,2027,37787.44669624997
1006273,MOM BRANDS CO - PLANT 2 - NORTHFIELD,Other,MN,2028,37734.393345108714
1006274,EXXONMOBIL CHEMICAL MONT BELVIEU PLASTICS PLANT,Other,TX,2024,96794.27412888367
1006274,EXXONMOBIL CHEMICAL MONT BELVIEU PLASTICS PLANT,Other,TX,2025,103791.79332092112
1006274,EXXONMOBIL CHEMICAL MONT BELVIEU PLASTICS PLANT,Other,TX,2026,111295.18205207713
1006274,EXXONMOBIL CHEMICAL MONT BELVIEU PLASTICS PLANT,Other,TX,2027,119341.01099598485
1006274,EXXONMOBIL CHEMICAL MONT BELVIEU PLASTICS PLANT,Other,TX,2028,127968.49461892695
1006279,NEWTON COUNTY LANDFILL,Waste,GA,2024,64122.333131474625
1006279,NEWTON COUNTY LANDFILL,Waste,GA,2025,64722.778659000156
1006279,NEWTON COUNTY LANDFILL,Waste,GA,2026,65328.84679590246
1006279,NEWTON COUNTY LANDFILL,Waste,GA,2027,65940.59019264649
1006279,NEWTON COUNTY LANDFILL,Waste,GA,2028,66558.06199271954
1006282,WHEELABRATOR FALLS,Waste,PA,2024,183350.2731290441
1006282,WHEELABRATOR FALLS,Waste,PA,2025,182172.24485582212
1006282,WHEELABRATOR FALLS,Waste,PA,2026,181001.7854320427
1006282,WHEELABRATOR FALLS,Waste,PA,2027,179838.84622773327
1006282,WHEELABRATOR FALLS,Waste,PA,2028,178683.3789253705
1006285,Quad Cities Landfill Phase 1&2/3,Waste,IL,2024,1400.0965592595862
1006285,Quad Cities Landfill Phase 1&2/3,Waste,IL,2025,1377.7335289158616
1006285,Quad Cities Landfill Phase 1&2/3,Waste,IL,2026,1355.727691883446
1006285,Quad Cities Landfill Phase 1&2/3,Waste,IL,2027,1334.073342895224
1006285,Quad Cities Landfill Phase 1&2/3,Waste,IL,2028,1312.7648678114062
1006286,CITY OF CHATTANOOGA SUMMIT LANDFILL,Waste,TN,2024,58715.25160188009
1006286,CITY OF CHATTANOOGA SUMMIT LANDFILL,Waste,TN,2025,55437.93268191141
1006286,CITY OF CHATTANOOGA SUMMIT LANDFILL,Waste,TN,2026,52343.54441471448
1006286,CITY OF CHATTANOOGA SUMMIT LANDFILL,Waste,TN,2027,49421.8761297561
1006286,CITY OF CHATTANOOGA SUMMIT LANDFILL,Waste,TN,2028,46663.28708719101
1006287,CONTINENTAL CARBON Ponca City Plant,Chemicals,OK,2024,246423.5051160637
1006287,CONTINENTAL CARBON Ponca City Plant,Chemicals,OK,2025,246416.63845142632
1006287,CONTINENTAL CARBON Ponca City Plant,Chemicals,OK,2026,246409.7719781302
1006287,CONTINENTAL CARBON Ponca City Plant,Chemicals,OK,2027,246402.90569617125
1006287,CONTINENTAL CARBON Ponca City Plant,Chemicals,OK,2028,246396.03960554244
1006306,PERRY RIDGE LANDFILL INC,Waste,IL,2024,91447.08755656028
1006306,PERRY RIDGE LANDFILL INC,Waste,IL,2025,98082.0881335847
1006306,PERRY RIDGE LANDFILL INC,Waste,IL,2026,105198.49532325714
1006306,PERRY RIDGE LANDFILL INC,Waste,IL,2027,112831.23788315772
1006306,PERRY RIDGE LANDFILL INC,Waste,IL,2028,121017.77884869825
1006307,CALCASIEU REFINING COMPANY,Petroleum Product Suppliers,LA,2024,172788.14643546022
1006307,CALCASIEU REFINING COMPANY,Petroleum Product Suppliers,LA,2025,163208.5188520241
1006307,CALCASIEU REFINING COMPANY,Petroleum Product Suppliers,LA,2026,154159.99983436865
1006307,CALCASIEU REFINING COMPANY,Petroleum Product Suppliers,LA,2027,145613.14394673094
1006307,CALCASIEU REFINING COMPANY,Petroleum Product Suppliers,LA,2028,137540.13825137744
1006319,MINN DAK FARMERS COOPERATIVE,Minerals,ND,2024,437571.76426915976
1006319,MINN DAK FARMERS COOPERATIVE,Minerals,ND,2025,446555.7620163818
1006319,MINN DAK FARMERS COOPERATIVE,Minerals,ND,2026,455724.21457105066
1006319,MINN DAK FARMERS COOPERATIVE,Minerals,ND,2027,465080.90906412224
1006319,MINN DAK FARMERS COOPERATIVE,Minerals,ND,2028,474629.71038197476
1006321,HENDERSON GAS PLANT,Petroleum and Natural Gas Systems,TX,2024,77988.02602624692
1006321,HENDERSON GAS PLANT,Petroleum and Natural Gas Systems,TX,2025,77445.68586633835
1006321,HENDERSON GAS PLANT,Petroleum and Natural Gas Systems,TX,2026,76907.11721936626
1006321,HENDERSON GAS PLANT,Petroleum and Natural Gas Systems,TX,2027,76372.29385767726
1006321,HENDERSON GAS PLANT,Petroleum and Natural Gas Systems,TX,2028,75841.18973600827
1006324,Genesis Alkali Westvaco,Minerals,WY,2024,1828919.4334988357
1006324,Genesis Alkali Westvaco,Minerals,WY,2025,1824913.0993546338
1006324,Genesis Alkali Westvaco,Minerals,WY,2026,1820915.5412740328
1006324,Genesis Alkali Westvaco,Minerals,WY,2027,1816926.7400326554
1006324,Genesis Alkali Westvaco,Minerals,WY,2028,1812946.6764482358
1006325,CLEVELAND-CLIFFS RIVERDALE LLC,Metals,IL,2024,146624.22622075706
1006325,CLEVELAND-CLIFFS RIVERDALE LLC,Metals,IL,2025,146536.38667688952
1006325,CLEVELAND-CLIFFS RIVERDALE LLC,Metals,IL,2026,146448.5997558772
1006325,CLEVELAND-CLIFFS RIVERDALE LLC,Metals,IL,2027,146360.86542619482
1006325,CLEVELAND-CLIFFS RIVERDALE LLC,Metals,IL,2028,146273.18365633657
1006344,AUGUSTA COUNTY SVC AUTHORITY LANDFILL,Waste,VA,2024,106789.51401119179
1006344,AUGUSTA COUNTY SVC AUTHORITY LANDFILL,Waste,VA,2025,107320.37243949466
1006344,AUGUSTA COUNTY SVC AUTHORITY LANDFILL,Waste,VA,2026,107853.86980359092
1006344,AUGUSTA COUNTY SVC AUTHORITY LANDFILL,Waste,VA,2027,108390.01922182235
1006344,AUGUSTA COUNTY SVC AUTHORITY LANDFILL,Waste,VA,2028,108928.83387774226
1006347,HORMEL FOODS CORPORATION,Other,MN,2024,61540.44149928067
1006347,HORMEL FOODS CORPORATION,Other,MN,2025,62516.53644883926
1006347,HORMEL FOODS CORPORATION,Other,MN,2026,63508.1132722249
1006347,HORMEL FOODS CORPORATION,Other,MN,2027,64515.4175279434
1006347,HORMEL FOODS CORPORATION,Other,MN,2028,65538.69866931152
1006351,THREE RIVERS REGIONAL MSW LANDFILL,Waste,SC,2024,98483.22810317465
1006351,THREE RIVERS REGIONAL MSW LANDFILL,Waste,SC,2025,102353.44360087959
1006351,THREE RIVERS REGIONAL MSW LANDFILL,Waste,SC,2026,106375.75167604352
1006351,THREE RIVERS REGIONAL MSW LANDFILL,Waste,SC,2027,110556.12929613258
1006351,THREE RIVERS REGIONAL MSW LANDFILL,Waste,SC,2028,114900.78831279179
1006354,AMERICAN CRYSTAL SUGAR - CROOKSTON,Minerals,MN,2024,307130.4392450296
1006354,AMERICAN CRYSTAL SUGAR - CROOKSTON,Minerals,MN,2025,306542.9113736261
1006354,AMERICAN CRYSTAL SUGAR - CROOKSTON,Minerals,MN,2026,305956.5074188241
1006354,AMERICAN CRYSTAL SUGAR - CROOKSTON,Minerals,MN,2027,305371.22523061815
1006354,AMERICAN CRYSTAL SUGAR - CROOKSTON,Minerals,MN,2028,304787.0626631149
1006356,PILGRIM'S CORPORATION MOUNT PLEASANT COMPLEX,Other,TX,2024,60713.32498074682
1006356,PILGRIM'S CORPORATION MOUNT PLEASANT COMPLEX,Other,TX,2025,59631.69062548074
1006356,PILGRIM'S CORPORATION MOUNT PLEASANT COMPLEX,Other,TX,2026,58569.32605784129
1006356,PILGRIM'S CORPORATION MOUNT PLEASANT COMPLEX,Other,TX,2027,57525.887978160674
1006356,PILGRIM'S CORPORATION MOUNT PLEASANT COMPLEX,Other,TX,2028,56501.03920280363
1006361,SANOFI PASTEUR,Chemicals,PA,2024,38910.831045583946
1006361,SANOFI PASTEUR,Chemicals,PA,2025,39153.4663874334
1006361,SANOFI PASTEUR,Chemicals,PA,2026,39397.61472470167
1006361,SANOFI PASTEUR,Chemicals,PA,2027,39643.28549193831
1006361,SANOFI PASTEUR,Chemicals,PA,2028,39890.488182523375
1006364,GREEN PLAINS OBION LLC,Other,TN,2024,155294.61363298458
1006364,GREEN PLAINS OBION LLC,Other,TN,2025,153877.4456025251
1006364,GREEN PLAINS OBION LLC,Other,TN,2026,152473.21018562827
1006364,GREEN PLAINS OBION LLC,Other,TN,2027,151081.78936347849
1006364,GREEN PLAINS OBION LLC,Other,TN,2028,149703.06619426035
1006368,Northern Border Pipeline Garvin CS#12,Petroleum and Natural Gas Systems,MN,2024,96867.01419477219
1006368,Northern Border Pipeline Garvin CS#12,Petroleum and Natural Gas Systems,MN,2025,95796.07473243366
1006368,Northern Border Pipeline Garvin CS#12,Petroleum and Natural Gas Systems,MN,2026,94736.97533083743
1006368,Northern Border Pipeline Garvin CS#12,Petroleum and Natural Gas Systems,MN,2027,93689.58508899118
1006368,Northern Border Pipeline Garvin CS#12,Petroleum and Natural Gas Systems,MN,2028,92653.77455311368
1006369,WHEELABRATOR CONCORD COMPANY LP,Waste,NH,2024,71230.13057886988
1006369,WHEELABRATOR CONCORD COMPANY LP,Waste,NH,2025,70884.67124364633
1006369,WHEELABRATOR CONCORD COMPANY LP,Waste,NH,2026,70540.88735322857
1006369,WHEELABRATOR CONCORD COMPANY LP,Waste,NH,2027,70198.77078186916
1006369,WHEELABRATOR CONCORD COMPANY LP,Waste,NH,2028,69858.31344322981
1006371,GMC TRUCK GROUP ARLINGTON ASSEMBLY PLANT,Other,TX,2024,50360.0180808762
1006371,GMC TRUCK GROUP ARLINGTON ASSEMBLY PLANT,Other,TX,2025,50449.30757386553
1006371,GMC TRUCK GROUP ARLINGTON ASSEMBLY PLANT,Other,TX,2026,50538.755379219576
1006371,GMC TRUCK GROUP ARLINGTON ASSEMBLY PLANT,Other,TX,2027,50628.36177763022
1006371,GMC TRUCK GROUP ARLINGTON ASSEMBLY PLANT,Other,TX,2028,50718.12705028632
1006386,Mont Belvieu Complex,Petroleum and Natural Gas Systems,TX,2024,2773279.6787494128
1006386,Mont Belvieu Complex,Petroleum and Natural Gas Systems,TX,2025,2999173.8232719377
1006386,Mont Belvieu Complex,Petroleum and Natural Gas Systems,TX,2026,3243467.902327062
1006386,Mont Belvieu Complex,Petroleum and Natural Gas Systems,TX,2027,3507660.6603444763
1006386,Mont Belvieu Complex,Petroleum and Natural Gas Systems,TX,2028,3793372.9201700473
1006388,DETROIT REFINERY,Petroleum Product Suppliers,MI,2024,866197.5984810058
1006388,DETROIT REFINERY,Petroleum Product Suppliers,MI,2025,869981.0375304113
1006388,DETROIT REFINERY,Petroleum Product Suppliers,MI,2026,873781.0021521146
1006388,DETROIT REFINERY,Petroleum Product Suppliers,MI,2027,877597.5645276791
1006388,DETROIT REFINERY,Petroleum Product Suppliers,MI,2028,881430.7971539511
1006391,US Steel - Fairless Hills Plant,Metals,PA,2024,22145.16396320049
1006391,US Steel - Fairless Hills Plant,Metals,PA,2025,21412.754219345392
1006391,US Steel - Fairless Hills Plant,Metals,PA,2026,20704.56755344015
1006391,US Steel - Fairless Hills Plant,Metals,PA,2027,20019.80283263494
1006391,US Steel - Fairless Hills Plant,Metals,PA,2028,19357.68542004559
1006397,Vitro Flat Glass LLC,Minerals,TX,2024,209980.12374676566
1006397,Vitro Flat Glass LLC,Minerals,TX,2025,211737.72827247131
1006397,Vitro Flat Glass LLC,Minerals,TX,2026,213510.04454143028
1006397,Vitro Flat Glass LLC,Minerals,TX,2027,215297.19569589957
1006397,Vitro Flat Glass LLC,Minerals,TX,2028,217099.30590887959
1006402,Air Products Port Arthur Facility,Chemicals,TX,2024,2396751.868599247
1006402,Air Products Port Arthur Facility,Chemicals,TX,2025,2389193.934846994
1006402,Air Products Port Arthur Facility,Chemicals,TX,2026,2381659.8343347777
1006402,Air Products Port Arthur Facility,Chemicals,TX,2027,2374149.4919067044
1006402,Air Products Port Arthur Facility,Chemicals,TX,2028,2366662.8326438605
1006412,AMALGAMATED SUGAR CO LLC,Minerals,ID,2024,271187.3940909195
1006412,AMALGAMATED SUGAR CO LLC,Minerals,ID,2025,269413.8706677468
1006412,AMALGAMATED SUGAR CO LLC,Minerals,ID,2026,267651.9458122111
1006412,AMALGAMATED SUGAR CO LLC,Minerals,ID,2027,265901.54367148166
1006412,AMALGAMATED SUGAR CO LLC,Minerals,ID,2028,264162.5888887939
1006417,BAYVIEW LANDFILL,Waste,UT,2024,95709.70243306742
1006417,BAYVIEW LANDFILL,Waste,UT,2025,99528.50273766486
1006417,BAYVIEW LANDFILL,Waste,UT,2026,103499.67250320187
1006417,BAYVIEW LANDFILL,Waste,UT,2027,107629.29124438841
1006417,BAYVIEW LANDFILL,Waste,UT,2028,111923.68104750282
1006430,"AIR LIQUID LARGE INDUSTRIES US, LP",Chemicals,CA,2024,581362.6583027372
1006430,"AIR LIQUID LARGE INDUSTRIES US, LP",Chemicals,CA,2025,580808.5383164086
1006430,"AIR LIQUID LARGE INDUSTRIES US, LP",Chemicals,CA,2026,580254.9464839848
1006430,"AIR LIQUID LARGE INDUSTRIES US, LP",Chemicals,CA,2027,579701.8823020643
1006430,"AIR LIQUID LARGE INDUSTRIES US, LP",Chemicals,CA,2028,579149.3452677202
1006431,TPIC Basin 940 - Breton Sound 20-21,Petroleum and Natural Gas Systems,LA,2024,58763.72285217175
1006431,TPIC Basin 940 - Breton Sound 20-21,Petroleum and Natural Gas Systems,LA,2025,57400.547442457995
1006431,TPIC Basin 940 - Breton Sound 20-21,Petroleum and Natural Gas Systems,LA,2026,56068.994385914804
1006431,TPIC Basin 940 - Breton Sound 20-21,Petroleum and Natural Gas Systems,LA,2027,54768.33012087961
1006431,TPIC Basin 940 - Breton Sound 20-21,Petroleum and Natural Gas Systems,LA,2028,53497.83810253543
1006434,PG&E DELEVAN COMPRESSOR STATION,Petroleum and Natural Gas Systems,CA,2024,32541.17141287278
1006434,PG&E DELEVAN COMPRESSOR STATION,Petroleum and Natural Gas Systems,CA,2025,32218.512743963016
1006434,PG&E DELEVAN COMPRESSOR STATION,Petroleum and Natural Gas Systems,CA,2026,31899.053364202984
1006434,PG&E DELEVAN COMPRESSOR STATION,Petroleum and Natural Gas Systems,CA,2027,31582.761551367385
1006434,PG&E DELEVAN COMPRESSOR STATION,Petroleum and Natural Gas Systems,CA,2028,31269.60589776884
1006435,CABOT CORP - CANAL PLANT,Chemicals,LA,2024,340966.4340991706
1006435,CABOT CORP - CANAL PLANT,Chemicals,LA,2025,338513.6546887328
1006435,CABOT CORP - CANAL PLANT,Chemicals,LA,2026,336078.5196157858
1006435,CABOT CORP - CANAL PLANT,Chemicals,LA,2027,333660.9019538547
1006435,CABOT CORP - CANAL PLANT,Chemicals,LA,2028,331260.67568952194
1006440,Stony Point,Petroleum and Natural Gas Systems,NY,2024,72810.53754486516
1006440,Stony Point,Petroleum and Natural Gas Systems,NY,2025,73339.09252747957
1006440,Stony Point,Petroleum and Natural Gas Systems,NY,2026,73871.48445978638
1006440,Stony Point,Petroleum and Natural Gas Systems,NY,2027,74407.7411954309
1006440,Stony Point,Petroleum and Natural Gas Systems,NY,2028,74947.89079025686
1006444,"Delek Refining, Ltd",Petroleum Product Suppliers,TX,2024,455889.59425634035
1006444,"Delek Refining, Ltd",Petroleum Product Suppliers,TX,2025,453470.9571390126
1006444,"Delek Refining, Ltd",Petroleum Product Suppliers,TX,2026,451065.1516492936
1006444,"Delek Refining, Ltd",Petroleum Product Suppliers,TX,2027,448672.10971138236
1006444,"Delek Refining, Ltd",Petroleum Product Suppliers,TX,2028,446291.76361063705
1006445,ConAgra Foods Inc.,Other,CA,2024,68696.54289108248
1006445,ConAgra Foods Inc.,Other,CA,2025,68800.38068017589
1006445,ConAgra Foods Inc.,Other,CA,2026,68904.37542456838
1006445,ConAgra Foods Inc.,Other,CA,2027,69008.52736150516
1006445,ConAgra Foods Inc.,Other,CA,2028,69112.8367285889
1006446,University of Arizona,Other,AZ,2024,82576.1663107895
1006446,University of Arizona,Other,AZ,2025,82620.13958272344
1006446,University of Arizona,Other,AZ,2026,82664.13627120396
1006446,University of Arizona,Other,AZ,2027,82708.15638870078
1006446,University of Arizona,Other,AZ,2028,82752.19994769027
1006453,SHINTECH INCORPORATED,Other,TX,2024,119731.41187074158
1006453,SHINTECH INCORPORATED,Other,TX,2025,118657.37766528477
1006453,SHINTECH INCORPORATED,Other,TX,2026,117592.97793633203
1006453,SHINTECH INCORPORATED,Other,TX,2027,116538.12625913392
1006453,SHINTECH INCORPORATED,Other,TX,2028,115492.73698420159
1006455,STARRETT CITY POWER PLANT,Other,NY,2024,82369.19267735812
1006455,STARRETT CITY POWER PLANT,Other,NY,2025,81656.16072785888
1006455,STARRETT CITY POWER PLANT,Other,NY,2026,80949.30116568635
1006455,STARRETT CITY POWER PLANT,Other,NY,2027,80248.56055934269
1006455,STARRETT CITY POWER PLANT,Other,NY,2028,79553.88593986125
1006459,Nelson County Solid Waste Disposal Facility,Waste,KY,2024,77374.54043285917
1006459,Nelson County Solid Waste Disposal Facility,Waste,KY,2025,79376.21892183216
1006459,Nelson County Solid Waste Disposal Facility,Waste,KY,2026,81429.68081075547
1006459,Nelson County Solid Waste Disposal Facility,Waste,KY,2027,83536.26573560233
1006459,Nelson County Solid Waste Disposal Facility,Waste,KY,2028,85697.34798871337
1006463,RED DOG OPERATIONS MINE FACILITY,Other,AK,2024,144589.94948454294
1006463,RED DOG OPERATIONS MINE FACILITY,Other,AK,2025,144452.32356197466
1006463,RED DOG OPERATIONS MINE FACILITY,Other,AK,2026,144314.828636717
1006463,RED DOG OPERATIONS MINE FACILITY,Other,AK,2027,144177.46458408225
1006463,RED DOG OPERATIONS MINE FACILITY,Other,AK,2028,144040.23127950114
1006466,MEMPHIS CELLULOSE LLC,Pulp and Paper,TN,2024,30802.691565825375
1006466,MEMPHIS CELLULOSE LLC,Pulp and Paper,TN,2025,30435.01731740227
1006466,MEMPHIS CELLULOSE LLC,Pulp and Paper,TN,2026,30071.73178782412
1006466,MEMPHIS CELLULOSE LLC,Pulp and Paper,TN,2027,29712.78259144492
1006466,MEMPHIS CELLULOSE LLC,Pulp and Paper,TN,2028,29358.117967916023
1006468,BP CHERRY POINT REFINERY,Chemicals,WA,2024,2119985.3480154285
1006468,BP CHERRY POINT REFINERY,Chemicals,WA,2025,2106397.3593519554
1006468,BP CHERRY POINT REFINERY,Chemicals,WA,2026,2092896.4625337517
1006468,BP CHERRY POINT REFINERY,Chemicals,WA,2027,2079482.0993480093
1006468,BP CHERRY POINT REFINERY,Chemicals,WA,2028,2066153.7151597438
1006469,PATRIOT RENEWABLE FUELS LLC,Other,IL,2024,186563.21003320106
1006469,PATRIOT RENEWABLE FUELS LLC,Other,IL,2025,186939.99136523774
1006469,PATRIOT RENEWABLE FUELS LLC,Other,IL,2026,187317.53364136425
1006469,PATRIOT RENEWABLE FUELS LLC,Other,IL,2027,187695.8383983775
1006469,PATRIOT RENEWABLE FUELS LLC,Other,IL,2028,188074.90717617585
1006473,Ferroglobe USA Metallurgical Inc. FKA-GLOBE METALLURGICAL INC. (0684000105),Metals,OH,2024,273605.43897034123
1006473,Ferroglobe USA Metallurgical Inc. FKA-GLOBE METALLURGICAL INC. (0684000105),Metals,OH,2025,270025.0700670131
1006473,Ferroglobe USA Metallurgical Inc. FKA-GLOBE METALLURGICAL INC. (0684000105),Metals,OH,2026,266491.5534540927
1006473,Ferroglobe USA Metallurgical Inc. FKA-GLOBE METALLURGICAL INC. (0684000105),Metals,OH,2027,263004.27602796553
1006473,Ferroglobe USA Metallurgical Inc. FKA-GLOBE METALLURGICAL INC. (0684000105),Metals,OH,2028,259562.63270801972
1006474,GELITA USA,Other,IA,2024,37878.6118982582
1006474,GELITA USA,Other,IA,2025,38124.812664381396
1006474,GELITA USA,Other,IA,2026,38372.613669114246
1006474,GELITA USA,Other,IA,2027,38622.02531357633
1006474,GELITA USA,Other,IA,2028,38873.05806649161
1006493,ROCHESTER DISTRICT HEATING COOPERATIVE,Power Plants,NY,2024,24986.128417566582
1006493,ROCHESTER DISTRICT HEATING COOPERATIVE,Power Plants,NY,2025,24716.697794002084
1006493,ROCHESTER DISTRICT HEATING COOPERATIVE,Power Plants,NY,2026,24450.172496933243
1006493,ROCHESTER DISTRICT HEATING COOPERATIVE,Power Plants,NY,2027,24186.521197619626
1006493,ROCHESTER DISTRICT HEATING COOPERATIVE,Power Plants,NY,2028,23925.712905145265
1006499,CALUMET LUBRICANTS CO LP CALUMET COTTON VALLEY,Chemicals,LA,2024,92924.35188065824
1006499,CALUMET LUBRICANTS CO LP CALUMET COTTON VALLEY,Chemicals,LA,2025,92231.51734316497
1006499,CALUMET LUBRICANTS CO LP CALUMET COTTON VALLEY,Chemicals,LA,2026,91543.848509673
1006499,CALUMET LUBRICANTS CO LP CALUMET COTTON VALLEY,Chemicals,LA,2027,90861.30686521802
1006499,CALUMET LUBRICANTS CO LP CALUMET COTTON VALLEY,Chemicals,LA,2028,90183.85418199822
1006504,UNIVERSITY OF UTAH,Other,UT,2024,72978.3972104733
1006504,UNIVERSITY OF UTAH,Other,UT,2025,71159.39337814588
1006504,UNIVERSITY OF UTAH,Other,UT,2026,69385.7286470936
1006504,UNIVERSITY OF UTAH,Other,UT,2027,67656.27292948049
1006504,UNIVERSITY OF UTAH,Other,UT,2028,65969.92430517744
1006505,TOWNER COMPRESSOR STATION,Petroleum and Natural Gas Systems,ND,2024,97445.18992224889
1006505,TOWNER COMPRESSOR STATION,Petroleum and Natural Gas Systems,ND,2025,97282.19102904329
1006505,TOWNER COMPRESSOR STATION,Petroleum and Natural Gas Systems,ND,2026,97119.46478797361
1006505,TOWNER COMPRESSOR STATION,Petroleum and Natural Gas Systems,ND,2027,96957.0107429685
1006505,TOWNER COMPRESSOR STATION,Petroleum and Natural Gas Systems,ND,2028,96794.82843871875
1006510,Mill Creek,Power Plants,KY,2024,6917971.306575912
1006510,Mill Creek,Power Plants,KY,2025,6827577.060830622
1006510,Mill Creek,Power Plants,KY,2026,6738363.95899323
1006510,Mill Creek,Power Plants,KY,2027,6650316.567548931
1006510,Mill Creek,Power Plants,KY,2028,6563419.654646218
1006512,Ghent,Power Plants,KY,2024,9359145.84617248
1006512,Ghent,Power Plants,KY,2025,9197561.755215287
1006512,Ghent,Power Plants,KY,2026,9038767.386619471
1006512,Ghent,Power Plants,KY,2027,8882714.576294065
1006512,Ghent,Power Plants,KY,2028,8729355.991693133
1006525,CARGILL INC-CEDAR RAPIDS,Other,IA,2024,88768.43745939442
1006525,CARGILL INC-CEDAR RAPIDS,Other,IA,2025,86555.37924242057
1006525,CARGILL INC-CEDAR RAPIDS,Other,IA,2026,84397.49408934041
1006525,CARGILL INC-CEDAR RAPIDS,Other,IA,2027,82293.40649771341
1006525,CARGILL INC-CEDAR RAPIDS,Other,IA,2028,80241.77525732064
1006529,ACADIA PARISH POLICE JURY - ACADIA PARISH SANITARY LANDFILL,Waste,LA,2024,47028.922241200184
1006529,ACADIA PARISH POLICE JURY - ACADIA PARISH SANITARY LANDFILL,Waste,LA,2025,46641.58566676111
1006529,ACADIA PARISH POLICE JURY - ACADIA PARISH SANITARY LANDFILL,Waste,LA,2026,46257.43924882039
1006529,ACADIA PARISH POLICE JURY - ACADIA PARISH SANITARY LANDFILL,Waste,LA,2027,45876.45671281694
1006529,ACADIA PARISH POLICE JURY - ACADIA PARISH SANITARY LANDFILL,Waste,LA,2028,45498.61200059052
1006532,TOYTOWN SLF,Waste,FL,2024,34114.37460933188
1006532,TOYTOWN SLF,Waste,FL,2025,32355.6877377865
1006532,TOYTOWN SLF,Waste,FL,2026,30687.665858566615
1006532,TOYTOWN SLF,Waste,FL,2027,29105.634949840263
1006532,TOYTOWN SLF,Waste,FL,2028,27605.16194804957
1006534,"POET Biorefining- Arthur, LLC",Other,IA,2024,169787.33089708711
1006534,"POET Biorefining- Arthur, LLC",Other,IA,2025,170325.41291888405
1006534,"POET Biorefining- Arthur, LLC",Other,IA,2026,170865.2002049109
1006534,"POET Biorefining- Arthur, LLC",Other,IA,2027,171406.69815941184
1006534,"POET Biorefining- Arthur, LLC",Other,IA,2028,171949.91220375622
1006535,OHIO VALLEY ALUMINUM CO INC,Metals,KY,2024,35139.45394883241
1006535,OHIO VALLEY ALUMINUM CO INC,Metals,KY,2025,35067.420385811056
1006535,OHIO VALLEY ALUMINUM CO INC,Metals,KY,2026,34995.53448684297
1006535,OHIO VALLEY ALUMINUM CO INC,Metals,KY,2027,34923.795949226624
1006535,OHIO VALLEY ALUMINUM CO INC,Metals,KY,2028,34852.204470880984
1006540,TITAN TIRE CORP,Other,IA,2024,18845.191766175485
1006540,TITAN TIRE CORP,Other,IA,2025,17917.519918506954
1006540,TITAN TIRE CORP,Other,IA,2026,17035.513568310314
1006540,TITAN TIRE CORP,Other,IA,2027,16196.924789592678
1006540,TITAN TIRE CORP,Other,IA,2028,15399.616312579525
1006542,Trimble County,Power Plants,KY,2024,7583295.76519908
1006542,Trimble County,Power Plants,KY,2025,7604652.300037767
1006542,Trimble County,Power Plants,KY,2026,7626068.980437755
1006542,Trimble County,Power Plants,KY,2027,7647545.975784588
1006542,Trimble County,Power Plants,KY,2028,7669083.455940898
1006544,"CANTON, CITY OF, CANTON SANITARY LANDFILL",Waste,MS,2024,36741.621272812605
1006544,"CANTON, CITY OF, CANTON SANITARY LANDFILL",Waste,MS,2025,36524.53866095536
1006544,"CANTON, CITY OF, CANTON SANITARY LANDFILL",Waste,MS,2026,36308.73865064749
1006544,"CANTON, CITY OF, CANTON SANITARY LANDFILL",Waste,MS,2027,36094.213663821254
1006544,"CANTON, CITY OF, CANTON SANITARY LANDFILL",Waste,MS,2028,35880.95616718287
1006551,OWENS-BROCKWAY GLASS CONTAINER INC. PLANT 08,Minerals,IN,2024,69428.3194808147
1006551,OWENS-BROCKWAY GLASS CONTAINER INC. PLANT 08,Minerals,IN,2025,69646.84576597235
1006551,OWENS-BROCKWAY GLASS CONTAINER INC. PLANT 08,Minerals,IN,2026,69866.05986465713
1006551,OWENS-BROCKWAY GLASS CONTAINER INC. PLANT 08,Minerals,IN,2027,70085.96394176855
1006551,OWENS-BROCKWAY GLASS CONTAINER INC. PLANT 08,Minerals,IN,2028,70306.56016902017
1006565,"Cos-Mar Company, Styrene Monomer Plant",Chemicals,LA,2024,323296.2816436757
1006565,"Cos-Mar Company, Styrene Monomer Plant",Chemicals,LA,2025,318232.2419432458
1006565,"Cos-Mar Company, Styrene Monomer Plant",Chemicals,LA,2026,313247.5242132301
1006565,"Cos-Mar Company, Styrene Monomer Plant",Chemicals,LA,2027,308340.8859722579
1006565,"Cos-Mar Company, Styrene Monomer Plant",Chemicals,LA,2028,303511.10420090315
1006570,Molson Coors-MILWAUKEE BREWERY,Other,WI,2024,30323.84789406608
1006570,Molson Coors-MILWAUKEE BREWERY,Other,WI,2025,29197.34744723843
1006570,Molson Coors-MILWAUKEE BREWERY,Other,WI,2026,28112.69535887558
1006570,Molson Coors-MILWAUKEE BREWERY,Other,WI,2027,27068.33700455538
1006570,Molson Coors-MILWAUKEE BREWERY,Other,WI,2028,26062.77551258914
1006572,CERTAINTEED GYPSUM SEATTLE,Minerals,WA,2024,59758.646858096654
1006572,CERTAINTEED GYPSUM SEATTLE,Minerals,WA,2025,62228.29013578655
1006572,CERTAINTEED GYPSUM SEATTLE,Minerals,WA,2026,64799.99626529305
1006572,CERTAINTEED GYPSUM SEATTLE,Minerals,WA,2027,67477.98319412908
1006572,CERTAINTEED GYPSUM SEATTLE,Minerals,WA,2028,70266.6431847606
1006577,Plant X,Power Plants,TX,2024,305838.9470233376
1006577,Plant X,Power Plants,TX,2025,284227.2731984291
1006577,Plant X,Power Plants,TX,2026,264142.7575398037
1006577,Plant X,Power Plants,TX,2027,245477.48558957476
1006577,Plant X,Power Plants,TX,2028,228131.16851140442
1006578,OXBOW CALCINING,Petroleum and Natural Gas Systems,TX,2024,305084.28337278083
1006578,OXBOW CALCINING,Petroleum and Natural Gas Systems,TX,2025,305685.888879266
1006578,OXBOW CALCINING,Petroleum and Natural Gas Systems,TX,2026,306288.68071099033
1006578,OXBOW CALCINING,Petroleum and Natural Gas Systems,TX,2027,306892.66120730666
1006578,OXBOW CALCINING,Petroleum and Natural Gas Systems,TX,2028,307497.83271218097
1006589,Gerald Gentleman Station,Power Plants,NE,2024,6629516.590525026
1006589,Gerald Gentleman Station,Power Plants,NE,2025,6490122.378719593
1006589,Gerald Gentleman Station,Power Plants,NE,2026,6353659.111579512
1006589,Gerald Gentleman Station,Power Plants,NE,2027,6220065.162179807
1006589,Gerald Gentleman Station,Power Plants,NE,2028,6089280.199381816
1006594,Leprino Foods - Lemoore West,Other,CA,2024,50058.95845311865
1006594,Leprino Foods - Lemoore West,Other,CA,2025,50049.10479353667
1006594,Leprino Foods - Lemoore West,Other,CA,2026,50039.25307355971
1006594,Leprino Foods - Lemoore West,Other,CA,2027,50029.40329280616
1006594,Leprino Foods - Lemoore West,Other,CA,2028,50019.55545089394
1006608,FINCH PAPER LLC,Pulp and Paper,NY,2024,156350.78857480048
1006608,FINCH PAPER LLC,Pulp and Paper,NY,2025,161449.7818672509
1006608,FINCH PAPER LLC,Pulp and Paper,NY,2026,166715.0661828126
1006608,FINCH PAPER LLC,Pulp and Paper,NY,2027,172152.06469088118
1006608,FINCH PAPER LLC,Pulp and Paper,NY,2028,177766.37742407367
1006611,MGM RESORTS INTERNATIONAL,Other,NV,2024,111314.5851133951
1006611,MGM RESORTS INTERNATIONAL,Other,NV,2025,109614.92801878946
1006611,MGM RESORTS INTERNATIONAL,Other,NV,2026,107941.22290735188
1006611,MGM RESORTS INTERNATIONAL,Other,NV,2027,106293.07351948868
1006611,MGM RESORTS INTERNATIONAL,Other,NV,2028,104670.08964607425
1006617,PARIS PLANT,Other,TX,2024,46306.703101347164
1006617,PARIS PLANT,Other,TX,2025,47694.1604858643
1006617,PARIS PLANT,Other,TX,2026,49123.18934632154
1006617,PARIS PLANT,Other,TX,2027,50595.03526159691
1006617,PARIS PLANT,Other,TX,2028,52110.98113103111
1006621,WESTLAKE VINYLS INC,Chemicals,KY,2024,517290.3311648213
1006621,WESTLAKE VINYLS INC,Chemicals,KY,2025,525495.1841389197
1006621,WESTLAKE VINYLS INC,Chemicals,KY,2026,533830.1760471337
1006621,WESTLAKE VINYLS INC,Chemicals,KY,2027,542297.3710510333
1006621,WESTLAKE VINYLS INC,Chemicals,KY,2028,550898.8660522914
1006626,INTERNATIONAL PAPER - HENDERSON MILL,Pulp and Paper,KY,2024,47924.40594390896
1006626,INTERNATIONAL PAPER - HENDERSON MILL,Pulp and Paper,KY,2025,47771.12038558495
1006626,INTERNATIONAL PAPER - HENDERSON MILL,Pulp and Paper,KY,2026,47618.325109026984
1006626,INTERNATIONAL PAPER - HENDERSON MILL,Pulp and Paper,KY,2027,47466.01854607577
1006626,INTERNATIONAL PAPER - HENDERSON MILL,Pulp and Paper,KY,2028,47314.19913358743
1006627,Los Angeles Refinery (LAR),Chemicals,CA,2024,6448434.508795134
1006627,Los Angeles Refinery (LAR),Chemicals,CA,2025,6588513.389925717
1006627,Los Angeles Refinery (LAR),Chemicals,CA,2026,6731635.194561514
1006627,Los Angeles Refinery (LAR),Chemicals,CA,2027,6877866.023911992
1006627,Los Angeles Refinery (LAR),Chemicals,CA,2028,7027273.4150984
1006630,Port Washington Generating Station,Power Plants,WI,2024,3431339.564185227
1006630,Port Washington Generating Station,Power Plants,WI,2025,3706531.102802243
1006630,Port Washington Generating Station,Power Plants,WI,2026,4003792.8508840455
1006630,Port Washington Generating Station,Power Plants,WI,2027,4324894.827044839
1006630,Port Washington Generating Station,Power Plants,WI,2028,4671749.004414435
1006634,City of Irving/ Hunter Ferrell Landfill,Waste,TX,2024,146270.7799782787
1006634,City of Irving/ Hunter Ferrell Landfill,Waste,TX,2025,151538.10206520418
1006634,City of Irving/ Hunter Ferrell Landfill,Waste,TX,2026,156995.10442847418
1006634,City of Irving/ Hunter Ferrell Landfill,Waste,TX,2027,162648.61759917083
1006634,City of Irving/ Hunter Ferrell Landfill,Waste,TX,2028,168505.71808099825
1006637,CARGILL INCORPORATED,Other,OH,2024,151952.14640500408
1006637,CARGILL INCORPORATED,Other,OH,2025,143102.41784426966
1006637,CARGILL INCORPORATED,Other,OH,2026,134768.09954559171
1006637,CARGILL INCORPORATED,Other,OH,2027,126919.17389471164
1006637,CARGILL INCORPORATED,Other,OH,2028,119527.37151024821
1006646,US PUBLIC HEALTH SERVICE NATIONAL INSTITUTES OF HEALTH,Other,MD,2024,193623.27591119127
1006646,US PUBLIC HEALTH SERVICE NATIONAL INSTITUTES OF HEALTH,Other,MD,2025,193779.04275475623
1006646,US PUBLIC HEALTH SERVICE NATIONAL INSTITUTES OF HEALTH,Other,MD,2026,193934.93491026715
1006646,US PUBLIC HEALTH SERVICE NATIONAL INSTITUTES OF HEALTH,Other,MD,2027,194090.95247853617
1006646,US PUBLIC HEALTH SERVICE NATIONAL INSTITUTES OF HEALTH,Other,MD,2028,194247.09556045517
1006647,YORK COUNTY RESOURCE RECOVERY,Waste,PA,2024,159439.60969063715
1006647,YORK COUNTY RESOURCE RECOVERY,Waste,PA,2025,159505.19184486233
1006647,YORK COUNTY RESOURCE RECOVERY,Waste,PA,2026,159570.80097493692
1006647,YORK COUNTY RESOURCE RECOVERY,Waste,PA,2027,159636.43709195752
1006647,YORK COUNTY RESOURCE RECOVERY,Waste,PA,2028,159702.10020702402
1006652,Antelope Station,Power Plants,TX,2024,139219.546239322
1006652,Antelope Station,Power Plants,TX,2025,150376.12940559135
1006652,Antelope Station,Power Plants,TX,2026,162426.76338087482
1006652,Antelope Station,Power Plants,TX,2027,175443.09437057356
1006652,Antelope Station,Power Plants,TX,2028,189502.5100644602
1006654,Gerald Whelan Energy Center,Power Plants,NE,2024,1240111.864424236
1006654,Gerald Whelan Energy Center,Power Plants,NE,2025,1215712.5003915862
1006654,Gerald Whelan Energy Center,Power Plants,NE,2026,1191793.197055297
1006654,Gerald Whelan Energy Center,Power Plants,NE,2027,1168344.5091580274
1006654,Gerald Whelan Energy Center,Power Plants,NE,2028,1145357.177279117
1006655,US DOE Y-12 National Security Complex,Other,TN,2024,40123.70816651085
1006655,US DOE Y-12 National Security Complex,Other,TN,2025,38703.098727964716
1006655,US DOE Y-12 National Security Complex,Other,TN,2026,37332.78701286193
1006655,US DOE Y-12 National Security Complex,Other,TN,2027,36010.99219326024
1006655,US DOE Y-12 National Security Complex,Other,TN,2028,34735.9964927417
1006662,TRENTON AGRI PRODUCTS,Other,NE,2024,47615.95413700703
1006662,TRENTON AGRI PRODUCTS,Other,NE,2025,47825.79449642801
1006662,TRENTON AGRI PRODUCTS,Other,NE,2026,48036.55960842908
1006662,TRENTON AGRI PRODUCTS,Other,NE,2027,48248.25354833369
1006662,TRENTON AGRI PRODUCTS,Other,NE,2028,48460.88040942494
1006663,DOVER MUNICIPAL LIGHT PLANT (0679010146),Power Plants,OH,2024,87311.37844475578
1006663,DOVER MUNICIPAL LIGHT PLANT (0679010146),Power Plants,OH,2025,86911.44027485134
1006663,DOVER MUNICIPAL LIGHT PLANT (0679010146),Power Plants,OH,2026,86513.33406021558
1006663,DOVER MUNICIPAL LIGHT PLANT (0679010146),Power Plants,OH,2027,86117.05140940085
1006663,DOVER MUNICIPAL LIGHT PLANT (0679010146),Power Plants,OH,2028,85722.58396939792
1006664,Solvay USA,Chemicals,IL,2024,32105.030319311118
1006664,Solvay USA,Chemicals,IL,2025,32306.315079451007
1006664,Solvay USA,Chemicals,IL,2026,32508.861808642523
1006664,Solvay USA,Chemicals,IL,2027,32712.678418890086
1006664,Solvay USA,Chemicals,IL,2028,32917.77287180257
1006671,CHS INC LAUREL REFINERY,Chemicals,MT,2024,931468.8243753262
1006671,CHS INC LAUREL REFINERY,Chemicals,MT,2025,935792.8020555498
1006671,CHS INC LAUREL REFINERY,Chemicals,MT,2026,940136.8521015772
1006671,CHS INC LAUREL REFINERY,Chemicals,MT,2027,944501.0676914772
1006671,CHS INC LAUREL REFINERY,Chemicals,MT,2028,948885.5424358496
1006672,"POET Biorefining Mitchell, LLC",Other,SD,2024,104163.25591052494
1006672,"POET Biorefining Mitchell, LLC",Other,SD,2025,104850.78454749621
1006672,"POET Biorefining Mitchell, LLC",Other,SD,2026,105542.85121107296
1006672,"POET Biorefining Mitchell, LLC",Other,SD,2027,106239.48585445952
1006672,"POET Biorefining Mitchell, LLC",Other,SD,2028,106940.71862856527
1006673,"International N&H USA, Inc.",Chemicals,DE,2024,23890.710335341162
1006673,"International N&H USA, Inc.",Chemicals,DE,2025,23714.99270485979
1006673,"International N&H USA, Inc.",Chemicals,DE,2026,23540.567488259316
1006673,"International N&H USA, Inc.",Chemicals,DE,2027,23367.42517975693
1006673,"International N&H USA, Inc.",Chemicals,DE,2028,23195.556343485303
1006682,Robeline Plant,Petroleum and Natural Gas Systems,LA,2024,326034.2733403437
1006682,Robeline Plant,Petroleum and Natural Gas Systems,LA,2025,328796.4872299888
1006682,Robeline Plant,Petroleum and Natural Gas Systems,LA,2026,331582.10303224204
1006682,Robeline Plant,Petroleum and Natural Gas Systems,LA,2027,334391.31901180657
1006682,Robeline Plant,Petroleum and Natural Gas Systems,LA,2028,337224.3351131137
1006683,Washington University Medical School,Other,MO,2024,33448.610379457896
1006683,Washington University Medical School,Other,MO,2025,33263.262066786956
1006683,Washington University Medical School,Other,MO,2026,33078.940822105345
1006683,Washington University Medical School,Other,MO,2027,32895.64095413576
1006683,Washington University Medical School,Other,MO,2028,32713.356803137827
1006685,MAYO MEDICAL CENTER - ROCHESTER,Other,MN,2024,66001.56109210859
1006685,MAYO MEDICAL CENTER - ROCHESTER,Other,MN,2025,65331.29260715575
1006685,MAYO MEDICAL CENTER - ROCHESTER,Other,MN,2026,64667.83092850374
1006685,MAYO MEDICAL CENTER - ROCHESTER,Other,MN,2027,64011.10693070095
1006685,MAYO MEDICAL CENTER - ROCHESTER,Other,MN,2028,63361.05219028755
1006686,SAINT MARYS HOSPITAL,Other,MN,2024,47789.792251184495
1006686,SAINT MARYS HOSPITAL,Other,MN,2025,47646.1317917078
1006686,SAINT MARYS HOSPITAL,Other,MN,2026,47502.90318863057
1006686,SAINT MARYS HOSPITAL,Other,MN,2027,47360.10514375331
1006686,SAINT MARYS HOSPITAL,Other,MN,2028,47217.736362778924
1006693,FM 812 Landfill,Waste,TX,2024,31088.27500398907
1006693,FM 812 Landfill,Waste,TX,2025,30773.105955795305
1006693,FM 812 Landfill,Waste,TX,2026,30461.132052038625
1006693,FM 812 Landfill,Waste,TX,2027,30152.320900744005
1006693,FM 812 Landfill,Waste,TX,2028,29846.640438322043
1006694,Green Plains York LLC,Other,NE,2024,97743.62630740773
1006694,Green Plains York LLC,Other,NE,2025,97620.36430739742
1006694,Green Plains York LLC,Other,NE,2026,97497.2577499587
1006694,Green Plains York LLC,Other,NE,2027,97374.30643906725
1006694,Green Plains York LLC,Other,NE,2028,97251.51017894525
1006695,Dearborn Industrial Generation,Power Plants,MI,2024,3372313.9787848815
1006695,Dearborn Industrial Generation,Power Plants,MI,2025,3433696.6327530076
1006695,Dearborn Industrial Generation,Power Plants,MI,2026,3496196.5700559285
1006695,Dearborn Industrial Generation,Power Plants,MI,2027,3559834.127416949
1006695,Dearborn Industrial Generation,Power Plants,MI,2028,3624630.0117271985
1006699,CARGILL INC,Other,KS,2024,48192.43134834089
1006699,CARGILL INC,Other,KS,2025,48946.31660468869
1006699,CARGILL INC,Other,KS,2026,49711.9950610024
1006699,CARGILL INC,Other,KS,2027,50489.65120101408
1006699,CARGILL INC,Other,KS,2028,51279.4723943765
1006700,CHILDRENS HOSPITAL MEDICAL CENTER,Other,OH,2024,29267.887809341242
1006700,CHILDRENS HOSPITAL MEDICAL CENTER,Other,OH,2025,29561.573623740787
1006700,CHILDRENS HOSPITAL MEDICAL CENTER,Other,OH,2026,29858.20640029005
1006700,CHILDRENS HOSPITAL MEDICAL CENTER,Other,OH,2027,30157.815709998424
1006700,CHILDRENS HOSPITAL MEDICAL CENTER,Other,OH,2028,30460.43142060238
1006703,International Paper - Columbus Mill,Pulp and Paper,MS,2024,138207.80310769245
1006703,International Paper - Columbus Mill,Pulp and Paper,MS,2025,140346.74194509783
1006703,International Paper - Columbus Mill,Pulp and Paper,MS,2026,142518.78353970833
1006703,International Paper - Columbus Mill,Pulp and Paper,MS,2027,144724.44019814837
1006703,International Paper - Columbus Mill,Pulp and Paper,MS,2028,146964.23215562798
1006704,Gold Bond- BUR Plant,Minerals,NJ,2024,30420.8938385403
1006704,Gold Bond- BUR Plant,Minerals,NJ,2025,30120.23581202543
1006704,Gold Bond- BUR Plant,Minerals,NJ,2026,29822.54927114104
1006704,Gold Bond- BUR Plant,Minerals,NJ,2027,29527.804847880776
1006704,Gold Bond- BUR Plant,Minerals,NJ,2028,29235.973464490165
1006708,CMC Steel New Jersey,Metals,NJ,2024,69076.76954755766
1006708,CMC Steel New Jersey,Metals,NJ,2025,71269.24318917259
1006708,CMC Steel New Jersey,Metals,NJ,2026,73531.30521340358
1006708,CMC Steel New Jersey,Metals,NJ,2027,75865.16433232081
1006708,CMC Steel New Jersey,Metals,NJ,2028,78273.09936177905
1006715,"Troy Energy, LLC",Power Plants,OH,2024,634785.6024034494
1006715,"Troy Energy, LLC",Power Plants,OH,2025,754164.8171387247
1006715,"Troy Energy, LLC",Power Plants,OH,2026,895994.7567437085
1006715,"Troy Energy, LLC",Power Plants,OH,2027,1064497.5552665503
1006715,"Troy Energy, LLC",Power Plants,OH,2028,1264689.3708247328
1006721,Sabine,Power Plants,TX,2024,1933042.0608745029
1006721,Sabine,Power Plants,TX,2025,1877865.401749299
1006721,Sabine,Power Plants,TX,2026,1824263.7025144326
1006721,Sabine,Power Plants,TX,2027,1772192.007590948
1006721,Sabine,Power Plants,TX,2028,1721606.6446097486
1006722,SWIFT BEEF COMPANY,Other,NE,2024,60493.73396278492
1006722,SWIFT BEEF COMPANY,Other,NE,2025,61576.7534086265
1006722,SWIFT BEEF COMPANY,Other,NE,2026,62679.16215387528
1006722,SWIFT BEEF COMPANY,Other,NE,2027,63801.3073251995
1006722,SWIFT BEEF COMPANY,Other,NE,2028,64943.54226387608
1006730,Dubach Cryogenic Plant,Petroleum and Natural Gas Systems,LA,2024,22041.459589997638
1006730,Dubach Cryogenic Plant,Petroleum and Natural Gas Systems,LA,2025,20024.556156166193
1006730,Dubach Cryogenic Plant,Petroleum and Natural Gas Systems,LA,2026,18192.209441221294
1006730,Dubach Cryogenic Plant,Petroleum and Natural Gas Systems,LA,2027,16527.531585330562
1006730,Dubach Cryogenic Plant,Petroleum and Natural Gas Systems,LA,2028,15015.180052025637
1006733,CAPITOL POWER PLANT,Power Plants,DC,2024,62670.27404685107
1006733,CAPITOL POWER PLANT,Power Plants,DC,2025,62216.555833435006
1006733,CAPITOL POWER PLANT,Power Plants,DC,2026,61766.12243439572
1006733,CAPITOL POWER PLANT,Power Plants,DC,2027,61318.95006844083
1006733,CAPITOL POWER PLANT,Power Plants,DC,2028,60875.01512644888
1006738,ILLINOIS CEMENT CO,Minerals,IL,2024,844570.8647421576
1006738,ILLINOIS CEMENT CO,Minerals,IL,2025,879797.5038094751
1006738,ILLINOIS CEMENT CO,Minerals,IL,2026,916493.428820439
1006738,ILLINOIS CEMENT CO,Minerals,IL,2027,954719.9229755295
1006738,ILLINOIS CEMENT CO,Minerals,IL,2028,994540.8255676448
1006748,Wilkes County Landfill,Waste,NC,2024,62967.33729795611
1006748,Wilkes County Landfill,Waste,NC,2025,64031.23806886444
1006748,Wilkes County Landfill,Waste,NC,2026,65113.11458559451
1006748,Wilkes County Landfill,Waste,NC,2027,66213.27056767241
1006748,Wilkes County Landfill,Waste,NC,2028,67332.01486629143
1006749,LANDFILL OF NORTH IOWA,Waste,IA,2024,70797.75829837186
1006749,LANDFILL OF NORTH IOWA,Waste,IA,2025,70537.12461172094
1006749,LANDFILL OF NORTH IOWA,Waste,IA,2026,70277.45041757713
1006749,LANDFILL OF NORTH IOWA,Waste,IA,2027,70018.73218368099
1006749,LANDFILL OF NORTH IOWA,Waste,IA,2028,69760.96639077614
1006757,Southeast,Petroleum and Natural Gas Systems,NY,2024,125813.56957033538
1006757,Southeast,Petroleum and Natural Gas Systems,NY,2025,128146.64677872516
1006757,Southeast,Petroleum and Natural Gas Systems,NY,2026,130522.98839236818
1006757,Southeast,Petroleum and Natural Gas Systems,NY,2027,132943.3967030861
1006757,Southeast,Petroleum and Natural Gas Systems,NY,2028,135408.68888033755
1006764,UNIVERSITY OF OKLAHOMA,Other,OK,2024,47502.632397318805
1006764,UNIVERSITY OF OKLAHOMA,Other,OK,2025,46425.5964806637
1006764,UNIVERSITY OF OKLAHOMA,Other,OK,2026,45372.98039733612
1006764,UNIVERSITY OF OKLAHOMA,Other,OK,2027,44344.23047196614
1006764,UNIVERSITY OF OKLAHOMA,Other,OK,2028,43338.80558276705
1006772,ONONDAGA CO RESOURCE RECOVERY FACILITY,Waste,NY,2024,174887.4112621339
1006772,ONONDAGA CO RESOURCE RECOVERY FACILITY,Waste,NY,2025,178000.6897815234
1006772,ONONDAGA CO RESOURCE RECOVERY FACILITY,Waste,NY,2026,181169.38968927553
1006772,ONONDAGA CO RESOURCE RECOVERY FACILITY,Waste,NY,2027,184394.49757565805
1006772,ONONDAGA CO RESOURCE RECOVERY FACILITY,Waste,NY,2028,187677.01759383967
1006774,Red Wing Plant,Power Plants,MN,2024,110060.76163385248
1006774,Red Wing Plant,Power Plants,MN,2025,112094.53365819818
1006774,Red Wing Plant,Power Plants,MN,2026,114165.88700204078
1006774,Red Wing Plant,Power Plants,MN,2027,116275.51611665495
1006774,Red Wing Plant,Power Plants,MN,2028,118424.1282858231
1006775,"Milford Power, LLC",Power Plants,MA,2024,86549.2116475042
1006775,"Milford Power, LLC",Power Plants,MA,2025,83822.98760922044
1006775,"Milford Power, LLC",Power Plants,MA,2026,81182.63723015827
1006775,"Milford Power, LLC",Power Plants,MA,2027,78625.45556558677
1006775,"Milford Power, LLC",Power Plants,MA,2028,76148.82287415434
1006776,International Paper - Valliant Mill,Pulp and Paper,OK,2024,459883.0881171875
1006776,International Paper - Valliant Mill,Pulp and Paper,OK,2025,467903.58878440835
1006776,International Paper - Valliant Mill,Pulp and Paper,OK,2026,476063.96941811347
1006776,International Paper - Valliant Mill,Pulp and Paper,OK,2027,484366.66956738534
1006776,International Paper - Valliant Mill,Pulp and Paper,OK,2028,492814.1713277771
1006780,UNIVERSITY OF GEORGIA,Other,GA,2024,51075.12919381402
1006780,UNIVERSITY OF GEORGIA,Other,GA,2025,50460.60536401769
1006780,UNIVERSITY OF GEORGIA,Other,GA,2026,49853.47533906031
1006780,UNIVERSITY OF GEORGIA,Other,GA,2027,49253.650158437435
1006780,UNIVERSITY OF GEORGIA,Other,GA,2028,48661.04193199595
1006785,ARMSTRONG CEMENT & SUPPLY,Minerals,PA,2024,207085.9529546398
1006785,ARMSTRONG CEMENT & SUPPLY,Minerals,PA,2025,213023.4476426788
1006785,ARMSTRONG CEMENT & SUPPLY,Minerals,PA,2026,219131.18006373357
1006785,ARMSTRONG CEMENT & SUPPLY,Minerals,PA,2027,225414.0312134546
1006785,ARMSTRONG CEMENT & SUPPLY,Minerals,PA,2028,231877.02203366012
1006787,BIG RIVER RESOURCES GALVA LLC,Other,IL,2024,175734.48616321952
1006787,BIG RIVER RESOURCES GALVA LLC,Other,IL,2025,176582.0697812579
1006787,BIG RIVER RESOURCES GALVA LLC,Other,IL,2026,177433.74137317773
1006787,BIG RIVER RESOURCES GALVA LLC,Other,IL,2027,178289.52065565437
1006787,BIG RIVER RESOURCES GALVA LLC,Other,IL,2028,179149.42744045687
1006797,ARKEMA INC CLEAR LAKE,Chemicals,TX,2024,89453.99878663641
1006797,ARKEMA INC CLEAR LAKE,Chemicals,TX,2025,92640.71864593377
1006797,ARKEMA INC CLEAR LAKE,Chemicals,TX,2026,95940.96259134659
1006797,ARKEMA INC CLEAR LAKE,Chemicals,TX,2027,99358.77481837982
1006797,ARKEMA INC CLEAR LAKE,Chemicals,TX,2028,102898.34359343688
1006798,SOUTH CHESTER CO2 REMOVAL FACILITY,Petroleum and Natural Gas Systems,MI,2024,552782.1736325345
1006798,SOUTH CHESTER CO2 REMOVAL FACILITY,Petroleum and Natural Gas Systems,MI,2025,543049.7820763661
1006798,SOUTH CHESTER CO2 REMOVAL FACILITY,Petroleum and Natural Gas Systems,MI,2026,533488.7409180944
1006798,SOUTH CHESTER CO2 REMOVAL FACILITY,Petroleum and Natural Gas Systems,MI,2027,524096.03332894976
1006798,SOUTH CHESTER CO2 REMOVAL FACILITY,Petroleum and Natural Gas Systems,MI,2028,514868.6955950394
1006799,Rock Creek Gas Plant,Petroleum and Natural Gas Systems,TX,2024,130782.9582937738
1006799,Rock Creek Gas Plant,Petroleum and Natural Gas Systems,TX,2025,128505.52362070252
1006799,Rock Creek Gas Plant,Petroleum and Natural Gas Systems,TX,2026,126267.74785088396
1006799,Rock Creek Gas Plant,Petroleum and Natural Gas Systems,TX,2027,124068.9403701702
1006799,Rock Creek Gas Plant,Petroleum and Natural Gas Systems,TX,2028,121908.42259066284
1006800,GOLDSMITH GAS PLANT,Petroleum and Natural Gas Systems,TX,2024,262550.7559071836
1006800,GOLDSMITH GAS PLANT,Petroleum and Natural Gas Systems,TX,2025,260328.3146733526
1006800,GOLDSMITH GAS PLANT,Petroleum and Natural Gas Systems,TX,2026,258124.68597358104
1006800,GOLDSMITH GAS PLANT,Petroleum and Natural Gas Systems,TX,2027,255939.71056341674
1006800,GOLDSMITH GAS PLANT,Petroleum and Natural Gas Systems,TX,2028,253773.2305463796
1006802,Sanford,Power Plants,FL,2024,3211847.5015236726
1006802,Sanford,Power Plants,FL,2025,3157968.7341656773
1006802,Sanford,Power Plants,FL,2026,3104993.7835582155
1006802,Sanford,Power Plants,FL,2027,3052907.488168109
1006802,Sanford,Power Plants,FL,2028,3001694.9407970267
1006806,SOUTH CUSHMAN LANDFILL,Waste,AK,2024,82728.6851638815
1006806,SOUTH CUSHMAN LANDFILL,Waste,AK,2025,84519.11402492877
1006806,SOUTH CUSHMAN LANDFILL,Waste,AK,2026,86348.29166459023
1006806,SOUTH CUSHMAN LANDFILL,Waste,AK,2027,88217.05669079794
1006806,SOUTH CUSHMAN LANDFILL,Waste,AK,2028,90126.26586078492
1006809,CENTRAL BI-PRODUCTS - LONG PRAIRIE,Other,MN,2024,39172.36305957176
1006809,CENTRAL BI-PRODUCTS - LONG PRAIRIE,Other,MN,2025,39978.60017347651
1006809,CENTRAL BI-PRODUCTS - LONG PRAIRIE,Other,MN,2026,40801.43108548435
1006809,CENTRAL BI-PRODUCTS - LONG PRAIRIE,Other,MN,2027,41641.197325563306
1006809,CENTRAL BI-PRODUCTS - LONG PRAIRIE,Other,MN,2028,42498.247452976815
1006814,Equistar Chemicals LP,Other,LA,2024,137002.87670851673
1006814,Equistar Chemicals LP,Other,LA,2025,141695.6557818068
1006814,Equistar Chemicals LP,Other,LA,2026,146549.1772859114
1006814,Equistar Chemicals LP,Other,LA,2027,151568.947154236
1006814,Equistar Chemicals LP,Other,LA,2028,156760.6599157079
1006815,HOLCIM (US) INC.,Minerals,SC,2024,1204579.238785936
1006815,HOLCIM (US) INC.,Minerals,SC,2025,1201891.64721663
1006815,HOLCIM (US) INC.,Minerals,SC,2026,1199210.0520552048
1006815,HOLCIM (US) INC.,Minerals,SC,2027,1196534.4399228066
1006815,HOLCIM (US) INC.,Minerals,SC,2028,1193864.7974704246
1006818,EAST PENN LYONS SMELTER & BATTERY PLT,Metals,PA,2024,93526.69464587745
1006818,EAST PENN LYONS SMELTER & BATTERY PLT,Metals,PA,2025,92485.96129451232
1006818,EAST PENN LYONS SMELTER & BATTERY PLT,Metals,PA,2026,91456.80887106012
1006818,EAST PENN LYONS SMELTER & BATTERY PLT,Metals,PA,2027,90439.10850688127
1006818,EAST PENN LYONS SMELTER & BATTERY PLT,Metals,PA,2028,89432.73276734256
1006819,Leprino Foods Roswell,Other,NM,2024,41775.14891850506
1006819,Leprino Foods Roswell,Other,NM,2025,42053.66629490298
1006819,Leprino Foods Roswell,Other,NM,2026,42334.04056304062
1006819,Leprino Foods Roswell,Other,NM,2027,42616.28410292457
1006819,Leprino Foods Roswell,Other,NM,2028,42900.40937709957
1006827,COVESTRO,Chemicals,WV,2024,26253.348364360372
1006827,COVESTRO,Chemicals,WV,2025,26232.839007628227
1006827,COVESTRO,Chemicals,WV,2026,26212.345672993775
1006827,COVESTRO,Chemicals,WV,2027,26191.868347940548
1006827,COVESTRO,Chemicals,WV,2028,26171.407019961534
1006828,BRISTOL MYERS SQUIBB INC,Chemicals,NJ,2024,51370.30872924057
1006828,BRISTOL MYERS SQUIBB INC,Chemicals,NJ,2025,50630.39835337557
1006828,BRISTOL MYERS SQUIBB INC,Chemicals,NJ,2026,49901.14524973349
1006828,BRISTOL MYERS SQUIBB INC,Chemicals,NJ,2027,49182.395916681344
1006828,BRISTOL MYERS SQUIBB INC,Chemicals,NJ,2028,48473.9990635407
1006834,Twin Landfill Corporation,Waste,CO,2024,48811.1426209756
1006834,Twin Landfill Corporation,Waste,CO,2025,49038.88184593654
1006834,Twin Landfill Corporation,Waste,CO,2026,49267.68363882368
1006834,Twin Landfill Corporation,Waste,CO,2027,49497.55295728354
1006834,Twin Landfill Corporation,Waste,CO,2028,49728.49478209366
1006836,CALIFORNIA DAIRIES INC TURLOCK,Other,CA,2024,36484.815002354764
1006836,CALIFORNIA DAIRIES INC TURLOCK,Other,CA,2025,36685.01521579536
1006836,CALIFORNIA DAIRIES INC TURLOCK,Other,CA,2026,36886.31397188876
1006836,CALIFORNIA DAIRIES INC TURLOCK,Other,CA,2027,37088.717298580625
1006836,CALIFORNIA DAIRIES INC TURLOCK,Other,CA,2028,37292.23125689273
1006842,CalPortland Company Mojave Plant,Minerals,CA,2024,1031755.0488501601
1006842,CalPortland Company Mojave Plant,Minerals,CA,2025,1032964.0618663898
1006842,CalPortland Company Mojave Plant,Minerals,CA,2026,1034174.4916069428
1006842,CalPortland Company Mojave Plant,Minerals,CA,2027,1035386.3397319383
1006842,CalPortland Company Mojave Plant,Minerals,CA,2028,1036599.6079034442
1006843,Phillips 66 Los Angeles Refinery - Wilmington Plant,Chemicals,CA,2024,1642916.358370105
1006843,Phillips 66 Los Angeles Refinery - Wilmington Plant,Chemicals,CA,2025,1624151.890056005
1006843,Phillips 66 Los Angeles Refinery - Wilmington Plant,Chemicals,CA,2026,1605601.7389646368
1006843,Phillips 66 Los Angeles Refinery - Wilmington Plant,Chemicals,CA,2027,1587263.4572850051
1006843,Phillips 66 Los Angeles Refinery - Wilmington Plant,Chemicals,CA,2028,1569134.6251636269
1006844,Aera Energy Anderson Fitzgerald,Petroleum and Natural Gas Systems,CA,2024,256619.85713472415
1006844,Aera Energy Anderson Fitzgerald,Petroleum and Natural Gas Systems,CA,2025,289409.13302279456
1006844,Aera Energy Anderson Fitzgerald,Petroleum and Natural Gas Systems,CA,2026,326388.0169375712
1006844,Aera Energy Anderson Fitzgerald,Petroleum and Natural Gas Systems,CA,2027,368091.8307165184
1006844,Aera Energy Anderson Fitzgerald,Petroleum and Natural Gas Systems,CA,2028,415124.296264079
1006847,SAPUTO CHEESE USA INC,Other,WI,2024,36458.77881509032
1006847,SAPUTO CHEESE USA INC,Other,WI,2025,37057.5279360015
1006847,SAPUTO CHEESE USA INC,Other,WI,2026,37666.110093603376
1006847,SAPUTO CHEESE USA INC,Other,WI,2027,38284.68677224275
1006847,SAPUTO CHEESE USA INC,Other,WI,2028,38913.42210826413
1006856,LION ELASTOMERS ORANGE PLANT,Other,TX,2024,54391.342516663324
1006856,LION ELASTOMERS ORANGE PLANT,Other,TX,2025,53946.021115900774
1006856,LION ELASTOMERS ORANGE PLANT,Other,TX,2026,53504.345720932455
1006856,LION ELASTOMERS ORANGE PLANT,Other,TX,2027,53066.286480603354
1006856,LION ELASTOMERS ORANGE PLANT,Other,TX,2028,52631.81378816017
1006858,Gun Club Road Landfill,Waste,GA,2024,21533.133745618423
1006858,Gun Club Road Landfill,Waste,GA,2025,20305.460507058477
1006858,Gun Club Road Landfill,Waste,GA,2026,19147.780869916758
1006858,Gun Club Road Landfill,Waste,GA,2027,18056.104273769197
1006858,Gun Club Road Landfill,Waste,GA,2028,17026.667672881278
1006859,Polk County - North Central Landfill,Waste,FL,2024,437224.2860607496
1006859,Polk County - North Central Landfill,Waste,FL,2025,447070.98211317236
1006859,Polk County - North Central Landfill,Waste,FL,2026,457139.43488460704
1006859,Polk County - North Central Landfill,Waste,FL,2027,467434.63854184304
1006859,Polk County - North Central Landfill,Waste,FL,2028,477961.699724936
1006861,DEMENNO KERDOON,Petroleum and Natural Gas Systems,CA,2024,23788.686426196717
1006861,DEMENNO KERDOON,Petroleum and Natural Gas Systems,CA,2025,23406.900909179407
1006861,DEMENNO KERDOON,Petroleum and Natural Gas Systems,CA,2026,23031.24268218529
1006861,DEMENNO KERDOON,Petroleum and Natural Gas Systems,CA,2027,22661.613408108
1006861,DEMENNO KERDOON,Petroleum and Natural Gas Systems,CA,2028,22297.91632805682
1006865,Cavendish Farms,Other,ND,2024,35586.97326253932
1006865,Cavendish Farms,Other,ND,2025,35686.06451401487
1006865,Cavendish Farms,Other,ND,2026,35785.43168319896
1006865,Cavendish Farms,Other,ND,2027,35885.07553837936
1006865,Cavendish Farms,Other,ND,2028,35984.996849982825
1006868,W A Parish,Power Plants,TX,2024,11016019.580291942
1006868,W A Parish,Power Plants,TX,2025,10697292.043573653
1006868,W A Parish,Power Plants,TX,2026,10387786.280829353
1006868,W A Parish,Power Plants,TX,2027,10087235.477600168
1006868,W A Parish,Power Plants,TX,2028,9795380.539195308
1006869,Black Mountain Facility,Power Plants,NV,2024,358861.27713105624
1006869,Black Mountain Facility,Power Plants,NV,2025,358678.56825750985
1006869,Black Mountain Facility,Power Plants,NV,2026,358495.95240746473
1006869,Black Mountain Facility,Power Plants,NV,2027,358313.42953355936
1006869,Black Mountain Facility,Power Plants,NV,2028,358130.99958845635
1006873,"UNIVERSITY OF CALIFORNIA, IRVINE",Other,CA,2024,67128.90958912291
1006873,"UNIVERSITY OF CALIFORNIA, IRVINE",Other,CA,2025,66708.85171890314
1006873,"UNIVERSITY OF CALIFORNIA, IRVINE",Other,CA,2026,66291.42235278709
1006873,"UNIVERSITY OF CALIFORNIA, IRVINE",Other,CA,2027,65876.60504296074
1006873,"UNIVERSITY OF CALIFORNIA, IRVINE",Other,CA,2028,65464.38344453128
1006874,SOUTH DAKOTA SOYBEAN PROCESSORS,Other,SD,2024,40557.18661393942
1006874,SOUTH DAKOTA SOYBEAN PROCESSORS,Other,SD,2025,40770.64824766425
1006874,SOUTH DAKOTA SOYBEAN PROCESSORS,Other,SD,2026,40985.23337818141
1006874,SOUTH DAKOTA SOYBEAN PROCESSORS,Other,SD,2027,41200.94791870857
1006874,SOUTH DAKOTA SOYBEAN PROCESSORS,Other,SD,2028,41417.79781358541
1006876,ORCHARD RIDGE LANDFILL & MRF,Waste,WI,2024,69778.81685235038
1006876,ORCHARD RIDGE LANDFILL & MRF,Waste,WI,2025,66978.56182840731
1006876,ORCHARD RIDGE LANDFILL & MRF,Waste,WI,2026,64290.68228677874
1006876,ORCHARD RIDGE LANDFILL & MRF,Waste,WI,2027,61710.66854926854
1006876,ORCHARD RIDGE LANDFILL & MRF,Waste,WI,2028,59234.19191307642
1006877,AMERICAN CRYSTAL SUGAR - MOORHEAD,Minerals,MN,2024,308853.7760249292
1006877,AMERICAN CRYSTAL SUGAR - MOORHEAD,Minerals,MN,2025,307446.7511357389
1006877,AMERICAN CRYSTAL SUGAR - MOORHEAD,Minerals,MN,2026,306046.1361375467
1006877,AMERICAN CRYSTAL SUGAR - MOORHEAD,Minerals,MN,2027,304651.90182923345
1006877,AMERICAN CRYSTAL SUGAR - MOORHEAD,Minerals,MN,2028,303264.01914270845
1006878,American Crystal Sugar Company - Drayton,Minerals,ND,2024,367422.59724784695
1006878,American Crystal Sugar Company - Drayton,Minerals,ND,2025,368972.04796079657
1006878,American Crystal Sugar Company - Drayton,Minerals,ND,2026,370528.03283231414
1006878,American Crystal Sugar Company - Drayton,Minerals,ND,2027,372090.57941747305
1006878,American Crystal Sugar Company - Drayton,Minerals,ND,2028,373659.7153875488
1006883,Armstrong World Industries Inc,Other,GA,2024,84302.13085747937
1006883,Armstrong World Industries Inc,Other,GA,2025,84082.44268917655
1006883,Armstrong World Industries Inc,Other,GA,2026,83863.3270199408
1006883,Armstrong World Industries Inc,Other,GA,2027,83644.78235786161
1006883,Armstrong World Industries Inc,Other,GA,2028,83426.80721491575
1006885,Sylvamo Ticonderoga Mill,Pulp and Paper,NY,2024,206409.23957955415
1006885,Sylvamo Ticonderoga Mill,Pulp and Paper,NY,2025,200906.3327290956
1006885,Sylvamo Ticonderoga Mill,Pulp and Paper,NY,2026,195550.13434898638
1006885,Sylvamo Ticonderoga Mill,Pulp and Paper,NY,2027,190336.73316544885
1006885,Sylvamo Ticonderoga Mill,Pulp and Paper,NY,2028,185262.32217995406
1006890,OQ CORP BAY CITY PLANT,Chemicals,TX,2024,371427.7473589808
1006890,OQ CORP BAY CITY PLANT,Chemicals,TX,2025,374847.72077166877
1006890,OQ CORP BAY CITY PLANT,Chemicals,TX,2026,378299.1840723004
1006890,OQ CORP BAY CITY PLANT,Chemicals,TX,2027,381782.4272084645
1006890,OQ CORP BAY CITY PLANT,Chemicals,TX,2028,385297.7427974813
1006891,Motiva Port Arthur Chemicals,Chemicals,TX,2024,1047266.6656029512
1006891,Motiva Port Arthur Chemicals,Chemicals,TX,2025,1069411.2214476294
1006891,Motiva Port Arthur Chemicals,Chemicals,TX,2026,1092024.026086683
1006891,Motiva Port Arthur Chemicals,Chemicals,TX,2027,1115114.980686566
1006891,Motiva Port Arthur Chemicals,Chemicals,TX,2028,1138694.1957748586
1006892,International Paper-Prattville Mill,Pulp and Paper,AL,2024,393309.05913004134
1006892,International Paper-Prattville Mill,Pulp and Paper,AL,2025,391344.76514747186
1006892,International Paper-Prattville Mill,Pulp and Paper,AL,2026,389390.2813911357
1006892,International Paper-Prattville Mill,Pulp and Paper,AL,2027,387445.5588660572
1006892,International Paper-Prattville Mill,Pulp and Paper,AL,2028,385510.54882195214
1006899,MCCARTY ROAD LANDFILL TX,Waste,TX,2024,209980.96746271115
1006899,MCCARTY ROAD LANDFILL TX,Waste,TX,2025,207340.42563550553
1006899,MCCARTY ROAD LANDFILL TX,Waste,TX,2026,204733.08901363576
1006899,MCCARTY ROAD LANDFILL TX,Waste,TX,2027,202158.5400367171
1006899,MCCARTY ROAD LANDFILL TX,Waste,TX,2028,199616.36639524854
1006901,CHARTER STEEL,Metals,WI,2024,139149.8846468539
1006901,CHARTER STEEL,Metals,WI,2025,138561.81554971726
1006901,CHARTER STEEL,Metals,WI,2026,137976.2317242272
1006901,CHARTER STEEL,Metals,WI,2027,137393.12266723893
1006901,CHARTER STEEL,Metals,WI,2028,136812.4779199954
1006902,UMASS MEDICAL SCHOOL,Other,MA,2024,88435.53533817193
1006902,UMASS MEDICAL SCHOOL,Other,MA,2025,88991.42125543777
1006902,UMASS MEDICAL SCHOOL,Other,MA,2026,89550.80134675727
1006902,UMASS MEDICAL SCHOOL,Other,MA,2027,90113.69757572426
1006902,UMASS MEDICAL SCHOOL,Other,MA,2028,90680.13204399013
1006904,"ANHEUSER-BUSCH, INC. CARTERSVI LLE BREWERY",Other,GA,2024,17815.355280787844
1006904,"ANHEUSER-BUSCH, INC. CARTERSVI LLE BREWERY",Other,GA,2025,17093.588696990893
1006904,"ANHEUSER-BUSCH, INC. CARTERSVI LLE BREWERY",Other,GA,2026,16401.063573343057
1006904,"ANHEUSER-BUSCH, INC. CARTERSVI LLE BREWERY",Other,GA,2027,15736.595229075216
1006904,"ANHEUSER-BUSCH, INC. CARTERSVI LLE BREWERY",Other,GA,2028,15099.04697926096
1006905,DCP MIDSTREAM LP/OKARCHE GAS PLT,Petroleum and Natural Gas Systems,OK,2024,87478.44789733233
1006905,DCP MIDSTREAM LP/OKARCHE GAS PLT,Petroleum and Natural Gas Systems,OK,2025,89264.89810368491
1006905,DCP MIDSTREAM LP/OKARCHE GAS PLT,Petroleum and Natural Gas Systems,OK,2026,91087.830488408
1006905,DCP MIDSTREAM LP/OKARCHE GAS PLT,Petroleum and Natural Gas Systems,OK,2027,92947.9900760953
1006905,DCP MIDSTREAM LP/OKARCHE GAS PLT,Petroleum and Natural Gas Systems,OK,2028,94846.13710593685
1006910,OSWEGO CO ENERGY RECOVERY FAC,Waste,NY,2024,24246.84931701792
1006910,OSWEGO CO ENERGY RECOVERY FAC,Waste,NY,2025,23912.486582967085
1006910,OSWEGO CO ENERGY RECOVERY FAC,Waste,NY,2026,23582.734692843234
1006910,OSWEGO CO ENERGY RECOVERY FAC,Waste,NY,2027,23257.53006335926
1006910,OSWEGO CO ENERGY RECOVERY FAC,Waste,NY,2028,22936.80998803816
1006911,LHOIST NORTH AMERICA,Minerals,AZ,2024,792630.0719927736
1006911,LHOIST NORTH AMERICA,Minerals,AZ,2025,797089.4309343478
1006911,LHOIST NORTH AMERICA,Minerals,AZ,2026,801573.878353982
1006911,LHOIST NORTH AMERICA,Minerals,AZ,2027,806083.5554001523
1006911,LHOIST NORTH AMERICA,Minerals,AZ,2028,810618.6040154457
1006912,POET BIOREFINING,Other,OH,2024,116827.04596560451
1006912,POET BIOREFINING,Other,OH,2025,118734.73011699146
1006912,POET BIOREFINING,Other,OH,2026,120673.56509301279
1006912,POET BIOREFINING,Other,OH,2027,122644.05955956875
1006912,POET BIOREFINING,Other,OH,2028,124646.73048863086
1006932,REFINERY KAPOLEI,Chemicals,HI,2024,602756.2614288381
1006932,REFINERY KAPOLEI,Chemicals,HI,2025,612219.1977008866
1006932,REFINERY KAPOLEI,Chemicals,HI,2026,621830.6967811865
1006932,REFINERY KAPOLEI,Chemicals,HI,2027,631593.0910227577
1006932,REFINERY KAPOLEI,Chemicals,HI,2028,641508.7493952592
1006933,"Pleasants Energy, LLC",Power Plants,WV,2024,1274180.443700694
1006933,"Pleasants Energy, LLC",Power Plants,WV,2025,1557046.2561232573
1006933,"Pleasants Energy, LLC",Power Plants,WV,2026,1902707.7802780527
1006933,"Pleasants Energy, LLC",Power Plants,WV,2027,2325105.553475633
1006933,"Pleasants Energy, LLC",Power Plants,WV,2028,2841274.8877356327
1006935,Red Hills Generation Facility,Power Plants,MS,2024,3019291.139667164
1006935,Red Hills Generation Facility,Power Plants,MS,2025,3001502.189291185
1006935,Red Hills Generation Facility,Power Plants,MS,2026,2983818.0472098812
1006935,Red Hills Generation Facility,Power Plants,MS,2027,2966238.095917527
1006935,Red Hills Generation Facility,Power Plants,MS,2028,2948761.7215466094
1006936,Summit Sustainable Ingredients DBA Amber Wave,Other,KS,2024,50909.63733250591
1006936,Summit Sustainable Ingredients DBA Amber Wave,Other,KS,2025,50743.73035647765
1006936,Summit Sustainable Ingredients DBA Amber Wave,Other,KS,2026,50578.364046738374
1006936,Summit Sustainable Ingredients DBA Amber Wave,Other,KS,2027,50413.53664133673
1006936,Summit Sustainable Ingredients DBA Amber Wave,Other,KS,2028,50249.24638406321
1006941,Pfizer,Other,CT,2024,90160.35956392449
1006941,Pfizer,Other,CT,2025,89628.12890705302
1006941,Pfizer,Other,CT,2026,89099.040090714
1006941,Pfizer,Other,CT,2027,88573.07456813335
1006941,Pfizer,Other,CT,2028,88050.21390202083
1006946,VALERO WELCOME PLANT,Other,MN,2024,177524.22403991557
1006946,VALERO WELCOME PLANT,Other,MN,2025,177741.54657741365
1006946,VALERO WELCOME PLANT,Other,MN,2026,177959.13515795747
1006946,VALERO WELCOME PLANT,Other,MN,2027,178176.99010723355
1006946,VALERO WELCOME PLANT,Other,MN,2028,178395.111751326
1006947,FREEPORT-MCMORAN MIAMI INC,Metals,AZ,2024,82077.86967385067
1006947,FREEPORT-MCMORAN MIAMI INC,Metals,AZ,2025,81710.15822446496
1006947,FREEPORT-MCMORAN MIAMI INC,Metals,AZ,2026,81344.09413399018
1006947,FREEPORT-MCMORAN MIAMI INC,Metals,AZ,2027,80979.67002220637
1006947,FREEPORT-MCMORAN MIAMI INC,Metals,AZ,2028,80616.87854195746
1006954,TRANSCO STATION 105,Petroleum and Natural Gas Systems,AL,2024,80683.10961931499
1006954,TRANSCO STATION 105,Petroleum and Natural Gas Systems,AL,2025,83582.50022961685
1006954,TRANSCO STATION 105,Petroleum and Natural Gas Systems,AL,2026,86586.08198910434
1006954,TRANSCO STATION 105,Petroleum and Natural Gas Systems,AL,2027,89697.59906233758
1006954,TRANSCO STATION 105,Petroleum and Natural Gas Systems,AL,2028,92920.93016242808
1006956,Monopod Platform,Petroleum and Natural Gas Systems,AK,2024,42854.35677234878
1006956,Monopod Platform,Petroleum and Natural Gas Systems,AK,2025,41593.23266135654
1006956,Monopod Platform,Petroleum and Natural Gas Systems,AK,2026,40369.2210902111
1006956,Monopod Platform,Petroleum and Natural Gas Systems,AK,2027,39181.229905807384
1006956,Monopod Platform,Petroleum and Natural Gas Systems,AK,2028,38028.199095077085
1006957,MONTGOMERY CITY OF,Waste,AL,2024,136733.27304308861
1006957,MONTGOMERY CITY OF,Waste,AL,2025,137293.50200044544
1006957,MONTGOMERY CITY OF,Waste,AL,2026,137856.02634997474
1006957,MONTGOMERY CITY OF,Waste,AL,2027,138420.85549644782
1006957,MONTGOMERY CITY OF,Waste,AL,2028,138987.99888316964
1006959,VALERO CORPUS CHRISTI REFINERY EAST PLANT,Chemicals,TX,2024,970567.0184117757
1006959,VALERO CORPUS CHRISTI REFINERY EAST PLANT,Chemicals,TX,2025,949138.2454881254
1006959,VALERO CORPUS CHRISTI REFINERY EAST PLANT,Chemicals,TX,2026,928182.5901342058
1006959,VALERO CORPUS CHRISTI REFINERY EAST PLANT,Chemicals,TX,2027,907689.6065706194
1006959,VALERO CORPUS CHRISTI REFINERY EAST PLANT,Chemicals,TX,2028,887649.0796462761
1006963,ADVANCED DISPOSAL VALLEY VIEW LANDFILL INC,Waste,IL,2024,31388.681923384847
1006963,ADVANCED DISPOSAL VALLEY VIEW LANDFILL INC,Waste,IL,2025,30453.611031074743
1006963,ADVANCED DISPOSAL VALLEY VIEW LANDFILL INC,Waste,IL,2026,29546.39596194893
1006963,ADVANCED DISPOSAL VALLEY VIEW LANDFILL INC,Waste,IL,2027,28666.206889208537
1006963,ADVANCED DISPOSAL VALLEY VIEW LANDFILL INC,Waste,IL,2028,27812.238706649496
1006965,United States Gypsum Company of Sweetwater,Minerals,TX,2024,81082.38421704556
1006965,United States Gypsum Company of Sweetwater,Minerals,TX,2025,84308.88541043011
1006965,United States Gypsum Company of Sweetwater,Minerals,TX,2026,87663.7783630289
1006965,United States Gypsum Company of Sweetwater,Minerals,TX,2027,91152.17215208881
1006965,United States Gypsum Company of Sweetwater,Minerals,TX,2028,94779.37915972983
1006966,Newman,Power Plants,TX,2024,1590523.0687415423
1006966,Newman,Power Plants,TX,2025,1602988.728096795
1006966,Newman,Power Plants,TX,2026,1615552.0865462706
1006966,Newman,Power Plants,TX,2027,1628213.9098026212
1006966,Newman,Power Plants,TX,2028,1640974.9695797313
1006967,CHEVRON PHILLIPS - SWEENY COMPLEX,Chemicals,TX,2024,1050500.3537607286
1006967,CHEVRON PHILLIPS - SWEENY COMPLEX,Chemicals,TX,2025,1024321.8267508025
1006967,CHEVRON PHILLIPS - SWEENY COMPLEX,Chemicals,TX,2026,998795.6700841666
1006967,CHEVRON PHILLIPS - SWEENY COMPLEX,Chemicals,TX,2027,973905.6266557288
1006967,CHEVRON PHILLIPS - SWEENY COMPLEX,Chemicals,TX,2028,949635.8444883511
1006970,Nestle USA Inc. - Anderson,Other,IN,2024,72038.41687542539
1006970,Nestle USA Inc. - Anderson,Other,IN,2025,74202.05818796597
1006970,Nestle USA Inc. - Anderson,Other,IN,2026,76430.68349005505
1006970,Nestle USA Inc. - Anderson,Other,IN,2027,78726.24454646702
1006970,Nestle USA Inc. - Anderson,Other,IN,2028,81090.75174234927
1006972,"SWVA, INC.",Metals,WV,2024,49756.1387715841
1006972,"SWVA, INC.",Metals,WV,2025,49257.9361392855
1006972,"SWVA, INC.",Metals,WV,2026,48764.72195401983
1006972,"SWVA, INC.",Metals,WV,2027,48276.44626702699
1006972,"SWVA, INC.",Metals,WV,2028,47793.05962967814
1006978,CITY OF GREENSBORO WHITE STREET LANDFILL,Waste,NC,2024,187566.69614320743
1006978,CITY OF GREENSBORO WHITE STREET LANDFILL,Waste,NC,2025,181369.1240204104
1006978,CITY OF GREENSBORO WHITE STREET LANDFILL,Waste,NC,2026,175376.33185592754
1006978,CITY OF GREENSBORO WHITE STREET LANDFILL,Waste,NC,2027,169581.55331763715
1006978,CITY OF GREENSBORO WHITE STREET LANDFILL,Waste,NC,2028,163978.24564632447
1006979,ADVANCED DISPOSAL OAK RIDGE LANDFILL,Waste,MO,2024,4191.570371526241
1006979,ADVANCED DISPOSAL OAK RIDGE LANDFILL,Waste,MO,2025,3837.3069603564986
1006979,ADVANCED DISPOSAL OAK RIDGE LANDFILL,Waste,MO,2026,3512.9852066968383
1006979,ADVANCED DISPOSAL OAK RIDGE LANDFILL,Waste,MO,2027,3216.074499634062
1006979,ADVANCED DISPOSAL OAK RIDGE LANDFILL,Waste,MO,2028,2944.2581105890376
1006980,"CADILLAC CASTING, INCORPORATED",Metals,MI,2024,42232.15854388437
1006980,"CADILLAC CASTING, INCORPORATED",Metals,MI,2025,41310.56141960916
1006980,"CADILLAC CASTING, INCORPORATED",Metals,MI,2026,40409.07553967373
1006980,"CADILLAC CASTING, INCORPORATED",Metals,MI,2027,39527.26203318938
1006980,"CADILLAC CASTING, INCORPORATED",Metals,MI,2028,38664.691606380395
1006983,Baytown Energy Center,Power Plants,TX,2024,1759755.3897380033
1006983,Baytown Energy Center,Power Plants,TX,2025,1761053.4462855987
1006983,Baytown Energy Center,Power Plants,TX,2026,1762352.460324679
1006983,Baytown Energy Center,Power Plants,TX,2027,1763652.4325615196
1006983,Baytown Energy Center,Power Plants,TX,2028,1764953.3637029268
1006985,Flint Hills Resources Pine Bend Refinery,Chemicals,MN,2024,4007839.38634073
1006985,Flint Hills Resources Pine Bend Refinery,Chemicals,MN,2025,4048635.6817495245
1006985,Flint Hills Resources Pine Bend Refinery,Chemicals,MN,2026,4089847.2477214946
1006985,Flint Hills Resources Pine Bend Refinery,Chemicals,MN,2027,4131478.3113473477
1006985,Flint Hills Resources Pine Bend Refinery,Chemicals,MN,2028,4173533.1427458297
1006994,Pratt Industries,Pulp and Paper,LA,2024,105438.29194652983
1006994,Pratt Industries,Pulp and Paper,LA,2025,105591.13300827667
1006994,Pratt Industries,Pulp and Paper,LA,2026,105744.19562511213
1006994,Pratt Industries,Pulp and Paper,LA,2027,105897.48011819841
1006994,Pratt Industries,Pulp and Paper,LA,2028,106050.98680916196
1007000,"Par Montana, LLC Billings Refinery",Chemicals,MT,2024,664420.5860178071
1007000,"Par Montana, LLC Billings Refinery",Chemicals,MT,2025,660614.9117260067
1007000,"Par Montana, LLC Billings Refinery",Chemicals,MT,2026,656831.0356101197
1007000,"Par Montana, LLC Billings Refinery",Chemicals,MT,2027,653068.8328143588
1007000,"Par Montana, LLC Billings Refinery",Chemicals,MT,2028,649328.1791980775
1007008,United Refining Company,Chemicals,PA,2024,643354.1985028372
1007008,United Refining Company,Chemicals,PA,2025,654854.1845946934
1007008,United Refining Company,Chemicals,PA,2026,666559.7334705024
1007008,United Refining Company,Chemicals,PA,2027,678474.5195745509
1007008,United Refining Company,Chemicals,PA,2028,690602.2830319784
1007014,SWIFT BEEF CO,Other,UT,2024,29617.284954856877
1007014,SWIFT BEEF CO,Other,UT,2025,29865.148922443896
1007014,SWIFT BEEF CO,Other,UT,2026,30115.087237714037
1007014,SWIFT BEEF CO,Other,UT,2027,30367.11726066673
1007014,SWIFT BEEF CO,Other,UT,2028,30621.25649658522
1007018,"EASTERN AREA LANDFILL, BIRMINGHAM",Waste,AL,2024,84316.78853043553
1007018,"EASTERN AREA LANDFILL, BIRMINGHAM",Waste,AL,2025,81479.88854549748
1007018,"EASTERN AREA LANDFILL, BIRMINGHAM",Waste,AL,2026,78738.4381343015
1007018,"EASTERN AREA LANDFILL, BIRMINGHAM",Waste,AL,2027,76089.22582616637
1007018,"EASTERN AREA LANDFILL, BIRMINGHAM",Waste,AL,2028,73529.14820268938
1007019,Nearman Creek,Power Plants,KS,2024,1095774.5704346648
1007019,Nearman Creek,Power Plants,KS,2025,1071222.8889113981
1007019,Nearman Creek,Power Plants,KS,2026,1047221.3069084944
1007019,Nearman Creek,Power Plants,KS,2027,1023757.499018341
1007019,Nearman Creek,Power Plants,KS,2028,1000819.415993671
1007025,Pine Bluff Energy Center,Power Plants,AR,2024,638723.2353500369
1007025,Pine Bluff Energy Center,Power Plants,AR,2025,632164.5132641838
1007025,Pine Bluff Energy Center,Power Plants,AR,2026,625673.139339504
1007025,Pine Bluff Energy Center,Power Plants,AR,2027,619248.4220121906
1007025,Pine Bluff Energy Center,Power Plants,AR,2028,612889.6768197516
1007026,BRIDGETON LANDFILL,Waste,MO,2024,4777.7890300505305
1007026,BRIDGETON LANDFILL,Waste,MO,2025,4377.866426759087
1007026,BRIDGETON LANDFILL,Waste,MO,2026,4011.419158526903
1007026,BRIDGETON LANDFILL,Waste,MO,2027,3675.645188039494
1007026,BRIDGETON LANDFILL,Waste,MO,2028,3367.977021209432
1007046,"Koch Fertilizer Ft. Dodge, LLC",Chemicals,IA,2024,951149.846665432
1007046,"Koch Fertilizer Ft. Dodge, LLC",Chemicals,IA,2025,966489.4493564663
1007046,"Koch Fertilizer Ft. Dodge, LLC",Chemicals,IA,2026,982076.4404180507
1007046,"Koch Fertilizer Ft. Dodge, LLC",Chemicals,IA,2027,997914.8095888537
1007046,"Koch Fertilizer Ft. Dodge, LLC",Chemicals,IA,2028,1014008.6109517582
1007061,WAYNE COUNTY LANDFILL,Waste,IL,2024,32165.903273739612
1007061,WAYNE COUNTY LANDFILL,Waste,IL,2025,30038.902818459355
1007061,WAYNE COUNTY LANDFILL,Waste,IL,2026,28052.552258761414
1007061,WAYNE COUNTY LANDFILL,Waste,IL,2027,26197.55098867826
1007061,WAYNE COUNTY LANDFILL,Waste,IL,2028,24465.213413515612
1007063,POET Biorefining - Groton,Other,SD,2024,81739.08689896087
1007063,POET Biorefining - Groton,Other,SD,2025,81116.38996815242
1007063,POET Biorefining - Groton,Other,SD,2026,80498.43680782575
1007063,POET Biorefining - Groton,Other,SD,2027,79885.19127944014
1007063,POET Biorefining - Groton,Other,SD,2028,79276.61751976193
1007068,GOLDEN VALLEY ELECTRIC ASSOCIATION INC - HEALY POWER PLANT,Power Plants,AK,2024,663882.499505264
1007068,GOLDEN VALLEY ELECTRIC ASSOCIATION INC - HEALY POWER PLANT,Power Plants,AK,2025,708428.7675898062
1007068,GOLDEN VALLEY ELECTRIC ASSOCIATION INC - HEALY POWER PLANT,Power Plants,AK,2026,755964.073646789
1007068,GOLDEN VALLEY ELECTRIC ASSOCIATION INC - HEALY POWER PLANT,Power Plants,AK,2027,806688.9810092319
1007068,GOLDEN VALLEY ELECTRIC ASSOCIATION INC - HEALY POWER PLANT,Power Plants,AK,2028,860817.5107349933
1007075,OUTAGAMIE COUNTY LANDFILL,Waste,WI,2024,59948.372794581745
1007075,OUTAGAMIE COUNTY LANDFILL,Waste,WI,2025,62662.896590687466
1007075,OUTAGAMIE COUNTY LANDFILL,Waste,WI,2026,65500.336807975575
1007075,OUTAGAMIE COUNTY LANDFILL,Waste,WI,2027,68466.25922804586
1007075,OUTAGAMIE COUNTY LANDFILL,Waste,WI,2028,71566.48165679662
1007080,GULFSTREAM STATION 420,Petroleum and Natural Gas Systems,FL,2024,45319.5581542282
1007080,GULFSTREAM STATION 420,Petroleum and Natural Gas Systems,FL,2025,44848.95889799848
1007080,GULFSTREAM STATION 420,Petroleum and Natural Gas Systems,FL,2026,44383.24635445919
1007080,GULFSTREAM STATION 420,Petroleum and Natural Gas Systems,FL,2027,43922.36977988207
1007080,GULFSTREAM STATION 420,Petroleum and Natural Gas Systems,FL,2028,43466.278957462215
1007098,SOUTHERN MINNESOTA BEET SUGAR COOPERATIVE,Minerals,MN,2024,543605.2067336341
1007098,SOUTHERN MINNESOTA BEET SUGAR COOPERATIVE,Minerals,MN,2025,561670.3005213309
1007098,SOUTHERN MINNESOTA BEET SUGAR COOPERATIVE,Minerals,MN,2026,580335.7336904672
1007098,SOUTHERN MINNESOTA BEET SUGAR COOPERATIVE,Minerals,MN,2027,599621.4567255066
1007098,SOUTHERN MINNESOTA BEET SUGAR COOPERATIVE,Minerals,MN,2028,619548.083105612
1007114,SPIRIT AEROSYSTEMS INC,Other,KS,2024,106042.4072403316
1007114,SPIRIT AEROSYSTEMS INC,Other,KS,2025,107107.10012241216
1007114,SPIRIT AEROSYSTEMS INC,Other,KS,2026,108182.48279325376
1007114,SPIRIT AEROSYSTEMS INC,Other,KS,2027,109268.66258106954
1007114,SPIRIT AEROSYSTEMS INC,Other,KS,2028,110365.74789167402
1007128,JOHNSON CANYON SANITARY LANDFILL,Waste,CA,2024,87657.6931010078
1007128,JOHNSON CANYON SANITARY LANDFILL,Waste,CA,2025,95249.51686202845
1007128,JOHNSON CANYON SANITARY LANDFILL,Waste,CA,2026,103498.8503746688
1007128,JOHNSON CANYON SANITARY LANDFILL,Waste,CA,2027,112462.6389905446
1007128,JOHNSON CANYON SANITARY LANDFILL,Waste,CA,2028,122202.7599623762
1007129,JERRITT CANYON MINE,Other,NV,2024,15830.471256332834
1007129,JERRITT CANYON MINE,Other,NV,2025,14292.646484153865
1007129,JERRITT CANYON MINE,Other,NV,2026,12904.2111389625
1007129,JERRITT CANYON MINE,Other,NV,2027,11650.653033610115
1007129,JERRITT CANYON MINE,Other,NV,2028,10518.869743205505
1007148,"CP KELCO US, INC.-OKMULGEE",Other,OK,2024,57880.975995561836
1007148,"CP KELCO US, INC.-OKMULGEE",Other,OK,2025,56434.61494017968
1007148,"CP KELCO US, INC.-OKMULGEE",Other,OK,2026,55024.39633517146
1007148,"CP KELCO US, INC.-OKMULGEE",Other,OK,2027,53649.41703348852
1007148,"CP KELCO US, INC.-OKMULGEE",Other,OK,2028,52308.79645640712
1007163,UNIVERSITY OF NEBRASKA MEDICAL CENTER,Other,NE,2024,33503.73917391035
1007163,UNIVERSITY OF NEBRASKA MEDICAL CENTER,Other,NE,2025,33829.59952043346
1007163,UNIVERSITY OF NEBRASKA MEDICAL CENTER,Other,NE,2026,34158.629213663975
1007163,UNIVERSITY OF NEBRASKA MEDICAL CENTER,Other,NE,2027,34490.85907894979
1007163,UNIVERSITY OF NEBRASKA MEDICAL CENTER,Other,NE,2028,34826.320241448884
1007171,West County Energy Center,Power Plants,FL,2024,6738857.294543769
1007171,West County Energy Center,Power Plants,FL,2025,6652051.995765844
1007171,West County Energy Center,Power Plants,FL,2026,6566364.862808411
1007171,West County Energy Center,Power Plants,FL,2027,6481781.492232741
1007171,West County Energy Center,Power Plants,FL,2028,6398287.666135245
1007173,PG&E COLUSA GENERATING STATION,Power Plants,CA,2024,1113953.81568001
1007173,PG&E COLUSA GENERATING STATION,Power Plants,CA,2025,1125341.355157813
1007173,PG&E COLUSA GENERATING STATION,Power Plants,CA,2026,1136845.3052565334
1007173,PG&E COLUSA GENERATING STATION,Power Plants,CA,2027,1148466.855999061
1007173,PG&E COLUSA GENERATING STATION,Power Plants,CA,2028,1160207.209573461
1007176,Hood Container Corporation,Pulp and Paper,TN,2024,132545.31816490233
1007176,Hood Container Corporation,Pulp and Paper,TN,2025,131629.18050904086
1007176,Hood Container Corporation,Pulp and Paper,TN,2026,130719.3750889461
1007176,Hood Container Corporation,Pulp and Paper,TN,2027,129815.85813695008
1007176,Hood Container Corporation,Pulp and Paper,TN,2028,128918.58618789994
1007188,MAUI ELECTRIC CO (MECO) - PALAAU GENERATING STATION,Power Plants,HI,2024,23649.160818236094
1007188,MAUI ELECTRIC CO (MECO) - PALAAU GENERATING STATION,Power Plants,HI,2025,23556.05610952847
1007188,MAUI ELECTRIC CO (MECO) - PALAAU GENERATING STATION,Power Plants,HI,2026,23463.31794603782
1007188,MAUI ELECTRIC CO (MECO) - PALAAU GENERATING STATION,Power Plants,HI,2027,23370.944884707213
1007188,MAUI ELECTRIC CO (MECO) - PALAAU GENERATING STATION,Power Plants,HI,2028,23278.93548816094
1007189,Arvah B Hopkins,Power Plants,FL,2024,696517.087879174
1007189,Arvah B Hopkins,Power Plants,FL,2025,698317.8116378674
1007189,Arvah B Hopkins,Power Plants,FL,2026,700123.1908545697
1007189,Arvah B Hopkins,Power Plants,FL,2027,701933.2375651589
1007189,Arvah B Hopkins,Power Plants,FL,2028,703747.9638366259
1007192,ALLEN COUNTY PUBLIC WORKS,Waste,KS,2024,69391.76674533742
1007192,ALLEN COUNTY PUBLIC WORKS,Waste,KS,2025,70737.56154375187
1007192,ALLEN COUNTY PUBLIC WORKS,Waste,KS,2026,72109.45689738172
1007192,ALLEN COUNTY PUBLIC WORKS,Waste,KS,2027,73507.95900448506
1007192,ALLEN COUNTY PUBLIC WORKS,Waste,KS,2028,74933.58388060823
1007193,"Constellium Rolled Products Ravenswood, LLC",Metals,WV,2024,122480.29324688973
1007193,"Constellium Rolled Products Ravenswood, LLC",Metals,WV,2025,123097.07876316128
1007193,"Constellium Rolled Products Ravenswood, LLC",Metals,WV,2026,123716.97028418648
1007193,"Constellium Rolled Products Ravenswood, LLC",Metals,WV,2027,124339.98345116567
1007193,"Constellium Rolled Products Ravenswood, LLC",Metals,WV,2028,124966.13398406409
1007202,Sioux,Power Plants,MO,2024,3497398.379043569
1007202,Sioux,Power Plants,MO,2025,3404559.475289768
1007202,Sioux,Power Plants,MO,2026,3314184.9925472634
1007202,Sioux,Power Plants,MO,2027,3226209.5124335205
1007202,Sioux,Power Plants,MO,2028,3140569.353105626
1007207,Cherokee,Power Plants,CO,2024,1400442.7424377052
1007207,Cherokee,Power Plants,CO,2025,1301250.1557215946
1007207,Cherokee,Power Plants,CO,2026,1209083.3251904955
1007207,Cherokee,Power Plants,CO,2027,1123444.620410463
1007207,Cherokee,Power Plants,CO,2028,1043871.6578366169
1007208,Alamo San Antonio Cement Plant,Minerals,TX,2024,789570.4277781483
1007208,Alamo San Antonio Cement Plant,Minerals,TX,2025,791841.1260922872
1007208,Alamo San Antonio Cement Plant,Minerals,TX,2026,794118.3546292568
1007208,Alamo San Antonio Cement Plant,Minerals,TX,2027,796402.1321690992
1007208,Alamo San Antonio Cement Plant,Minerals,TX,2028,798692.4775458653
1007212,EMERALD PARK LANDFILL LLC,Waste,WI,2024,42335.3027066512
1007212,EMERALD PARK LANDFILL LLC,Waste,WI,2025,41716.27868119497
1007212,EMERALD PARK LANDFILL LLC,Waste,WI,2026,41106.30598452566
1007212,EMERALD PARK LANDFILL LLC,Waste,WI,2027,40505.25226870621
1007212,EMERALD PARK LANDFILL LLC,Waste,WI,2028,39912.987120982216
1007216,Central Plains Cement Company,Minerals,OK,2024,489531.1529648675
1007216,Central Plains Cement Company,Minerals,OK,2025,490966.43788575585
1007216,Central Plains Cement Company,Minerals,OK,2026,492405.93100216275
1007216,Central Plains Cement Company,Minerals,OK,2027,493849.6446523412
1007216,Central Plains Cement Company,Minerals,OK,2028,495297.59121072176
1007219,ST. LUCIE COUNTY BALING AND RECYCLING FACILITY,Waste,FL,2024,57546.33319157349
1007219,ST. LUCIE COUNTY BALING AND RECYCLING FACILITY,Waste,FL,2025,58772.19591080844
1007219,ST. LUCIE COUNTY BALING AND RECYCLING FACILITY,Waste,FL,2026,60024.172186252326
1007219,ST. LUCIE COUNTY BALING AND RECYCLING FACILITY,Waste,FL,2027,61302.818293748314
1007219,ST. LUCIE COUNTY BALING AND RECYCLING FACILITY,Waste,FL,2028,62608.7023590314
1007220,CARGILL MEAT SOLUTIONS,Other,KS,2024,68385.62828213062
1007220,CARGILL MEAT SOLUTIONS,Other,KS,2025,66806.07947188606
1007220,CARGILL MEAT SOLUTIONS,Other,KS,2026,65263.01456193755
1007220,CARGILL MEAT SOLUTIONS,Other,KS,2027,63755.590859123855
1007220,CARGILL MEAT SOLUTIONS,Other,KS,2028,62282.98513453335
1007227,James H Miller Jr,Power Plants,AL,2024,18141406.480231225
1007227,James H Miller Jr,Power Plants,AL,2025,18007131.219069134
1007227,James H Miller Jr,Power Plants,AL,2026,17873849.80839921
1007227,James H Miller Jr,Power Plants,AL,2027,17741554.89214726
1007227,James H Miller Jr,Power Plants,AL,2028,17610239.168685544
1007232,Cornell University Ithaca Campus,Other,NY,2024,152002.03214036065
1007232,Cornell University Ithaca Campus,Other,NY,2025,151684.3281299959
1007232,Cornell University Ithaca Campus,Other,NY,2026,151367.28816232018
1007232,Cornell University Ithaca Campus,Other,NY,2027,151050.91084939847
1007232,Cornell University Ithaca Campus,Other,NY,2028,150735.1948061959
1007253,Air Liquide Hydrogen Plant,Chemicals,WA,2024,68155.92303255145
1007253,Air Liquide Hydrogen Plant,Chemicals,WA,2025,68607.54633391637
1007253,Air Liquide Hydrogen Plant,Chemicals,WA,2026,69062.16223808457
1007253,Air Liquide Hydrogen Plant,Chemicals,WA,2027,69519.7905750154
1007253,Air Liquide Hydrogen Plant,Chemicals,WA,2028,69980.45130606709
1007263,ALTO COLUMBIA LLC,Other,OR,2024,38470.85915633135
1007263,ALTO COLUMBIA LLC,Other,OR,2025,38577.82132902144
1007263,ALTO COLUMBIA LLC,Other,OR,2026,38685.08089320816
1007263,ALTO COLUMBIA LLC,Other,OR,2027,38792.63867574208
1007263,ALTO COLUMBIA LLC,Other,OR,2028,38900.4955057721
1007273,Ahlstrom Mosinee LLC,Pulp and Paper,WI,2024,209721.69173379784
1007273,Ahlstrom Mosinee LLC,Pulp and Paper,WI,2025,212536.7292993223
1007273,Ahlstrom Mosinee LLC,Pulp and Paper,WI,2026,215389.55235298412
1007273,Ahlstrom Mosinee LLC,Pulp and Paper,WI,2027,218280.6680791756
1007273,Ahlstrom Mosinee LLC,Pulp and Paper,WI,2028,221210.59047008652
1007277,PRINGLES MANUFACTURING COMPANY,Other,TN,2024,70540.63826893616
1007277,PRINGLES MANUFACTURING COMPANY,Other,TN,2025,72117.58955150626
1007277,PRINGLES MANUFACTURING COMPANY,Other,TN,2026,73729.7939223474
1007277,PRINGLES MANUFACTURING COMPANY,Other,TN,2027,75378.03947190141
1007277,PRINGLES MANUFACTURING COMPANY,Other,TN,2028,77063.13190854258
1007287,Indiana Harbor Coke Company,Metals,IN,2024,1118468.5432695292
1007287,Indiana Harbor Coke Company,Metals,IN,2025,1124150.4000301384
1007287,Indiana Harbor Coke Company,Metals,IN,2026,1129861.1208088216
1007287,Indiana Harbor Coke Company,Metals,IN,2027,1135600.8522357321
1007287,Indiana Harbor Coke Company,Metals,IN,2028,1141369.7416859132
1007288,"Neptune, GC-613",Petroleum and Natural Gas Systems,LA,2024,47757.14628364737
1007288,"Neptune, GC-613",Petroleum and Natural Gas Systems,LA,2025,47165.729385349456
1007288,"Neptune, GC-613",Petroleum and Natural Gas Systems,LA,2026,46581.636499786866
1007288,"Neptune, GC-613",Petroleum and Natural Gas Systems,LA,2027,46004.77692755187
1007288,"Neptune, GC-613",Petroleum and Natural Gas Systems,LA,2028,45435.06109244343
1007293,Sowega Power Project,Power Plants,GA,2024,41182.349998815436
1007293,Sowega Power Project,Power Plants,GA,2025,40835.29287647194
1007293,Sowega Power Project,Power Plants,GA,2026,40491.160517920944
1007293,Sowega Power Project,Power Plants,GA,2027,40149.92827522225
1007293,Sowega Power Project,Power Plants,GA,2028,39811.57170815165
1007298,Middlesex County Landfill,Waste,NJ,2024,101357.14233405105
1007298,Middlesex County Landfill,Waste,NJ,2025,92288.38928404074
1007298,Middlesex County Landfill,Waste,NJ,2026,84031.04705312218
1007298,Middlesex County Landfill,Waste,NJ,2027,76512.51607730807
1007298,Middlesex County Landfill,Waste,NJ,2028,69666.69251163193
1007303,Cottonwood Energy Project,Power Plants,TX,2024,2491906.40610264
1007303,Cottonwood Energy Project,Power Plants,TX,2025,2507034.688719866
1007303,Cottonwood Energy Project,Power Plants,TX,2026,2522254.8146480597
1007303,Cottonwood Energy Project,Power Plants,TX,2027,2537567.341464961
1007303,Cottonwood Energy Project,Power Plants,TX,2028,2552972.830133364
1007307,Milford Power Company LLC,Power Plants,CT,2024,1355682.5511050962
1007307,Milford Power Company LLC,Power Plants,CT,2025,1358044.2945228736
1007307,Milford Power Company LLC,Power Plants,CT,2026,1360410.1523492688
1007307,Milford Power Company LLC,Power Plants,CT,2027,1362780.1317520202
1007307,Milford Power Company LLC,Power Plants,CT,2028,1365154.2399113525
1007308,Rockgen Energy Center,Power Plants,WI,2024,443598.01119341445
1007308,Rockgen Energy Center,Power Plants,WI,2025,500399.86191248364
1007308,Rockgen Energy Center,Power Plants,WI,2026,564475.0776235007
1007308,Rockgen Energy Center,Power Plants,WI,2027,636754.9983732471
1007308,Rockgen Energy Center,Power Plants,WI,2028,718290.2204652344
1007323,Channelview Cogeneration Facility,Power Plants,TX,2024,2898269.011075731
1007323,Channelview Cogeneration Facility,Power Plants,TX,2025,2887062.9721504017
1007323,Channelview Cogeneration Facility,Power Plants,TX,2026,2875900.2609175392
1007323,Channelview Cogeneration Facility,Power Plants,TX,2027,2864780.7098523816
1007323,Channelview Cogeneration Facility,Power Plants,TX,2028,2853704.1520779114
1007325,"Emery Oleochemicals, LLC",Chemicals,OH,2024,164494.02441867455
1007325,"Emery Oleochemicals, LLC",Chemicals,OH,2025,161294.27671971795
1007325,"Emery Oleochemicals, LLC",Chemicals,OH,2026,158156.77070627618
1007325,"Emery Oleochemicals, LLC",Chemicals,OH,2027,155080.2956493238
1007325,"Emery Oleochemicals, LLC",Chemicals,OH,2028,152063.66437100735
1007328,Hobbs Generating Station,Power Plants,NM,2024,1590458.9498236876
1007328,Hobbs Generating Station,Power Plants,NM,2025,1620571.0029933734
1007328,Hobbs Generating Station,Power Plants,NM,2026,1651253.1656564162
1007328,Hobbs Generating Station,Power Plants,NM,2027,1682516.231657815
1007328,Hobbs Generating Station,Power Plants,NM,2028,1714371.1992017152
1007330,Linden Generating Station,Power Plants,NJ,2024,1671231.461538156
1007330,Linden Generating Station,Power Plants,NJ,2025,1626204.0487975355
1007330,Linden Generating Station,Power Plants,NJ,2026,1582389.794105204
1007330,Linden Generating Station,Power Plants,NJ,2027,1539756.0117623692
1007330,Linden Generating Station,Power Plants,NJ,2028,1498270.8967097448
1007333,AGC FLAT GLASS N AMERICA INC,Minerals,KY,2024,93227.94751983482
1007333,AGC FLAT GLASS N AMERICA INC,Minerals,KY,2025,91771.29014124058
1007333,AGC FLAT GLASS N AMERICA INC,Minerals,KY,2026,90337.39257636164
1007333,AGC FLAT GLASS N AMERICA INC,Minerals,KY,2027,88925.89921026195
1007333,AGC FLAT GLASS N AMERICA INC,Minerals,KY,2028,87536.45998437749
1007339,BP Whiting Business Unit,Chemicals,IN,2024,4992351.284483905
1007339,BP Whiting Business Unit,Chemicals,IN,2025,5034434.801432604
1007339,BP Whiting Business Unit,Chemicals,IN,2026,5076873.065533066
1007339,BP Whiting Business Unit,Chemicals,IN,2027,5119669.067161363
1007339,BP Whiting Business Unit,Chemicals,IN,2028,5162825.821901207
1007341,ANCHORAGE REGIONAL LANDFILL,Waste,AK,2024,146406.2958520478
1007341,ANCHORAGE REGIONAL LANDFILL,Waste,AK,2025,133157.80277686243
1007341,ANCHORAGE REGIONAL LANDFILL,Waste,AK,2026,121108.18279481631
1007341,ANCHORAGE REGIONAL LANDFILL,Waste,AK,2027,110148.94834545323
1007341,ANCHORAGE REGIONAL LANDFILL,Waste,AK,2028,100181.429046499
1007348,Optimus Steel LLC,Metals,TX,2024,90540.0738328864
1007348,Optimus Steel LLC,Metals,TX,2025,91806.10385375735
1007348,Optimus Steel LLC,Metals,TX,2026,93089.8368866302
1007348,Optimus Steel LLC,Metals,TX,2027,94391.52047431943
1007348,Optimus Steel LLC,Metals,TX,2028,95711.40562105236
1007355,University of South Carolina,Power Plants,SC,2024,36973.032291572956
1007355,University of South Carolina,Power Plants,SC,2025,37386.41614864569
1007355,University of South Carolina,Power Plants,SC,2026,37804.42192073849
1007355,University of South Carolina,Power Plants,SC,2027,38227.101284031116
1007355,University of South Carolina,Power Plants,SC,2028,38654.506492478264
1007370,Daniel Electric Generating Plant,Power Plants,MS,2024,5750615.142960655
1007370,Daniel Electric Generating Plant,Power Plants,MS,2025,5791912.222593226
1007370,Daniel Electric Generating Plant,Power Plants,MS,2026,5833505.870287456
1007370,Daniel Electric Generating Plant,Power Plants,MS,2027,5875398.215797174
1007370,Daniel Electric Generating Plant,Power Plants,MS,2028,5917591.404170753
1007376,J K Spruce,Power Plants,TX,2024,5810801.7149015805
1007376,J K Spruce,Power Plants,TX,2025,5684854.30937554
1007376,J K Spruce,Power Plants,TX,2026,5561636.7765481435
1007376,J K Spruce,Power Plants,TX,2027,5441089.947237453
1007376,J K Spruce,Power Plants,TX,2028,5323155.934736051
1007383,Fountain Valley Power Plant,Power Plants,CO,2024,46126.124071653314
1007383,Fountain Valley Power Plant,Power Plants,CO,2025,42173.426041554856
1007383,Fountain Valley Power Plant,Power Plants,CO,2026,38559.44759892642
1007383,Fountain Valley Power Plant,Power Plants,CO,2027,35255.16275745138
1007383,Fountain Valley Power Plant,Power Plants,CO,2028,32234.03286226
1007393,"HYUNDAI MOTOR MANUFACTURING ALABAMA, LLC",Import and Export of Equipment Containing Fluorintaed GHGs,AL,2024,27748.514318548947
1007393,"HYUNDAI MOTOR MANUFACTURING ALABAMA, LLC",Import and Export of Equipment Containing Fluorintaed GHGs,AL,2025,27383.136471201113
1007393,"HYUNDAI MOTOR MANUFACTURING ALABAMA, LLC",Import and Export of Equipment Containing Fluorintaed GHGs,AL,2026,27022.569727244114
1007393,"HYUNDAI MOTOR MANUFACTURING ALABAMA, LLC",Import and Export of Equipment Containing Fluorintaed GHGs,AL,2027,26666.750736598296
1007393,"HYUNDAI MOTOR MANUFACTURING ALABAMA, LLC",Import and Export of Equipment Containing Fluorintaed GHGs,AL,2028,26315.61698334402
1007394,COLUMBIA GULF TRANSMISSION LLC - RAYNE COMPRESSOR STATION,Petroleum and Natural Gas Systems,LA,2024,107887.87251135295
1007394,COLUMBIA GULF TRANSMISSION LLC - RAYNE COMPRESSOR STATION,Petroleum and Natural Gas Systems,LA,2025,117650.94479672026
1007394,COLUMBIA GULF TRANSMISSION LLC - RAYNE COMPRESSOR STATION,Petroleum and Natural Gas Systems,LA,2026,128297.50452354469
1007394,COLUMBIA GULF TRANSMISSION LLC - RAYNE COMPRESSOR STATION,Petroleum and Natural Gas Systems,LA,2027,139907.50091645526
1007394,COLUMBIA GULF TRANSMISSION LLC - RAYNE COMPRESSOR STATION,Petroleum and Natural Gas Systems,LA,2028,152568.11802676748
1007396,Venice Gas Plant,Petroleum and Natural Gas Systems,LA,2024,181208.8452289612
1007396,Venice Gas Plant,Petroleum and Natural Gas Systems,LA,2025,178856.0417594701
1007396,Venice Gas Plant,Petroleum and Natural Gas Systems,LA,2026,176533.78693212202
1007396,Venice Gas Plant,Petroleum and Natural Gas Systems,LA,2027,174241.68410540017
1007396,Venice Gas Plant,Petroleum and Natural Gas Systems,LA,2028,171979.34178775465
1007402,Bunge,Other,IA,2024,110001.4970691154
1007402,Bunge,Other,IA,2025,111537.49338671705
1007402,Bunge,Other,IA,2026,113094.93745503614
1007402,Bunge,Other,IA,2027,114674.12875787065
1007402,Bunge,Other,IA,2028,116275.37096083403
1007404,AMERICAN GYPSUM COMPANY,Minerals,CO,2024,77956.32188642156
1007404,AMERICAN GYPSUM COMPANY,Minerals,CO,2025,81196.91399519984
1007404,AMERICAN GYPSUM COMPANY,Minerals,CO,2026,84572.21534835186
1007404,AMERICAN GYPSUM COMPANY,Minerals,CO,2027,88087.82571897807
1007404,AMERICAN GYPSUM COMPANY,Minerals,CO,2028,91749.57765899715
1007411,PG&E HUMBOLDT BAY,Power Plants,CA,2024,213306.39607887162
1007411,PG&E HUMBOLDT BAY,Power Plants,CA,2025,215989.73699882842
1007411,PG&E HUMBOLDT BAY,Power Plants,CA,2026,218706.83367400392
1007411,PG&E HUMBOLDT BAY,Power Plants,CA,2027,221458.11074332573
1007411,PG&E HUMBOLDT BAY,Power Plants,CA,2028,224243.99818757316
1007424,Landers Sanitary Landfill,Waste,CA,2024,45673.629980442085
1007424,Landers Sanitary Landfill,Waste,CA,2025,46321.02657488207
1007424,Landers Sanitary Landfill,Waste,CA,2026,46977.59963177262
1007424,Landers Sanitary Landfill,Waste,CA,2027,47643.47922202199
1007424,Landers Sanitary Landfill,Waste,CA,2028,48318.79726021648
1007429,Coal Creek,Power Plants,ND,2024,8295897.831979274
1007429,Coal Creek,Power Plants,ND,2025,8238853.156348199
1007429,Coal Creek,Power Plants,ND,2026,8182200.734224069
1007429,Coal Creek,Power Plants,ND,2027,8125937.868373321
1007429,Coal Creek,Power Plants,ND,2028,8070061.880109248
1007437,"EPNG Station 6794 Williams, AZ",Petroleum and Natural Gas Systems,AZ,2024,86286.86423759602
1007437,"EPNG Station 6794 Williams, AZ",Petroleum and Natural Gas Systems,AZ,2025,88494.51123171394
1007437,"EPNG Station 6794 Williams, AZ",Petroleum and Natural Gas Systems,AZ,2026,90758.64081207139
1007437,"EPNG Station 6794 Williams, AZ",Petroleum and Natural Gas Systems,AZ,2027,93080.69808404849
1007437,"EPNG Station 6794 Williams, AZ",Petroleum and Natural Gas Systems,AZ,2028,95462.16512600544
1007438,Eastman Chemical - Texas Operations,Chemicals,TX,2024,2148496.9879632513
1007438,Eastman Chemical - Texas Operations,Chemicals,TX,2025,2145644.9376489986
1007438,Eastman Chemical - Texas Operations,Chemicals,TX,2026,2142796.6733260835
1007438,Eastman Chemical - Texas Operations,Chemicals,TX,2027,2139952.189968755
1007438,Eastman Chemical - Texas Operations,Chemicals,TX,2028,2137111.4825579054
1007440,Matlock Bend Landfill,Waste,TN,2024,171960.1532953048
1007440,Matlock Bend Landfill,Waste,TN,2025,177954.55853146248
1007440,Matlock Bend Landfill,Waste,TN,2026,184157.9243520735
1007440,Matlock Bend Landfill,Waste,TN,2027,190577.53497035583
1007440,Matlock Bend Landfill,Waste,TN,2028,197220.92852187526
1007457,Lagoon Creek,Power Plants,TN,2024,1305720.9911478865
1007457,Lagoon Creek,Power Plants,TN,2025,1326488.2977274032
1007457,Lagoon Creek,Power Plants,TN,2026,1347585.9053631881
1007457,Lagoon Creek,Power Plants,TN,2027,1369019.0674465464
1007457,Lagoon Creek,Power Plants,TN,2028,1390793.1209232179
1007469,PG&E GATEWAY GENERATING STATION,Power Plants,CA,2024,1131355.855917772
1007469,PG&E GATEWAY GENERATING STATION,Power Plants,CA,2025,1128896.6261050242
1007469,PG&E GATEWAY GENERATING STATION,Power Plants,CA,2026,1126442.74192357
1007469,PG&E GATEWAY GENERATING STATION,Power Plants,CA,2027,1123994.1917536065
1007469,PG&E GATEWAY GENERATING STATION,Power Plants,CA,2028,1121550.9640005883
1007504,Martin Lake,Power Plants,TX,2024,12117007.829340173
1007504,Martin Lake,Power Plants,TX,2025,11914436.751694508
1007504,Martin Lake,Power Plants,TX,2026,11715252.239616513
1007504,Martin Lake,Power Plants,TX,2027,11519397.676799115
1007504,Martin Lake,Power Plants,TX,2028,11326817.393441714
1007505,Oak Grove,Power Plants,TX,2024,12481315.801783927
1007505,Oak Grove,Power Plants,TX,2025,12541393.4437721
1007505,Oak Grove,Power Plants,TX,2026,12601760.263850482
1007505,Oak Grove,Power Plants,TX,2027,12662417.65395071
1007505,Oak Grove,Power Plants,TX,2028,12723367.01270422
1007506,PHILLIPS 66 BILLINGS REFINERY,Chemicals,MT,2024,948665.2966547132
1007506,PHILLIPS 66 BILLINGS REFINERY,Chemicals,MT,2025,962043.522357868
1007506,PHILLIPS 66 BILLINGS REFINERY,Chemicals,MT,2026,975610.4098826287
1007506,PHILLIPS 66 BILLINGS REFINERY,Chemicals,MT,2027,989368.6197673818
1007506,PHILLIPS 66 BILLINGS REFINERY,Chemicals,MT,2028,1003320.8500698262
1007511,"SABIC INNOVATIVE PLASTICS MT. VERNON, LLC",Other,IN,2024,544404.4463503348
1007511,"SABIC INNOVATIVE PLASTICS MT. VERNON, LLC",Other,IN,2025,532398.127020221
1007511,"SABIC INNOVATIVE PLASTICS MT. VERNON, LLC",Other,IN,2026,520656.5955786395
1007511,"SABIC INNOVATIVE PLASTICS MT. VERNON, LLC",Other,IN,2027,509174.0123819837
1007511,"SABIC INNOVATIVE PLASTICS MT. VERNON, LLC",Other,IN,2028,497944.6665744012
1007514,ABBVIE LTD.,Chemicals,PR,2024,59470.24320088729
1007514,ABBVIE LTD.,Chemicals,PR,2025,56528.28044720894
1007514,ABBVIE LTD.,Chemicals,PR,2026,53731.85509809075
1007514,ABBVIE LTD.,Chemicals,PR,2027,51073.767491980856
1007514,ABBVIE LTD.,Chemicals,PR,2028,48547.17413092992
1007518,WRB Refining LP Wood River Refinery,Chemicals,IL,2024,4055431.725945248
1007518,WRB Refining LP Wood River Refinery,Chemicals,IL,2025,4065598.8201532643
1007518,WRB Refining LP Wood River Refinery,Chemicals,IL,2026,4075791.40358453
1007518,WRB Refining LP Wood River Refinery,Chemicals,IL,2027,4086009.5401413324
1007518,WRB Refining LP Wood River Refinery,Chemicals,IL,2028,4096253.293886135
1007520,NATIONAL SERV-ALL LANDFILL,Waste,IN,2024,71201.0256148118
1007520,NATIONAL SERV-ALL LANDFILL,Waste,IN,2025,67730.25412913327
1007520,NATIONAL SERV-ALL LANDFILL,Waste,IN,2026,64428.66917696014
1007520,NATIONAL SERV-ALL LANDFILL,Waste,IN,2027,61288.02357658145
1007520,NATIONAL SERV-ALL LANDFILL,Waste,IN,2028,58300.47216413464
1007525,"POET Biorefining - North Manchester, LLC",Other,IN,2024,125582.44983240629
1007525,"POET Biorefining - North Manchester, LLC",Other,IN,2025,128219.28121469387
1007525,"POET Biorefining - North Manchester, LLC",Other,IN,2026,130911.47765593592
1007525,"POET Biorefining - North Manchester, LLC",Other,IN,2027,133660.20164599593
1007525,"POET Biorefining - North Manchester, LLC",Other,IN,2028,136466.6400833205
1007526,Coeur Alaska Inc Kensington Gold Mine,Other,AK,2024,48054.14307597721
1007526,Coeur Alaska Inc Kensington Gold Mine,Other,AK,2025,49973.38325192125
1007526,Coeur Alaska Inc Kensington Gold Mine,Other,AK,2026,51969.27619112713
1007526,Coeur Alaska Inc Kensington Gold Mine,Other,AK,2027,54044.88333748794
1007526,Coeur Alaska Inc Kensington Gold Mine,Other,AK,2028,56203.38840627064
1007527,ON Semiconductor,Other,OR,2024,149860.48267674254
1007527,ON Semiconductor,Other,OR,2025,154550.78268215497
1007527,ON Semiconductor,Other,OR,2026,159387.87865237246
1007527,ON Semiconductor,Other,OR,2027,164376.36497480358
1007527,ON Semiconductor,Other,OR,2028,169520.9798309694
1007539,ECO SERVICES DOMINGUEZ,Chemicals,CA,2024,35850.46775020705
1007539,ECO SERVICES DOMINGUEZ,Chemicals,CA,2025,36057.37523208235
1007539,ECO SERVICES DOMINGUEZ,Chemicals,CA,2026,36265.47686033113
1007539,ECO SERVICES DOMINGUEZ,Chemicals,CA,2027,36474.7795268531
1007539,ECO SERVICES DOMINGUEZ,Chemicals,CA,2028,36685.29016332338
1007540,NEVADA GOLD MINES LLC - CARLIN SOUTH AREA,Other,NV,2024,85007.31144427053
1007540,NEVADA GOLD MINES LLC - CARLIN SOUTH AREA,Other,NV,2025,85652.68395340326
1007540,NEVADA GOLD MINES LLC - CARLIN SOUTH AREA,Other,NV,2026,86302.9561078542
1007540,NEVADA GOLD MINES LLC - CARLIN SOUTH AREA,Other,NV,2027,86958.16510555803
1007540,NEVADA GOLD MINES LLC - CARLIN SOUTH AREA,Other,NV,2028,87618.34842685408
1007543,Lone Cactus Landfill,Waste,AZ,2024,58230.75510240285
1007543,Lone Cactus Landfill,Waste,AZ,2025,56175.92144447136
1007543,Lone Cactus Landfill,Waste,AZ,2026,54193.598289870075
1007543,Lone Cactus Landfill,Waste,AZ,2027,52281.226904429306
1007543,Lone Cactus Landfill,Waste,AZ,2028,50436.33884600978
1007546,NNSWC LANDFILL,Waste,NE,2024,85627.1437640416
1007546,NNSWC LANDFILL,Waste,NE,2025,88742.9037085493
1007546,NNSWC LANDFILL,Waste,NE,2026,91972.03844993844
1007546,NNSWC LANDFILL,Waste,NE,2027,95318.67341661103
1007546,NNSWC LANDFILL,Waste,NE,2028,98787.08415110299
1007548,FIRESTONE POLYMERS - LAKE CHARLES FACILITY,Other,LA,2024,91418.1079721433
1007548,FIRESTONE POLYMERS - LAKE CHARLES FACILITY,Other,LA,2025,91100.04321744233
1007548,FIRESTONE POLYMERS - LAKE CHARLES FACILITY,Other,LA,2026,90783.0850836333
1007548,FIRESTONE POLYMERS - LAKE CHARLES FACILITY,Other,LA,2027,90467.22972052616
1007548,FIRESTONE POLYMERS - LAKE CHARLES FACILITY,Other,LA,2028,90152.47329132595
1007552,ASH GROVE CEMENT COMPANY-Louisville,Minerals,NE,2024,636593.7899085907
1007552,ASH GROVE CEMENT COMPANY-Louisville,Minerals,NE,2025,629740.8934021123
1007552,ASH GROVE CEMENT COMPANY-Louisville,Minerals,NE,2026,622961.7679428421
1007552,ASH GROVE CEMENT COMPANY-Louisville,Minerals,NE,2027,616255.6193895894
1007552,ASH GROVE CEMENT COMPANY-Louisville,Minerals,NE,2028,609621.6621500459
1007554,BUTLER COUNTY LANDFILL,Waste,KS,2024,52297.24930180912
1007554,BUTLER COUNTY LANDFILL,Waste,KS,2025,52861.51984141366
1007554,BUTLER COUNTY LANDFILL,Waste,KS,2026,53431.87867908581
1007554,BUTLER COUNTY LANDFILL,Waste,KS,2027,54008.3915056082
1007554,BUTLER COUNTY LANDFILL,Waste,KS,2028,54591.124720545915
1007561,WYOMING SUGAR CO,Minerals,WY,2024,38802.05347847158
1007561,WYOMING SUGAR CO,Minerals,WY,2025,40131.979016465506
1007561,WYOMING SUGAR CO,Minerals,WY,2026,41507.48724346822
1007561,WYOMING SUGAR CO,Minerals,WY,2027,42930.1404887062
1007561,WYOMING SUGAR CO,Minerals,WY,2028,44401.554629642706
1007562,LYONDELL CHEMICAL CHANNELVIEW,Chemicals,TX,2024,371343.3499687501
1007562,LYONDELL CHEMICAL CHANNELVIEW,Chemicals,TX,2025,377969.8297891347
1007562,LYONDELL CHEMICAL CHANNELVIEW,Chemicals,TX,2026,384714.5566033409
1007562,LYONDELL CHEMICAL CHANNELVIEW,Chemicals,TX,2027,391579.6404836764
1007562,LYONDELL CHEMICAL CHANNELVIEW,Chemicals,TX,2028,398567.2291558753
1007563,HOLCIM (US) INC STE GENEVIEVE PLANT,Minerals,MO,2024,3011482.5337638482
1007563,HOLCIM (US) INC STE GENEVIEVE PLANT,Minerals,MO,2025,3042278.050241244
1007563,HOLCIM (US) INC STE GENEVIEVE PLANT,Minerals,MO,2026,3073388.4826527336
1007563,HOLCIM (US) INC STE GENEVIEVE PLANT,Minerals,MO,2027,3104817.0513386955
1007563,HOLCIM (US) INC STE GENEVIEVE PLANT,Minerals,MO,2028,3136567.0095708286
1007565,THE ANDERSONS MARATHON HOLDINGS LLC,Other,IA,2024,77360.82055447008
1007565,THE ANDERSONS MARATHON HOLDINGS LLC,Other,IA,2025,76843.84944713848
1007565,THE ANDERSONS MARATHON HOLDINGS LLC,Other,IA,2026,76330.33304884292
1007565,THE ANDERSONS MARATHON HOLDINGS LLC,Other,IA,2027,75820.24827315901
1007565,THE ANDERSONS MARATHON HOLDINGS LLC,Other,IA,2028,75313.57218793908
1007571,"Darling In, Ingredients - Fayetteville",Other,NC,2024,73588.36015830052
1007571,"Darling In, Ingredients - Fayetteville",Other,NC,2025,75641.28739208831
1007571,"Darling In, Ingredients - Fayetteville",Other,NC,2026,77751.4860505709
1007571,"Darling In, Ingredients - Fayetteville",Other,NC,2027,79920.55386017183
1007571,"Darling In, Ingredients - Fayetteville",Other,NC,2028,82150.13311979927
1007579,COSHOCTON LANDFILL INC *,Waste,OH,2024,15150.599543719922
1007579,COSHOCTON LANDFILL INC *,Waste,OH,2025,14263.416487465063
1007579,COSHOCTON LANDFILL INC *,Waste,OH,2026,13428.184759805117
1007579,COSHOCTON LANDFILL INC *,Waste,OH,2027,12641.862214563205
1007579,COSHOCTON LANDFILL INC *,Waste,OH,2028,11901.584846403344
1007581,OAK RIDGE RECYCLING & DISPOSAL FACILITY,Waste,IN,2024,17497.149468290234
1007581,OAK RIDGE RECYCLING & DISPOSAL FACILITY,Waste,IN,2025,16349.446635240423
1007581,OAK RIDGE RECYCLING & DISPOSAL FACILITY,Waste,IN,2026,15277.02588144462
1007581,OAK RIDGE RECYCLING & DISPOSAL FACILITY,Waste,IN,2027,14274.949176522803
1007581,OAK RIDGE RECYCLING & DISPOSAL FACILITY,Waste,IN,2028,13338.60239379524
1007585,MONROEVILLE LDFL,Waste,PA,2024,26138.720196520855
1007585,MONROEVILLE LDFL,Waste,PA,2025,25605.521165889397
1007585,MONROEVILLE LDFL,Waste,PA,2026,25083.19876594716
1007585,MONROEVILLE LDFL,Waste,PA,2027,24571.531126269863
1007585,MONROEVILLE LDFL,Waste,PA,2028,24070.300902327926
1007593,HUNTINGTON ALLOYS CORPORATION,Metals,WV,2024,80744.84145647316
1007593,HUNTINGTON ALLOYS CORPORATION,Metals,WV,2025,79147.71994191608
1007593,HUNTINGTON ALLOYS CORPORATION,Metals,WV,2026,77582.18926444811
1007593,HUNTINGTON ALLOYS CORPORATION,Metals,WV,2027,76047.62456179145
1007593,HUNTINGTON ALLOYS CORPORATION,Metals,WV,2028,74543.41333135536
1007597,Platte,Power Plants,NE,2024,487401.8608962186
1007597,Platte,Power Plants,NE,2025,478052.5785513696
1007597,Platte,Power Plants,NE,2026,468882.63298665383
1007597,Platte,Power Plants,NE,2027,459888.5841860853
1007597,Platte,Power Plants,NE,2028,451067.0581196428
1007605,BROOKS LANDFILL,Waste,KS,2024,190396.2510286491
1007605,BROOKS LANDFILL,Waste,KS,2025,192984.87244954266
1007605,BROOKS LANDFILL,Waste,KS,2026,195608.68868558886
1007605,BROOKS LANDFILL,Waste,KS,2027,198268.17824438427
1007605,BROOKS LANDFILL,Waste,KS,2028,200963.82613929856
1007614,Shannon Road Landfill,Waste,AR,2024,17186.478160806295
1007614,Shannon Road Landfill,Waste,AR,2025,16144.788996987281
1007614,Shannon Road Landfill,Waste,AR,2026,15166.23762695388
1007614,Shannon Road Landfill,Waste,AR,2027,14246.997207591496
1007614,Shannon Road Landfill,Waste,AR,2028,13383.472844470229
1007617,"WASTE MANAGEMENT OF NEW YORK, LLC",Waste,NY,2024,42962.04509249328
1007617,"WASTE MANAGEMENT OF NEW YORK, LLC",Waste,NY,2025,41575.74710197527
1007617,"WASTE MANAGEMENT OF NEW YORK, LLC",Waste,NY,2026,40234.18213369537
1007617,"WASTE MANAGEMENT OF NEW YORK, LLC",Waste,NY,2027,38935.906743825246
1007617,"WASTE MANAGEMENT OF NEW YORK, LLC",Waste,NY,2028,37679.52406553905
1007625,CHALMETTE REFINING LLC - CHALMETTE REFINERY,Petroleum Product Suppliers,LA,2024,1523272.525802035
1007625,CHALMETTE REFINING LLC - CHALMETTE REFINERY,Petroleum Product Suppliers,LA,2025,1519550.2126409628
1007625,CHALMETTE REFINING LLC - CHALMETTE REFINERY,Petroleum Product Suppliers,LA,2026,1515836.995432867
1007625,CHALMETTE REFINING LLC - CHALMETTE REFINERY,Petroleum Product Suppliers,LA,2027,1512132.851950612
1007625,CHALMETTE REFINING LLC - CHALMETTE REFINERY,Petroleum Product Suppliers,LA,2028,1508437.760021384
1007636,S & S GRADING INC LANDFILL,Waste,WV,2024,57295.577034992064
1007636,S & S GRADING INC LANDFILL,Waste,WV,2025,55464.97618579214
1007636,S & S GRADING INC LANDFILL,Waste,WV,2026,53692.86326258081
1007636,S & S GRADING INC LANDFILL,Waste,WV,2027,51977.36956881066
1007636,S & S GRADING INC LANDFILL,Waste,WV,2028,50316.68611302266
1007638,TWIN BRIDGES RDF,Waste,IN,2024,90069.96942894427
1007638,TWIN BRIDGES RDF,Waste,IN,2025,90477.74120393344
1007638,TWIN BRIDGES RDF,Waste,IN,2026,90887.35907503581
1007638,TWIN BRIDGES RDF,Waste,IN,2027,91298.83140004135
1007638,TWIN BRIDGES RDF,Waste,IN,2028,91712.16657457809
1007639,Cumberland,Power Plants,TN,2024,8334567.924316029
1007639,Cumberland,Power Plants,TN,2025,8036412.322953214
1007639,Cumberland,Power Plants,TN,2026,7748922.752922949
1007639,Cumberland,Power Plants,TN,2027,7471717.6543153515
1007639,Cumberland,Power Plants,TN,2028,7204429.116905252
1007642,NUCOR-YAMATO STEEL CO,Metals,AR,2024,371555.02542753663
1007642,NUCOR-YAMATO STEEL CO,Metals,AR,2025,364305.974515963
1007642,NUCOR-YAMATO STEEL CO,Metals,AR,2026,357198.35282892454
1007642,NUCOR-YAMATO STEEL CO,Metals,AR,2027,350229.4010775443
1007642,NUCOR-YAMATO STEEL CO,Metals,AR,2028,343396.4138067627
1007643,EXXONMOBIL BATON ROUGE REFINERY AND CHEMICAL PLANT,Chemicals,LA,2024,5838181.07231769
1007643,EXXONMOBIL BATON ROUGE REFINERY AND CHEMICAL PLANT,Chemicals,LA,2025,5810816.293279141
1007643,EXXONMOBIL BATON ROUGE REFINERY AND CHEMICAL PLANT,Chemicals,LA,2026,5783579.778698723
1007643,EXXONMOBIL BATON ROUGE REFINERY AND CHEMICAL PLANT,Chemicals,LA,2027,5756470.927374062
1007643,EXXONMOBIL BATON ROUGE REFINERY AND CHEMICAL PLANT,Chemicals,LA,2028,5729489.140920675
1007645,ALLIANCE SANI LDFL,Waste,PA,2024,48020.839010014664
1007645,ALLIANCE SANI LDFL,Waste,PA,2025,47869.38248780363
1007645,ALLIANCE SANI LDFL,Waste,PA,2026,47718.4036556661
1007645,ALLIANCE SANI LDFL,Waste,PA,2027,47567.901006979635
1007645,ALLIANCE SANI LDFL,Waste,PA,2028,47417.873039873666
1007647,NORTHWEST SANI LDFL,Waste,PA,2024,5382.663960550012
1007647,NORTHWEST SANI LDFL,Waste,PA,2025,4865.8581906701675
1007647,NORTHWEST SANI LDFL,Waste,PA,2026,4398.672498457925
1007647,NORTHWEST SANI LDFL,Waste,PA,2027,3976.342710888841
1007647,NORTHWEST SANI LDFL,Waste,PA,2028,3594.5620775317784
1007651,DICALITE MINERALS LLC,Other,CA,2024,28164.72096194023
1007651,DICALITE MINERALS LLC,Other,CA,2025,28135.902253413526
1007651,DICALITE MINERALS LLC,Other,CA,2026,28107.11303276861
1007651,DICALITE MINERALS LLC,Other,CA,2027,28078.353269832955
1007651,DICALITE MINERALS LLC,Other,CA,2028,28049.622934464627
1007652,MOHAWK VALLEY SANITARY LANDFILL,Waste,NY,2024,12807.773440145273
1007652,MOHAWK VALLEY SANITARY LANDFILL,Waste,NY,2025,12032.614283032093
1007652,MOHAWK VALLEY SANITARY LANDFILL,Waste,NY,2026,11304.369737710318
1007652,MOHAWK VALLEY SANITARY LANDFILL,Waste,NY,2027,10620.20041206367
1007652,MOHAWK VALLEY SANITARY LANDFILL,Waste,NY,2028,9977.438761238067
1007657,Hatters Pond Gas Plant,Natural Gas and Natural Gas Liquids Suppliers,AL,2024,51496.03281187857
1007657,Hatters Pond Gas Plant,Natural Gas and Natural Gas Liquids Suppliers,AL,2025,50011.514018926326
1007657,Hatters Pond Gas Plant,Natural Gas and Natural Gas Liquids Suppliers,AL,2026,48569.790678871876
1007657,Hatters Pond Gas Plant,Natural Gas and Natural Gas Liquids Suppliers,AL,2027,47169.62909174655
1007657,Hatters Pond Gas Plant,Natural Gas and Natural Gas Liquids Suppliers,AL,2028,45809.831122471915
1007658,US OIL & REFINING TACOMA,Petroleum Product Suppliers,WA,2024,135444.08785063686
1007658,US OIL & REFINING TACOMA,Petroleum Product Suppliers,WA,2025,133434.13838234165
1007658,US OIL & REFINING TACOMA,Petroleum Product Suppliers,WA,2026,131454.0159587637
1007658,US OIL & REFINING TACOMA,Petroleum Product Suppliers,WA,2027,129503.27795554386
1007658,US OIL & REFINING TACOMA,Petroleum Product Suppliers,WA,2028,127581.48831673505
1007662,NEW RIVER RESOURCE AUTHORITY REGIONAL SOLID WASTE MANAGEMENT FACILITY,Waste,VA,2024,64410.07699149645
1007662,NEW RIVER RESOURCE AUTHORITY REGIONAL SOLID WASTE MANAGEMENT FACILITY,Waste,VA,2025,69626.2097313281
1007662,NEW RIVER RESOURCE AUTHORITY REGIONAL SOLID WASTE MANAGEMENT FACILITY,Waste,VA,2026,75264.76147809754
1007662,NEW RIVER RESOURCE AUTHORITY REGIONAL SOLID WASTE MANAGEMENT FACILITY,Waste,VA,2027,81359.94106549898
1007662,NEW RIVER RESOURCE AUTHORITY REGIONAL SOLID WASTE MANAGEMENT FACILITY,Waste,VA,2028,87948.72766729967
1007665,GALLIA COUNTY LANDFILL *,Waste,OH,2024,28066.02616445372
1007665,GALLIA COUNTY LANDFILL *,Waste,OH,2025,26910.83900447537
1007665,GALLIA COUNTY LANDFILL *,Waste,OH,2026,25803.19891677431
1007665,GALLIA COUNTY LANDFILL *,Waste,OH,2027,24741.148881604808
1007665,GALLIA COUNTY LANDFILL *,Waste,OH,2028,23722.81242942332
1007668,REDWOOD LANDFILL,Waste,CA,2024,88192.85946464124
1007668,REDWOOD LANDFILL,Waste,CA,2025,84749.86123031311
1007668,REDWOOD LANDFILL,Waste,CA,2026,81441.27565607513
1007668,REDWOOD LANDFILL,Waste,CA,2027,78261.85534940401
1007668,REDWOOD LANDFILL,Waste,CA,2028,75206.55777294589
1007677,Lancaster Waste to Energy Facility,Waste,PA,2024,158969.74135391787
1007677,Lancaster Waste to Energy Facility,Waste,PA,2025,158971.475566107
1007677,Lancaster Waste to Energy Facility,Waste,PA,2026,158973.20979721475
1007677,Lancaster Waste to Energy Facility,Waste,PA,2027,158974.94404724136
1007677,Lancaster Waste to Energy Facility,Waste,PA,2028,158976.67831618732
1007681,Ozark Ridge Landfill,Waste,AR,2024,12434.7693223523
1007681,Ozark Ridge Landfill,Waste,AR,2025,10547.467044968136
1007681,Ozark Ridge Landfill,Waste,AR,2026,8946.61237219025
1007681,Ozark Ridge Landfill,Waste,AR,2027,7588.729369523189
1007681,Ozark Ridge Landfill,Waste,AR,2028,6436.940715445941
1007689,USA WASTE OF VIRGINIA LANDFILLS - BETHEL LANDFILL,Waste,VA,2024,44295.21692237588
1007689,USA WASTE OF VIRGINIA LANDFILLS - BETHEL LANDFILL,Waste,VA,2025,43102.74602401525
1007689,USA WASTE OF VIRGINIA LANDFILLS - BETHEL LANDFILL,Waste,VA,2026,41942.37761757669
1007689,USA WASTE OF VIRGINIA LANDFILLS - BETHEL LANDFILL,Waste,VA,2027,40813.24747233633
1007689,USA WASTE OF VIRGINIA LANDFILLS - BETHEL LANDFILL,Waste,VA,2028,39714.5146235134
1007692,USA VALLEY FAC INC/VALLEY LDFL,Waste,PA,2024,18588.013146274443
1007692,USA VALLEY FAC INC/VALLEY LDFL,Waste,PA,2025,18140.343309175303
1007692,USA VALLEY FAC INC/VALLEY LDFL,Waste,PA,2026,17703.45505919211
1007692,USA VALLEY FAC INC/VALLEY LDFL,Waste,PA,2027,17277.088734826295
1007692,USA VALLEY FAC INC/VALLEY LDFL,Waste,PA,2028,16860.99092821286
1007694,Chevron Oronite Oak Point,Chemicals,LA,2024,139729.69001199718
1007694,Chevron Oronite Oak Point,Chemicals,LA,2025,139464.9266622079
1007694,Chevron Oronite Oak Point,Chemicals,LA,2026,139200.66499270825
1007694,Chevron Oronite Oak Point,Chemicals,LA,2027,138936.9040529025
1007694,Chevron Oronite Oak Point,Chemicals,LA,2028,138673.64289399434
1007695,NUCOR STEEL NEBRASKA,Metals,NE,2024,178906.56666435764
1007695,NUCOR STEEL NEBRASKA,Metals,NE,2025,178114.75276647374
1007695,NUCOR STEEL NEBRASKA,Metals,NE,2026,177326.44331932397
1007695,NUCOR STEEL NEBRASKA,Metals,NE,2027,176541.6228127297
1007695,NUCOR STEEL NEBRASKA,Metals,NE,2028,175760.27580515813
1007704,VALLEY TRAIL RECYCLING & DISPOSAL FACILITY,Waste,WI,2024,16392.734024276924
1007704,VALLEY TRAIL RECYCLING & DISPOSAL FACILITY,Waste,WI,2025,14794.641107676005
1007704,VALLEY TRAIL RECYCLING & DISPOSAL FACILITY,Waste,WI,2026,13352.342884401303
1007704,VALLEY TRAIL RECYCLING & DISPOSAL FACILITY,Waste,WI,2027,12050.651259807912
1007704,VALLEY TRAIL RECYCLING & DISPOSAL FACILITY,Waste,WI,2028,10875.85879442622
1007709,DENVER ARAPAHOE DISPOSAL SITE-A WASTE MANAGEMENT COMPANY,Waste,CO,2024,32656.185173840222
1007709,DENVER ARAPAHOE DISPOSAL SITE-A WASTE MANAGEMENT COMPANY,Waste,CO,2025,30812.361421173286
1007709,DENVER ARAPAHOE DISPOSAL SITE-A WASTE MANAGEMENT COMPANY,Waste,CO,2026,29072.6430933378
1007709,DENVER ARAPAHOE DISPOSAL SITE-A WASTE MANAGEMENT COMPANY,Waste,CO,2027,27431.152220997716
1007709,DENVER ARAPAHOE DISPOSAL SITE-A WASTE MANAGEMENT COMPANY,Waste,CO,2028,25882.34271496226
1007711,Jackson Madison County LF,Waste,TN,2024,19652.269000472184
1007711,Jackson Madison County LF,Waste,TN,2025,16025.78043580135
1007711,Jackson Madison County LF,Waste,TN,2026,13068.498022815715
1007711,Jackson Madison County LF,Waste,TN,2027,10656.931265001342
1007711,Jackson Madison County LF,Waste,TN,2028,8690.377715073753
1007716,PARKCHESTER SOUTH CONDOMINIUM,Other,NY,2024,51256.67508426194
1007716,PARKCHESTER SOUTH CONDOMINIUM,Other,NY,2025,51695.872675232495
1007716,PARKCHESTER SOUTH CONDOMINIUM,Other,NY,2026,52138.833571637755
1007716,PARKCHESTER SOUTH CONDOMINIUM,Other,NY,2027,52585.59001971069
1007716,PARKCHESTER SOUTH CONDOMINIUM,Other,NY,2028,53036.174541989014
1007717,CARESTREAM HEALTH INC.,Chemicals,CO,2024,30814.994706142228
1007717,CARESTREAM HEALTH INC.,Chemicals,CO,2025,30643.496060134137
1007717,CARESTREAM HEALTH INC.,Chemicals,CO,2026,30472.951877557236
1007717,CARESTREAM HEALTH INC.,Chemicals,CO,2027,30303.356846413873
1007717,CARESTREAM HEALTH INC.,Chemicals,CO,2028,30134.70568426951
1007723,EVERGREEN RECYCLING & DISPOSAL,Waste,OH,2024,32260.711026672172
1007723,EVERGREEN RECYCLING & DISPOSAL,Waste,OH,2025,30183.307511874114
1007723,EVERGREEN RECYCLING & DISPOSAL,Waste,OH,2026,28239.676788374032
1007723,EVERGREEN RECYCLING & DISPOSAL,Waste,OH,2027,26421.20466082462
1007723,EVERGREEN RECYCLING & DISPOSAL,Waste,OH,2028,24719.831638320044
1007724,DEKALB COUNTY LANDFILL,Waste,IL,2024,117583.08403293537
1007724,DEKALB COUNTY LANDFILL,Waste,IL,2025,120498.08049561034
1007724,DEKALB COUNTY LANDFILL,Waste,IL,2026,123485.34249245904
1007724,DEKALB COUNTY LANDFILL,Waste,IL,2027,126546.66155479055
1007724,DEKALB COUNTY LANDFILL,Waste,IL,2028,129683.87362767867
1007725,Metro Recycling and Disposal Facility,Waste,WI,2024,28940.328648462742
1007725,Metro Recycling and Disposal Facility,Waste,WI,2025,27048.81472119402
1007725,Metro Recycling and Disposal Facility,Waste,WI,2026,25280.928447934046
1007725,Metro Recycling and Disposal Facility,Waste,WI,2027,23628.58963608398
1007725,Metro Recycling and Disposal Facility,Waste,WI,2028,22084.246207187076
1007726,Pheasant Run Recycling and Disposal Facility,Waste,WI,2024,19821.44081017539
1007726,Pheasant Run Recycling and Disposal Facility,Waste,WI,2025,18314.96179296777
1007726,Pheasant Run Recycling and Disposal Facility,Waste,WI,2026,16922.97894437983
1007726,Pheasant Run Recycling and Disposal Facility,Waste,WI,2027,15636.790269575367
1007726,Pheasant Run Recycling and Disposal Facility,Waste,WI,2028,14448.355147064052
1007730,"POET BIOREFINING LEIPSIC, LLC",Other,OH,2024,125173.69379223094
1007730,"POET BIOREFINING LEIPSIC, LLC",Other,OH,2025,127416.19010825569
1007730,"POET BIOREFINING LEIPSIC, LLC",Other,OH,2026,129698.86091761872
1007730,"POET BIOREFINING LEIPSIC, LLC",Other,OH,2027,132022.4259494469
1007730,"POET BIOREFINING LEIPSIC, LLC",Other,OH,2028,134387.61782686858
1007738,QUALCOMM INC - MOREHOUSE DR,Other,CA,2024,21278.819874385477
1007738,QUALCOMM INC - MOREHOUSE DR,Other,CA,2025,21031.246378483138
1007738,QUALCOMM INC - MOREHOUSE DR,Other,CA,2026,20786.553335361314
1007738,QUALCOMM INC - MOREHOUSE DR,Other,CA,2027,20544.707231706427
1007738,QUALCOMM INC - MOREHOUSE DR,Other,CA,2028,20305.6749441233
1007739,"Calumet Montana Refining, LLC",Chemicals,MT,2024,403103.3852645266
1007739,"Calumet Montana Refining, LLC",Chemicals,MT,2025,439636.0644855438
1007739,"Calumet Montana Refining, LLC",Chemicals,MT,2026,479479.64780673187
1007739,"Calumet Montana Refining, LLC",Chemicals,MT,2027,522934.19769803376
1007739,"Calumet Montana Refining, LLC",Chemicals,MT,2028,570326.9708588575
1007741,TESORO ALASKA PETROLEUM CO,Chemicals,AK,2024,535832.064255429
1007741,TESORO ALASKA PETROLEUM CO,Chemicals,AK,2025,532059.265029641
1007741,TESORO ALASKA PETROLEUM CO,Chemicals,AK,2026,528313.0301230625
1007741,TESORO ALASKA PETROLEUM CO,Chemicals,AK,2027,524593.1724960443
1007741,TESORO ALASKA PETROLEUM CO,Chemicals,AK,2028,520899.5064258794
1007750,Westlake Chemicals & Vinyls LLC,Chemicals,LA,2024,62797.4343784251
1007750,Westlake Chemicals & Vinyls LLC,Chemicals,LA,2025,61845.94403045419
1007750,Westlake Chemicals & Vinyls LLC,Chemicals,LA,2026,60908.870416084406
1007750,Westlake Chemicals & Vinyls LLC,Chemicals,LA,2027,59985.995096728686
1007750,Westlake Chemicals & Vinyls LLC,Chemicals,LA,2028,59077.1029435234
1007755,MENOMINEE LANDFILL,Waste,MI,2024,52984.51168532328
1007755,MENOMINEE LANDFILL,Waste,MI,2025,51276.00741621585
1007755,MENOMINEE LANDFILL,Waste,MI,2026,49622.59446992535
1007755,MENOMINEE LANDFILL,Waste,MI,2027,48022.49640731476
1007755,MENOMINEE LANDFILL,Waste,MI,2028,46473.99407115336
1007770,CHEROKEE NITROGEN,Chemicals,AL,2024,473328.447820918
1007770,CHEROKEE NITROGEN,Chemicals,AL,2025,479949.3795615644
1007770,CHEROKEE NITROGEN,Chemicals,AL,2026,486662.92508301296
1007770,CHEROKEE NITROGEN,Chemicals,AL,2027,493470.37986945646
1007770,CHEROKEE NITROGEN,Chemicals,AL,2028,500373.0575263503
1007785,Raleigh County Solid Waste Authority Landfill,Waste,WV,2024,157558.27448801906
1007785,Raleigh County Solid Waste Authority Landfill,Waste,WV,2025,168477.3467940876
1007785,Raleigh County Solid Waste Authority Landfill,Waste,WV,2026,180153.13048464307
1007785,Raleigh County Solid Waste Authority Landfill,Waste,WV,2027,192638.06702205134
1007785,Raleigh County Solid Waste Authority Landfill,Waste,WV,2028,205988.23215650808
1007786,VALERO REFINING CO -OKLAHOMA VALERO ARDMORE REFINERY,Chemicals,OK,2024,909586.9276659989
1007786,VALERO REFINING CO -OKLAHOMA VALERO ARDMORE REFINERY,Chemicals,OK,2025,909543.7328405988
1007786,VALERO REFINING CO -OKLAHOMA VALERO ARDMORE REFINERY,Chemicals,OK,2026,909500.5400664501
1007786,VALERO REFINING CO -OKLAHOMA VALERO ARDMORE REFINERY,Chemicals,OK,2027,909457.3493434603
1007786,VALERO REFINING CO -OKLAHOMA VALERO ARDMORE REFINERY,Chemicals,OK,2028,909414.1606715255
1007792,"MARTIN MARIETTA NORTH TEXAS CEMENT, LLC",Minerals,TX,2024,1380857.7731458836
1007792,"MARTIN MARIETTA NORTH TEXAS CEMENT, LLC",Minerals,TX,2025,1399981.1350923749
1007792,"MARTIN MARIETTA NORTH TEXAS CEMENT, LLC",Minerals,TX,2026,1419369.3345762664
1007792,"MARTIN MARIETTA NORTH TEXAS CEMENT, LLC",Minerals,TX,2027,1439026.039306265
1007792,"MARTIN MARIETTA NORTH TEXAS CEMENT, LLC",Minerals,TX,2028,1458954.9677848215
1007793,Harrison Power Station,Power Plants,WV,2024,11308688.477360683
1007793,Harrison Power Station,Power Plants,WV,2025,11369736.490546314
1007793,Harrison Power Station,Power Plants,WV,2026,11431114.060949953
1007793,Harrison Power Station,Power Plants,WV,2027,11492822.96762966
1007793,Harrison Power Station,Power Plants,WV,2028,11554864.999247435
1007795,CHESTNUT RIDGE LANDFILL,Waste,TN,2024,48419.782160835726
1007795,CHESTNUT RIDGE LANDFILL,Waste,TN,2025,48336.86170890907
1007795,CHESTNUT RIDGE LANDFILL,Waste,TN,2026,48254.08326095345
1007795,CHESTNUT RIDGE LANDFILL,Waste,TN,2027,48171.44657378253
1007795,CHESTNUT RIDGE LANDFILL,Waste,TN,2028,48088.951404626445
1007798,R & B LANDFILL,Waste,GA,2024,51833.93698948615
1007798,R & B LANDFILL,Waste,GA,2025,48163.559099989005
1007798,R & B LANDFILL,Waste,GA,2026,44753.081859258826
1007798,R & B LANDFILL,Waste,GA,2027,41584.10161806284
1007798,R & B LANDFILL,Waste,GA,2028,38639.51789553952
1007799,WILLIAMSON COUNTY LANDFILL HUTTO,Waste,TX,2024,105478.51893298054
1007799,WILLIAMSON COUNTY LANDFILL HUTTO,Waste,TX,2025,107688.10954805305
1007799,WILLIAMSON COUNTY LANDFILL HUTTO,Waste,TX,2026,109943.98722456353
1007799,WILLIAMSON COUNTY LANDFILL HUTTO,Waste,TX,2027,112247.12159554785
1007799,WILLIAMSON COUNTY LANDFILL HUTTO,Waste,TX,2028,114598.50260615945
1007803,YELLOWSTONE ENERGY LIMITED PARTNERSHIP,Power Plants,MT,2024,814405.7672167954
1007803,YELLOWSTONE ENERGY LIMITED PARTNERSHIP,Power Plants,MT,2025,812259.0815517253
1007803,YELLOWSTONE ENERGY LIMITED PARTNERSHIP,Power Plants,MT,2026,810118.0543182751
1007803,YELLOWSTONE ENERGY LIMITED PARTNERSHIP,Power Plants,MT,2027,807982.67060143
1007803,YELLOWSTONE ENERGY LIMITED PARTNERSHIP,Power Plants,MT,2028,805852.9155254896
1007804,SONOCO PRODUCTS COMPANY - CHATTANOOGA MILL,Pulp and Paper,TN,2024,41463.469931206695
1007804,SONOCO PRODUCTS COMPANY - CHATTANOOGA MILL,Pulp and Paper,TN,2025,41196.84518829116
1007804,SONOCO PRODUCTS COMPANY - CHATTANOOGA MILL,Pulp and Paper,TN,2026,40931.93493655651
1007804,SONOCO PRODUCTS COMPANY - CHATTANOOGA MILL,Pulp and Paper,TN,2027,40668.728151219875
1007804,SONOCO PRODUCTS COMPANY - CHATTANOOGA MILL,Pulp and Paper,TN,2028,40407.213878390874
1007806,KEYMARK CORP PLANT,Metals,NY,2024,20702.218614554313
1007806,KEYMARK CORP PLANT,Metals,NY,2025,20107.649150152014
1007806,KEYMARK CORP PLANT,Metals,NY,2026,19530.155770906586
1007806,KEYMARK CORP PLANT,Metals,NY,2027,18969.248050212416
1007806,KEYMARK CORP PLANT,Metals,NY,2028,18424.449646557205
1007809,Poet Biorefining-Macon,Other,MO,2024,48235.40585695506
1007809,Poet Biorefining-Macon,Other,MO,2025,48123.83708755269
1007809,Poet Biorefining-Macon,Other,MO,2026,48012.52637735137
1007809,Poet Biorefining-Macon,Other,MO,2027,47901.47312945903
1007809,Poet Biorefining-Macon,Other,MO,2028,47790.67674836355
1007810,SUMNER LANDFILL,Waste,IL,2024,77032.3907560903
1007810,SUMNER LANDFILL,Waste,IL,2025,76212.51278994032
1007810,SUMNER LANDFILL,Waste,IL,2026,75401.3610215987
1007810,SUMNER LANDFILL,Waste,IL,2027,74598.84257562355
1007810,SUMNER LANDFILL,Waste,IL,2028,73804.86556507349
1007811,STONY HOLLOW LANDFILL INC,Waste,OH,2024,27143.55897175243
1007811,STONY HOLLOW LANDFILL INC,Waste,OH,2025,24459.978444592725
1007811,STONY HOLLOW LANDFILL INC,Waste,OH,2026,22041.7133262652
1007811,STONY HOLLOW LANDFILL INC,Waste,OH,2027,19862.53289052505
1007811,STONY HOLLOW LANDFILL INC,Waste,OH,2028,17898.7997433518
1007813,CHASTANG SANITARY LANDFILL,Waste,AL,2024,13951.799836297645
1007813,CHASTANG SANITARY LANDFILL,Waste,AL,2025,13442.269221968842
1007813,CHASTANG SANITARY LANDFILL,Waste,AL,2026,12951.347063178717
1007813,CHASTANG SANITARY LANDFILL,Waste,AL,2027,12478.353764613865
1007813,CHASTANG SANITARY LANDFILL,Waste,AL,2028,12022.634550311901
1007818,WASTE MANAGEMENT GREATER WENATCHEE LANDF,Waste,WA,2024,48607.28083797279
1007818,WASTE MANAGEMENT GREATER WENATCHEE LANDF,Waste,WA,2025,50326.16414495311
1007818,WASTE MANAGEMENT GREATER WENATCHEE LANDF,Waste,WA,2026,52105.83175774286
1007818,WASTE MANAGEMENT GREATER WENATCHEE LANDF,Waste,WA,2027,53948.4331717833
1007818,WASTE MANAGEMENT GREATER WENATCHEE LANDF,Waste,WA,2028,55856.19389441733
1007821,Cashion Gas Plant,Petroleum and Natural Gas Systems,OK,2024,36502.84112906101
1007821,Cashion Gas Plant,Petroleum and Natural Gas Systems,OK,2025,36300.226292516774
1007821,Cashion Gas Plant,Petroleum and Natural Gas Systems,OK,2026,36098.73610191011
1007821,Cashion Gas Plant,Petroleum and Natural Gas Systems,OK,2027,35898.36431471464
1007821,Cashion Gas Plant,Petroleum and Natural Gas Systems,OK,2028,35699.104723053904
1007823,OWENS-BROCKWAY GLASS CONTAINER INC. PLANT #23,Minerals,CA,2024,57423.75877852919
1007823,OWENS-BROCKWAY GLASS CONTAINER INC. PLANT #23,Minerals,CA,2025,56880.323153131954
1007823,OWENS-BROCKWAY GLASS CONTAINER INC. PLANT #23,Minerals,CA,2026,56342.03038646125
1007823,OWENS-BROCKWAY GLASS CONTAINER INC. PLANT #23,Minerals,CA,2027,55808.831808546456
1007823,OWENS-BROCKWAY GLASS CONTAINER INC. PLANT #23,Minerals,CA,2028,55280.67921001067
1007824,SWIFT & CO,Other,TX,2024,57125.2939508405
1007824,SWIFT & CO,Other,TX,2025,57685.3276651259
1007824,SWIFT & CO,Other,TX,2026,58250.85172772181
1007824,SWIFT & CO,Other,TX,2027,58821.91996382457
1007824,SWIFT & CO,Other,TX,2028,59398.58672631128
1007825,Michigan Power Limited Partnership,Power Plants,MI,2024,504105.34829412965
1007825,Michigan Power Limited Partnership,Power Plants,MI,2025,502668.7468789303
1007825,Michigan Power Limited Partnership,Power Plants,MI,2026,501236.23949612543
1007825,Michigan Power Limited Partnership,Power Plants,MI,2027,499807.81447852537
1007825,Michigan Power Limited Partnership,Power Plants,MI,2028,498383.4601921896
1007830,Poet Bioprocessing-Bingham Lake,Other,MN,2024,51548.108897468075
1007830,Poet Bioprocessing-Bingham Lake,Other,MN,2025,51291.44930351766
1007830,Poet Bioprocessing-Bingham Lake,Other,MN,2026,51036.06762545147
1007830,Poet Bioprocessing-Bingham Lake,Other,MN,2027,50781.95750048784
1007830,Poet Bioprocessing-Bingham Lake,Other,MN,2028,50529.112597525214
1007831,WESTSIDE RECYCLING AND DISPOSAL FACILITY,Waste,MI,2024,49314.14234366315
1007831,WESTSIDE RECYCLING AND DISPOSAL FACILITY,Waste,MI,2025,48688.43571242274
1007831,WESTSIDE RECYCLING AND DISPOSAL FACILITY,Waste,MI,2026,48070.668158488996
1007831,WESTSIDE RECYCLING AND DISPOSAL FACILITY,Waste,MI,2027,47460.73894943343
1007831,WESTSIDE RECYCLING AND DISPOSAL FACILITY,Waste,MI,2028,46858.5486309385
1007837,Guadalupe Rubbish Disposal Facility,Waste,CA,2024,60304.36669931816
1007837,Guadalupe Rubbish Disposal Facility,Waste,CA,2025,58336.97895524869
1007837,Guadalupe Rubbish Disposal Facility,Waste,CA,2026,56433.775858948095
1007837,Guadalupe Rubbish Disposal Facility,Waste,CA,2027,54592.66343121911
1007837,Guadalupe Rubbish Disposal Facility,Waste,CA,2028,52811.616007469296
1007841,LANCASTER LANDFILL,Waste,CA,2024,20443.780097391358
1007841,LANCASTER LANDFILL,Waste,CA,2025,19588.789798850106
1007841,LANCASTER LANDFILL,Waste,CA,2026,18769.556508411915
1007841,LANCASTER LANDFILL,Waste,CA,2027,17984.58481305209
1007841,LANCASTER LANDFILL,Waste,CA,2028,17232.441840216386
1007847,MID-MISSOURI ENERGY LLC,Other,MO,2024,83264.88285957156
1007847,MID-MISSOURI ENERGY LLC,Other,MO,2025,84071.07284101845
1007847,MID-MISSOURI ENERGY LLC,Other,MO,2026,84885.06854156131
1007847,MID-MISSOURI ENERGY LLC,Other,MO,2027,85706.94553799019
1007847,MID-MISSOURI ENERGY LLC,Other,MO,2028,86536.78013884662
1007854,WASTE MANAGEMENT PECAN PRAIRIE,Waste,TX,2024,15971.291933996277
1007854,WASTE MANAGEMENT PECAN PRAIRIE,Waste,TX,2025,15145.897284117418
1007854,WASTE MANAGEMENT PECAN PRAIRIE,Waste,TX,2026,14363.15894099599
1007854,WASTE MANAGEMENT PECAN PRAIRIE,Waste,TX,2027,13620.872431285225
1007854,WASTE MANAGEMENT PECAN PRAIRIE,Waste,TX,2028,12916.94720858398
1007856,Monarch Hill,Waste,FL,2024,249153.8779524408
1007856,Monarch Hill,Waste,FL,2025,256101.11741934015
1007856,Monarch Hill,Waste,FL,2026,263242.0690476037
1007856,Monarch Hill,Waste,FL,2027,270582.1341770926
1007856,Monarch Hill,Waste,FL,2028,278126.8647550039
1007859,QUAIL HOLLOW LANDFILL,Waste,TN,2024,21607.08269553228
1007859,QUAIL HOLLOW LANDFILL,Waste,TN,2025,20298.021806446948
1007859,QUAIL HOLLOW LANDFILL,Waste,TN,2026,19068.270115899853
1007859,QUAIL HOLLOW LANDFILL,Waste,TN,2027,17913.02269157259
1007859,QUAIL HOLLOW LANDFILL,Waste,TN,2028,16827.76570703367
1007861,LION OIL CO-EL DORADO REFINERY,Chemicals,AR,2024,740550.8476419203
1007861,LION OIL CO-EL DORADO REFINERY,Chemicals,AR,2025,766440.4152817656
1007861,LION OIL CO-EL DORADO REFINERY,Chemicals,AR,2026,793235.0790601277
1007861,LION OIL CO-EL DORADO REFINERY,Chemicals,AR,2027,820966.4810280266
1007861,LION OIL CO-EL DORADO REFINERY,Chemicals,AR,2028,849667.3694387246
1007865,Northridge Gas Plant,Petroleum and Natural Gas Systems,OK,2024,33874.36319765372
1007865,Northridge Gas Plant,Petroleum and Natural Gas Systems,OK,2025,31157.13337504995
1007865,Northridge Gas Plant,Petroleum and Natural Gas Systems,OK,2026,28657.865964485176
1007865,Northridge Gas Plant,Petroleum and Natural Gas Systems,OK,2027,26359.077125370623
1007865,Northridge Gas Plant,Petroleum and Natural Gas Systems,OK,2028,24244.685482243516
1007866,NLMK INDIANA,Metals,IN,2024,102997.74079329644
1007866,NLMK INDIANA,Metals,IN,2025,101419.5103868298
1007866,NLMK INDIANA,Metals,IN,2026,99865.46314396164
1007866,NLMK INDIANA,Metals,IN,2027,98335.22850700979
1007866,NLMK INDIANA,Metals,IN,2028,96828.44159633294
1007867,Packaging Corporation of America,Pulp and Paper,TN,2024,304864.32576251734
1007867,Packaging Corporation of America,Pulp and Paper,TN,2025,305373.47909617063
1007867,Packaging Corporation of America,Pulp and Paper,TN,2026,305883.4827658426
1007867,Packaging Corporation of America,Pulp and Paper,TN,2027,306394.33819167886
1007867,Packaging Corporation of America,Pulp and Paper,TN,2028,306906.04679619527
1007868,TICONA POLYMERS INCORPORATED,Chemicals,TX,2024,400307.31669013057
1007868,TICONA POLYMERS INCORPORATED,Chemicals,TX,2025,405751.97110188735
1007868,TICONA POLYMERS INCORPORATED,Chemicals,TX,2026,411270.6792729108
1007868,TICONA POLYMERS INCORPORATED,Chemicals,TX,2027,416864.4484221844
1007868,TICONA POLYMERS INCORPORATED,Chemicals,TX,2028,422534.29946805653
1007874,NIKISKI CO-GENERATION,Power Plants,AK,2024,195717.81084916694
1007874,NIKISKI CO-GENERATION,Power Plants,AK,2025,197590.1815486621
1007874,NIKISKI CO-GENERATION,Power Plants,AK,2026,199480.4646293612
1007874,NIKISKI CO-GENERATION,Power Plants,AK,2027,201388.8314533781
1007874,NIKISKI CO-GENERATION,Power Plants,AK,2028,203315.45502219308
1007875,BALDWIN COUNTY SOLID WASTE,Waste,AL,2024,274107.2553201051
1007875,BALDWIN COUNTY SOLID WASTE,Waste,AL,2025,285910.3551632512
1007875,BALDWIN COUNTY SOLID WASTE,Waste,AL,2026,298221.69826958486
1007875,BALDWIN COUNTY SOLID WASTE,Waste,AL,2027,311063.16967083624
1007875,BALDWIN COUNTY SOLID WASTE,Waste,AL,2028,324457.5967715086
1007876,SHAW INDUSTRIES GROUP INC. P LANT 8S,Other,SC,2024,83819.48944588937
1007876,SHAW INDUSTRIES GROUP INC. P LANT 8S,Other,SC,2025,91976.97126620889
1007876,SHAW INDUSTRIES GROUP INC. P LANT 8S,Other,SC,2026,100928.35567515966
1007876,SHAW INDUSTRIES GROUP INC. P LANT 8S,Other,SC,2027,110750.90687438138
1007876,SHAW INDUSTRIES GROUP INC. P LANT 8S,Other,SC,2028,121529.4085734985
1007884,COVANTA PLYMOUTH RENEWABLE ENERGY LLC,Waste,PA,2024,172450.72282354848
1007884,COVANTA PLYMOUTH RENEWABLE ENERGY LLC,Waste,PA,2025,173557.55574884033
1007884,COVANTA PLYMOUTH RENEWABLE ENERGY LLC,Waste,PA,2026,174671.49261144482
1007884,COVANTA PLYMOUTH RENEWABLE ENERGY LLC,Waste,PA,2027,175792.57900625243
1007884,COVANTA PLYMOUTH RENEWABLE ENERGY LLC,Waste,PA,2028,176920.86082079212
1007885,BASF CORP ATTAPULGUS OPS,Minerals,GA,2024,108180.7329939314
1007885,BASF CORP ATTAPULGUS OPS,Minerals,GA,2025,109141.8671663395
1007885,BASF CORP ATTAPULGUS OPS,Minerals,GA,2026,110111.54055707056
1007885,BASF CORP ATTAPULGUS OPS,Minerals,GA,2027,111089.82903300315
1007885,BASF CORP ATTAPULGUS OPS,Minerals,GA,2028,112076.80913505684
1007887,Richland Peaking Station,Power Plants,OH,2024,230124.61170671633
1007887,Richland Peaking Station,Power Plants,OH,2025,263328.6586659211
1007887,Richland Peaking Station,Power Plants,OH,2026,301323.62618895626
1007887,Richland Peaking Station,Power Plants,OH,2027,344800.7830201739
1007887,Richland Peaking Station,Power Plants,OH,2028,394551.13916879566
1007897,TRAIL RIDGE LANDFILL INC,Waste,FL,2024,45397.198799475605
1007897,TRAIL RIDGE LANDFILL INC,Waste,FL,2025,43765.04125134443
1007897,TRAIL RIDGE LANDFILL INC,Waste,FL,2026,42191.56437806484
1007897,TRAIL RIDGE LANDFILL INC,Waste,FL,2027,40674.65844359751
1007897,TRAIL RIDGE LANDFILL INC,Waste,FL,2028,39212.289562873986
1007898,SPRINGHILL REGIONAL LANDFILL,Waste,FL,2024,69147.97580301728
1007898,SPRINGHILL REGIONAL LANDFILL,Waste,FL,2025,69200.31846341158
1007898,SPRINGHILL REGIONAL LANDFILL,Waste,FL,2026,69252.70074541541
1007898,SPRINGHILL REGIONAL LANDFILL,Waste,FL,2027,69305.12267902098
1007898,SPRINGHILL REGIONAL LANDFILL,Waste,FL,2028,69357.58429424319
1007899,CHESSER ISLAND ROAD LANDFILL,Waste,GA,2024,38835.258518392715
1007899,CHESSER ISLAND ROAD LANDFILL,Waste,GA,2025,33251.871562287684
1007899,CHESSER ISLAND ROAD LANDFILL,Waste,GA,2026,28471.214164087913
1007899,CHESSER ISLAND ROAD LANDFILL,Waste,GA,2027,24377.877030437736
1007899,CHESSER ISLAND ROAD LANDFILL,Waste,GA,2028,20873.04338642285
1007902,CUYAHOGA REGIONAL SANITARY LANDFILL,Waste,OH,2024,9100.233993527654
1007902,CUYAHOGA REGIONAL SANITARY LANDFILL,Waste,OH,2025,8800.193292405742
1007902,CUYAHOGA REGIONAL SANITARY LANDFILL,Waste,OH,2026,8510.04513057389
1007902,CUYAHOGA REGIONAL SANITARY LANDFILL,Waste,OH,2027,8229.463344504155
1007902,CUYAHOGA REGIONAL SANITARY LANDFILL,Waste,OH,2028,7958.132524494678
1007903,Velma Gas Plant,Petroleum and Natural Gas Systems,OK,2024,42439.888926075626
1007903,Velma Gas Plant,Petroleum and Natural Gas Systems,OK,2025,43534.33267464689
1007903,Velma Gas Plant,Petroleum and Natural Gas Systems,OK,2026,44657.00003899779
1007903,Velma Gas Plant,Petroleum and Natural Gas Systems,OK,2027,45808.6188523212
1007903,Velma Gas Plant,Petroleum and Natural Gas Systems,OK,2028,46989.9357172388
1007909,Indorama Ventures Oxides LLC,Chemicals,TX,2024,1293577.4089566811
1007909,Indorama Ventures Oxides LLC,Chemicals,TX,2025,1302447.771637097
1007909,Indorama Ventures Oxides LLC,Chemicals,TX,2026,1311378.96046795
1007909,Indorama Ventures Oxides LLC,Chemicals,TX,2027,1320371.392548379
1007909,Indorama Ventures Oxides LLC,Chemicals,TX,2028,1329425.4878376538
1007913,"Catlettsburg Refining, LLC",Petroleum Product Suppliers,KY,2024,2084486.0054591564
1007913,"Catlettsburg Refining, LLC",Petroleum Product Suppliers,KY,2025,2075640.9525079406
1007913,"Catlettsburg Refining, LLC",Petroleum Product Suppliers,KY,2026,2066833.4315725225
1007913,"Catlettsburg Refining, LLC",Petroleum Product Suppliers,KY,2027,2058063.2833941479
1007913,"Catlettsburg Refining, LLC",Petroleum Product Suppliers,KY,2028,2049330.3493898346
1007916,Chemours Belle Plant,Chemicals,WV,2024,91776.87586984198
1007916,Chemours Belle Plant,Chemicals,WV,2025,88416.90524570952
1007916,Chemours Belle Plant,Chemicals,WV,2026,85179.94384898887
1007916,Chemours Belle Plant,Chemicals,WV,2027,82061.488286133
1007916,Chemours Belle Plant,Chemicals,WV,2028,79057.20003377362
1007918,FCA STERLING HEIGHTS ASSEMBLY PLANT,Other,MI,2024,77241.11258253916
1007918,FCA STERLING HEIGHTS ASSEMBLY PLANT,Other,MI,2025,78468.34756166405
1007918,FCA STERLING HEIGHTS ASSEMBLY PLANT,Other,MI,2026,79715.08129790961
1007918,FCA STERLING HEIGHTS ASSEMBLY PLANT,Other,MI,2027,80981.6235946436
1007918,FCA STERLING HEIGHTS ASSEMBLY PLANT,Other,MI,2028,82268.28917750208
1007925,GREENRIDGE RECLAMATION Landfill,Waste,PA,2024,32635.921100868556
1007925,GREENRIDGE RECLAMATION Landfill,Waste,PA,2025,31324.874715379072
1007925,GREENRIDGE RECLAMATION Landfill,Waste,PA,2026,30066.49553114903
1007925,GREENRIDGE RECLAMATION Landfill,Waste,PA,2027,28858.667807561367
1007925,GREENRIDGE RECLAMATION Landfill,Waste,PA,2028,27699.360797282545
1007927,CalPortland Company Oro Grande Plant,Minerals,CA,2024,1450288.2516007307
1007927,CalPortland Company Oro Grande Plant,Minerals,CA,2025,1506438.7033144857
1007927,CalPortland Company Oro Grande Plant,Minerals,CA,2026,1564763.1181863751
1007927,CalPortland Company Oro Grande Plant,Minerals,CA,2027,1625345.6650105696
1007927,CalPortland Company Oro Grande Plant,Minerals,CA,2028,1688273.7713236436
1007929,"ATLANTIC ALUMINA, GRAMERCY OPERATIONS",Metals,LA,2024,778206.4463737973
1007929,"ATLANTIC ALUMINA, GRAMERCY OPERATIONS",Metals,LA,2025,777685.9944920212
1007929,"ATLANTIC ALUMINA, GRAMERCY OPERATIONS",Metals,LA,2026,777165.8906800412
1007929,"ATLANTIC ALUMINA, GRAMERCY OPERATIONS",Metals,LA,2027,776646.1347050766
1007929,"ATLANTIC ALUMINA, GRAMERCY OPERATIONS",Metals,LA,2028,776126.7263345009
1007932,CITY SAND & LANDFILL INC,Waste,MI,2024,9502.548097657096
1007932,CITY SAND & LANDFILL INC,Waste,MI,2025,8995.545394682658
1007932,CITY SAND & LANDFILL INC,Waste,MI,2026,8515.59351409626
1007932,CITY SAND & LANDFILL INC,Waste,MI,2027,8061.249175640041
1007932,CITY SAND & LANDFILL INC,Waste,MI,2028,7631.146104400915
1007936,"Diamond Shamrock Refining Company, L.P.",Chemicals,TX,2024,1337758.365690253
1007936,"Diamond Shamrock Refining Company, L.P.",Chemicals,TX,2025,1302743.5589086968
1007936,"Diamond Shamrock Refining Company, L.P.",Chemicals,TX,2026,1268645.2380377462
1007936,"Diamond Shamrock Refining Company, L.P.",Chemicals,TX,2027,1235439.4147564173
1007936,"Diamond Shamrock Refining Company, L.P.",Chemicals,TX,2028,1203102.7286197569
1007937,Arconic US LLC,Metals,IA,2024,271624.53874297155
1007937,Arconic US LLC,Metals,IA,2025,275802.2633922723
1007937,Arconic US LLC,Metals,IA,2026,280044.2435883141
1007937,Arconic US LLC,Metals,IA,2027,284351.4676143464
1007937,Arconic US LLC,Metals,IA,2028,288724.9389539195
1007942,CHS MCPHERSON REFINERY INC.,Chemicals,KS,2024,1241094.6246844765
1007942,CHS MCPHERSON REFINERY INC.,Chemicals,KS,2025,1262952.6087187594
1007942,CHS MCPHERSON REFINERY INC.,Chemicals,KS,2026,1285195.5524946565
1007942,CHS MCPHERSON REFINERY INC.,Chemicals,KS,2027,1307830.2358690242
1007942,CHS MCPHERSON REFINERY INC.,Chemicals,KS,2028,1330863.5581045807
1007946,NUCOR STEEL DARLINGTON,Metals,SC,2024,191116.2532690977
1007946,NUCOR STEEL DARLINGTON,Metals,SC,2025,193044.2797503026
1007946,NUCOR STEEL DARLINGTON,Metals,SC,2026,194991.75662386595
1007946,NUCOR STEEL DARLINGTON,Metals,SC,2027,196958.88010999907
1007946,NUCOR STEEL DARLINGTON,Metals,SC,2028,198945.84840842933
1007952,"Owens Corning Vitrotex, LLC",Minerals,SC,2024,24677.981673833616
1007952,"Owens Corning Vitrotex, LLC",Minerals,SC,2025,23731.761534555095
1007952,"Owens Corning Vitrotex, LLC",Minerals,SC,2026,22821.822018376497
1007952,"Owens Corning Vitrotex, LLC",Minerals,SC,2027,21946.772028704298
1007952,"Owens Corning Vitrotex, LLC",Minerals,SC,2028,21105.27380732688
1007957,KAISER ALUMINUM (0145010093),Metals,OH,2024,25999.76530303146
1007957,KAISER ALUMINUM (0145010093),Metals,OH,2025,25148.80069034099
1007957,KAISER ALUMINUM (0145010093),Metals,OH,2026,24325.68789721929
1007957,KAISER ALUMINUM (0145010093),Metals,OH,2027,23529.515341866492
1007957,KAISER ALUMINUM (0145010093),Metals,OH,2028,22759.401278284837
1007959,Exxonmobil Beaumont Refinery,Chemicals,TX,2024,5679660.040421911
1007959,Exxonmobil Beaumont Refinery,Chemicals,TX,2025,5668488.241590679
1007959,Exxonmobil Beaumont Refinery,Chemicals,TX,2026,5657338.417505865
1007959,Exxonmobil Beaumont Refinery,Chemicals,TX,2027,5646210.52494351
1007959,Exxonmobil Beaumont Refinery,Chemicals,TX,2028,5635104.520764647
1007965,CITGO CORPUS CHRISTI REFINERY EAST PLANT,Petroleum Product Suppliers,TX,2024,952089.6776609726
1007965,CITGO CORPUS CHRISTI REFINERY EAST PLANT,Petroleum Product Suppliers,TX,2025,931705.8019605725
1007965,CITGO CORPUS CHRISTI REFINERY EAST PLANT,Petroleum Product Suppliers,TX,2026,911758.3372394254
1007965,CITGO CORPUS CHRISTI REFINERY EAST PLANT,Petroleum Product Suppliers,TX,2027,892237.9401054562
1007965,CITGO CORPUS CHRISTI REFINERY EAST PLANT,Petroleum Product Suppliers,TX,2028,873135.4672050321
1007968,JOHNS MANVILLE,Minerals,TN,2024,127076.2357776832
1007968,JOHNS MANVILLE,Minerals,TN,2025,132606.58941182095
1007968,JOHNS MANVILLE,Minerals,TN,2026,138377.6238556431
1007968,JOHNS MANVILLE,Minerals,TN,2027,144399.8135301332
1007968,JOHNS MANVILLE,Minerals,TN,2028,150684.08870273337
1007970,NORTH 48TH STREET LANDFILL,Waste,NE,2024,59467.44306057748
1007970,NORTH 48TH STREET LANDFILL,Waste,NE,2025,56831.887926022624
1007970,NORTH 48TH STREET LANDFILL,Waste,NE,2026,54313.13873619617
1007970,NORTH 48TH STREET LANDFILL,Waste,NE,2027,51906.018734010184
1007970,NORTH 48TH STREET LANDFILL,Waste,NE,2028,49605.58059259941
1007972,"NAVAJO REFINING COMPANY, LLC - Artesia Refinery",Chemicals,NM,2024,823110.6158107143
1007972,"NAVAJO REFINING COMPANY, LLC - Artesia Refinery",Chemicals,NM,2025,836091.9984633146
1007972,"NAVAJO REFINING COMPANY, LLC - Artesia Refinery",Chemicals,NM,2026,849278.1121597565
1007972,"NAVAJO REFINING COMPANY, LLC - Artesia Refinery",Chemicals,NM,2027,862672.1857394874
1007972,"NAVAJO REFINING COMPANY, LLC - Artesia Refinery",Chemicals,NM,2028,876277.4989643788
1007978,"CHEVRON PRODUCTS, EL SEGUNDO REFINERY",Chemicals,CA,2024,3264461.1942869085
1007978,"CHEVRON PRODUCTS, EL SEGUNDO REFINERY",Chemicals,CA,2025,3258971.9183991854
1007978,"CHEVRON PRODUCTS, EL SEGUNDO REFINERY",Chemicals,CA,2026,3253491.8728707656
1007978,"CHEVRON PRODUCTS, EL SEGUNDO REFINERY",Chemicals,CA,2027,3248021.042180566
1007978,"CHEVRON PRODUCTS, EL SEGUNDO REFINERY",Chemicals,CA,2028,3242559.4108335986
1007979,"Morris Cogeneration, LLC",Power Plants,IL,2024,437444.50684999174
1007979,"Morris Cogeneration, LLC",Power Plants,IL,2025,440422.2008117732
1007979,"Morris Cogeneration, LLC",Power Plants,IL,2026,443420.1639990019
1007979,"Morris Cogeneration, LLC",Power Plants,IL,2027,446438.534384722
1007979,"Morris Cogeneration, LLC",Power Plants,IL,2028,449477.450881163
1007985,NATIONAL CEMENT COMPANY INC.,Minerals,AL,2024,859435.9433251378
1007985,NATIONAL CEMENT COMPANY INC.,Minerals,AL,2025,889707.9199670539
1007985,NATIONAL CEMENT COMPANY INC.,Minerals,AL,2026,921046.1687109544
1007985,NATIONAL CEMENT COMPANY INC.,Minerals,AL,2027,953488.2469389954
1007985,NATIONAL CEMENT COMPANY INC.,Minerals,AL,2028,987073.0349198248
1007987,EVERGREEN LANDFILL/FKA PELLEGRENE SITE,Waste,PA,2024,7029.584614659242
1007987,EVERGREEN LANDFILL/FKA PELLEGRENE SITE,Waste,PA,2025,6550.8430750154785
1007987,EVERGREEN LANDFILL/FKA PELLEGRENE SITE,Waste,PA,2026,6104.705661268789
1007987,EVERGREEN LANDFILL/FKA PELLEGRENE SITE,Waste,PA,2027,5688.951908016686
1007987,EVERGREEN LANDFILL/FKA PELLEGRENE SITE,Waste,PA,2028,5301.512572024665
1007989,WASTE MANAGEMENT DISPOSAL SERVICES OF OREGON,Waste,OR,2024,250454.50724317663
1007989,WASTE MANAGEMENT DISPOSAL SERVICES OF OREGON,Waste,OR,2025,252131.03772244038
1007989,WASTE MANAGEMENT DISPOSAL SERVICES OF OREGON,Waste,OR,2026,253818.79081645695
1007989,WASTE MANAGEMENT DISPOSAL SERVICES OF OREGON,Waste,OR,2027,255517.84164887172
1007989,WASTE MANAGEMENT DISPOSAL SERVICES OF OREGON,Waste,OR,2028,257228.26584620547
1007992,COUNTRYSIDE LANDFILL,Waste,IL,2024,55890.96935197511
1007992,COUNTRYSIDE LANDFILL,Waste,IL,2025,52511.90342237277
1007992,COUNTRYSIDE LANDFILL,Waste,IL,2026,49337.12964746002
1007992,COUNTRYSIDE LANDFILL,Waste,IL,2027,46354.29689667656
1007992,COUNTRYSIDE LANDFILL,Waste,IL,2028,43551.800766258384
1007994,BOISE WHITE PAPER LLC,Pulp and Paper,MN,2024,148906.45255492267
1007994,BOISE WHITE PAPER LLC,Pulp and Paper,MN,2025,146771.44089505574
1007994,BOISE WHITE PAPER LLC,Pulp and Paper,MN,2026,144667.0409025104
1007994,BOISE WHITE PAPER LLC,Pulp and Paper,MN,2027,142592.81366906382
1007994,BOISE WHITE PAPER LLC,Pulp and Paper,MN,2028,140548.3265795304
1007997,KOSMOS CEMENT CO,Minerals,KY,2024,1253679.0385240344
1007997,KOSMOS CEMENT CO,Minerals,KY,2025,1293783.9473139008
1007997,KOSMOS CEMENT CO,Minerals,KY,2026,1335171.803061975
1007997,KOSMOS CEMENT CO,Minerals,KY,2027,1377883.6469511755
1007997,KOSMOS CEMENT CO,Minerals,KY,2028,1421961.833062577
1008000,YORK COUNTY LANDFILL,Waste,SC,2024,26725.684558045185
1008000,YORK COUNTY LANDFILL,Waste,SC,2025,25756.791160364806
1008000,YORK COUNTY LANDFILL,Waste,SC,2026,24823.023314437083
1008000,YORK COUNTY LANDFILL,Waste,SC,2027,23923.107604229943
1008000,YORK COUNTY LANDFILL,Waste,SC,2028,23055.816779203793
1008001,"VI WATER AND POWER AUTHORITY, Richmond Plant",Power Plants,VI,2024,253872.47966099443
1008001,"VI WATER AND POWER AUTHORITY, Richmond Plant",Power Plants,VI,2025,248106.76472845583
1008001,"VI WATER AND POWER AUTHORITY, Richmond Plant",Power Plants,VI,2026,242471.99533490432
1008001,"VI WATER AND POWER AUTHORITY, Richmond Plant",Power Plants,VI,2027,236965.19756741205
1008001,"VI WATER AND POWER AUTHORITY, Richmond Plant",Power Plants,VI,2028,231583.46505378583
1008002,Linde Decatur,Chemicals,AL,2024,118748.57261533513
1008002,Linde Decatur,Chemicals,AL,2025,120693.4034550382
1008002,Linde Decatur,Chemicals,AL,2026,122670.086189141
1008002,Linde Decatur,Chemicals,AL,2027,124679.14247904305
1008002,Linde Decatur,Chemicals,AL,2028,126721.10252976652
1008004,Celina Landfill,Waste,OH,2024,50787.53278249415
1008004,Celina Landfill,Waste,OH,2025,50130.261157996545
1008004,Celina Landfill,Waste,OH,2026,49481.49567594575
1008004,Celina Landfill,Waste,OH,2027,48841.12625330054
1008004,Celina Landfill,Waste,OH,2028,48209.044231669744
1008009,Harmony Compressor Station,Petroleum and Natural Gas Systems,AR,2024,57228.47168079325
1008009,Harmony Compressor Station,Petroleum and Natural Gas Systems,AR,2025,53993.21572846112
1008009,Harmony Compressor Station,Petroleum and Natural Gas Systems,AR,2026,50940.85616964938
1008009,Harmony Compressor Station,Petroleum and Natural Gas Systems,AR,2027,48061.053454333116
1008009,Harmony Compressor Station,Petroleum and Natural Gas Systems,AR,2028,45344.052550818364
1008013,Ebensburg Power Company,Power Plants,PA,2024,378472.18728298845
1008013,Ebensburg Power Company,Power Plants,PA,2025,368033.1729465575
1008013,Ebensburg Power Company,Power Plants,PA,2026,357882.0873509365
1008013,Ebensburg Power Company,Power Plants,PA,2027,348010.9888498065
1008013,Ebensburg Power Company,Power Plants,PA,2028,338412.15484322124
1008024,U.S. ARMY TRAINING CENTER (ATC) & FORT JACKSON RANGES,Waste,SC,2024,38443.00890844211
1008024,U.S. ARMY TRAINING CENTER (ATC) & FORT JACKSON RANGES,Waste,SC,2025,37319.83595445544
1008024,U.S. ARMY TRAINING CENTER (ATC) & FORT JACKSON RANGES,Waste,SC,2026,36229.47826442408
1008024,U.S. ARMY TRAINING CENTER (ATC) & FORT JACKSON RANGES,Waste,SC,2027,35170.97708881206
1008024,U.S. ARMY TRAINING CENTER (ATC) & FORT JACKSON RANGES,Waste,SC,2028,34143.40168945866
1008025,LEAF RIVER CELLULOSE LLC,Pulp and Paper,MS,2024,82791.45549846602
1008025,LEAF RIVER CELLULOSE LLC,Pulp and Paper,MS,2025,81626.38900748578
1008025,LEAF RIVER CELLULOSE LLC,Pulp and Paper,MS,2026,80477.71768579211
1008025,LEAF RIVER CELLULOSE LLC,Pulp and Paper,MS,2027,79345.21081558711
1008025,LEAF RIVER CELLULOSE LLC,Pulp and Paper,MS,2028,78228.64092580265
1008027,"US NAVY, NAVY STATION, NORFOLK",Other,VA,2024,109072.13759142358
1008027,"US NAVY, NAVY STATION, NORFOLK",Other,VA,2025,110077.20036162283
1008027,"US NAVY, NAVY STATION, NORFOLK",Other,VA,2026,111091.52444451246
1008027,"US NAVY, NAVY STATION, NORFOLK",Other,VA,2027,112115.1951799491
1008027,"US NAVY, NAVY STATION, NORFOLK",Other,VA,2028,113148.2986941673
1008036,LANXESS Corporation - South Plant,Chemicals,AR,2024,26238.09473345021
1008036,LANXESS Corporation - South Plant,Chemicals,AR,2025,25111.41127864801
1008036,LANXESS Corporation - South Plant,Chemicals,AR,2026,24033.108455908456
1008036,LANXESS Corporation - South Plant,Chemicals,AR,2027,23001.108764626904
1008036,LANXESS Corporation - South Plant,Chemicals,AR,2028,22013.423913631465
1008037,GULFSTREAM STATION 410 (a.k.a. STATION 100),Petroleum and Natural Gas Systems,AL,2024,243292.89194151098
1008037,GULFSTREAM STATION 410 (a.k.a. STATION 100),Petroleum and Natural Gas Systems,AL,2025,241106.64613149682
1008037,GULFSTREAM STATION 410 (a.k.a. STATION 100),Petroleum and Natural Gas Systems,AL,2026,238940.0460690574
1008037,GULFSTREAM STATION 410 (a.k.a. STATION 100),Petroleum and Natural Gas Systems,AL,2027,236792.91521622284
1008037,GULFSTREAM STATION 410 (a.k.a. STATION 100),Petroleum and Natural Gas Systems,AL,2028,234665.0786214038
1008038,LANXESS Corporation - West Plant,Chemicals,AR,2024,23357.2459991983
1008038,LANXESS Corporation - West Plant,Chemicals,AR,2025,23184.429204370066
1008038,LANXESS Corporation - West Plant,Chemicals,AR,2026,23012.89105534514
1008038,LANXESS Corporation - West Plant,Chemicals,AR,2027,22842.62209161317
1008038,LANXESS Corporation - West Plant,Chemicals,AR,2028,22673.61292266056
1008044,PQ Corp - Chester Plant,Chemicals,PA,2024,23002.36270753669
1008044,PQ Corp - Chester Plant,Chemicals,PA,2025,22745.548822079603
1008044,PQ Corp - Chester Plant,Chemicals,PA,2026,22491.60217998365
1008044,PQ Corp - Chester Plant,Chemicals,PA,2027,22240.490769410888
1008044,PQ Corp - Chester Plant,Chemicals,PA,2028,21992.182935924964
1008110,VALERO CORPUS CHRISTI REFINERY,Chemicals,TX,2024,2831131.502005349
1008110,VALERO CORPUS CHRISTI REFINERY,Chemicals,TX,2025,2820141.901911075
1008110,VALERO CORPUS CHRISTI REFINERY,Chemicals,TX,2026,2809194.9601356164
1008110,VALERO CORPUS CHRISTI REFINERY,Chemicals,TX,2027,2798290.5110922363
1008110,VALERO CORPUS CHRISTI REFINERY,Chemicals,TX,2028,2787428.3898369237
1008158,Oxford Station,Petroleum and Natural Gas Systems,CT,2024,55576.336427588336
1008158,Oxford Station,Petroleum and Natural Gas Systems,CT,2025,57676.78299447214
1008158,Oxford Station,Petroleum and Natural Gas Systems,CT,2026,59856.61363133826
1008158,Oxford Station,Petroleum and Natural Gas Systems,CT,2027,62118.82857188306
1008158,Oxford Station,Petroleum and Natural Gas Systems,CT,2028,64466.54144033835
1008180,Cowlitz County Headquarters Landfill,Waste,WA,2024,322375.18889730255
1008180,Cowlitz County Headquarters Landfill,Waste,WA,2025,346667.96780496044
1008180,Cowlitz County Headquarters Landfill,Waste,WA,2026,372791.3438782227
1008180,Cowlitz County Headquarters Landfill,Waste,WA,2027,400883.2628825953
1008180,Cowlitz County Headquarters Landfill,Waste,WA,2028,431092.0655708498
1008217,Roberts Ranch Gas Plant,Petroleum and Natural Gas Systems,TX,2024,43401.615086649566
1008217,Roberts Ranch Gas Plant,Petroleum and Natural Gas Systems,TX,2025,42864.7922825056
1008217,Roberts Ranch Gas Plant,Petroleum and Natural Gas Systems,TX,2026,42334.60929401067
1008217,Roberts Ranch Gas Plant,Petroleum and Natural Gas Systems,TX,2027,41810.98399508624
1008217,Roberts Ranch Gas Plant,Petroleum and Natural Gas Systems,TX,2028,41293.83527544866
1008239,"EPNG Station 6770 Oracle, AZ",Petroleum and Natural Gas Systems,AZ,2024,46874.51190784436
1008239,"EPNG Station 6770 Oracle, AZ",Petroleum and Natural Gas Systems,AZ,2025,47871.232402624555
1008239,"EPNG Station 6770 Oracle, AZ",Petroleum and Natural Gas Systems,AZ,2026,48889.146755309106
1008239,"EPNG Station 6770 Oracle, AZ",Petroleum and Natural Gas Systems,AZ,2027,49928.705623444745
1008239,"EPNG Station 6770 Oracle, AZ",Petroleum and Natural Gas Systems,AZ,2028,50990.369247176306
1008247,TGP Station 325 Sussex,Petroleum and Natural Gas Systems,NJ,2024,67129.35795832108
1008247,TGP Station 325 Sussex,Petroleum and Natural Gas Systems,NJ,2025,69058.94319199551
1008247,TGP Station 325 Sussex,Petroleum and Natural Gas Systems,NJ,2026,71043.99296886293
1008247,TGP Station 325 Sussex,Petroleum and Natural Gas Systems,NJ,2027,73086.10157742571
1008247,TGP Station 325 Sussex,Petroleum and Natural Gas Systems,NJ,2028,75186.90913286475
1008262,"Jireh Semiconductor, Inc.",Other,OR,2024,121612.98739117805
1008262,"Jireh Semiconductor, Inc.",Other,OR,2025,129664.3656947821
1008262,"Jireh Semiconductor, Inc.",Other,OR,2026,138248.78486826655
1008262,"Jireh Semiconductor, Inc.",Other,OR,2027,147401.53484066573
1008262,"Jireh Semiconductor, Inc.",Other,OR,2028,157160.241908001
1008271,"VALERO REFINING CO. (PREV. PREMCOR REFINING, PREV. WILLIAMS REFINING LLC)",Chemicals,TN,2024,1242070.506076587
1008271,"VALERO REFINING CO. (PREV. PREMCOR REFINING, PREV. WILLIAMS REFINING LLC)",Chemicals,TN,2025,1246200.2479244675
1008271,"VALERO REFINING CO. (PREV. PREMCOR REFINING, PREV. WILLIAMS REFINING LLC)",Chemicals,TN,2026,1250343.720689912
1008271,"VALERO REFINING CO. (PREV. PREMCOR REFINING, PREV. WILLIAMS REFINING LLC)",Chemicals,TN,2027,1254500.970026654
1008271,"VALERO REFINING CO. (PREV. PREMCOR REFINING, PREV. WILLIAMS REFINING LLC)",Chemicals,TN,2028,1258672.0417401977
1008304,COLUMBIA GAS TRANSMISSION LLC WAYNESBURG COMPRESSOR STATION,Petroleum and Natural Gas Systems,PA,2024,26412.527452962433
1008304,COLUMBIA GAS TRANSMISSION LLC WAYNESBURG COMPRESSOR STATION,Petroleum and Natural Gas Systems,PA,2025,26335.994370591285
1008304,COLUMBIA GAS TRANSMISSION LLC WAYNESBURG COMPRESSOR STATION,Petroleum and Natural Gas Systems,PA,2026,26259.683050893414
1008304,COLUMBIA GAS TRANSMISSION LLC WAYNESBURG COMPRESSOR STATION,Petroleum and Natural Gas Systems,PA,2027,26183.592851288195
1008304,COLUMBIA GAS TRANSMISSION LLC WAYNESBURG COMPRESSOR STATION,Petroleum and Natural Gas Systems,PA,2028,26107.723131056755
1008310,DIAMOND SHAMROCK REFINING VALERO,Petroleum Product Suppliers,TX,2024,642246.9785750015
1008310,DIAMOND SHAMROCK REFINING VALERO,Petroleum Product Suppliers,TX,2025,635591.2620112221
1008310,DIAMOND SHAMROCK REFINING VALERO,Petroleum Product Suppliers,TX,2026,629004.5197897964
1008310,DIAMOND SHAMROCK REFINING VALERO,Petroleum Product Suppliers,TX,2027,622486.0371176827
1008310,DIAMOND SHAMROCK REFINING VALERO,Petroleum Product Suppliers,TX,2028,616035.1066093631
1008459,Westlake US 2 LLC,Chemicals,LA,2024,2776843.786925384
1008459,Westlake US 2 LLC,Chemicals,LA,2025,2767663.944510388
1008459,Westlake US 2 LLC,Chemicals,LA,2026,2758514.4493216686
1008459,Westlake US 2 LLC,Chemicals,LA,2027,2749395.201035721
1008459,Westlake US 2 LLC,Chemicals,LA,2028,2740306.0996606625
1008504,VALERO REFINING CO - CALI FORNIA BENICIA REFINERY,Chemicals,CA,2024,2759252.0707801864
1008504,VALERO REFINING CO - CALI FORNIA BENICIA REFINERY,Chemicals,CA,2025,2761841.9589437093
1008504,VALERO REFINING CO - CALI FORNIA BENICIA REFINERY,Chemicals,CA,2026,2764434.278027097
1008504,VALERO REFINING CO - CALI FORNIA BENICIA REFINERY,Chemicals,CA,2027,2767029.0303120743
1008504,VALERO REFINING CO - CALI FORNIA BENICIA REFINERY,Chemicals,CA,2028,2769626.218082482
1008553,"WestRock CP, LLC - Stevenson Mill",Pulp and Paper,AL,2024,136875.04204334773
1008553,"WestRock CP, LLC - Stevenson Mill",Pulp and Paper,AL,2025,134184.70771628266
1008553,"WestRock CP, LLC - Stevenson Mill",Pulp and Paper,AL,2026,131547.25299884746
1008553,"WestRock CP, LLC - Stevenson Mill",Pulp and Paper,AL,2027,128961.63852092216
1008553,"WestRock CP, LLC - Stevenson Mill",Pulp and Paper,AL,2028,126426.84534162527
1008708,"WestRock CP, LLC--Hopewell Mill (Formerly RockTenn)",Pulp and Paper,VA,2024,125471.30842403113
1008708,"WestRock CP, LLC--Hopewell Mill (Formerly RockTenn)",Pulp and Paper,VA,2025,120919.13308696183
1008708,"WestRock CP, LLC--Hopewell Mill (Formerly RockTenn)",Pulp and Paper,VA,2026,116532.11343815026
1008708,"WestRock CP, LLC--Hopewell Mill (Formerly RockTenn)",Pulp and Paper,VA,2027,112304.25752883797
1008708,"WestRock CP, LLC--Hopewell Mill (Formerly RockTenn)",Pulp and Paper,VA,2028,108229.7908018076
1008750,"Solvay Specialty Polymers USA, L.L.C.",Other,OH,2024,86686.29406011113
1008750,"Solvay Specialty Polymers USA, L.L.C.",Other,OH,2025,89756.79446302909
1008750,"Solvay Specialty Polymers USA, L.L.C.",Other,OH,2026,92936.05453581788
1008750,"Solvay Specialty Polymers USA, L.L.C.",Other,OH,2027,96227.92663615194
1008750,"Solvay Specialty Polymers USA, L.L.C.",Other,OH,2028,99636.39957540778
1008757,Enlow Fork Mine,Other,PA,2024,2184759.486783888
1008757,Enlow Fork Mine,Other,PA,2025,2215683.2329846844
1008757,Enlow Fork Mine,Other,PA,2026,2247044.6832370595
1008757,Enlow Fork Mine,Other,PA,2027,2278850.0329364804
1008757,Enlow Fork Mine,Other,PA,2028,2311105.565169885
1008761,Marshall County Mine,Other,WV,2024,1957664.4153241457
1008761,Marshall County Mine,Other,WV,2025,1941715.3160791101
1008761,Marshall County Mine,Other,WV,2026,1925896.1542047136
1008761,Marshall County Mine,Other,WV,2027,1910205.87110072
1008761,Marshall County Mine,Other,WV,2028,1894643.4167913091
1008764,Harrison County Mine,Other,WV,2024,698898.8408771588
1008764,Harrison County Mine,Other,WV,2025,651450.0955659527
1008764,Harrison County Mine,Other,WV,2026,607222.6797232318
1008764,Harrison County Mine,Other,WV,2027,565997.8949729595
1008764,Harrison County Mine,Other,WV,2028,527571.8905292477
1008767,"Irving Tissue, Inc. Fort Edward Facility",Pulp and Paper,NY,2024,33045.75373831725
1008767,"Irving Tissue, Inc. Fort Edward Facility",Pulp and Paper,NY,2025,33306.43835136658
1008767,"Irving Tissue, Inc. Fort Edward Facility",Pulp and Paper,NY,2026,33569.179400108515
1008767,"Irving Tissue, Inc. Fort Edward Facility",Pulp and Paper,NY,2027,33833.993106934446
1008767,"Irving Tissue, Inc. Fort Edward Facility",Pulp and Paper,NY,2028,34100.89582220723
1008768,Microchip Technology Inc.,Other,AZ,2024,81475.78407075479
1008768,Microchip Technology Inc.,Other,AZ,2025,82251.20039545582
1008768,Microchip Technology Inc.,Other,AZ,2026,83033.99646474548
1008768,Microchip Technology Inc.,Other,AZ,2027,83824.24251267572
1008768,Microchip Technology Inc.,Other,AZ,2028,84622.00944172507
1008786,Bakelite Synthetics,Other,KY,2024,29432.575824335945
1008786,Bakelite Synthetics,Other,KY,2025,30054.11332099089
1008786,Bakelite Synthetics,Other,KY,2026,30688.77603176416
1008786,Bakelite Synthetics,Other,KY,2027,31336.841126169376
1008786,Bakelite Synthetics,Other,KY,2028,31998.59162680102
1008930,LA Semiconductor,Other,ID,2024,40385.82758778858
1008930,LA Semiconductor,Other,ID,2025,41715.631351196454
1008930,LA Semiconductor,Other,ID,2026,43089.22220910731
1008930,LA Semiconductor,Other,ID,2027,44508.04196045283
1008930,LA Semiconductor,Other,ID,2028,45973.57987897796
1008938,VALERO REFINING TEXAS CITY REFINERY,Petroleum Product Suppliers,TX,2024,2089393.9895990756
1008938,VALERO REFINING TEXAS CITY REFINERY,Petroleum Product Suppliers,TX,2025,2082297.124129481
1008938,VALERO REFINING TEXAS CITY REFINERY,Petroleum Product Suppliers,TX,2026,2075224.363974503
1008938,VALERO REFINING TEXAS CITY REFINERY,Petroleum Product Suppliers,TX,2027,2068175.6272576898
1008938,VALERO REFINING TEXAS CITY REFINERY,Petroleum Product Suppliers,TX,2028,2061150.8323806995
1008964,Bethel Compressor Station,Petroleum and Natural Gas Systems,TX,2024,43394.81970447079
1008964,Bethel Compressor Station,Petroleum and Natural Gas Systems,TX,2025,43761.98813669959
1008964,Bethel Compressor Station,Petroleum and Natural Gas Systems,TX,2026,44132.263222177404
1008964,Bethel Compressor Station,Petroleum and Natural Gas Systems,TX,2027,44505.6712466455
1008964,Bethel Compressor Station,Petroleum and Natural Gas Systems,TX,2028,44882.23871825174
1008991,Linde Inc.,Chemicals,MI,2024,27432.079974897384
1008991,Linde Inc.,Chemicals,MI,2025,27555.672925330597
1008991,Linde Inc.,Chemicals,MI,2026,27679.82271350303
1008991,Linde Inc.,Chemicals,MI,2027,27804.531848200866
1008991,Linde Inc.,Chemicals,MI,2028,27929.802849513122
1009033,Southern Pines Energy Center,Petroleum and Natural Gas Systems,MS,2024,16281.472784325706
1009033,Southern Pines Energy Center,Petroleum and Natural Gas Systems,MS,2025,15882.628943973847
1009033,Southern Pines Energy Center,Petroleum and Natural Gas Systems,MS,2026,15493.555497928013
1009033,Southern Pines Energy Center,Petroleum and Natural Gas Systems,MS,2027,15114.013102878387
1009033,Southern Pines Energy Center,Petroleum and Natural Gas Systems,MS,2028,14743.768278658057
1009064,Pasadena Plant,Chemicals,TX,2024,63616.30859212197
1009064,Pasadena Plant,Chemicals,TX,2025,66452.07586350634
1009064,Pasadena Plant,Chemicals,TX,2026,69414.25059542108
1009064,Pasadena Plant,Chemicals,TX,2027,72508.46754013943
1009064,Pasadena Plant,Chemicals,TX,2028,75740.61262524451
1009067,FLINT HILLS RESOURCES CORPUS CHRISTI EAST PLANT,Refineries,TX,2024,542989.0209078384
1009067,FLINT HILLS RESOURCES CORPUS CHRISTI EAST PLANT,Refineries,TX,2025,543473.3115073668
1009067,FLINT HILLS RESOURCES CORPUS CHRISTI EAST PLANT,Refineries,TX,2026,543958.0340445131
1009067,FLINT HILLS RESOURCES CORPUS CHRISTI EAST PLANT,Refineries,TX,2027,544443.1889045235
1009067,FLINT HILLS RESOURCES CORPUS CHRISTI EAST PLANT,Refineries,TX,2028,544928.7764729827
1009130,WARNER CO2 TREATMENT PLANT,Petroleum and Natural Gas Systems,MI,2024,32933.771299268505
1009130,WARNER CO2 TREATMENT PLANT,Petroleum and Natural Gas Systems,MI,2025,31538.075417301607
1009130,WARNER CO2 TREATMENT PLANT,Petroleum and Natural Gas Systems,MI,2026,30201.527544144163
1009130,WARNER CO2 TREATMENT PLANT,Petroleum and Natural Gas Systems,MI,2027,28921.621054254618
1009130,WARNER CO2 TREATMENT PLANT,Petroleum and Natural Gas Systems,MI,2028,27695.95555003924
1009137,NJMC 1-E Landfill,Waste,NJ,2024,16043.236070538505
1009137,NJMC 1-E Landfill,Waste,NJ,2025,14567.768877707389
1009137,NJMC 1-E Landfill,Waste,NJ,2026,13227.997714502038
1009137,NJMC 1-E Landfill,Waste,NJ,2027,12011.44286429733
1009137,NJMC 1-E Landfill,Waste,NJ,2028,10906.772347269824
1009233,Vermillion Gas Plant,Petroleum and Natural Gas Systems,WY,2024,32985.589177343645
1009233,Vermillion Gas Plant,Petroleum and Natural Gas Systems,WY,2025,33662.065961598986
1009233,Vermillion Gas Plant,Petroleum and Natural Gas Systems,WY,2026,34352.41610240333
1009233,Vermillion Gas Plant,Petroleum and Natural Gas Systems,WY,2027,35056.92411805269
1009233,Vermillion Gas Plant,Petroleum and Natural Gas Systems,WY,2028,35775.880361815965
1009333,TGP Station 264 Charlton,Petroleum and Natural Gas Systems,MA,2024,31306.859159065003
1009333,TGP Station 264 Charlton,Petroleum and Natural Gas Systems,MA,2025,31060.096122739218
1009333,TGP Station 264 Charlton,Petroleum and Natural Gas Systems,MA,2026,30815.2780913654
1009333,TGP Station 264 Charlton,Petroleum and Natural Gas Systems,MA,2027,30572.38973426724
1009333,TGP Station 264 Charlton,Petroleum and Natural Gas Systems,MA,2028,30331.41584160575
1009432,Gulf South Pipeline - Clarence Station,Petroleum and Natural Gas Systems,LA,2024,49170.054316109476
1009432,Gulf South Pipeline - Clarence Station,Petroleum and Natural Gas Systems,LA,2025,49697.84259535736
1009432,Gulf South Pipeline - Clarence Station,Petroleum and Natural Gas Systems,LA,2026,50231.29612089349
1009432,Gulf South Pipeline - Clarence Station,Petroleum and Natural Gas Systems,LA,2027,50770.47570311639
1009432,Gulf South Pipeline - Clarence Station,Petroleum and Natural Gas Systems,LA,2028,51315.44280515925
1009463,Texas Gas Transmission - Calvert City Station,Petroleum and Natural Gas Systems,KY,2024,18579.710924649473
1009463,Texas Gas Transmission - Calvert City Station,Petroleum and Natural Gas Systems,KY,2025,17107.556976109037
1009463,Texas Gas Transmission - Calvert City Station,Petroleum and Natural Gas Systems,KY,2026,15752.048397186703
1009463,Texas Gas Transmission - Calvert City Station,Petroleum and Natural Gas Systems,KY,2027,14503.94285132736
1009463,Texas Gas Transmission - Calvert City Station,Petroleum and Natural Gas Systems,KY,2028,13354.730313813692
1009464,Gulf South Pipeline - Marksville Station,Petroleum and Natural Gas Systems,LA,2024,51257.60348300263
1009464,Gulf South Pipeline - Marksville Station,Petroleum and Natural Gas Systems,LA,2025,54071.10599718406
1009464,Gulf South Pipeline - Marksville Station,Petroleum and Natural Gas Systems,LA,2026,57039.04016363577
1009464,Gulf South Pipeline - Marksville Station,Petroleum and Natural Gas Systems,LA,2027,60169.882653376844
1009464,Gulf South Pipeline - Marksville Station,Petroleum and Natural Gas Systems,LA,2028,63472.5754173763
1009491,CertainTeed,Minerals,GA,2024,31510.385298081008
1009491,CertainTeed,Minerals,GA,2025,31312.993815416132
1009491,CertainTeed,Minerals,GA,2026,31116.83885833036
1009491,CertainTeed,Minerals,GA,2027,30921.912680818212
1009491,CertainTeed,Minerals,GA,2028,30728.20758539774
1009505,"Flint Hills Resources Joliet, LLC",Chemicals,IL,2024,108429.22769863509
1009505,"Flint Hills Resources Joliet, LLC",Chemicals,IL,2025,108748.04091481677
1009505,"Flint Hills Resources Joliet, LLC",Chemicals,IL,2026,109067.79153384588
1009505,"Flint Hills Resources Joliet, LLC",Chemicals,IL,2027,109388.48231195788
1009505,"Flint Hills Resources Joliet, LLC",Chemicals,IL,2028,109710.11601349077
1009528,Procter & Gamble Paper Products,Pulp and Paper,UT,2024,49794.25388133566
1009528,Procter & Gamble Paper Products,Pulp and Paper,UT,2025,51003.676846536524
1009528,Procter & Gamble Paper Products,Pulp and Paper,UT,2026,52242.474765567036
1009528,Procter & Gamble Paper Products,Pulp and Paper,UT,2027,53511.3611091796
1009528,Procter & Gamble Paper Products,Pulp and Paper,UT,2028,54811.06667719186
1009530,Corelle Brands - Charleroi Plant,Minerals,PA,2024,27355.910526165564
1009530,Corelle Brands - Charleroi Plant,Minerals,PA,2025,27191.934081966687
1009530,Corelle Brands - Charleroi Plant,Minerals,PA,2026,27028.940543243625
1009530,Corelle Brands - Charleroi Plant,Minerals,PA,2027,26866.924018277117
1009530,Corelle Brands - Charleroi Plant,Minerals,PA,2028,26705.878650663977
1009539,DSM Nutritional Products,Other,SC,2024,32705.728598612583
1009539,DSM Nutritional Products,Other,SC,2025,33226.138599745434
1009539,DSM Nutritional Products,Other,SC,2026,33754.82930829206
1009539,DSM Nutritional Products,Other,SC,2027,34291.9324859694
1009539,DSM Nutritional Products,Other,SC,2028,34837.5819910725
1009580,Fairchild Semiconductor,Other,PA,2024,23735.56697809821
1009580,Fairchild Semiconductor,Other,PA,2025,23013.762810565924
1009580,Fairchild Semiconductor,Other,PA,2026,22313.908877327463
1009580,Fairchild Semiconductor,Other,PA,2027,21635.337666601696
1009580,Fairchild Semiconductor,Other,PA,2028,20977.401965797406
1009581,Diodes US Manufacturing Incorporated,Other,ME,2024,20744.729368873664
1009581,Diodes US Manufacturing Incorporated,Other,ME,2025,19704.430441631535
1009581,Diodes US Manufacturing Incorporated,Other,ME,2026,18716.30003578952
1009581,Diodes US Manufacturing Incorporated,Other,ME,2027,17777.72202385417
1009581,Diodes US Manufacturing Incorporated,Other,ME,2028,16886.21147091467
1009606,INTEL CORPORATION ALOHA CAMPUS,Other,OR,2024,17083.45785602137
1009606,INTEL CORPORATION ALOHA CAMPUS,Other,OR,2025,16003.582916243164
1009606,INTEL CORPORATION ALOHA CAMPUS,Other,OR,2026,14991.96874049693
1009606,INTEL CORPORATION ALOHA CAMPUS,Other,OR,2027,14044.300447739992
1009606,INTEL CORPORATION ALOHA CAMPUS,Other,OR,2028,13156.535908028547
1009616,"Fiberteq, LLC",Minerals,IL,2024,30616.66400730574
1009616,"Fiberteq, LLC",Minerals,IL,2025,30696.323172516182
1009616,"Fiberteq, LLC",Minerals,IL,2026,30776.18959683887
1009616,"Fiberteq, LLC",Minerals,IL,2027,30856.263819525437
1009616,"Fiberteq, LLC",Minerals,IL,2028,30936.546381230728
1009669,Crisp County Landfill,Waste,GA,2024,56499.77665130572
1009669,Crisp County Landfill,Waste,GA,2025,57537.028303719606
1009669,Crisp County Landfill,Waste,GA,2026,58593.322349824164
1009669,Crisp County Landfill,Waste,GA,2027,59669.00837957362
1009669,Crisp County Landfill,Waste,GA,2028,60764.44240087208
1009679,EW 826 A (Complex ID # 23800),Petroleum and Natural Gas Systems,LA,2024,10549.370169611368
1009679,EW 826 A (Complex ID # 23800),Petroleum and Natural Gas Systems,LA,2025,9672.287173210687
1009679,EW 826 A (Complex ID # 23800),Petroleum and Natural Gas Systems,LA,2026,8868.125552229287
1009679,EW 826 A (Complex ID # 23800),Petroleum and Natural Gas Systems,LA,2027,8130.822565723767
1009679,EW 826 A (Complex ID # 23800),Petroleum and Natural Gas Systems,LA,2028,7454.819533837553
1009701,Mosaic Carlsbad Facility,Other,NM,2024,31123.85809819594
1009701,Mosaic Carlsbad Facility,Other,NM,2025,30453.148209494728
1009701,Mosaic Carlsbad Facility,Other,NM,2026,29796.891919488793
1009701,Mosaic Carlsbad Facility,Other,NM,2027,29154.777757423497
1009701,Mosaic Carlsbad Facility,Other,NM,2028,28526.500964646206
1009709,Mosaic New Wales Facility,Chemicals,FL,2024,244977.14987863463
1009709,Mosaic New Wales Facility,Chemicals,FL,2025,242668.611065981
1009709,Mosaic New Wales Facility,Chemicals,FL,2026,240381.82673717276
1009709,Mosaic New Wales Facility,Chemicals,FL,2027,238116.59188913056
1009709,Mosaic New Wales Facility,Chemicals,FL,2028,235872.7034506158
1009733,ANR Pipeline Meade CS,Petroleum and Natural Gas Systems,KS,2024,10558.891170245977
1009733,ANR Pipeline Meade CS,Petroleum and Natural Gas Systems,KS,2025,9582.825606356617
1009733,ANR Pipeline Meade CS,Petroleum and Natural Gas Systems,KS,2026,8696.98769702395
1009733,ANR Pipeline Meade CS,Petroleum and Natural Gas Systems,KS,2027,7893.036783640613
1009733,ANR Pipeline Meade CS,Petroleum and Natural Gas Systems,KS,2028,7163.403219395412
1009738,X-FAB Texas Inc.,Other,TX,2024,68716.7916060475
1009738,X-FAB Texas Inc.,Other,TX,2025,70602.2903911516
1009738,X-FAB Texas Inc.,Other,TX,2026,72539.52479407955
1009738,X-FAB Texas Inc.,Other,TX,2027,74529.91437244324
1009738,X-FAB Texas Inc.,Other,TX,2028,76574.91763465575
1009781,North Baja Ehrenberg CS,Petroleum and Natural Gas Systems,AZ,2024,41010.35703045278
1009781,North Baja Ehrenberg CS,Petroleum and Natural Gas Systems,AZ,2025,41674.008439045756
1009781,North Baja Ehrenberg CS,Petroleum and Natural Gas Systems,AZ,2026,42348.39940769175
1009781,North Baja Ehrenberg CS,Petroleum and Natural Gas Systems,AZ,2027,43033.703729663466
1009781,North Baja Ehrenberg CS,Petroleum and Natural Gas Systems,AZ,2028,43730.09801064847
1009792,Microchip Technology,Other,CO,2024,168251.76082107515
1009792,Microchip Technology,Other,CO,2025,159626.98863703577
1009792,Microchip Technology,Other,CO,2026,151444.33185710016
1009792,Microchip Technology,Other,CO,2027,143681.12715447258
1009792,Microchip Technology,Other,CO,2028,136315.87294966727
1009794,Mosaic Uncle Sam Facility,Chemicals,LA,2024,113468.69444881189
1009794,Mosaic Uncle Sam Facility,Chemicals,LA,2025,113369.32619554923
1009794,Mosaic Uncle Sam Facility,Chemicals,LA,2026,113270.04496232132
1009794,Mosaic Uncle Sam Facility,Chemicals,LA,2027,113170.85067292226
1009794,Mosaic Uncle Sam Facility,Chemicals,LA,2028,113071.74325121209
1009795,Tampa Port Services,Chemicals,LA,2024,661887.7055270555
1009795,Tampa Port Services,Chemicals,LA,2025,648310.3497152816
1009795,Tampa Port Services,Chemicals,LA,2026,635011.5072967908
1009795,Tampa Port Services,Chemicals,LA,2027,621985.4651039187
1009795,Tampa Port Services,Chemicals,LA,2028,609226.6271636615
1009805,"Micron Technology, Inc.",Other,VA,2024,244508.6342077977
1009805,"Micron Technology, Inc.",Other,VA,2025,240037.41064978493
1009805,"Micron Technology, Inc.",Other,VA,2026,235647.95042160506
1009805,"Micron Technology, Inc.",Other,VA,2027,231338.75835263677
1009805,"Micron Technology, Inc.",Other,VA,2028,227108.36661379627
1009832,Olin Chlor Alkali Products,Chemicals,NY,2024,20733.585048712135
1009832,Olin Chlor Alkali Products,Chemicals,NY,2025,20054.132618695545
1009832,Olin Chlor Alkali Products,Chemicals,NY,2026,19396.94626584651
1009832,Olin Chlor Alkali Products,Chemicals,NY,2027,18761.296317018743
1009832,Olin Chlor Alkali Products,Chemicals,NY,2028,18146.477010906885
1009840,Battlefield Gas Plant,Petroleum and Natural Gas Systems,LA,2024,359638.2593580882
1009840,Battlefield Gas Plant,Petroleum and Natural Gas Systems,LA,2025,410530.11617702374
1009840,Battlefield Gas Plant,Petroleum and Natural Gas Systems,LA,2026,468623.6013630336
1009840,Battlefield Gas Plant,Petroleum and Natural Gas Systems,LA,2027,534937.8062674542
1009840,Battlefield Gas Plant,Petroleum and Natural Gas Systems,LA,2028,610636.0322909867
1009872,Samsung Austin Semiconductor,Other,TX,2024,816179.430436577
1009872,Samsung Austin Semiconductor,Other,TX,2025,861342.7150809414
1009872,Samsung Austin Semiconductor,Other,TX,2026,909005.109852079
1009872,Samsung Austin Semiconductor,Other,TX,2027,959304.9029961815
1009872,Samsung Austin Semiconductor,Other,TX,2028,1012388.0349388428
1009928,Robert Bosch Semiconductor LLC,Other,CA,2024,15875.1181720466
1009928,Robert Bosch Semiconductor LLC,Other,CA,2025,14347.879713659413
1009928,Robert Bosch Semiconductor LLC,Other,CA,2026,12967.566606220727
1009928,Robert Bosch Semiconductor LLC,Other,CA,2027,11720.044148870486
1009928,Robert Bosch Semiconductor LLC,Other,CA,2028,10592.537445350736
1009930,"Clean Harbors Buttonwillow, LLC.",Waste,CA,2024,24440.724728145415
1009930,"Clean Harbors Buttonwillow, LLC.",Waste,CA,2025,23829.812304793923
1009930,"Clean Harbors Buttonwillow, LLC.",Waste,CA,2026,23234.170050112036
1009930,"Clean Harbors Buttonwillow, LLC.",Waste,CA,2027,22653.416275919404
1009930,"Clean Harbors Buttonwillow, LLC.",Waste,CA,2028,22087.178834589602
1010003,Los Gatos Tomato Products,Other,CA,2024,66948.60259077844
1010003,Los Gatos Tomato Products,Other,CA,2025,68087.60229611155
1010003,Los Gatos Tomato Products,Other,CA,2026,69245.97985667322
1010003,Los Gatos Tomato Products,Other,CA,2027,70424.06494882025
1010003,Los Gatos Tomato Products,Other,CA,2028,71622.19285770843
1010026,"Protein Products, Inc.",Other,MS,2024,7480.714055031213
1010026,"Protein Products, Inc.",Other,MS,2025,6433.484670227166
1010026,"Protein Products, Inc.",Other,MS,2026,5532.857518355613
1010026,"Protein Products, Inc.",Other,MS,2027,4758.309670044384
1010026,"Protein Products, Inc.",Other,MS,2028,4092.191212393093
1010033,QORVO,Other,NC,2024,23798.546044213097
1010033,QORVO,Other,NC,2025,22317.32512522297
1010033,QORVO,Other,NC,2026,20928.29535970823
1010033,QORVO,Other,NC,2027,19625.718772549804
1010033,QORVO,Other,NC,2028,18404.21452005837
1010034,Great Lakes Castings LLC,Metals,MI,2024,19871.29751402465
1010034,Great Lakes Castings LLC,Metals,MI,2025,19306.65100105438
1010034,Great Lakes Castings LLC,Metals,MI,2026,18758.04902087739
1010034,Great Lakes Castings LLC,Metals,MI,2027,18225.035665192434
1010034,Great Lakes Castings LLC,Metals,MI,2028,17707.16798041509
1010060,Green Canyon 237 B,Petroleum and Natural Gas Systems,LA,2024,37745.287671639264
1010060,Green Canyon 237 B,Petroleum and Natural Gas Systems,LA,2025,37413.06638694191
1010060,Green Canyon 237 B,Petroleum and Natural Gas Systems,LA,2026,37083.7692018822
1010060,Green Canyon 237 B,Petroleum and Natural Gas Systems,LA,2027,36757.37037952208
1010060,Green Canyon 237 B,Petroleum and Natural Gas Systems,LA,2028,36433.84440945087
1010064,Mississippi Canyon 109 A,Petroleum and Natural Gas Systems,LA,2024,33762.315996632264
1010064,Mississippi Canyon 109 A,Petroleum and Natural Gas Systems,LA,2025,33042.15942704322
1010064,Mississippi Canyon 109 A,Petroleum and Natural Gas Systems,LA,2026,32337.36393294361
1010064,Mississippi Canyon 109 A,Petroleum and Natural Gas Systems,LA,2027,31647.601859695318
1010064,Mississippi Canyon 109 A,Petroleum and Natural Gas Systems,LA,2028,30972.552541595425
1010066,NXP Semiconductors - EB site,Other,TX,2024,76877.73129987081
1010066,NXP Semiconductors - EB site,Other,TX,2025,76202.06751949925
1010066,NXP Semiconductors - EB site,Other,TX,2026,75532.3420197764
1010066,NXP Semiconductors - EB site,Other,TX,2027,74868.50261028156
1010066,NXP Semiconductors - EB site,Other,TX,2028,74210.49755928552
1010127,International Paper - Erie Lowville Landfill III,Waste,PA,2024,27329.02711819269
1010127,International Paper - Erie Lowville Landfill III,Waste,PA,2025,25094.262341746977
1010127,International Paper - Erie Lowville Landfill III,Waste,PA,2026,23042.24002387626
1010127,International Paper - Erie Lowville Landfill III,Waste,PA,2027,21158.01684413898
1010127,International Paper - Erie Lowville Landfill III,Waste,PA,2028,19427.87143580676
1010134,Texas Instruments - Sherman,Other,TX,2024,78962.63420514882
1010134,Texas Instruments - Sherman,Other,TX,2025,79675.03733304725
1010134,Texas Instruments - Sherman,Other,TX,2026,80393.8677821936
1010134,Texas Instruments - Sherman,Other,TX,2027,81119.18354006321
1010134,Texas Instruments - Sherman,Other,TX,2028,81851.04311729512
1010141,Cypress Semiconductor,Other,TX,2024,76895.86283752795
1010141,Cypress Semiconductor,Other,TX,2025,76198.10491668741
1010141,Cypress Semiconductor,Other,TX,2026,75506.67849533359
1010141,Cypress Semiconductor,Other,TX,2027,74821.52612104022
1010141,Cypress Semiconductor,Other,TX,2028,74142.59086270713
1010184,International Paper Mobile Closed Landfill,Waste,AL,2024,17361.631678992475
1010184,International Paper Mobile Closed Landfill,Waste,AL,2025,15913.917807585118
1010184,International Paper Mobile Closed Landfill,Waste,AL,2026,14586.922742578938
1010184,International Paper Mobile Closed Landfill,Waste,AL,2027,13370.580247470525
1010184,International Paper Mobile Closed Landfill,Waste,AL,2028,12255.663467128392
1010198,Pond Creek No. 1 Mine,Other,IL,2024,549272.1734349001
1010198,Pond Creek No. 1 Mine,Other,IL,2025,581698.5680304373
1010198,Pond Creek No. 1 Mine,Other,IL,2026,616039.2614332298
1010198,Pond Creek No. 1 Mine,Other,IL,2027,652407.2646631346
1010198,Pond Creek No. 1 Mine,Other,IL,2028,690922.2603685716
1010234,Logansport Expansion Gathering Facility,Petroleum and Natural Gas Systems,LA,2024,63335.85989875144
1010234,Logansport Expansion Gathering Facility,Petroleum and Natural Gas Systems,LA,2025,63751.3633325569
1010234,Logansport Expansion Gathering Facility,Petroleum and Natural Gas Systems,LA,2026,64169.59260135979
1010234,Logansport Expansion Gathering Facility,Petroleum and Natural Gas Systems,LA,2027,64590.56558750675
1010234,Logansport Expansion Gathering Facility,Petroleum and Natural Gas Systems,LA,2028,65014.30029065819
1010287,Rayonier Performance Fibers LLC - Yulee Landfill,Waste,FL,2024,49079.40632420939
1010287,Rayonier Performance Fibers LLC - Yulee Landfill,Waste,FL,2025,50706.08584737035
1010287,Rayonier Performance Fibers LLC - Yulee Landfill,Waste,FL,2026,52386.679760888575
1010287,Rayonier Performance Fibers LLC - Yulee Landfill,Waste,FL,2027,54122.974994178476
1010287,Rayonier Performance Fibers LLC - Yulee Landfill,Waste,FL,2028,55916.817702340064
1010378,CHOCTAW ROAD LANDFILL,Waste,LA,2024,44531.23353732351
1010378,CHOCTAW ROAD LANDFILL,Waste,LA,2025,45079.32721491656
1010378,CHOCTAW ROAD LANDFILL,Waste,LA,2026,45634.16686955893
1010378,CHOCTAW ROAD LANDFILL,Waste,LA,2027,46195.835531229204
1010378,CHOCTAW ROAD LANDFILL,Waste,LA,2028,46764.41725184499
1010624,Akutan Seafood Processing Facility,Other,AK,2024,46630.29817719343
1010624,Akutan Seafood Processing Facility,Other,AK,2025,46317.35771846324
1010624,Akutan Seafood Processing Facility,Other,AK,2026,46006.51743353702
1010624,Akutan Seafood Processing Facility,Other,AK,2027,45697.763227944764
1010624,Akutan Seafood Processing Facility,Other,AK,2028,45391.08110180527
1010632,Mississippi Lime Company - Bonne Terre,Minerals,MO,2024,152659.762696859
1010632,Mississippi Lime Company - Bonne Terre,Minerals,MO,2025,162693.38857669252
1010632,Mississippi Lime Company - Bonne Terre,Minerals,MO,2026,173386.47865663999
1010632,Mississippi Lime Company - Bonne Terre,Minerals,MO,2027,184782.376493302
1010632,Mississippi Lime Company - Bonne Terre,Minerals,MO,2028,196927.27441641685
1010661,Decatur-Morgan County Regional MSW Landfill,Waste,AL,2024,196769.50288561676
1010661,Decatur-Morgan County Regional MSW Landfill,Waste,AL,2025,203548.8049918069
1010661,Decatur-Morgan County Regional MSW Landfill,Waste,AL,2026,210561.67447695057
1010661,Decatur-Morgan County Regional MSW Landfill,Waste,AL,2027,217816.15844083138
1010661,Decatur-Morgan County Regional MSW Landfill,Waste,AL,2028,225320.58123006078
1010687,J.R. Simplot Company,Other,ND,2024,46555.06596660061
1010687,J.R. Simplot Company,Other,ND,2025,46061.88330979319
1010687,J.R. Simplot Company,Other,ND,2026,45573.92520004474
1010687,J.R. Simplot Company,Other,ND,2027,45091.13629094029
1010687,J.R. Simplot Company,Other,ND,2028,44613.46182237901
1010700,Diageo USVI,Other,VI,2024,32569.989997336026
1010700,Diageo USVI,Other,VI,2025,32338.450709687386
1010700,Diageo USVI,Other,VI,2026,32108.557429351837
1010700,Diageo USVI,Other,VI,2027,31880.29845490248
1010700,Diageo USVI,Other,VI,2028,31653.662168097366
1010759,"WestRock Container, LLC",Pulp and Paper,SC,2024,54125.18120313858
1010759,"WestRock Container, LLC",Pulp and Paper,SC,2025,53565.41869227205
1010759,"WestRock Container, LLC",Pulp and Paper,SC,2026,53011.44524412266
1010759,"WestRock Container, LLC",Pulp and Paper,SC,2027,52463.20098821627
1010759,"WestRock Container, LLC",Pulp and Paper,SC,2028,51920.62667325838
1010761,"Clariant Corporation, Louisville Site, West Plant",Chemicals,KY,2024,25545.19074759156
1010761,"Clariant Corporation, Louisville Site, West Plant",Chemicals,KY,2025,25546.585623673047
1010761,"Clariant Corporation, Louisville Site, West Plant",Chemicals,KY,2026,25547.980575920654
1010761,"Clariant Corporation, Louisville Site, West Plant",Chemicals,KY,2027,25549.37560433868
1010761,"Clariant Corporation, Louisville Site, West Plant",Chemicals,KY,2028,25550.77070893105
1010774,Valero Wilmington Asphalt Plant,Petroleum Product Suppliers,CA,2024,15478.47669157733
1010774,Valero Wilmington Asphalt Plant,Petroleum Product Suppliers,CA,2025,15781.778458255818
1010774,Valero Wilmington Asphalt Plant,Petroleum Product Suppliers,CA,2026,16091.023442959076
1010774,Valero Wilmington Asphalt Plant,Petroleum Product Suppliers,CA,2027,16406.328103434433
1010774,Valero Wilmington Asphalt Plant,Petroleum Product Suppliers,CA,2028,16727.811179426393
1010845,Croton Landfill,Waste,NY,2024,23262.30455873976
1010845,Croton Landfill,Waste,NY,2025,22134.355106794057
1010845,Croton Landfill,Waste,NY,2026,21061.097998976686
1010845,Croton Landfill,Waste,NY,2027,20039.881296850956
1010845,Croton Landfill,Waste,NY,2028,19068.181649949565
1010937,"Alaska Village Electric Cooperative, Inc.",Power Plants,AK,2024,30737.202335493323
1010937,"Alaska Village Electric Cooperative, Inc.",Power Plants,AK,2025,30588.089842070265
1010937,"Alaska Village Electric Cooperative, Inc.",Power Plants,AK,2026,30439.700724036167
1010937,"Alaska Village Electric Cooperative, Inc.",Power Plants,AK,2027,30292.03147214816
1010937,"Alaska Village Electric Cooperative, Inc.",Power Plants,AK,2028,30145.078594187387
1010957,City of Dothan Sanitary Landfill,Waste,AL,2024,123773.42753733796
1010957,City of Dothan Sanitary Landfill,Waste,AL,2025,119563.39802086343
1010957,City of Dothan Sanitary Landfill,Waste,AL,2026,115496.56845353986
1010957,City of Dothan Sanitary Landfill,Waste,AL,2027,111568.06803212051
1010957,City of Dothan Sanitary Landfill,Waste,AL,2028,107773.19162886689
1010979,NCIRSWA Sanitary Landfill,Waste,IA,2024,49206.263797355874
1010979,NCIRSWA Sanitary Landfill,Waste,IA,2025,49425.25415670615
1010979,NCIRSWA Sanitary Landfill,Waste,IA,2026,49645.21912322607
1010979,NCIRSWA Sanitary Landfill,Waste,IA,2027,49866.1630343629
1010979,NCIRSWA Sanitary Landfill,Waste,IA,2028,50088.09024686753
1011009,Weber County Landfill,Waste,UT,2024,41331.25214441466
1011009,Weber County Landfill,Waste,UT,2025,40985.09800313658
1011009,Weber County Landfill,Waste,UT,2026,40641.842943868054
1011009,Weber County Landfill,Waste,UT,2027,40301.46268645315
1011009,Weber County Landfill,Waste,UT,2028,39963.93315408536
1011214,L'Anse Warden Electric Company LLC,Power Plants,MI,2024,19962.903594382544
1011214,L'Anse Warden Electric Company LLC,Power Plants,MI,2025,19387.290075859117
1011214,L'Anse Warden Electric Company LLC,Power Plants,MI,2026,18828.273888537526
1011214,L'Anse Warden Electric Company LLC,Power Plants,MI,2027,18285.376462345765
1011214,L'Anse Warden Electric Company LLC,Power Plants,MI,2028,17758.13302637696
1011217,"Athens-Hocking Landfill, Inc.",Waste,OH,2024,145609.38764101098
1011217,"Athens-Hocking Landfill, Inc.",Waste,OH,2025,152731.24097912526
1011217,"Athens-Hocking Landfill, Inc.",Waste,OH,2026,160201.42896647696
1011217,"Athens-Hocking Landfill, Inc.",Waste,OH,2027,168036.98888565268
1011217,"Athens-Hocking Landfill, Inc.",Waste,OH,2028,176255.7913242181
1011220,Prairie Eagle Mine,Other,IL,2024,78900.25582362848
1011220,Prairie Eagle Mine,Other,IL,2025,84247.61913325546
1011220,Prairie Eagle Mine,Other,IL,2026,89957.39311020698
1011220,Prairie Eagle Mine,Other,IL,2027,96054.13967111154
1011220,Prairie Eagle Mine,Other,IL,2028,102564.08538489003
1011227,Orange County Landfill,Waste,NY,2024,42834.319789031135
1011227,Orange County Landfill,Waste,NY,2025,41378.833549571806
1011227,Orange County Landfill,Waste,NY,2026,39972.80391882459
1011227,Orange County Landfill,Waste,NY,2027,38614.55038887475
1011227,Orange County Landfill,Waste,NY,2028,37302.449554526764
1011233,Bedford County Landfill,Waste,VA,2024,30539.81660079284
1011233,Bedford County Landfill,Waste,VA,2025,30288.75011082295
1011233,Bedford County Landfill,Waste,VA,2026,30039.74762743207
1011233,Bedford County Landfill,Waste,VA,2027,29792.79218251283
1011233,Bedford County Landfill,Waste,VA,2028,29547.86694745198
1011251,Omya Inc. (Verpol),Other,VT,2024,26769.683222265587
1011251,Omya Inc. (Verpol),Other,VT,2025,26564.920518804094
1011251,Omya Inc. (Verpol),Other,VT,2026,26361.724055943232
1011251,Omya Inc. (Verpol),Other,VT,2027,26160.08185342695
1011251,Omya Inc. (Verpol),Other,VT,2028,25959.982022636785
1011302,Tucker County Landfill,Waste,WV,2024,86293.8579038398
1011302,Tucker County Landfill,Waste,WV,2025,95084.61871629425
1011302,Tucker County Landfill,Waste,WV,2026,104770.89489379239
1011302,Tucker County Landfill,Waste,WV,2027,115443.91264372834
1011302,Tucker County Landfill,Waste,WV,2028,127204.19139306612
1011449,BKK Corporation,Waste,CA,2024,255450.31949266905
1011449,BKK Corporation,Waste,CA,2025,248985.12785762933
1011449,BKK Corporation,Waste,CA,2026,242683.56374500145
1011449,BKK Corporation,Waste,CA,2027,236541.48590614114
1011449,BKK Corporation,Waste,CA,2028,230554.85790325844
1011451,Marianas Energy Company,Power Plants,GU,2024,377996.9423556652
1011451,Marianas Energy Company,Power Plants,GU,2025,375202.8209627258
1011451,Marianas Energy Company,Power Plants,GU,2026,372429.35347854515
1011451,Marianas Energy Company,Power Plants,GU,2027,369676.3872311777
1011451,Marianas Energy Company,Power Plants,GU,2028,366943.77067721816
1011466,Anoka Municipal Regional Landfill,Waste,MN,2024,29688.07594225821
1011466,Anoka Municipal Regional Landfill,Waste,MN,2025,29249.0112169618
1011466,Anoka Municipal Regional Landfill,Waste,MN,2026,28816.439934803075
1011466,Anoka Municipal Regional Landfill,Waste,MN,2027,28390.266062551997
1011466,Anoka Municipal Regional Landfill,Waste,MN,2028,27970.39498723912
1011696,white oak landfill,Waste,NC,2024,112940.977427424
1011696,white oak landfill,Waste,NC,2025,122642.96643166088
1011696,white oak landfill,Waste,NC,2026,133178.38713431606
1011696,white oak landfill,Waste,NC,2027,144618.83396779097
1011696,white oak landfill,Waste,NC,2028,157042.0515538325
1011966,Providence Health & Service Alaska,Other,AK,2024,36772.093315054306
1011966,Providence Health & Service Alaska,Other,AK,2025,36811.621233729
1011966,Providence Health & Service Alaska,Other,AK,2026,36851.19164267861
1011966,Providence Health & Service Alaska,Other,AK,2027,36890.80458757787
1011966,Providence Health & Service Alaska,Other,AK,2028,36930.46011415031
1011973,"Tyson Poultry, Inc Broken Bow",Other,OK,2024,47206.52747560641
1011973,"Tyson Poultry, Inc Broken Bow",Other,OK,2025,45253.02398305703
1011973,"Tyson Poultry, Inc Broken Bow",Other,OK,2026,43380.36049504674
1011973,"Tyson Poultry, Inc Broken Bow",Other,OK,2027,41585.19168541735
1011973,"Tyson Poultry, Inc Broken Bow",Other,OK,2028,39864.31066450818
1012009,"Tyson Farms, Inc - Blountsville Processing",Other,AL,2024,48352.49175578443
1012009,"Tyson Farms, Inc - Blountsville Processing",Other,AL,2025,47783.003230475704
1012009,"Tyson Farms, Inc - Blountsville Processing",Other,AL,2026,47220.22205712916
1012009,"Tyson Farms, Inc - Blountsville Processing",Other,AL,2027,46664.069237541655
1012009,"Tyson Farms, Inc - Blountsville Processing",Other,AL,2028,46114.46670393869
1012095,SRI International Cogeneration Project,Power Plants,CA,2024,23433.072894373083
1012095,SRI International Cogeneration Project,Power Plants,CA,2025,23205.571668443077
1012095,SRI International Cogeneration Project,Power Plants,CA,2026,22980.27915018163
1012095,SRI International Cogeneration Project,Power Plants,CA,2027,22757.17389623359
1012095,SRI International Cogeneration Project,Power Plants,CA,2028,22536.23467142797
1012110,County of Orange - CUF,Other,CA,2024,30765.78122735835
1012110,County of Orange - CUF,Other,CA,2025,30286.529988299386
1012110,County of Orange - CUF,Other,CA,2026,29814.744243077297
1012110,County of Orange - CUF,Other,CA,2027,29350.307698621436
1012110,County of Orange - CUF,Other,CA,2028,28893.105873406028
1012864,Agropur,Other,ID,2024,32535.794369073956
1012864,Agropur,Other,ID,2025,33039.349086412476
1012864,Agropur,Other,ID,2026,33550.69729268431
1012864,Agropur,Other,ID,2027,34069.959607293305
1012864,Agropur,Other,ID,2028,34597.258516463036
