facility_id,primary_sector,year,target,annual_rate,reduction_fraction,target_year,confidence
1000002,Minerals,2024,114374.16606224894,-0.022067231457071457,0.2,2030,High
1000002,Minerals,2025,111850.24486704376,-0.022067231457071457,0.2,2030,High
1000002,Minerals,2026,109382.0196250326,-0.022067231457071457,0.2,2030,High
1000002,Minerals,2027,106968.26128072507,-0.022067231457071457,0.2,2030,High
1000002,Minerals,2028,104607.76790048282,-0.022067231457071457,0.2,2030,High
1000003,Minerals,2024,75912.46144856299,-0.022067231457071457,0.2,2030,High
1000003,Minerals,2025,74237.28359130153,-0.022067231457071457,0.2,2030,High
1000003,Minerals,2026,72599.07227154804,-0.022067231457071457,0.2,2030,High
1000003,Minerals,2027,70997.01174016313,-0.022067231457071457,0.2,2030,High
1000003,Minerals,2028,69430.30424933253,-0.022067231457071457,0.2,2030,High
1000017,Chemicals,2024,122832.77685539363,-0.045845005236247904,0.28,2030,Medium
1000017,Chemicals,2025,117201.50755727524,-0.045845005236247904,0.28,2030,Medium
1000017,Chemicals,2026,111828.40382961581,-0.045845005236247904,0.28,2030,Medium
1000017,Chemicals,2027,106701.63007048583,-0.045845005236247904,0.28,2030,Medium
1000017,Chemicals,2028,101809.89328118823,-0.045845005236247904,0.28,2030,Medium
1000020,Minerals,2024,60281.856893917575,-0.022067231457071457,0.2,2030,High
1000020,Minerals,2025,58951.60320517743,-0.022067231457071457,0.2,2030,High
1000020,Minerals,2026,57650.704532483345,-0.022067231457071457,0.2,2030,High
1000020,Minerals,2027,56378.5130919018,-0.022067231457071457,0.2,2030,High
1000020,Minerals,2028,55134.39539429727,-0.022067231457071457,0.2,2030,High
1000022,Chemicals,2024,33813.26455541828,-0.045845005236247904,0.28,2030,Medium
1000022,Chemicals,2025,32263.095264820495,-0.045845005236247904,0.28,2030,Medium
1000022,Chemicals,2026,30783.99349346724,-0.045845005236247904,0.28,2030,Medium
1000022,Chemicals,2027,29372.70115056661,-0.045845005236247904,0.28,2030,Medium
1000022,Chemicals,2028,28026.10951251614,-0.045845005236247904,0.28,2030,Medium
1000025,Petroleum Product Suppliers,2024,637558.5125722163,-0.027507527533926934,0.2,2030,Low
1000025,Petroleum Product Suppliers,2025,620020.8542331466,-0.027507527533926934,0.2,2030,Low
1000025,Petroleum Product Suppliers,2026,602965.6135137194,-0.027507527533926934,0.2,2030,Low
1000025,Petroleum Product Suppliers,2027,586379.5202979797,-0.027507527533926934,0.2,2030,Low
1000025,Petroleum Product Suppliers,2028,570249.6694980521,-0.027507527533926934,0.2,2030,Low
1000028,Minerals,2024,76026.99302268366,-0.022067231457071457,0.2,2030,High
1000028,Minerals,2025,74349.28777066694,-0.022067231457071457,0.2,2030,High
1000028,Minerals,2026,72708.60482876321,-0.022067231457071457,0.2,2030,High
1000028,Minerals,2027,71104.12721708616,-0.022067231457071457,0.2,2030,High
1000028,Minerals,2028,69535.05598423367,-0.022067231457071457,0.2,2030,High
1000050,Power Plants,2024,706140.7249165904,-0.11644604222876276,0.8,2035,Medium
1000050,Power Plants,2025,623913.432243504,-0.11644604222876276,0.8,2035,Medium
1000050,Power Plants,2026,551261.1823653845,-0.11644604222876276,0.8,2035,Medium
1000050,Power Plants,2027,487068.9994445873,-0.11644604222876276,0.8,2035,Medium
1000050,Power Plants,2028,430351.74216694164,-0.11644604222876276,0.8,2035,Medium
1000059,Power Plants,2024,1945119.8215865043,-0.11644604222876276,0.8,2035,Medium
1000059,Power Plants,2025,1718618.3167020387,-0.11644604222876276,0.8,2035,Medium
1000059,Power Plants,2026,1518492.015620228,-0.11644604222876276,0.8,2035,Medium
1000059,Power Plants,2027,1341669.6302452758,-0.11644604222876276,0.8,2035,Medium
1000059,Power Plants,2028,1185437.5118246858,-0.11644604222876276,0.8,2035,Medium
1000069,Power Plants,2024,80724.36996788257,-0.11644604222876276,0.8,2035,Medium
1000069,Power Plants,2025,71324.33657371224,-0.11644604222876276,0.8,2035,Medium
1000069,Power Plants,2026,63018.899865111256,-0.11644604222876276,0.8,2035,Medium
1000069,Power Plants,2027,55680.59839020834,-0.11644604222876276,0.8,2035,Medium
1000069,Power Plants,2028,49196.81307873936,-0.11644604222876276,0.8,2035,Medium
1000084,Power Plants,2024,5215486.158016307,-0.11644604222876276,0.8,2035,Medium
1000084,Power Plants,2025,4608163.436616412,-0.11644604222876276,0.8,2035,Medium
1000084,Power Plants,2026,4071561.0424791374,-0.11644604222876276,0.8,2035,Medium
1000084,Power Plants,2027,3597443.873389626,-0.11644604222876276,0.8,2035,Medium
1000084,Power Plants,2028,3178535.772193294,-0.11644604222876276,0.8,2035,Medium
1000085,Power Plants,2024,120679.19593380927,-0.11644604222876276,0.8,2035,Medium
1000085,Power Plants,2025,106626.58118796778,-0.11644604222876276,0.8,2035,Medium
1000085,Power Plants,2026,94210.33781224508,-0.11644604222876276,0.8,2035,Medium
1000085,Power Plants,2027,83239.91683697439,-0.11644604222876276,0.8,2035,Medium
1000085,Power Plants,2028,73546.95796585736,-0.11644604222876276,0.8,2035,Medium
1000086,Chemicals,2024,284442.803901534,-0.045845005236247904,0.28,2030,Medium
1000086,Chemicals,2025,271402.5220672551,-0.045845005236247904,0.28,2030,Medium
1000086,Chemicals,2026,258960.07202195097,-0.045845005236247904,0.28,2030,Medium
1000086,Chemicals,2027,247088.04616412547,-0.045845005236247904,0.28,2030,Medium
1000086,Chemicals,2028,235760.2933939169,-0.045845005236247904,0.28,2030,Medium
1000087,Power Plants,2024,49017.35762382215,-0.11644604222876276,0.8,2035,Medium
1000087,Power Plants,2025,43309.48032801619,-0.11644604222876276,0.8,2035,Medium
1000087,Power Plants,2026,38266.26275283425,-0.11644604222876276,0.8,2035,Medium
1000087,Power Plants,2027,33810.307904380774,-0.11644604222876276,0.8,2035,Medium
1000087,Power Plants,2028,29873.23136237978,-0.11644604222876276,0.8,2035,Medium
1000088,Power Plants,2024,101169.59649775914,-0.11644604222876276,0.8,2035,Medium
1000088,Power Plants,2025,89388.79739171418,-0.11644604222876276,0.8,2035,Medium
1000088,Power Plants,2026,78979.82571586032,-0.11644604222876276,0.8,2035,Medium
1000088,Power Plants,2027,69782.93759533092,-0.11644604222876276,0.8,2035,Medium
1000088,Power Plants,2028,61656.9906972579,-0.11644604222876276,0.8,2035,Medium
1000089,Chemicals,2024,152344.6801614571,-0.045845005236247904,0.28,2030,Medium
1000089,Chemicals,2025,145360.43750174058,-0.045845005236247904,0.28,2030,Medium
1000089,Chemicals,2026,138696.38748333,-0.045845005236247904,0.28,2030,Medium
1000089,Chemicals,2027,132337.85087290808,-0.045845005236247904,0.28,2030,Medium
1000089,Chemicals,2028,126270.8214066858,-0.045845005236247904,0.28,2030,Medium
1000092,Power Plants,2024,61137.775872844344,-0.11644604222876276,0.8,2035,Medium
1000092,Power Plants,2025,54018.52384178247,-0.11644604222876276,0.8,2035,Medium
1000092,Power Plants,2026,47728.280533366844,-0.11644604222876276,0.8,2035,Medium
1000092,Power Plants,2027,42170.51116287217,-0.11644604222876276,0.8,2035,Medium
1000092,Power Plants,2028,37259.92203919185,-0.11644604222876276,0.8,2035,Medium
1000097,Power Plants,2024,3578282.505117393,-0.11644604222876276,0.8,2035,Medium
1000097,Power Plants,2025,3161605.66942005,-0.11644604222876276,0.8,2035,Medium
1000097,Power Plants,2026,2793449.202128067,-0.11644604222876276,0.8,2035,Medium
1000097,Power Plants,2027,2468163.0983731584,-0.11644604222876276,0.8,2035,Medium
1000097,Power Plants,2028,2180755.273992524,-0.11644604222876276,0.8,2035,Medium
1000099,Petroleum Product Suppliers,2024,1776218.1130691625,-0.027507527533926934,0.2,2030,Low
1000099,Petroleum Product Suppliers,2025,1727358.7444176527,-0.027507527533926934,0.2,2030,Low
1000099,Petroleum Product Suppliers,2026,1679843.3761946147,-0.027507527533926934,0.2,2030,Low
1000099,Petroleum Product Suppliers,2027,1633635.0382712565,-0.027507527533926934,0.2,2030,Low
1000099,Petroleum Product Suppliers,2028,1588697.7774756222,-0.027507527533926934,0.2,2030,Low
1000105,Minerals,2024,77984.02034389855,-0.022067231457071457,0.2,2030,High
1000105,Minerals,2025,76263.12891701677,-0.022067231457071457,0.2,2030,High
1000105,Minerals,2026,74580.21279956448,-0.022067231457071457,0.2,2030,High
1000105,Minerals,2027,72934.43398159885,-0.022067231457071457,0.2,2030,High
1000105,Minerals,2028,71324.97294573642,-0.022067231457071457,0.2,2030,High
1000107,Power Plants,2024,748959.6281458988,-0.11644604222876276,0.8,2035,Medium
1000107,Power Plants,2025,661746.243659183,-0.11644604222876276,0.8,2035,Medium
1000107,Power Plants,2026,584688.5126253207,-0.11644604222876276,0.8,2035,Medium
1000107,Power Plants,2027,516603.84939348005,-0.11644604222876276,0.8,2035,Medium
1000107,Power Plants,2028,456447.37573146546,-0.11644604222876276,0.8,2035,Medium
1000108,Power Plants,2024,16559.03814417387,-0.11644604222876276,0.8,2035,Medium
1000108,Power Plants,2025,14630.803689169703,-0.11644604222876276,0.8,2035,Medium
1000108,Power Plants,2026,12927.10450493991,-0.11644604222876276,0.8,2035,Medium
1000108,Power Plants,2027,11421.794347862047,-0.11644604222876276,0.8,2035,Medium
1000108,Power Plants,2028,10091.771600902659,-0.11644604222876276,0.8,2035,Medium
1000113,Power Plants,2024,21883.606428322335,-0.11644604222876276,0.8,2035,Medium
1000113,Power Plants,2025,19335.347070052285,-0.11644604222876276,0.8,2035,Medium
1000113,Power Plants,2026,17083.822428625193,-0.11644604222876276,0.8,2035,Medium
1000113,Power Plants,2027,15094.47892067282,-0.11644604222876276,0.8,2035,Medium
1000113,Power Plants,2028,13336.786590854983,-0.11644604222876276,0.8,2035,Medium
1000123,Power Plants,2024,25333.032887403722,-0.11644604222876276,0.8,2035,Medium
1000123,Power Plants,2025,22383.101470014473,-0.11644604222876276,0.8,2035,Medium
1000123,Power Plants,2026,19776.677891026487,-0.11644604222876276,0.8,2035,Medium
1000123,Power Plants,2027,17473.762022183375,-0.11644604222876276,0.8,2035,Medium
1000123,Power Plants,2028,15439.01159185286,-0.11644604222876276,0.8,2035,Medium
1000133,Power Plants,2024,1590670.255256085,-0.11644604222876276,0.8,2035,Medium
1000133,Power Plants,2025,1405442.999540498,-0.11644604222876276,0.8,2035,Medium
1000133,Power Plants,2026,1241784.7246658863,-0.11644604222876276,0.8,2035,Medium
1000133,Power Plants,2027,1097183.80817841,-0.11644604222876276,0.8,2035,Medium
1000133,Power Plants,2028,969421.096118552,-0.11644604222876276,0.8,2035,Medium
1000140,Petroleum and Natural Gas Systems,2024,47634.34348275117,-0.12944943670387588,0.75,2030,High
1000140,Petroleum and Natural Gas Systems,2025,41468.104551150085,-0.12944943670387588,0.75,2030,High
1000140,Petroleum and Natural Gas Systems,2026,36100.08177582628,-0.12944943670387588,0.75,2030,High
1000140,Petroleum and Natural Gas Systems,2027,31426.946524981708,-0.12944943670387588,0.75,2030,High
1000140,Petroleum and Natural Gas Systems,2028,27358.745999999996,-0.12944943670387588,0.75,2030,High
1000141,Power Plants,2024,238380.23718564105,-0.11644604222876276,0.8,2035,Medium
1000141,Power Plants,2025,210621.80201981938,-0.11644604222876276,0.8,2035,Medium
1000141,Power Plants,2026,186095.7267675214,-0.11644604222876276,0.8,2035,Medium
1000141,Power Plants,2027,164425.61590975831,-0.11644604222876276,0.8,2035,Medium
1000141,Power Plants,2028,145278.90369604027,-0.11644604222876276,0.8,2035,Medium
1000147,Power Plants,2024,19565.567277951184,-0.11644604222876276,0.8,2035,Medium
1000147,Power Plants,2025,17287.23440447318,-0.11644604222876276,0.8,2035,Medium
1000147,Power Plants,2026,15274.204376991378,-0.11644604222876276,0.8,2035,Medium
1000147,Power Plants,2027,13495.583729097485,-0.11644604222876276,0.8,2035,Medium
1000147,Power Plants,2028,11924.076416277196,-0.11644604222876276,0.8,2035,Medium
1000150,Power Plants,2024,2454588.399675512,-0.11644604222876276,0.8,2035,Medium
1000150,Power Plants,2025,2168761.295232666,-0.11644604222876276,0.8,2035,Medium
1000150,Power Plants,2026,1916217.625863897,-0.11644604222876276,0.8,2035,Medium
1000150,Power Plants,2027,1693081.66728305,-0.11644604222876276,0.8,2035,Medium
1000150,Power Plants,2028,1495929.0079578639,-0.11644604222876276,0.8,2035,Medium
1000153,Power Plants,2024,3672988.356610602,-0.11644604222876276,0.8,2035,Medium
1000153,Power Plants,2025,3245283.3993309694,-0.11644604222876276,0.8,2035,Medium
1000153,Power Plants,2026,2867382.991568173,-0.11644604222876276,0.8,2035,Medium
1000153,Power Plants,2027,2533487.590645989,-0.11644604222876276,0.8,2035,Medium
1000153,Power Plants,2028,2238472.9876795798,-0.11644604222876276,0.8,2035,Medium
1000156,Metals,2024,5614588.859460579,-0.029125207089559013,0.6,2050,Medium
1000156,Metals,2025,5451062.796206058,-0.029125207089559013,0.6,2050,Medium
1000156,Metals,2026,5292299.463408367,-0.029125207089559013,0.6,2050,Medium
1000156,Metals,2027,5138160.145556636,-0.029125207089559013,0.6,2050,Medium
1000156,Metals,2028,4988510.1672579795,-0.029125207089559013,0.6,2050,Medium
1000168,Power Plants,2024,1833106.049285594,-0.11644604222876276,0.8,2035,Medium
1000168,Power Plants,2025,1619648.1048606832,-0.11644604222876276,0.8,2035,Medium
1000168,Power Plants,2026,1431046.4932463404,-0.11644604222876276,0.8,2035,Medium
1000168,Power Plants,2027,1264406.7928624542,-0.11644604222876276,0.8,2035,Medium
1000168,Power Plants,2028,1117171.6260664584,-0.11644604222876276,0.8,2035,Medium
1000173,Power Plants,2024,338721.7898865799,-0.11644604222876276,0.8,2035,Medium
1000173,Power Plants,2025,299278.9780376451,-0.11644604222876276,0.8,2035,Medium
1000173,Power Plants,2026,264429.1255228925,-0.11644604222876276,0.8,2035,Medium
1000173,Power Plants,2027,233637.40040573897,-0.11644604222876276,0.8,2035,Medium
1000173,Power Plants,2028,206431.24981187392,-0.11644604222876276,0.8,2035,Medium
1000176,Waste,2024,32949.891295434194,-0.038541867469075175,0.325,2030,High
1000176,Waste,2025,31679.94095200513,-0.038541867469075175,0.325,2030,High
1000176,Waste,2026,30458.936866404823,-0.038541867469075175,0.325,2030,High
1000176,Waste,2027,29284.992558450922,-0.038541867469075175,0.325,2030,High
1000176,Waste,2028,28156.294256430254,-0.038541867469075175,0.325,2030,High
1000186,Chemicals,2024,79330.62937128637,-0.045845005236247904,0.28,2030,Medium
1000186,Chemicals,2025,75693.7162523649,-0.045845005236247904,0.28,2030,Medium
1000186,Chemicals,2026,72223.53743442417,-0.045845005236247904,0.28,2030,Medium
1000186,Chemicals,2027,68912.44898256265,-0.045845005236247904,0.28,2030,Medium
1000186,Chemicals,2028,65753.1573981144,-0.045845005236247904,0.28,2030,Medium
1000192,Power Plants,2024,13596760.218207289,-0.11644604222876276,0.8,2035,Medium
1000192,Power Plants,2025,12013471.303663561,-0.11644604222876276,0.8,2035,Medium
1000192,Power Plants,2026,10614550.116923125,-0.11644604222876276,0.8,2035,Medium
1000192,Power Plants,2027,9378527.765768576,-0.11644604222876276,0.8,2035,Medium
1000192,Power Plants,2028,8286435.325512264,-0.11644604222876276,0.8,2035,Medium
1000198,Minerals,2024,80704.90899475677,-0.022067231457071457,0.2,2030,High
1000198,Minerals,2025,78923.9750882476,-0.022067231457071457,0.2,2030,High
1000198,Minerals,2026,77182.34146246308,-0.022067231457071457,0.2,2030,High
1000198,Minerals,2027,75479.14086901219,-0.022067231457071457,0.2,2030,High
1000198,Minerals,2028,73813.52519727481,-0.022067231457071457,0.2,2030,High
1000214,Metals,2024,108884.99443411024,-0.029125207089559013,0.6,2050,Medium
1000214,Metals,2025,105713.69642227128,-0.029125207089559013,0.6,2050,Medium
1000214,Metals,2026,102634.76312176987,-0.029125207089559013,0.6,2050,Medium
1000214,Metals,2027,99645.50439126049,-0.029125207089559013,0.6,2050,Medium
1000214,Metals,2028,96743.30844032146,-0.029125207089559013,0.6,2050,Medium
1000219,Power Plants,2024,31953.311845328724,-0.11644604222876276,0.8,2035,Medium
1000219,Power Plants,2025,28232.47514483875,-0.11644604222876276,0.8,2035,Medium
1000219,Power Plants,2026,24944.915151900364,-0.11644604222876276,0.8,2035,Medium
1000219,Power Plants,2027,22040.178508729266,-0.11644604222876276,0.8,2035,Medium
1000219,Power Plants,2028,19473.68695137231,-0.11644604222876276,0.8,2035,Medium
1000232,Chemicals,2024,3511210.4568916266,-0.045845005236247904,0.28,2030,Medium
1000232,Chemicals,2025,3350238.9951098613,-0.045845005236247904,0.28,2030,Medium
1000232,Chemicals,2026,3196647.270836368,-0.045845005236247904,0.28,2030,Medium
1000232,Chemicals,2027,3050096.959966437,-0.045845005236247904,0.28,2030,Medium
1000232,Chemicals,2028,2910265.248865712,-0.045845005236247904,0.28,2030,Medium
1000233,Metals,2024,3472370.0929984287,-0.029125207089559013,0.6,2050,Medium
1000233,Metals,2025,3371236.5949482583,-0.029125207089559013,0.6,2050,Medium
1000233,Metals,2026,3273048.63097249,-0.029125207089559013,0.6,2050,Medium
1000233,Metals,2027,3177720.4117812193,-0.029125207089559013,0.6,2050,Medium
1000233,Metals,2028,3085168.6467153723,-0.029125207089559013,0.6,2050,Medium
1000236,Power Plants,2024,170400.6471039318,-0.11644604222876276,0.8,2035,Medium
1000236,Power Plants,2025,150558.16615545886,-0.11644604222876276,0.8,2035,Medium
1000236,Power Plants,2026,133026.26358143523,-0.11644604222876276,0.8,2035,Medium
1000236,Power Plants,2027,117535.88167489688,-0.11644604222876276,0.8,2035,Medium
1000236,Power Plants,2028,103849.29343398697,-0.11644604222876276,0.8,2035,Medium
1000237,Power Plants,2024,254420.62738949526,-0.11644604222876276,0.8,2035,Medium
1000237,Power Plants,2025,224794.35226862977,-0.11644604222876276,0.8,2035,Medium
1000237,Power Plants,2026,198617.93963156955,-0.11644604222876276,0.8,2035,Medium
1000237,Power Plants,2027,175489.66664584193,-0.11644604222876276,0.8,2035,Medium
1000237,Power Plants,2028,155054.58951288872,-0.11644604222876276,0.8,2035,Medium
1000245,Petroleum and Natural Gas Systems,2024,79094.09603031469,-0.12944943670387588,0.75,2030,High
1000245,Petroleum and Natural Gas Systems,2025,68855.40985258819,-0.12944943670387588,0.75,2030,High
1000245,Petroleum and Natural Gas Systems,2026,59942.115833156146,-0.12944943670387588,0.75,2030,High
1000245,Petroleum and Natural Gas Systems,2027,52182.642703715595,-0.12944943670387588,0.75,2030,High
1000245,Petroleum and Natural Gas Systems,2028,45427.62899999999,-0.12944943670387588,0.75,2030,High
1000246,Power Plants,2024,232600.3647115135,-0.11644604222876276,0.8,2035,Medium
1000246,Power Plants,2025,205514.97281989097,-0.11644604222876276,0.8,2035,Medium
1000246,Power Plants,2026,181583.56761626294,-0.11644604222876276,0.8,2035,Medium
1000246,Power Plants,2027,160438.8798335702,-0.11644604222876276,0.8,2035,Medium
1000246,Power Plants,2028,141756.40725733488,-0.11644604222876276,0.8,2035,Medium
1000247,Minerals,2024,796763.5294969056,-0.022067231457071457,0.2,2030,High
1000247,Minerals,2025,779181.1642749441,-0.022067231457071457,0.2,2030,High
1000247,Minerals,2026,761986.7931758986,-0.022067231457071457,0.2,2030,High
1000247,Minerals,2027,745171.8542436544,-0.022067231457071457,0.2,2030,High
1000247,Minerals,2028,728727.9744607646,-0.022067231457071457,0.2,2030,High
1000250,Power Plants,2024,2058138.8733068402,-0.11644604222876276,0.8,2035,Medium
1000250,Power Plants,2025,1818476.7471530936,-0.11644604222876276,0.8,2035,Medium
1000250,Power Plants,2026,1606722.3270620813,-0.11644604222876276,0.8,2035,Medium
1000250,Power Plants,2027,1419625.871115114,-0.11644604222876276,0.8,2035,Medium
1000250,Power Plants,2028,1254316.0569781994,-0.11644604222876276,0.8,2035,Medium
1000251,Power Plants,2024,646757.1959478792,-0.11644604222876276,0.8,2035,Medium
1000251,Power Plants,2025,571444.8801967762,-0.11644604222876276,0.8,2035,Medium
1000251,Power Plants,2026,504902.3855459722,-0.11644604222876276,0.8,2035,Medium
1000251,Power Plants,2027,446108.5010372828,-0.11644604222876276,0.8,2035,Medium
1000251,Power Plants,2028,394160.93168688536,-0.11644604222876276,0.8,2035,Medium
1000254,Chemicals,2024,571525.8310059789,-0.045845005236247904,0.28,2030,Medium
1000254,Chemicals,2025,545324.2262908588,-0.045845005236247904,0.28,2030,Medium
1000254,Chemicals,2026,520323.8342811016,-0.045845005236247904,0.28,2030,Medium
1000254,Chemicals,2027,496469.5853739399,-0.045845005236247904,0.28,2030,Medium
1000254,Chemicals,2028,473708.9346328338,-0.045845005236247904,0.28,2030,Medium
1000255,Power Plants,2024,1911726.1153397062,-0.11644604222876276,0.8,2035,Medium
1000255,Power Plants,2025,1689113.17538303,-0.11644604222876276,0.8,2035,Medium
1000255,Power Plants,2026,1492422.6312332181,-0.11644604222876276,0.8,2035,Medium
1000255,Power Plants,2027,1318635.9224934736,-0.11644604222876276,0.8,2035,Medium
1000255,Power Plants,2028,1165085.988178435,-0.11644604222876276,0.8,2035,Medium
1000263,Power Plants,2024,369100.9001519664,-0.11644604222876276,0.8,2035,Medium
1000263,Power Plants,2025,326120.5611461961,-0.11644604222876276,0.8,2035,Medium
1000263,Power Plants,2026,288145.1125112984,-0.11644604222876276,0.8,2035,Medium
1000263,Power Plants,2027,254591.7545717961,-0.11644604222876276,0.8,2035,Medium
1000263,Power Plants,2028,224945.55236783394,-0.11644604222876276,0.8,2035,Medium
1000265,Power Plants,2024,1865580.2479969712,-0.11644604222876276,0.8,2035,Medium
1000265,Power Plants,2025,1648340.8116575703,-0.11644604222876276,0.8,2035,Medium
1000265,Power Plants,2026,1456398.0478958997,-0.11644604222876276,0.8,2035,Medium
1000265,Power Plants,2027,1286806.259308726,-0.11644604222876276,0.8,2035,Medium
1000265,Power Plants,2028,1136962.7632970258,-0.11644604222876276,0.8,2035,Medium
1000271,Power Plants,2024,949316.762219028,-0.11644604222876276,0.8,2035,Medium
1000271,Power Plants,2025,838772.5824371987,-0.11644604222876276,0.8,2035,Medium
1000271,Power Plants,2026,741100.8348823884,-0.11644604222876276,0.8,2035,Medium
1000271,Power Plants,2027,654802.5757679023,-0.11644604222876276,0.8,2035,Medium
1000271,Power Plants,2028,578553.4073785306,-0.11644604222876276,0.8,2035,Medium
1000272,Chemicals,2024,78731.94672813184,-0.045845005236247904,0.28,2030,Medium
1000272,Chemicals,2025,75122.48021812065,-0.045845005236247904,0.28,2030,Medium
1000272,Chemicals,2026,71678.48971916098,-0.045845005236247904,0.28,2030,Medium
1000272,Chemicals,2027,68392.3889826597,-0.045845005236247904,0.28,2030,Medium
1000272,Chemicals,2028,65256.93955163016,-0.045845005236247904,0.28,2030,Medium
1000277,Power Plants,2024,1815046.911464808,-0.11644604222876276,0.8,2035,Medium
1000277,Power Plants,2025,1603691.8821651915,-0.11644604222876276,0.8,2035,Medium
1000277,Power Plants,2026,1416948.3095326596,-0.11644604222876276,0.8,2035,Medium
1000277,Power Plants,2027,1251950.2868448454,-0.11644604222876276,0.8,2035,Medium
1000277,Power Plants,2028,1106165.6308745989,-0.11644604222876276,0.8,2035,Medium
1000278,Power Plants,2024,769691.0554737765,-0.11644604222876276,0.8,2035,Medium
1000278,Power Plants,2025,680063.5783249761,-0.11644604222876276,0.8,2035,Medium
1000278,Power Plants,2026,600872.8661651026,-0.11644604222876276,0.8,2035,Medium
1000278,Power Plants,2027,530903.5990175232,-0.11644604222876276,0.8,2035,Medium
1000278,Power Plants,2028,469081.9761069266,-0.11644604222876276,0.8,2035,Medium
1000282,Power Plants,2024,176152.5621637276,-0.11644604222876276,0.8,2035,Medium
1000282,Power Plants,2025,155640.2934713054,-0.11644604222876276,0.8,2035,Medium
1000282,Power Plants,2026,137516.59728524875,-0.11644604222876276,0.8,2035,Medium
1000282,Power Plants,2027,121503.33379061491,-0.11644604222876276,0.8,2035,Medium
1000282,Power Plants,2028,107354.7514530975,-0.11644604222876276,0.8,2035,Medium
1000293,Waste,2024,341350.599679094,-0.038541867469075175,0.325,2030,High
1000293,Waste,2025,328194.310105773,-0.038541867469075175,0.325,2030,High
1000293,Waste,2026,315545.08850157174,-0.038541867469075175,0.325,2030,High
1000293,Waste,2027,303383.3915200266,-0.038541867469075175,0.325,2030,High
1000293,Waste,2028,291690.4290517432,-0.038541867469075175,0.325,2030,High
1000298,Power Plants,2024,133622.1516713869,-0.11644604222876276,0.8,2035,Medium
1000298,Power Plants,2025,118062.38095516244,-0.11644604222876276,0.8,2035,Medium
1000298,Power Plants,2026,104314.48395682932,-0.11644604222876276,0.8,2035,Medium
1000298,Power Plants,2027,92167.47515292077,-0.11644604222876276,0.8,2035,Medium
1000298,Power Plants,2028,81434.93744914532,-0.11644604222876276,0.8,2035,Medium
1000300,Power Plants,2024,13353.18984017085,-0.11644604222876276,0.8,2035,Medium
1000300,Power Plants,2025,11798.26373215363,-0.11644604222876276,0.8,2035,Medium
1000300,Power Plants,2026,10424.402615373188,-0.11644604222876276,0.8,2035,Medium
1000300,Power Plants,2027,9210.522188213816,-0.11644604222876276,0.8,2035,Medium
1000300,Power Plants,2028,8137.9933325361135,-0.11644604222876276,0.8,2035,Medium
1000323,Power Plants,2024,987108.3812630353,-0.11644604222876276,0.8,2035,Medium
1000323,Power Plants,2025,872163.5170141143,-0.11644604222876276,0.8,2035,Medium
1000323,Power Plants,2026,770603.5272815025,-0.11644604222876276,0.8,2035,Medium
1000323,Power Plants,2027,680869.796402047,-0.11644604222876276,0.8,2035,Medium
1000323,Power Plants,2028,601585.2033379253,-0.11644604222876276,0.8,2035,Medium
1000325,Chemicals,2024,246865.88260251007,-0.045845005236247904,0.28,2030,Medium
1000325,Chemicals,2025,235548.31492194702,-0.045845005236247904,0.28,2030,Medium
1000325,Chemicals,2026,224749.601190961,-0.045845005236247904,0.28,2030,Medium
1000325,Chemicals,2027,214445.95454751677,-0.045845005236247904,0.28,2030,Medium
1000325,Chemicals,2028,204614.67863839367,-0.045845005236247904,0.28,2030,Medium
1000329,Minerals,2024,113424.83978305144,-0.022067231457071457,0.2,2030,High
1000329,Minerals,2025,110921.86759057759,-0.022067231457071457,0.2,2030,High
1000329,Minerals,2026,108474.12906480569,-0.022067231457071457,0.2,2030,High
1000329,Minerals,2027,106080.40535162837,-0.022067231457071457,0.2,2030,High
1000329,Minerals,2028,103739.50449367405,-0.022067231457071457,0.2,2030,High
1000336,Chemicals,2024,48890.52790293671,-0.045845005236247904,0.28,2030,Medium
1000336,Chemicals,2025,46649.141395223654,-0.045845005236247904,0.28,2030,Medium
1000336,Chemicals,2026,44510.51126369316,-0.045845005236247904,0.28,2030,Medium
1000336,Chemicals,2027,42469.92664174107,-0.045845005236247904,0.28,2030,Medium
1000336,Chemicals,2028,40522.89263246739,-0.045845005236247904,0.28,2030,Medium
1000343,Chemicals,2024,1772657.2052455647,-0.045845005236247904,0.28,2030,Medium
1000343,Chemicals,2025,1691389.7263890093,-0.045845005236247904,0.28,2030,Medium
1000343,Chemicals,2026,1613847.9555261694,-0.045845005236247904,0.28,2030,Medium
1000343,Chemicals,2027,1539861.087554564,-0.045845005236247904,0.28,2030,Medium
1000343,Chemicals,2028,1469266.1479325308,-0.045845005236247904,0.28,2030,Medium
1000346,Chemicals,2024,1924719.7017005603,-0.045845005236247904,0.28,2030,Medium
1000346,Chemicals,2025,1836480.9168977886,-0.045845005236247904,0.28,2030,Medium
1000346,Chemicals,2026,1752287.4396463402,-0.045845005236247904,0.28,2030,Medium
1000346,Chemicals,2027,1671953.8128003422,-0.045845005236247904,0.28,2030,Medium
1000346,Chemicals,2028,1595303.081497746,-0.045845005236247904,0.28,2030,Medium
1000347,Power Plants,2024,4072591.4284231933,-0.11644604222876276,0.8,2035,Medium
1000347,Power Plants,2025,3598354.2749685287,-0.11644604222876276,0.8,2035,Medium
1000347,Power Plants,2026,3179340.1611114945,-0.11644604222876276,0.8,2035,Medium
1000347,Power Plants,2027,2809118.5824511037,-0.11644604222876276,0.8,2035,Medium
1000347,Power Plants,2028,2482007.8413734003,-0.11644604222876276,0.8,2035,Medium
1000351,Minerals,2024,34199.49808219276,-0.022067231457071457,0.2,2030,High
1000351,Minerals,2025,33444.80984229734,-0.022067231457071457,0.2,2030,High
1000351,Minerals,2026,32706.775482469624,-0.022067231457071457,0.2,2030,High
1000351,Minerals,2027,31985.027497683495,-0.022067231457071457,0.2,2030,High
1000351,Minerals,2028,31279.206492731322,-0.022067231457071457,0.2,2030,High
1000356,Chemicals,2024,28786.699710603258,-0.045845005236247904,0.28,2030,Medium
1000356,Chemicals,2025,27466.973311636357,-0.045845005236247904,0.28,2030,Medium
1000356,Chemicals,2026,26207.749776340508,-0.045845005236247904,0.28,2030,Medium
1000356,Chemicals,2027,25006.2553506139,-0.045845005236247904,0.28,2030,Medium
1000356,Chemicals,2028,23859.843443126054,-0.045845005236247904,0.28,2030,Medium
1000362,Waste,2024,139806.08085956034,-0.038541867469075175,0.325,2030,High
1000362,Waste,2025,134417.69341970034,-0.038541867469075175,0.325,2030,High
1000362,Waste,2026,129236.98449441949,-0.038541867469075175,0.325,2030,High
1000362,Waste,2027,124255.94976593266,-0.038541867469075175,0.325,2030,High
1000362,Waste,2028,119466.89341781002,-0.038541867469075175,0.325,2030,High
1000365,Waste,2024,102638.29965754069,-0.038541867469075175,0.325,2030,High
1000365,Waste,2025,98682.42791488853,-0.038541867469075175,0.325,2030,High
1000365,Waste,2026,94879.02285666633,-0.038541867469075175,0.325,2030,High
1000365,Waste,2027,91222.20813212935,-0.038541867469075175,0.325,2030,High
1000365,Waste,2028,87706.33387606443,-0.038541867469075175,0.325,2030,High
1000372,Waste,2024,115732.15759994622,-0.038541867469075175,0.325,2030,High
1000372,Waste,2025,111271.62411981897,-0.038541867469075175,0.325,2030,High
1000372,Waste,2026,106983.00792992416,-0.038541867469075175,0.325,2030,High
1000372,Waste,2027,102859.683016846,-0.038541867469075175,0.325,2030,High
1000372,Waste,2028,98895.27874609965,-0.038541867469075175,0.325,2030,High
1000382,Waste,2024,34356.9852723932,-0.038541867469075175,0.325,2030,High
1000382,Waste,2025,33032.80289938765,-0.038541867469075175,0.325,2030,High
1000382,Waste,2026,31759.656987907372,-0.038541867469075175,0.325,2030,High
1000382,Waste,2027,30535.580497416162,-0.038541867469075175,0.325,2030,High
1000382,Waste,2028,29358.68220079347,-0.038541867469075175,0.325,2030,High
1000383,Chemicals,2024,26972.236589740736,-0.045845005236247904,0.28,2030,Medium
1000383,Chemicals,2025,25735.694262050754,-0.045845005236247904,0.28,2030,Medium
1000383,Chemicals,2026,24555.841223848565,-0.045845005236247904,0.28,2030,Medium
1000383,Chemicals,2027,23430.078554360756,-0.045845005236247904,0.28,2030,Medium
1000383,Chemicals,2028,22355.926480350387,-0.045845005236247904,0.28,2030,Medium
1000398,Power Plants,2024,544173.7858859162,-0.11644604222876276,0.8,2035,Medium
1000398,Power Plants,2025,480806.90223485907,-0.11644604222876276,0.8,2035,Medium
1000398,Power Plants,2026,424818.8413933381,-0.11644604222876276,0.8,2035,Medium
1000398,Power Plants,2027,375350.36864887533,-0.11644604222876276,0.8,2035,Medium
1000398,Power Plants,2028,331642.30377060676,-0.11644604222876276,0.8,2035,Medium
1000399,Metals,2024,33384.86179444139,-0.029125207089559013,0.6,2050,Medium
1000399,Metals,2025,32412.520781021976,-0.029125207089559013,0.6,2050,Medium
1000399,Metals,2026,31468.499400980076,-0.029125207089559013,0.6,2050,Medium
1000399,Metals,2027,30551.97283912887,-0.029125207089559013,0.6,2050,Medium
1000399,Metals,2028,29662.140303194657,-0.029125207089559013,0.6,2050,Medium
1000402,Power Plants,2024,179854.86883395474,-0.11644604222876276,0.8,2035,Medium
1000402,Power Plants,2025,158911.48118266746,-0.11644604222876276,0.8,2035,Medium
1000402,Power Plants,2026,140406.86813423532,-0.11644604222876276,0.8,2035,Medium
1000402,Power Plants,2027,124057.04403826784,-0.11644604222876276,0.8,2035,Medium
1000402,Power Plants,2028,109611.09224941222,-0.11644604222876276,0.8,2035,Medium
1000404,Power Plants,2024,895339.7228903219,-0.11644604222876276,0.8,2035,Medium
1000404,Power Plants,2025,791080.9557095467,-0.11644604222876276,0.8,2035,Medium
1000404,Power Plants,2026,698962.7093346228,-0.11644604222876276,0.8,2035,Medium
1000404,Power Plants,2027,617571.2681671128,-0.11644604222876276,0.8,2035,Medium
1000404,Power Plants,2028,545657.5381948547,-0.11644604222876276,0.8,2035,Medium
1000411,Petroleum Product Suppliers,2024,1171887.733021092,-0.027507527533926934,0.2,2030,Low
1000411,Petroleum Product Suppliers,2025,1139651.9989383428,-0.027507527533926934,0.2,2030,Low
1000411,Petroleum Product Suppliers,2026,1108302.9901984516,-0.027507527533926934,0.2,2030,Low
1000411,Petroleum Product Suppliers,2027,1077816.3151796341,-0.027507527533926934,0.2,2030,Low
1000411,Petroleum Product Suppliers,2028,1048168.2532133146,-0.027507527533926934,0.2,2030,Low
1000420,Power Plants,2024,27086.085226585972,-0.11644604222876276,0.8,2035,Medium
1000420,Power Plants,2025,23932.017802479077,-0.11644604222876276,0.8,2035,Medium
1000420,Power Plants,2026,21145.229046832097,-0.11644604222876276,0.8,2035,Medium
1000420,Power Plants,2027,18682.950812307823,-0.11644604222876276,0.8,2035,Medium
1000420,Power Plants,2028,16507.39513305993,-0.11644604222876276,0.8,2035,Medium
1000421,Power Plants,2024,1436285.1969964127,-0.11644604222876276,0.8,2035,Medium
1000421,Power Plants,2025,1269035.4702944215,-0.11644604222876276,0.8,2035,Medium
1000421,Power Plants,2026,1121261.3123307195,-0.11644604222876276,0.8,2035,Medium
1000421,Power Plants,2027,990694.8702055786,-0.11644604222876276,0.8,2035,Medium
1000421,Power Plants,2028,875332.3735138011,-0.11644604222876276,0.8,2035,Medium
1000425,Waste,2024,47856.818911259914,-0.038541867469075175,0.325,2030,High
1000425,Waste,2025,46012.3277392906,-0.038541867469075175,0.325,2030,High
1000425,Waste,2026,44238.92670161922,-0.038541867469075175,0.325,2030,High
1000425,Waste,2027,42533.87585171128,-0.038541867469075175,0.325,2030,High
1000425,Waste,2028,40894.54084568853,-0.038541867469075175,0.325,2030,High
1000429,Waste,2024,69215.89976287418,-0.038541867469075175,0.325,2030,High
1000429,Waste,2025,66548.18972746067,-0.038541867469075175,0.325,2030,High
1000429,Waste,2026,63983.29821867803,-0.038541867469075175,0.325,2030,High
1000429,Waste,2027,61517.26241849943,-0.038541867469075175,0.325,2030,High
1000429,Waste,2028,59146.272243305306,-0.038541867469075175,0.325,2030,High
1000446,Power Plants,2024,961879.455771368,-0.11644604222876276,0.8,2035,Medium
1000446,Power Plants,2025,849872.4000456359,-0.11644604222876276,0.8,2035,Medium
1000446,Power Plants,2026,750908.1226608618,-0.11644604222876276,0.8,2035,Medium
1000446,Power Plants,2027,663467.8436995741,-0.11644604222876276,0.8,2035,Medium
1000446,Power Plants,2028,586209.6391547073,-0.11644604222876276,0.8,2035,Medium
1000450,Power Plants,2024,793711.7527361343,-0.11644604222876276,0.8,2035,Medium
1000450,Power Plants,2025,701287.1604595572,-0.11644604222876276,0.8,2035,Medium
1000450,Power Plants,2026,619625.0461581944,-0.11644604222876276,0.8,2035,Medium
1000450,Power Plants,2027,547472.1618672583,-0.11644604222876276,0.8,2035,Medium
1000450,Power Plants,2028,483721.19538739143,-0.11644604222876276,0.8,2035,Medium
1000457,Power Plants,2024,539990.2179775385,-0.11644604222876276,0.8,2035,Medium
1000457,Power Plants,2025,477110.4942518072,-0.11644604222876276,0.8,2035,Medium
1000457,Power Plants,2026,421552.86549037544,-0.11644604222876276,0.8,2035,Medium
1000457,Power Plants,2027,372464.7027138272,-0.11644604222876276,0.8,2035,Medium
1000457,Power Plants,2028,329092.6622128893,-0.11644604222876276,0.8,2035,Medium
1000458,Power Plants,2024,5327.455738482466,-0.11644604222876276,0.8,2035,Medium
1000458,Power Plants,2025,4707.094602587272,-0.11644604222876276,0.8,2035,Medium
1000458,Power Plants,2026,4158.972065719613,-0.11644604222876276,0.8,2035,Medium
1000458,Power Plants,2027,3674.676228926582,-0.11644604222876276,0.8,2035,Medium
1000458,Power Plants,2028,3246.7747255959666,-0.11644604222876276,0.8,2035,Medium
1000460,Power Plants,2024,3073876.882054069,-0.11644604222876276,0.8,2035,Medium
1000460,Power Plants,2025,2715936.0848403834,-0.11644604222876276,0.8,2035,Medium
1000460,Power Plants,2026,2399676.0768144396,-0.11644604222876276,0.8,2035,Medium
1000460,Power Plants,2027,2120243.295038353,-0.11644604222876276,0.8,2035,Medium
1000460,Power Plants,2028,1873349.3547690662,-0.11644604222876276,0.8,2035,Medium
1000463,Power Plants,2024,172491.1817128244,-0.11644604222876276,0.8,2035,Medium
1000463,Power Plants,2025,152405.26628300364,-0.11644604222876276,0.8,2035,Medium
1000463,Power Plants,2026,134658.27620952716,-0.11644604222876276,0.8,2035,Medium
1000463,Power Plants,2027,118977.85289158016,-0.11644604222876276,0.8,2035,Medium
1000463,Power Plants,2028,105123.3528094797,-0.11644604222876276,0.8,2035,Medium
1000465,Power Plants,2024,716524.0372082602,-0.11644604222876276,0.8,2035,Medium
1000465,Power Plants,2025,633087.6489135835,-0.11644604222876276,0.8,2035,Medium
1000465,Power Plants,2026,559367.0978136843,-0.11644604222876276,0.8,2035,Medium
1000465,Power Plants,2027,494231.0131202915,-0.11644604222876276,0.8,2035,Medium
1000465,Power Plants,2028,436679.7676957218,-0.11644604222876276,0.8,2035,Medium
1000478,Waste,2024,84404.72690315796,-0.038541867469075175,0.325,2030,High
1000478,Waste,2025,81151.61110509296,-0.038541867469075175,0.325,2030,High
1000478,Waste,2026,78023.87646497854,-0.038541867469075175,0.325,2030,High
1000478,Waste,2027,75016.69055884184,-0.038541867469075175,0.325,2030,High
1000478,Waste,2028,72125.40721335434,-0.038541867469075175,0.325,2030,High
1000483,Power Plants,2024,983257.7417872697,-0.11644604222876276,0.8,2035,Medium
1000483,Power Plants,2025,868761.2692653514,-0.11644604222876276,0.8,2035,Medium
1000483,Power Plants,2026,767597.4578177647,-0.11644604222876276,0.8,2035,Medium
1000483,Power Plants,2027,678213.7718300263,-0.11644604222876276,0.8,2035,Medium
1000483,Power Plants,2028,599238.4623153786,-0.11644604222876276,0.8,2035,Medium
1000528,Power Plants,2024,772860.0754817119,-0.11644604222876276,0.8,2035,Medium
1000528,Power Plants,2025,682863.5784952437,-0.11644604222876276,0.8,2035,Medium
1000528,Power Plants,2026,603346.8173973025,-0.11644604222876276,0.8,2035,Medium
1000528,Power Plants,2027,533089.4684200665,-0.11644604222876276,0.8,2035,Medium
1000528,Power Plants,2028,471013.30966871476,-0.11644604222876276,0.8,2035,Medium
1000539,Power Plants,2024,2983153.939831212,-0.11644604222876276,0.8,2035,Medium
1000539,Power Plants,2025,2635777.4701787266,-0.11644604222876276,0.8,2035,Medium
1000539,Power Plants,2026,2328851.6155806733,-0.11644604222876276,0.8,2035,Medium
1000539,Power Plants,2027,2057666.0620082438,-0.11644604222876276,0.8,2035,Medium
1000539,Power Plants,2028,1818058.9928589398,-0.11644604222876276,0.8,2035,Medium
1000541,Power Plants,2024,40890.283417393235,-0.11644604222876276,0.8,2035,Medium
1000541,Power Plants,2025,36128.77174782538,-0.11644604222876276,0.8,2035,Medium
1000541,Power Plants,2026,31921.719267204782,-0.11644604222876276,0.8,2035,Medium
1000541,Power Plants,2027,28204.561397401143,-0.11644604222876276,0.8,2035,Medium
1000541,Power Plants,2028,24920.251849875636,-0.11644604222876276,0.8,2035,Medium
1000548,Power Plants,2024,9229.968667108946,-0.11644604222876276,0.8,2035,Medium
1000548,Power Plants,2025,8155.17534592862,-0.11644604222876276,0.8,2035,Medium
1000548,Power Plants,2026,7205.537453213652,-0.11644604222876276,0.8,2035,Medium
1000548,Power Plants,2027,6366.481134655803,-0.11644604222876276,0.8,2035,Medium
1000548,Power Plants,2028,5625.129603601052,-0.11644604222876276,0.8,2035,Medium
1000580,Power Plants,2024,232505.18651207446,-0.11644604222876276,0.8,2035,Medium
1000580,Power Plants,2025,205430.87774508307,-0.11644604222876276,0.8,2035,Medium
1000580,Power Plants,2026,181509.26508008735,-0.11644604222876276,0.8,2035,Medium
1000580,Power Plants,2027,160373.2295336598,-0.11644604222876276,0.8,2035,Medium
1000580,Power Plants,2028,141698.40167502017,-0.11644604222876276,0.8,2035,Medium
1000581,Power Plants,2024,5404795.4783043135,-0.11644604222876276,0.8,2035,Medium
1000581,Power Plants,2025,4775428.435799863,-0.11644604222876276,0.8,2035,Medium
1000581,Power Plants,2026,4219348.694504278,-0.11644604222876276,0.8,2035,Medium
1000581,Power Plants,2027,3728022.2382461578,-0.11644604222876276,0.8,2035,Medium
1000581,Power Plants,2028,3293908.803261579,-0.11644604222876276,0.8,2035,Medium
1000582,Power Plants,2024,1611990.825760357,-0.11644604222876276,0.8,2035,Medium
1000582,Power Plants,2025,1424280.8739914882,-0.11644604222876276,0.8,2035,Medium
1000582,Power Plants,2026,1258429.0031930564,-0.11644604222876276,0.8,2035,Medium
1000582,Power Plants,2027,1111889.9263453379,-0.11644604222876276,0.8,2035,Medium
1000582,Power Plants,2028,982414.7450283928,-0.11644604222876276,0.8,2035,Medium
1000591,Power Plants,2024,77028.25170957562,-0.11644604222876276,0.8,2035,Medium
1000591,Power Plants,2025,68058.6166581946,-0.11644604222876276,0.8,2035,Medium
1000591,Power Plants,2026,60133.46010878331,-0.11644604222876276,0.8,2035,Medium
1000591,Power Plants,2027,53131.1566735943,-0.11644604222876276,0.8,2035,Medium
1000591,Power Plants,2028,46944.243759917925,-0.11644604222876276,0.8,2035,Medium
1000592,Chemicals,2024,63172.140483421535,-0.045845005236247904,0.28,2030,Medium
1000592,Chemicals,2025,60276.013372174086,-0.045845005236247904,0.28,2030,Medium
1000592,Chemicals,2026,57512.65922350662,-0.045845005236247904,0.28,2030,Medium
1000592,Chemicals,2027,54875.99106025441,-0.045845005236247904,0.28,2030,Medium
1000592,Chemicals,2028,52360.20096275276,-0.045845005236247904,0.28,2030,Medium
1000595,Power Plants,2024,141883.48366880708,-0.11644604222876276,0.8,2035,Medium
1000595,Power Plants,2025,125361.7135379452,-0.11644604222876276,0.8,2035,Medium
1000595,Power Plants,2026,110763.83814943559,-0.11644604222876276,0.8,2035,Medium
1000595,Power Plants,2027,97865.82757486655,-0.11644604222876276,0.8,2035,Medium
1000595,Power Plants,2028,86469.73928433083,-0.11644604222876276,0.8,2035,Medium
1000603,Chemicals,2024,267921.60444226966,-0.045845005236247904,0.28,2030,Medium
1000603,Chemicals,2025,255638.7370837099,-0.045845005236247904,0.28,2030,Medium
1000603,Chemicals,2026,243918.97784351942,-0.045845005236247904,0.28,2030,Medium
1000603,Chemicals,2027,232736.511027063,-0.045845005236247904,0.28,2030,Medium
1000603,Chemicals,2028,222066.70446036124,-0.045845005236247904,0.28,2030,Medium
1000604,Chemicals,2024,226457.8946058758,-0.045845005236247904,0.28,2030,Medium
1000604,Chemicals,2025,216075.93124187973,-0.045845005236247904,0.28,2030,Medium
1000604,Chemicals,2026,206169.92904266863,-0.045845005236247904,0.28,2030,Medium
1000604,Chemicals,2027,196718.06756615062,-0.045845005236247904,0.28,2030,Medium
1000604,Chemicals,2028,187699.5267285159,-0.045845005236247904,0.28,2030,Medium
1000605,Chemicals,2024,242659.88151164193,-0.045845005236247904,0.28,2030,Medium
1000605,Chemicals,2025,231535.1379731134,-0.045845005236247904,0.28,2030,Medium
1000605,Chemicals,2026,220920.40836036066,-0.045845005236247904,0.28,2030,Medium
1000605,Chemicals,2027,210792.31108228586,-0.045845005236247904,0.28,2030,Medium
1000605,Chemicals,2028,201128.5364769577,-0.045845005236247904,0.28,2030,Medium
1000618,Chemicals,2024,32258.135037202584,-0.045845005236247904,0.28,2030,Medium
1000618,Chemicals,2025,30779.26066751044,-0.045845005236247904,0.28,2030,Medium
1000618,Chemicals,2026,29368.185301040587,-0.045845005236247904,0.28,2030,Medium
1000618,Chemicals,2027,28021.80069213528,-0.045845005236247904,0.28,2030,Medium
1000618,Chemicals,2028,26737.141092675243,-0.045845005236247904,0.28,2030,Medium
1000620,Chemicals,2024,97493.5689059511,-0.045845005236247904,0.28,2030,Medium
1000620,Chemicals,2025,93023.97572895727,-0.045845005236247904,0.28,2030,Medium
1000620,Chemicals,2026,88759.29107456663,-0.045845005236247904,0.28,2030,Medium
1000620,Chemicals,2027,84690.12091048747,-0.045845005236247904,0.28,2030,Medium
1000620,Chemicals,2028,80807.50187388771,-0.045845005236247904,0.28,2030,Medium
1000623,Waste,2024,211004.73996458133,-0.038541867469075175,0.325,2030,High
1000623,Waste,2025,202872.22324151976,-0.038541867469075175,0.325,2030,High
1000623,Waste,2026,195053.14890018848,-0.038541867469075175,0.325,2030,High
1000623,Waste,2027,187535.43628585164,-0.038541867469075175,0.325,2030,High
1000623,Waste,2028,180307.47035476717,-0.038541867469075175,0.325,2030,High
1000628,Chemicals,2024,42933.1390612899,-0.045845005236247904,0.28,2030,Medium
1000628,Chemicals,2025,40964.8690762165,-0.045845005236247904,0.28,2030,Medium
1000628,Chemicals,2026,39086.834438915146,-0.045845005236247904,0.28,2030,Medium
1000628,Chemicals,2027,37294.898309394724,-0.045845005236247904,0.28,2030,Medium
1000628,Chemicals,2028,35585.11350111519,-0.045845005236247904,0.28,2030,Medium
1000629,Chemicals,2024,52598.54977710769,-0.045845005236247904,0.28,2030,Medium
1000629,Chemicals,2025,50187.168987157136,-0.045845005236247904,0.28,2030,Medium
1000629,Chemicals,2026,47886.337962148464,-0.045845005236247904,0.28,2030,Medium
1000629,Chemicals,2027,45690.98854752903,-0.045845005236247904,0.28,2030,Medium
1000629,Chemicals,2028,43596.28493831822,-0.045845005236247904,0.28,2030,Medium
1000630,Chemicals,2024,1171487.1181858885,-0.045845005236247904,0.28,2030,Medium
1000630,Chemicals,2025,1117780.2851184595,-0.045845005236247904,0.28,2030,Medium
1000630,Chemicals,2026,1066535.642094229,-0.045845005236247904,0.28,2030,Medium
1000630,Chemicals,2027,1017640.3099977741,-0.045845005236247904,0.28,2030,Medium
1000630,Chemicals,2028,970986.5846573092,-0.045845005236247904,0.28,2030,Medium
1000657,Power Plants,2024,696293.454208453,-0.11644604222876276,0.8,2035,Medium
1000657,Power Plants,2025,615212.8372360843,-0.11644604222876276,0.8,2035,Medium
1000657,Power Plants,2026,543573.7372116143,-0.11644604222876276,0.8,2035,Medium
1000657,Power Plants,2027,480276.7268538243,-0.11644604222876276,0.8,2035,Medium
1000657,Power Plants,2028,424350.4028371119,-0.11644604222876276,0.8,2035,Medium
1000667,Power Plants,2024,28065.52422696246,-0.11644604222876276,0.8,2035,Medium
1000667,Power Plants,2025,24797.405007657228,-0.11644604222876276,0.8,2035,Medium
1000667,Power Plants,2026,21909.84533697184,-0.11644604222876276,0.8,2035,Medium
1000667,Power Plants,2027,19358.530561637155,-0.11644604222876276,0.8,2035,Medium
1000667,Power Plants,2028,17104.306294369962,-0.11644604222876276,0.8,2035,Medium
1000670,Power Plants,2024,5896479.9424129715,-0.11644604222876276,0.8,2035,Medium
1000670,Power Plants,2025,5209858.190037698,-0.11644604222876276,0.8,2035,Medium
1000670,Power Plants,2026,4603190.823234702,-0.11644604222876276,0.8,2035,Medium
1000670,Power Plants,2027,4067167.4702452607,-0.11644604222876276,0.8,2035,Medium
1000670,Power Plants,2028,3593561.9152536313,-0.11644604222876276,0.8,2035,Medium
1000674,Power Plants,2024,12494.50969341879,-0.11644604222876276,0.8,2035,Medium
1000674,Power Plants,2025,11039.573490031258,-0.11644604222876276,0.8,2035,Medium
1000674,Power Plants,2026,9754.05884922355,-0.11644604222876276,0.8,2035,Medium
1000674,Power Plants,2027,8618.237300565026,-0.11644604222876276,0.8,2035,Medium
1000674,Power Plants,2028,7614.677675925933,-0.11644604222876276,0.8,2035,Medium
1000682,Power Plants,2024,224569.20558852438,-0.11644604222876276,0.8,2035,Medium
1000682,Power Plants,2025,198419.01039128337,-0.11644604222876276,0.8,2035,Medium
1000682,Power Plants,2026,175313.90192827067,-0.11644604222876276,0.8,2035,Medium
1000682,Power Plants,2027,154899.29190104207,-0.11644604222876276,0.8,2035,Medium
1000682,Power Plants,2028,136861.88241512788,-0.11644604222876276,0.8,2035,Medium
1000687,Power Plants,2024,4591517.1209978815,-0.11644604222876276,0.8,2035,Medium
1000687,Power Plants,2025,4056853.1244320753,-0.11644604222876276,0.8,2035,Medium
1000687,Power Plants,2026,3584448.6341885696,-0.11644604222876276,0.8,2035,Medium
1000687,Power Plants,2027,3167053.777165016,-0.11644604222876276,0.8,2035,Medium
1000687,Power Plants,2028,2798262.8992884965,-0.11644604222876276,0.8,2035,Medium
1000688,Power Plants,2024,11575.938725193162,-0.11644604222876276,0.8,2035,Medium
1000688,Power Plants,2025,10227.966475561749,-0.11644604222876276,0.8,2035,Medium
1000688,Power Plants,2026,9036.960259434116,-0.11644604222876276,0.8,2035,Medium
1000688,Power Plants,2027,7984.642003444399,-0.11644604222876276,0.8,2035,Medium
1000688,Power Plants,2028,7054.86204352976,-0.11644604222876276,0.8,2035,Medium
1000696,Power Plants,2024,699974.7552668881,-0.11644604222876276,0.8,2035,Medium
1000696,Power Plants,2025,618465.4653560121,-0.11644604222876276,0.8,2035,Medium
1000696,Power Plants,2026,546447.6096601345,-0.11644604222876276,0.8,2035,Medium
1000696,Power Plants,2027,482815.948229844,-0.11644604222876276,0.8,2035,Medium
1000696,Power Plants,2028,426593.94193355145,-0.11644604222876276,0.8,2035,Medium
1000703,Power Plants,2024,908198.5642911198,-0.11644604222876276,0.8,2035,Medium
1000703,Power Plants,2025,802442.4359215742,-0.11644604222876276,0.8,2035,Medium
1000703,Power Plants,2026,709001.1901420994,-0.11644604222876276,0.8,2035,Medium
1000703,Power Plants,2027,626440.8076145694,-0.11644604222876276,0.8,2035,Medium
1000703,Power Plants,2028,553494.254877263,-0.11644604222876276,0.8,2035,Medium
1000752,Power Plants,2024,470873.49218506983,-0.11644604222876276,0.8,2035,Medium
1000752,Power Plants,2025,416042.13762968214,-0.11644604222876276,0.8,2035,Medium
1000752,Power Plants,2026,367595.67730231147,-0.11644604222876276,0.8,2035,Medium
1000752,Power Plants,2027,324790.61554005585,-0.11644604222876276,0.8,2035,Medium
1000752,Power Plants,2028,286970.0338073727,-0.11644604222876276,0.8,2035,Medium
1000753,Power Plants,2024,395975.82128396875,-0.11644604222876276,0.8,2035,Medium
1000753,Power Plants,2025,349866.00407716667,-0.11644604222876276,0.8,2035,Medium
1000753,Power Plants,2026,309125.49259198847,-0.11644604222876276,0.8,2035,Medium
1000753,Power Plants,2027,273129.05242763466,-0.11644604222876276,0.8,2035,Medium
1000753,Power Plants,2028,241324.25525474438,-0.11644604222876276,0.8,2035,Medium
1000755,Power Plants,2024,765447.7875915802,-0.11644604222876276,0.8,2035,Medium
1000755,Power Plants,2025,676314.422193778,-0.11644604222876276,0.8,2035,Medium
1000755,Power Plants,2026,597560.2844270801,-0.11644604222876276,0.8,2035,Medium
1000755,Power Plants,2027,527976.7543124527,-0.11644604222876276,0.8,2035,Medium
1000755,Power Plants,2028,466495.9508839798,-0.11644604222876276,0.8,2035,Medium
1000761,Power Plants,2024,1763132.6154388068,-0.11644604222876276,0.8,2035,Medium
1000761,Power Plants,2025,1557822.8004465105,-0.11644604222876276,0.8,2035,Medium
1000761,Power Plants,2026,1376420.5008407868,-0.11644604222876276,0.8,2035,Medium
1000761,Power Plants,2027,1216141.7810753456,-0.11644604222876276,0.8,2035,Medium
1000761,Power Plants,2028,1074526.8838800832,-0.11644604222876276,0.8,2035,Medium
1000763,Power Plants,2024,22634.139570643198,-0.11644604222876276,0.8,2035,Medium
1000763,Power Plants,2025,19998.483598388368,-0.11644604222876276,0.8,2035,Medium
1000763,Power Plants,2026,17669.739332779216,-0.11644604222876276,0.8,2035,Medium
1000763,Power Plants,2027,15612.168120263177,-0.11644604222876276,0.8,2035,Medium
1000763,Power Plants,2028,13794.192932048467,-0.11644604222876276,0.8,2035,Medium
1000764,Power Plants,2024,1136427.6412203875,-0.11644604222876276,0.8,2035,Medium
1000764,Power Plants,2025,1004095.1401209049,-0.11644604222876276,0.8,2035,Medium
1000764,Power Plants,2026,887172.2350326906,-0.11644604222876276,0.8,2035,Medium
1000764,Power Plants,2027,783864.539487888,-0.11644604222876276,0.8,2035,Medium
1000764,Power Plants,2028,692586.6162210518,-0.11644604222876276,0.8,2035,Medium
1000766,Power Plants,2024,154331.5519990975,-0.11644604222876276,0.8,2035,Medium
1000766,Power Plants,2025,136360.2535777801,-0.11644604222876276,0.8,2035,Medium
1000766,Power Plants,2026,120481.64173133712,-0.11644604222876276,0.8,2035,Medium
1000766,Power Plants,2027,106452.03139049916,-0.11644604222876276,0.8,2035,Medium
1000766,Power Plants,2028,94056.11364786352,-0.11644604222876276,0.8,2035,Medium
1000780,Power Plants,2024,456576.3663096536,-0.11644604222876276,0.8,2035,Medium
1000780,Power Plants,2025,403409.8554777046,-0.11644604222876276,0.8,2035,Medium
1000780,Power Plants,2026,356434.3744112488,-0.11644604222876276,0.8,2035,Medium
1000780,Power Plants,2027,314929.0021967738,-0.11644604222876276,0.8,2035,Medium
1000780,Power Plants,2028,278256.7663079062,-0.11644604222876276,0.8,2035,Medium
1000781,Power Plants,2024,37005.79498950529,-0.11644604222876276,0.8,2035,Medium
1000781,Power Plants,2025,32696.61662344842,-0.11644604222876276,0.8,2035,Medium
1000781,Power Plants,2026,28889.22502337668,-0.11644604222876276,0.8,2035,Medium
1000781,Power Plants,2027,25525.189106348327,-0.11644604222876276,0.8,2035,Medium
1000781,Power Plants,2028,22552.881857773333,-0.11644604222876276,0.8,2035,Medium
1000783,Waste,2024,130295.36393339213,-0.038541867469075175,0.325,2030,High
1000783,Waste,2025,125273.5372848364,-0.038541867469075175,0.325,2030,High
1000783,Waste,2026,120445.26121342201,-0.038541867469075175,0.325,2030,High
1000783,Waste,2027,115803.07591845616,-0.038541867469075175,0.325,2030,High
1000783,Waste,2028,111339.80911389577,-0.038541867469075175,0.325,2030,High
1000787,Power Plants,2024,3642373.033495929,-0.11644604222876276,0.8,2035,Medium
1000787,Power Plants,2025,3218233.109424555,-0.11644604222876276,0.8,2035,Medium
1000787,Power Plants,2026,2843482.600862501,-0.11644604222876276,0.8,2035,Medium
1000787,Power Plants,2027,2512370.3058457137,-0.11644604222876276,0.8,2035,Medium
1000787,Power Plants,2028,2219814.7271169145,-0.11644604222876276,0.8,2035,Medium
1000795,Power Plants,2024,1193237.9800939104,-0.11644604222876276,0.8,2035,Medium
1000795,Power Plants,2025,1054290.1398749312,-0.11644604222876276,0.8,2035,Medium
1000795,Power Plants,2026,931522.2257256869,-0.11644604222876276,0.8,2035,Medium
1000795,Power Plants,2027,823050.1492918024,-0.11644604222876276,0.8,2035,Medium
1000795,Power Plants,2028,727209.2168509797,-0.11644604222876276,0.8,2035,Medium
1000801,Power Plants,2024,3033235.5487998175,-0.11644604222876276,0.8,2035,Medium
1000801,Power Plants,2025,2680027.2739944896,-0.11644604222876276,0.8,2035,Medium
1000801,Power Plants,2026,2367948.704872691,-0.11644604222876276,0.8,2035,Medium
1000801,Power Plants,2027,2092210.4499895417,-0.11644604222876276,0.8,2035,Medium
1000801,Power Plants,2028,1848580.8235786008,-0.11644604222876276,0.8,2035,Medium
1000806,Power Plants,2024,821774.1438807626,-0.11644604222876276,0.8,2035,Medium
1000806,Power Plants,2025,726081.797219918,-0.11644604222876276,0.8,2035,Medium
1000806,Power Plants,2026,641532.4455993115,-0.11644604222876276,0.8,2035,Medium
1000806,Power Plants,2027,566828.5313479325,-0.11644604222876276,0.8,2035,Medium
1000806,Power Plants,2028,500823.5922501236,-0.11644604222876276,0.8,2035,Medium
1000811,Power Plants,2024,881858.5520264758,-0.11644604222876276,0.8,2035,Medium
1000811,Power Plants,2025,779169.6138374052,-0.11644604222876276,0.8,2035,Medium
1000811,Power Plants,2026,688438.396081126,-0.11644604222876276,0.8,2035,Medium
1000811,Power Plants,2027,608272.4695391614,-0.11644604222876276,0.8,2035,Medium
1000811,Power Plants,2028,537441.5478646104,-0.11644604222876276,0.8,2035,Medium
1000813,Power Plants,2024,1432640.6323444338,-0.11644604222876276,0.8,2035,Medium
1000813,Power Plants,2025,1265815.3007718124,-0.11644604222876276,0.8,2035,Medium
1000813,Power Plants,2026,1118416.118804324,-0.11644604222876276,0.8,2035,Medium
1000813,Power Plants,2027,988180.9882047067,-0.11644604222876276,0.8,2035,Medium
1000813,Power Plants,2028,873111.2231225609,-0.11644604222876276,0.8,2035,Medium
1000816,Power Plants,2024,2401115.302415053,-0.11644604222876276,0.8,2035,Medium
1000816,Power Plants,2025,2121514.9285139013,-0.11644604222876276,0.8,2035,Medium
1000816,Power Plants,2026,1874472.9115592209,-0.11644604222876276,0.8,2035,Medium
1000816,Power Plants,2027,1656197.959743124,-0.11644604222876276,0.8,2035,Medium
1000816,Power Plants,2028,1463340.2621836853,-0.11644604222876276,0.8,2035,Medium
1000819,Power Plants,2024,1694932.9020253823,-0.11644604222876276,0.8,2035,Medium
1000819,Power Plants,2025,1497564.6737412151,-0.11644604222876276,0.8,2035,Medium
1000819,Power Plants,2026,1323179.1945024424,-0.11644604222876276,0.8,2035,Medium
1000819,Power Plants,2027,1169100.2141431905,-0.11644604222876276,0.8,2035,Medium
1000819,Power Plants,2028,1032963.121237417,-0.11644604222876276,0.8,2035,Medium
1000821,Power Plants,2024,2051484.3257086629,-0.11644604222876276,0.8,2035,Medium
1000821,Power Plants,2025,1812597.095285547,-0.11644604222876276,0.8,2035,Medium
1000821,Power Plants,2026,1601527.3373841934,-0.11644604222876276,0.8,2035,Medium
1000821,Power Plants,2027,1415035.8174246356,-0.11644604222876276,0.8,2035,Medium
1000821,Power Plants,2028,1250260.4968735946,-0.11644604222876276,0.8,2035,Medium
1000825,Power Plants,2024,3237875.4738907823,-0.11644604222876276,0.8,2035,Medium
1000825,Power Plants,2025,2860837.689726621,-0.11644604222876276,0.8,2035,Medium
1000825,Power Plants,2026,2527704.463299079,-0.11644604222876276,0.8,2035,Medium
1000825,Power Plants,2027,2233363.282623922,-0.11644604222876276,0.8,2035,Medium
1000825,Power Plants,2028,1973296.9675033286,-0.11644604222876276,0.8,2035,Medium
1000828,Power Plants,2024,1321486.3353888376,-0.11644604222876276,0.8,2035,Medium
1000828,Power Plants,2025,1167604.481773416,-0.11644604222876276,0.8,2035,Medium
1000828,Power Plants,2026,1031641.5609823363,-0.11644604222876276,0.8,2035,Medium
1000828,Power Plants,2027,911510.9842072403,-0.11644604222876276,0.8,2035,Medium
1000828,Power Plants,2028,805369.1376482629,-0.11644604222876276,0.8,2035,Medium
1000836,Power Plants,2024,3344958.4407972563,-0.11644604222876276,0.8,2035,Medium
1000836,Power Plants,2025,2955451.2689467226,-0.11644604222876276,0.8,2035,Medium
1000836,Power Plants,2026,2611300.6656779023,-0.11644604222876276,0.8,2035,Medium
1000836,Power Plants,2027,2307225.0380903766,-0.11644604222876276,0.8,2035,Medium
1000836,Power Plants,2028,2038557.8138736458,-0.11644604222876276,0.8,2035,Medium
1000837,Power Plants,2024,4411607.150204904,-0.11644604222876276,0.8,2035,Medium
1000837,Power Plants,2025,3897892.9576954325,-0.11644604222876276,0.8,2035,Medium
1000837,Power Plants,2026,3443998.7497404334,-0.11644604222876276,0.8,2035,Medium
1000837,Power Plants,2027,3042958.7258923524,-0.11644604222876276,0.8,2035,Medium
1000837,Power Plants,2028,2688618.225596709,-0.11644604222876276,0.8,2035,Medium
1000839,Power Plants,2024,8188752.2402047785,-0.11644604222876276,0.8,2035,Medium
1000839,Power Plants,2025,7235204.451041017,-0.11644604222876276,0.8,2035,Medium
1000839,Power Plants,2026,6392693.528001362,-0.11644604222876276,0.8,2035,Medium
1000839,Power Plants,2027,5648289.667484177,-0.11644604222876276,0.8,2035,Medium
1000839,Power Plants,2028,4990568.69034403,-0.11644604222876276,0.8,2035,Medium
1000853,Power Plants,2024,4312093.560013822,-0.11644604222876276,0.8,2035,Medium
1000853,Power Plants,2025,3809967.3312300765,-0.11644604222876276,0.8,2035,Medium
1000853,Power Plants,2026,3366311.714487453,-0.11644604222876276,0.8,2035,Medium
1000853,Power Plants,2027,2974318.038427068,-0.11644604222876276,0.8,2035,Medium
1000853,Power Plants,2028,2627970.4745226186,-0.11644604222876276,0.8,2035,Medium
1000865,Power Plants,2024,466133.7482655701,-0.11644604222876276,0.8,2035,Medium
1000865,Power Plants,2025,411854.318130786,-0.11644604222876276,0.8,2035,Medium
1000865,Power Plants,2026,363895.51280963025,-0.11644604222876276,0.8,2035,Medium
1000865,Power Plants,2027,321521.32055814273,-0.11644604222876276,0.8,2035,Medium
1000865,Power Plants,2028,284081.4352869817,-0.11644604222876276,0.8,2035,Medium
1000870,Power Plants,2024,844289.5903469346,-0.11644604222876276,0.8,2035,Medium
1000870,Power Plants,2025,745975.4090560906,-0.11644604222876276,0.8,2035,Medium
1000870,Power Plants,2026,659109.5250715265,-0.11644604222876276,0.8,2035,Medium
1000870,Power Plants,2027,582358.8294816677,-0.11644604222876276,0.8,2035,Medium
1000870,Power Plants,2028,514545.44863155263,-0.11644604222876276,0.8,2035,Medium
1000881,Waste,2024,61274.68824432837,-0.038541867469075175,0.325,2030,High
1000881,Waste,2025,58913.04733080656,-0.038541867469075175,0.325,2030,High
1000881,Waste,2026,56642.42846838327,-0.038541867469075175,0.325,2030,High
1000881,Waste,2027,54459.32349722827,-0.038541867469075175,0.325,2030,High
1000881,Waste,2028,52360.35946854261,-0.038541867469075175,0.325,2030,High
1000892,Power Plants,2024,339537.27484744444,-0.11644604222876276,0.8,2035,Medium
1000892,Power Plants,2025,299999.5030023199,-0.11644604222876276,0.8,2035,Medium
1000892,Power Plants,2026,265065.7482071039,-0.11644604222876276,0.8,2035,Medium
1000892,Power Plants,2027,234199.8908979809,-0.11644604222876276,0.8,2035,Medium
1000892,Power Plants,2028,206928.24051250296,-0.11644604222876276,0.8,2035,Medium
1000901,Power Plants,2024,231777.16809170553,-0.11644604222876276,0.8,2035,Medium
1000901,Power Plants,2025,204787.63418843574,-0.11644604222876276,0.8,2035,Medium
1000901,Power Plants,2026,180940.92468980074,-0.11644604222876276,0.8,2035,Medium
1000901,Power Plants,2027,159871.0701324608,-0.11644604222876276,0.8,2035,Medium
1000901,Power Plants,2028,141254.71674865877,-0.11644604222876276,0.8,2035,Medium
1000910,Power Plants,2024,769719.5288836197,-0.11644604222876276,0.8,2035,Medium
1000910,Power Plants,2025,680088.7361189344,-0.11644604222876276,0.8,2035,Medium
1000910,Power Plants,2026,600895.094433523,-0.11644604222876276,0.8,2035,Medium
1000910,Power Plants,2027,530923.2388920606,-0.11644604222876276,0.8,2035,Medium
1000910,Power Plants,2028,469099.3289958042,-0.11644604222876276,0.8,2035,Medium
1000912,Petroleum and Natural Gas Systems,2024,1762540.7916643408,-0.12944943670387588,0.75,2030,High
1000912,Petroleum and Natural Gas Systems,2025,1534380.8790157884,-0.12944943670387588,0.75,2030,High
1000912,Petroleum and Natural Gas Systems,2026,1335756.1385379967,-0.12944943670387588,0.75,2030,High
1000912,Petroleum and Natural Gas Systems,2027,1162843.2588305087,-0.12944943670387588,0.75,2030,High
1000912,Petroleum and Natural Gas Systems,2028,1012313.8539999999,-0.12944943670387588,0.75,2030,High
1000922,Power Plants,2024,395620.68560618215,-0.11644604222876276,0.8,2035,Medium
1000922,Power Plants,2025,349552.2225435126,-0.11644604222876276,0.8,2035,Medium
1000922,Power Plants,2026,308848.2496760529,-0.11644604222876276,0.8,2035,Medium
1000922,Power Plants,2027,272884.09335199575,-0.11644604222876276,0.8,2035,Medium
1000922,Power Plants,2028,241107.8206939716,-0.11644604222876276,0.8,2035,Medium
1000924,Power Plants,2024,365175.9149119779,-0.11644604222876276,0.8,2035,Medium
1000924,Power Plants,2025,322652.6249032106,-0.11644604222876276,0.8,2035,Medium
1000924,Power Plants,2026,285081.0037185102,-0.11644604222876276,0.8,2035,Medium
1000924,Power Plants,2027,251884.4491208865,-0.11644604222876276,0.8,2035,Medium
1000924,Power Plants,2028,222553.5019217871,-0.11644604222876276,0.8,2035,Medium
1000978,Power Plants,2024,12564.269812600658,-0.11644604222876276,0.8,2035,Medium
1000978,Power Plants,2025,11101.210319428992,-0.11644604222876276,0.8,2035,Medium
1000978,Power Plants,2026,9808.518313782388,-0.11644604222876276,0.8,2035,Medium
1000978,Power Plants,2027,8666.35517601409,-0.11644604222876276,0.8,2035,Medium
1000978,Power Plants,2028,7657.192415218497,-0.11644604222876276,0.8,2035,Medium
1000982,Power Plants,2024,3491703.612968599,-0.11644604222876276,0.8,2035,Medium
1000982,Power Plants,2025,3085108.5466025337,-0.11644604222876276,0.8,2035,Medium
1000982,Power Plants,2026,2725859.8665045383,-0.11644604222876276,0.8,2035,Medium
1000982,Power Plants,2027,2408444.273379861,-0.11644604222876276,0.8,2035,Medium
1000982,Power Plants,2028,2127990.469816248,-0.11644604222876276,0.8,2035,Medium
1000986,Power Plants,2024,2677822.5075219306,-0.11644604222876276,0.8,2035,Medium
1000986,Power Plants,2025,2366000.6747299004,-0.11644604222876276,0.8,2035,Medium
1000986,Power Plants,2026,2090489.2602470214,-0.11644604222876276,0.8,2035,Medium
1000986,Power Plants,2027,1847060.0595695216,-0.11644604222876276,0.8,2035,Medium
1000986,Power Plants,2028,1631977.225873828,-0.11644604222876276,0.8,2035,Medium
1000995,Power Plants,2024,1366449.574594635,-0.11644604222876276,0.8,2035,Medium
1000995,Power Plants,2025,1207331.929727913,-0.11644604222876276,0.8,2035,Medium
1000995,Power Plants,2026,1066742.904854683,-0.11644604222876276,0.8,2035,Medium
1000995,Power Plants,2027,942524.9155087415,-0.11644604222876276,0.8,2035,Medium
1000995,Power Plants,2028,832771.6193957495,-0.11644604222876276,0.8,2035,Medium
1001001,Power Plants,2024,4049733.8292210894,-0.11644604222876276,0.8,2035,Medium
1001001,Power Plants,2025,3578158.3527283613,-0.11644604222876276,0.8,2035,Medium
1001001,Power Plants,2026,3161495.9740853542,-0.11644604222876276,0.8,2035,Medium
1001001,Power Plants,2027,2793352.2803809475,-0.11644604222876276,0.8,2035,Medium
1001001,Power Plants,2028,2468077.462779897,-0.11644604222876276,0.8,2035,Medium
1001011,Power Plants,2024,5138993.583866033,-0.11644604222876276,0.8,2035,Medium
1001011,Power Plants,2025,4540578.119985828,-0.11644604222876276,0.8,2035,Medium
1001011,Power Plants,2026,4011845.768482962,-0.11644604222876276,0.8,2035,Medium
1001011,Power Plants,2027,3544682.206710912,-0.11644604222876276,0.8,2035,Medium
1001011,Power Plants,2028,3131917.992780709,-0.11644604222876276,0.8,2035,Medium
1001012,Power Plants,2024,547097.0948395189,-0.11644604222876276,0.8,2035,Medium
1001012,Power Plants,2025,483389.8034306028,-0.11644604222876276,0.8,2035,Medium
1001012,Power Plants,2026,427100.9739673696,-0.11644604222876276,0.8,2035,Medium
1001012,Power Plants,2027,377366.7559168195,-0.11644604222876276,0.8,2035,Medium
1001012,Power Plants,2028,333423.89072159835,-0.11644604222876276,0.8,2035,Medium
1001020,Power Plants,2024,9690034.451296918,-0.11644604222876276,0.8,2035,Medium
1001020,Power Plants,2025,8561668.29038303,-0.11644604222876276,0.8,2035,Medium
1001020,Power Plants,2026,7564695.90309243,-0.11644604222876276,0.8,2035,Medium
1001020,Power Plants,2027,6683817.004513179,-0.11644604222876276,0.8,2035,Medium
1001020,Power Plants,2028,5905512.967356315,-0.11644604222876276,0.8,2035,Medium
1001027,Power Plants,2024,1695843.4626934265,-0.11644604222876276,0.8,2035,Medium
1001027,Power Plants,2025,1498369.2032232566,-0.11644604222876276,0.8,2035,Medium
1001027,Power Plants,2026,1323890.0397104437,-0.11644604222876276,0.8,2035,Medium
1001027,Power Plants,2027,1169728.2842400828,-0.11644604222876276,0.8,2035,Medium
1001027,Power Plants,2028,1033518.055057284,-0.11644604222876276,0.8,2035,Medium
1001028,Power Plants,2024,1973014.022933947,-0.11644604222876276,0.8,2035,Medium
1001028,Power Plants,2025,1743264.3487014393,-0.11644604222876276,0.8,2035,Medium
1001028,Power Plants,2026,1540268.114736655,-0.11644604222876276,0.8,2035,Medium
1001028,Power Plants,2027,1360909.9888044135,-0.11644604222876276,0.8,2035,Medium
1001028,Power Plants,2028,1202437.4067785498,-0.11644604222876276,0.8,2035,Medium
1001029,Power Plants,2024,1478401.358516976,-0.11644604222876276,0.8,2035,Medium
1001029,Power Plants,2025,1306247.371492048,-0.11644604222876276,0.8,2035,Medium
1001029,Power Plants,2026,1154140.0349100747,-0.11644604222876276,0.8,2035,Medium
1001029,Power Plants,2027,1019744.9956670303,-0.11644604222876276,0.8,2035,Medium
1001029,Power Plants,2028,900999.7268390178,-0.11644604222876276,0.8,2035,Medium
1001038,Power Plants,2024,2434709.1707425527,-0.11644604222876276,0.8,2035,Medium
1001038,Power Plants,2025,2151196.9238315094,-0.11644604222876276,0.8,2035,Medium
1001038,Power Plants,2026,1900698.5559966408,-0.11644604222876276,0.8,2035,Medium
1001038,Power Plants,2027,1679369.7316809075,-0.11644604222876276,0.8,2035,Medium
1001038,Power Plants,2028,1483813.7729878866,-0.11644604222876276,0.8,2035,Medium
1001042,Power Plants,2024,3062359.9576648236,-0.11644604222876276,0.8,2035,Medium
1001042,Power Plants,2025,2705760.2607149133,-0.11644604222876276,0.8,2035,Medium
1001042,Power Plants,2026,2390685.1871347963,-0.11644604222876276,0.8,2035,Medium
1001042,Power Plants,2027,2112299.35887802,-0.11644604222876276,0.8,2035,Medium
1001042,Power Plants,2028,1866330.4585343217,-0.11644604222876276,0.8,2035,Medium
1001044,Power Plants,2024,1692820.2644306822,-0.11644604222876276,0.8,2035,Medium
1001044,Power Plants,2025,1495698.0444330815,-0.11644604222876276,0.8,2035,Medium
1001044,Power Plants,2026,1321529.9267895492,-0.11644604222876276,0.8,2035,Medium
1001044,Power Plants,2027,1167642.9971280394,-0.11644604222876276,0.8,2035,Medium
1001044,Power Plants,2028,1031675.5913763486,-0.11644604222876276,0.8,2035,Medium
1001046,Power Plants,2024,153308.94785366807,-0.11644604222876276,0.8,2035,Medium
1001046,Power Plants,2025,135456.72763785263,-0.11644604222876276,0.8,2035,Medium
1001046,Power Plants,2026,119683.32781116525,-0.11644604222876276,0.8,2035,Medium
1001046,Power Plants,2027,105746.67796678742,-0.11644604222876276,0.8,2035,Medium
1001046,Power Plants,2028,93432.89583871553,-0.11644604222876276,0.8,2035,Medium
1001047,Power Plants,2024,89102.0660215412,-0.11644604222876276,0.8,2035,Medium
1001047,Power Plants,2025,78726.48307892682,-0.11644604222876276,0.8,2035,Medium
1001047,Power Plants,2026,69559.09570579612,-0.11644604222876276,0.8,2035,Medium
1001047,Power Plants,2027,61459.214309844436,-0.11644604222876276,0.8,2035,Medium
1001047,Power Plants,2028,54302.53204497371,-0.11644604222876276,0.8,2035,Medium
1001048,Power Plants,2024,2738924.8352099895,-0.11644604222876276,0.8,2035,Medium
1001048,Power Plants,2025,2419987.8781877197,-0.11644604222876276,0.8,2035,Medium
1001048,Power Plants,2026,2138189.8675311785,-0.11644604222876276,0.8,2035,Medium
1001048,Power Plants,2027,1889206.1199235301,-0.11644604222876276,0.8,2035,Medium
1001048,Power Plants,2028,1669215.5443040777,-0.11644604222876276,0.8,2035,Medium
1001050,Power Plants,2024,3027726.755981258,-0.11644604222876276,0.8,2035,Medium
1001050,Power Plants,2025,2675159.958297109,-0.11644604222876276,0.8,2035,Medium
1001050,Power Plants,2026,2363648.168824549,-0.11644604222876276,0.8,2035,Medium
1001050,Power Plants,2027,2088410.6943436677,-0.11644604222876276,0.8,2035,Medium
1001050,Power Plants,2028,1845223.534439125,-0.11644604222876276,0.8,2035,Medium
1001052,Power Plants,2024,4303009.075574292,-0.11644604222876276,0.8,2035,Medium
1001052,Power Plants,2025,3801940.699049218,-0.11644604222876276,0.8,2035,Medium
1001052,Power Plants,2026,3359219.751856481,-0.11644604222876276,0.8,2035,Medium
1001052,Power Plants,2027,2968051.9067761074,-0.11644604222876276,0.8,2035,Medium
1001052,Power Plants,2028,2622434.009102497,-0.11644604222876276,0.8,2035,Medium
1001056,Petroleum Product Suppliers,2024,1429577.3782610667,-0.027507527533926934,0.2,2030,Low
1001056,Petroleum Product Suppliers,2025,1390253.2391666714,-0.027507527533926934,0.2,2030,Low
1001056,Petroleum Product Suppliers,2026,1352010.809911163,-0.027507527533926934,0.2,2030,Low
1001056,Petroleum Product Suppliers,2027,1314820.3353313648,-0.027507527533926934,0.2,2030,Low
1001056,Petroleum Product Suppliers,2028,1278652.8787550703,-0.027507527533926934,0.2,2030,Low
1001063,Power Plants,2024,1295787.5836143412,-0.11644604222876276,0.8,2035,Medium
1001063,Power Plants,2025,1144898.247933279,-0.11644604222876276,0.8,2035,Medium
1001063,Power Plants,2026,1011579.378206804,-0.11644604222876276,0.8,2035,Medium
1001063,Power Plants,2027,893784.9632143888,-0.11644604222876276,0.8,2035,Medium
1001063,Power Plants,2028,789707.241644493,-0.11644604222876276,0.8,2035,Medium
1001092,Power Plants,2024,855836.8365409032,-0.11644604222876276,0.8,2035,Medium
1001092,Power Plants,2025,756178.0241321304,-0.11644604222876276,0.8,2035,Medium
1001092,Power Plants,2026,668124.086001578,-0.11644604222876276,0.8,2035,Medium
1001092,Power Plants,2027,590323.6804689846,-0.11644604222876276,0.8,2035,Medium
1001092,Power Plants,2028,521582.8242444546,-0.11644604222876276,0.8,2035,Medium
1001098,Power Plants,2024,1436079.6328668133,-0.11644604222876276,0.8,2035,Medium
1001098,Power Plants,2025,1268853.8432941383,-0.11644604222876276,0.8,2035,Medium
1001098,Power Plants,2026,1121100.8350757812,-0.11644604222876276,0.8,2035,Medium
1001098,Power Plants,2027,990553.0798918455,-0.11644604222876276,0.8,2035,Medium
1001098,Power Plants,2028,875207.0941209287,-0.11644604222876276,0.8,2035,Medium
1001103,Metals,2024,83698.39744946235,-0.029125207089559013,0.6,2050,Medium
1001103,Metals,2025,81260.66429068254,-0.029125207089559013,0.6,2050,Medium
1001103,Metals,2026,78893.93061498129,-0.029125207089559013,0.6,2050,Medium
1001103,Metals,2027,76596.12854771066,-0.029125207089559013,0.6,2050,Medium
1001103,Metals,2028,74365.2504415001,-0.029125207089559013,0.6,2050,Medium
1001104,Power Plants,2024,1835298.33373218,-0.11644604222876276,0.8,2035,Medium
1001104,Power Plants,2025,1621585.1064600246,-0.11644604222876276,0.8,2035,Medium
1001104,Power Plants,2026,1432757.9386756478,-0.11644604222876276,0.8,2035,Medium
1001104,Power Plants,2027,1265918.947245028,-0.11644604222876276,0.8,2035,Medium
1001104,Power Plants,2028,1118507.6960559427,-0.11644604222876276,0.8,2035,Medium
1001108,Power Plants,2024,104340.9314170637,-0.11644604222876276,0.8,2035,Medium
1001108,Power Plants,2025,92190.84291108385,-0.11644604222876276,0.8,2035,Medium
1001108,Power Plants,2026,81455.58412435454,-0.11644604222876276,0.8,2035,Medium
1001108,Power Plants,2027,71970.40373564142,-0.11644604222876276,0.8,2035,Medium
1001108,Power Plants,2028,63589.73506301981,-0.11644604222876276,0.8,2035,Medium
1001112,Power Plants,2024,3747847.3631905103,-0.11644604222876276,0.8,2035,Medium
1001112,Power Plants,2025,3311425.3708694708,-0.11644604222876276,0.8,2035,Medium
1001112,Power Plants,2026,2925822.992295808,-0.11644604222876276,0.8,2035,Medium
1001112,Power Plants,2027,2585122.4845810453,-0.11644604222876276,0.8,2035,Medium
1001112,Power Plants,2028,2284095.2025749967,-0.11644604222876276,0.8,2035,Medium
1001113,Power Plants,2024,166502.92303775644,-0.11644604222876276,0.8,2035,Medium
1001113,Power Plants,2025,147114.31663048943,-0.11644604222876276,0.8,2035,Medium
1001113,Power Plants,2026,129983.43670367988,-0.11644604222876276,0.8,2035,Medium
1001113,Power Plants,2027,114847.37994424345,-0.11644604222876276,0.8,2035,Medium
1001113,Power Plants,2028,101473.85708939332,-0.11644604222876276,0.8,2035,Medium
1001117,Power Plants,2024,851476.2751037047,-0.11644604222876276,0.8,2035,Medium
1001117,Power Plants,2025,752325.2328161891,-0.11644604222876276,0.8,2035,Medium
1001117,Power Plants,2026,664719.9369859113,-0.11644604222876276,0.8,2035,Medium
1001117,Power Plants,2027,587315.9311333493,-0.11644604222876276,0.8,2035,Medium
1001117,Power Plants,2028,518925.3154149702,-0.11644604222876276,0.8,2035,Medium
1001119,Power Plants,2024,1393076.6659099143,-0.11644604222876276,0.8,2035,Medium
1001119,Power Plants,2025,1230858.4016434643,-0.11644604222876276,0.8,2035,Medium
1001119,Power Plants,2026,1087529.8122280622,-0.11644604222876276,0.8,2035,Medium
1001119,Power Plants,2027,960891.2697883147,-0.11644604222876276,0.8,2035,Medium
1001119,Power Plants,2028,848999.2844092952,-0.11644604222876276,0.8,2035,Medium
1001120,Power Plants,2024,30822.892911756204,-0.11644604222876276,0.8,2035,Medium
1001120,Power Plants,2025,27233.689022141207,-0.11644604222876276,0.8,2035,Medium
1001120,Power Plants,2026,24062.43372022396,-0.11644604222876276,0.8,2035,Medium
1001120,Power Plants,2027,21260.458547111954,-0.11644604222876276,0.8,2035,Medium
1001120,Power Plants,2028,18784.762293332096,-0.11644604222876276,0.8,2035,Medium
1001125,Power Plants,2024,738556.6744497478,-0.11644604222876276,0.8,2035,Medium
1001125,Power Plants,2025,652554.6727484378,-0.11644604222876276,0.8,2035,Medium
1001125,Power Plants,2026,576567.2637689968,-0.11644604222876276,0.8,2035,Medium
1001125,Power Plants,2027,509428.2878244299,-0.11644604222876276,0.8,2035,Medium
1001125,Power Plants,2028,450107.37990790006,-0.11644604222876276,0.8,2035,Medium
1001126,Power Plants,2024,9868.638577052223,-0.11644604222876276,0.8,2035,Medium
1001126,Power Plants,2025,8719.474672568402,-0.11644604222876276,0.8,2035,Medium
1001126,Power Plants,2026,7704.126356633876,-0.11644604222876276,0.8,2035,Medium
1001126,Power Plants,2027,6807.011333573562,-0.11644604222876276,0.8,2035,Medium
1001126,Power Plants,2028,6014.361804372588,-0.11644604222876276,0.8,2035,Medium
1001129,Power Plants,2024,280028.97569014056,-0.11644604222876276,0.8,2035,Medium
1001129,Power Plants,2025,247420.70976164925,-0.11644604222876276,0.8,2035,Medium
1001129,Power Plants,2026,218609.5473444738,-0.11644604222876276,0.8,2035,Medium
1001129,Power Plants,2027,193153.33076278848,-0.11644604222876276,0.8,2035,Medium
1001129,Power Plants,2028,170661.38985215864,-0.11644604222876276,0.8,2035,Medium
1001133,Power Plants,2024,618708.4857527332,-0.11644604222876276,0.8,2035,Medium
1001133,Power Plants,2025,546662.3312934765,-0.11644604222876276,0.8,2035,Medium
1001133,Power Plants,2026,483005.66637880245,-0.11644604222876276,0.8,2035,Medium
1001133,Power Plants,2027,426761.5681549247,-0.11644604222876276,0.8,2035,Medium
1001133,Power Plants,2028,377066.87256794336,-0.11644604222876276,0.8,2035,Medium
1001135,Power Plants,2024,390864.4899119888,-0.11644604222876276,0.8,2035,Medium
1001135,Power Plants,2025,345349.86701397353,-0.11644604222876276,0.8,2035,Medium
1001135,Power Plants,2026,305135.2418159668,-0.11644604222876276,0.8,2035,Medium
1001135,Power Plants,2027,269603.45056198095,-0.11644604222876276,0.8,2035,Medium
1001135,Power Plants,2028,238209.19577282036,-0.11644604222876276,0.8,2035,Medium
1001140,Power Plants,2024,661714.432053578,-0.11644604222876276,0.8,2035,Medium
1001140,Power Plants,2025,584660.4053552852,-0.11644604222876276,0.8,2035,Medium
1001140,Power Plants,2026,516579.0151037981,-0.11644604222876276,0.8,2035,Medium
1001140,Power Plants,2027,456425.4332965285,-0.11644604222876276,0.8,2035,Medium
1001140,Power Plants,2028,403276.4980165996,-0.11644604222876276,0.8,2035,Medium
1001142,Power Plants,2024,2302639.7308517466,-0.11644604222876276,0.8,2035,Medium
1001142,Power Plants,2025,2034506.4475153573,-0.11644604222876276,0.8,2035,Medium
1001142,Power Plants,2026,1797596.223813294,-0.11644604222876276,0.8,2035,Medium
1001142,Power Plants,2027,1588273.2580248665,-0.11644604222876276,0.8,2035,Medium
1001142,Power Plants,2028,1403325.1231500884,-0.11644604222876276,0.8,2035,Medium
1001149,Power Plants,2024,3124058.2177578877,-0.11644604222876276,0.8,2035,Medium
1001149,Power Plants,2025,2760274.002607739,-0.11644604222876276,0.8,2035,Medium
1001149,Power Plants,2026,2438851.0195371225,-0.11644604222876276,0.8,2035,Medium
1001149,Power Plants,2027,2154856.4707264416,-0.11644604222876276,0.8,2035,Medium
1001149,Power Plants,2028,1903931.9631393077,-0.11644604222876276,0.8,2035,Medium
1001154,Chemicals,2024,132269.55676798613,-0.045845005236247904,0.28,2030,Medium
1001154,Chemicals,2025,126205.65824536161,-0.045845005236247904,0.28,2030,Medium
1001154,Chemicals,2026,120419.7591822589,-0.045845005236247904,0.28,2030,Medium
1001154,Chemicals,2027,114899.11469200053,-0.045845005236247904,0.28,2030,Medium
1001154,Chemicals,2028,109631.56417730551,-0.045845005236247904,0.28,2030,Medium
1001158,Power Plants,2024,2326048.761380219,-0.11644604222876276,0.8,2035,Medium
1001158,Power Plants,2025,2055189.5890863766,-0.11644604222876276,0.8,2035,Medium
1001158,Power Plants,2026,1815870.895407511,-0.11644604222876276,0.8,2035,Medium
1001158,Power Plants,2027,1604419.9164389065,-0.11644604222876276,0.8,2035,Medium
1001158,Power Plants,2028,1417591.5670965936,-0.11644604222876276,0.8,2035,Medium
1001161,Power Plants,2024,416325.1291961897,-0.11644604222876276,0.8,2035,Medium
1001161,Power Plants,2025,367845.71562091506,-0.11644604222876276,0.8,2035,Medium
1001161,Power Plants,2026,325011.5378860525,-0.11644604222876276,0.8,2035,Medium
1001161,Power Plants,2027,287165.2306205381,-0.11644604222876276,0.8,2035,Medium
1001161,Power Plants,2028,253725.97604906652,-0.11644604222876276,0.8,2035,Medium
1001163,Power Plants,2024,4487060.06231704,-0.11644604222876276,0.8,2035,Medium
1001163,Power Plants,2025,3964559.6768174754,-0.11644604222876276,0.8,2035,Medium
1001163,Power Plants,2026,3502902.3932723375,-0.11644604222876276,0.8,2035,Medium
1001163,Power Plants,2027,3095003.2732621124,-0.11644604222876276,0.8,2035,Medium
1001163,Power Plants,2028,2734602.3914056737,-0.11644604222876276,0.8,2035,Medium
1001167,Power Plants,2024,1555430.7606138047,-0.11644604222876276,0.8,2035,Medium
1001167,Power Plants,2025,1374307.004579453,-0.11644604222876276,0.8,2035,Medium
1001167,Power Plants,2026,1214274.3930889096,-0.11644604222876276,0.8,2035,Medium
1001167,Power Plants,2027,1072876.9458339731,-0.11644604222876276,0.8,2035,Medium
1001167,Power Plants,2028,947944.6716931242,-0.11644604222876276,0.8,2035,Medium
1001174,Power Plants,2024,2013681.7179040825,-0.11644604222876276,0.8,2035,Medium
1001174,Power Plants,2025,1779196.4515457363,-0.11644604222876276,0.8,2035,Medium
1001174,Power Plants,2026,1572016.0664157767,-0.11644604222876276,0.8,2035,Medium
1001174,Power Plants,2027,1388961.0171616315,-0.11644604222876276,0.8,2035,Medium
1001174,Power Plants,2028,1227222.0039031229,-0.11644604222876276,0.8,2035,Medium
1001177,Power Plants,2024,51069.231445738464,-0.11644604222876276,0.8,2035,Medium
1001177,Power Plants,2025,45122.42156421754,-0.11644604222876276,0.8,2035,Medium
1001177,Power Plants,2026,39868.094157286636,-0.11644604222876276,0.8,2035,Medium
1001177,Power Plants,2027,35225.61238146694,-0.11644604222876276,0.8,2035,Medium
1001177,Power Plants,2028,31123.729234560615,-0.11644604222876276,0.8,2035,Medium
1001178,Power Plants,2024,1158082.3824341362,-0.11644604222876276,0.8,2035,Medium
1001178,Power Plants,2025,1023228.2724248245,-0.11644604222876276,0.8,2035,Medium
1001178,Power Plants,2026,904077.3898043794,-0.11644604222876276,0.8,2035,Medium
1001178,Power Plants,2027,798801.1558931491,-0.11644604222876276,0.8,2035,Medium
1001178,Power Plants,2028,705783.922761631,-0.11644604222876276,0.8,2035,Medium
1001182,Power Plants,2024,110288.59785620368,-0.11644604222876276,0.8,2035,Medium
1001182,Power Plants,2025,97445.92713288913,-0.11644604222876276,0.8,2035,Medium
1001182,Power Plants,2026,86098.7345869518,-0.11644604222876276,0.8,2035,Medium
1001182,Power Plants,2027,76072.87770339656,-0.11644604222876276,0.8,2035,Medium
1001182,Power Plants,2028,67214.49217388335,-0.11644604222876276,0.8,2035,Medium
1001194,Power Plants,2024,11884838.21521722,-0.11644604222876276,0.8,2035,Medium
1001194,Power Plants,2025,10500895.84252602,-0.11644604222876276,0.8,2035,Medium
1001194,Power Plants,2026,9278108.081807397,-0.11644604222876276,0.8,2035,Medium
1001194,Power Plants,2027,8197709.116310228,-0.11644604222876276,0.8,2035,Medium
1001194,Power Plants,2028,7243118.334373253,-0.11644604222876276,0.8,2035,Medium
1001195,Power Plants,2024,944941.3199660728,-0.11644604222876276,0.8,2035,Medium
1001195,Power Plants,2025,834906.6431176006,-0.11644604222876276,0.8,2035,Medium
1001195,Power Plants,2026,737685.0688960539,-0.11644604222876276,0.8,2035,Medium
1001195,Power Plants,2027,651784.5622118562,-0.11644604222876276,0.8,2035,Medium
1001195,Power Plants,2028,575886.8295564788,-0.11644604222876276,0.8,2035,Medium
1001196,Power Plants,2024,6204483.362053892,-0.11644604222876276,0.8,2035,Medium
1001196,Power Plants,2025,5481995.830468508,-0.11644604222876276,0.8,2035,Medium
1001196,Power Plants,2026,4843639.112495871,-0.11644604222876276,0.8,2035,Medium
1001196,Power Plants,2027,4279616.50786129,-0.11644604222876276,0.8,2035,Medium
1001196,Power Plants,2028,3781272.103263964,-0.11644604222876276,0.8,2035,Medium
1001203,Power Plants,2024,773749.6641130146,-0.11644604222876276,0.8,2035,Medium
1001203,Power Plants,2025,683649.5780512195,-0.11644604222876276,0.8,2035,Medium
1001203,Power Plants,2026,604041.2904157914,-0.11644604222876276,0.8,2035,Medium
1001203,Power Plants,2027,533703.0728041178,-0.11644604222876276,0.8,2035,Medium
1001203,Power Plants,2028,471555.462250749,-0.11644604222876276,0.8,2035,Medium
1001209,Power Plants,2024,1838008.7841707915,-0.11644604222876276,0.8,2035,Medium
1001209,Power Plants,2025,1623979.9356724026,-0.11644604222876276,0.8,2035,Medium
1001209,Power Plants,2026,1434873.8995044306,-0.11644604222876276,0.8,2035,Medium
1001209,Power Plants,2027,1267788.512809788,-0.11644604222876276,0.8,2035,Medium
1001209,Power Plants,2028,1120159.5581099992,-0.11644604222876276,0.8,2035,Medium
1001224,Power Plants,2024,69090.71396395196,-0.11644604222876276,0.8,2035,Medium
1001224,Power Plants,2025,61045.37376809024,-0.11644604222876276,0.8,2035,Medium
1001224,Power Plants,2026,53936.8815964206,-0.11644604222876276,0.8,2035,Medium
1001224,Power Plants,2027,47656.14520435603,-0.11644604222876276,0.8,2035,Medium
1001224,Power Plants,2028,42106.77570742954,-0.11644604222876276,0.8,2035,Medium
1001232,Power Plants,2024,2484630.248559678,-0.11644604222876276,0.8,2035,Medium
1001232,Power Plants,2025,2195304.8897130364,-0.11644604222876276,0.8,2035,Medium
1001232,Power Plants,2026,1939670.3238205027,-0.11644604222876276,0.8,2035,Medium
1001232,Power Plants,2027,1713803.3913830223,-0.11644604222876276,0.8,2035,Medium
1001232,Power Plants,2028,1514237.769298238,-0.11644604222876276,0.8,2035,Medium
1001243,Power Plants,2024,200485.16104161026,-0.11644604222876276,0.8,2035,Medium
1001243,Power Plants,2025,177139.4575127186,-0.11644604222876276,0.8,2035,Medium
1001243,Power Plants,2026,156512.26876281245,-0.11644604222876276,0.8,2035,Medium
1001243,Power Plants,2027,138287.03450513852,-0.11644604222876276,0.8,2035,Medium
1001243,Power Plants,2028,122184.05664546278,-0.11644604222876276,0.8,2035,Medium
1001257,Power Plants,2024,79287.18816860353,-0.11644604222876276,0.8,2035,Medium
1001257,Power Plants,2025,70054.50890692248,-0.11644604222876276,0.8,2035,Medium
1001257,Power Plants,2026,61896.93860443174,-0.11644604222876276,0.8,2035,Medium
1001257,Power Plants,2027,54689.285077868946,-0.11644604222876276,0.8,2035,Medium
1001257,Power Plants,2028,48320.934278230576,-0.11644604222876276,0.8,2035,Medium
1001262,Chemicals,2024,225776.79014596358,-0.045845005236247904,0.28,2030,Medium
1001262,Chemicals,2025,215426.05201949863,-0.045845005236247904,0.28,2030,Medium
1001262,Chemicals,2026,205549.84353664052,-0.045845005236247904,0.28,2030,Medium
1001262,Chemicals,2027,196126.4098833933,-0.045845005236247904,0.28,2030,Medium
1001262,Chemicals,2028,187134.99359532262,-0.045845005236247904,0.28,2030,Medium
1001268,Power Plants,2024,197819.04404246723,-0.11644604222876276,0.8,2035,Medium
1001268,Power Plants,2025,174783.79928624458,-0.11644604222876276,0.8,2035,Medium
1001268,Power Plants,2026,154430.91761365498,-0.11644604222876276,0.8,2035,Medium
1001268,Power Plants,2027,136448.0484597887,-0.11644604222876276,0.8,2035,Medium
1001268,Power Plants,2028,120559.21324680788,-0.11644604222876276,0.8,2035,Medium
1001270,Power Plants,2024,149977.46877951748,-0.11644604222876276,0.8,2035,Medium
1001270,Power Plants,2025,132513.18611665483,-0.11644604222876276,0.8,2035,Medium
1001270,Power Plants,2026,117082.55005024695,-0.11644604222876276,0.8,2035,Medium
1001270,Power Plants,2027,103448.75048284465,-0.11644604222876276,0.8,2035,Medium
1001270,Power Plants,2028,91402.55291560659,-0.11644604222876276,0.8,2035,Medium
1001275,Power Plants,2024,166791.04291495399,-0.11644604222876276,0.8,2035,Medium
1001275,Power Plants,2025,147368.88608829986,-0.11644604222876276,0.8,2035,Medium
1001275,Power Plants,2026,130208.36255565597,-0.11644604222876276,0.8,2035,Medium
1001275,Power Plants,2027,115046.114070962,-0.11644604222876276,0.8,2035,Medium
1001275,Power Plants,2028,101649.44941359971,-0.11644604222876276,0.8,2035,Medium
1001276,Power Plants,2024,385730.26388985506,-0.11644604222876276,0.8,2035,Medium
1001276,Power Plants,2025,340813.5012920252,-0.11644604222876276,0.8,2035,Medium
1001276,Power Plants,2026,301127.11792844156,-0.11644604222876276,0.8,2035,Medium
1001276,Power Plants,2027,266062.0568379206,-0.11644604222876276,0.8,2035,Medium
1001276,Power Plants,2028,235080.18333190063,-0.11644604222876276,0.8,2035,Medium
1001282,Power Plants,2024,1001282.8786846525,-0.11644604222876276,0.8,2035,Medium
1001282,Power Plants,2025,884687.4503104023,-0.11644604222876276,0.8,2035,Medium
1001282,Power Plants,2026,781669.0981123007,-0.11644604222876276,0.8,2035,Medium
1001282,Power Plants,2027,690646.8253045968,-0.11644604222876276,0.8,2035,Medium
1001282,Power Plants,2028,610223.7359200168,-0.11644604222876276,0.8,2035,Medium
1001285,Power Plants,2024,616929.3968455233,-0.11644604222876276,0.8,2035,Medium
1001285,Power Plants,2025,545090.4102482843,-0.11644604222876276,0.8,2035,Medium
1001285,Power Plants,2026,481616.789318019,-0.11644604222876276,0.8,2035,Medium
1001285,Power Plants,2027,425534.42033101176,-0.11644604222876276,0.8,2035,Medium
1001285,Power Plants,2028,375982.6212513547,-0.11644604222876276,0.8,2035,Medium
1001299,Power Plants,2024,894930.6833526797,-0.11644604222876276,0.8,2035,Medium
1001299,Power Plants,2025,790719.547207178,-0.11644604222876276,0.8,2035,Medium
1001299,Power Plants,2026,698643.38542198285,-0.11644604222876276,0.8,2035,Medium
1001299,Power Plants,2027,617289.1282602887,-0.11644604222876276,0.8,2035,Medium
1001299,Power Plants,2028,545408.252363535,-0.11644604222876276,0.8,2035,Medium
1001305,Power Plants,2024,787385.2236612259,-0.11644604222876276,0.8,2035,Medium
1001305,Power Plants,2025,695697.3306564669,-0.11644604222876276,0.8,2035,Medium
1001305,Power Plants,2026,614686.1299124064,-0.11644604222876276,0.8,2035,Medium
1001305,Power Plants,2027,543108.3628711916,-0.11644604222876276,0.8,2035,Medium
1001305,Power Plants,2028,479865.5435134986,-0.11644604222876276,0.8,2035,Medium
1001308,Power Plants,2024,1927670.447324379,-0.11644604222876276,0.8,2035,Medium
1001308,Power Plants,2025,1703200.8530121064,-0.11644604222876276,0.8,2035,Medium
1001308,Power Plants,2026,1504869.854558194,-0.11644604222876276,0.8,2035,Medium
1001308,Power Plants,2027,1329633.7159255184,-0.11644604222876276,0.8,2035,Medium
1001308,Power Plants,2028,1174803.1320920687,-0.11644604222876276,0.8,2035,Medium
1001309,Power Plants,2024,1940706.7063598975,-0.11644604222876276,0.8,2035,Medium
1001309,Power Plants,2025,1714719.0912774696,-0.11644604222876276,0.8,2035,Medium
1001309,Power Plants,2026,1515046.8395641078,-0.11644604222876276,0.8,2035,Medium
1001309,Power Plants,2027,1338625.631305672,-0.11644604222876276,0.8,2035,Medium
1001309,Power Plants,2028,1182747.9745141475,-0.11644604222876276,0.8,2035,Medium
1001314,Power Plants,2024,1012227.5923255506,-0.11644604222876276,0.8,2035,Medium
1001314,Power Plants,2025,894357.6953644906,-0.11644604222876276,0.8,2035,Medium
1001314,Power Plants,2026,790213.2814024583,-0.11644604222876276,0.8,2035,Medium
1001314,Power Plants,2027,698196.0722665384,-0.11644604222876276,0.8,2035,Medium
1001314,Power Plants,2028,616893.9029514327,-0.11644604222876276,0.8,2035,Medium
1001315,Power Plants,2024,1203265.8403954767,-0.11644604222876276,0.8,2035,Medium
1001315,Power Plants,2025,1063150.2955323572,-0.11644604222876276,0.8,2035,Medium
1001315,Power Plants,2026,939350.6513232748,-0.11644604222876276,0.8,2035,Medium
1001315,Power Plants,2027,829966.9857116689,-0.11644604222876276,0.8,2035,Medium
1001315,Power Plants,2028,733320.615045009,-0.11644604222876276,0.8,2035,Medium
1001325,Power Plants,2024,1003886.6203085927,-0.11644604222876276,0.8,2035,Medium
1001325,Power Plants,2025,886987.9965272483,-0.11644604222876276,0.8,2035,Medium
1001325,Power Plants,2026,783701.7548272307,-0.11644604222876276,0.8,2035,Medium
1001325,Power Plants,2027,692442.7871898635,-0.11644604222876276,0.8,2035,Medium
1001325,Power Plants,2028,611810.5651517505,-0.11644604222876276,0.8,2035,Medium
1001329,Power Plants,2024,1096116.0573716077,-0.11644604222876276,0.8,2035,Medium
1001329,Power Plants,2025,968477.6806672886,-0.11644604222876276,0.8,2035,Medium
1001329,Power Plants,2026,855702.2877666914,-0.11644604222876276,0.8,2035,Medium
1001329,Power Plants,2027,756059.1430301622,-0.11644604222876276,0.8,2035,Medium
1001329,Power Plants,2028,668019.0481334298,-0.11644604222876276,0.8,2035,Medium
1001331,Power Plants,2024,1115868.6730224192,-0.11644604222876276,0.8,2035,Medium
1001331,Power Plants,2025,985930.182401897,-0.11644604222876276,0.8,2035,Medium
1001331,Power Plants,2026,871122.514747314,-0.11644604222876276,0.8,2035,Medium
1001331,Power Plants,2027,769683.7456086222,-0.11644604222876276,0.8,2035,Medium
1001331,Power Plants,2028,680057.1196646884,-0.11644604222876276,0.8,2035,Medium
1001333,Power Plants,2024,1481459.422126371,-0.11644604222876276,0.8,2035,Medium
1001333,Power Plants,2025,1308949.335697245,-0.11644604222876276,0.8,2035,Medium
1001333,Power Plants,2026,1156527.3660773328,-0.11644604222876276,0.8,2035,Medium
1001333,Power Plants,2027,1021854.3315683719,-0.11644604222876276,0.8,2035,Medium
1001333,Power Plants,2028,902863.4389229171,-0.11644604222876276,0.8,2035,Medium
1001338,Power Plants,2024,1907615.4795092184,-0.11644604222876276,0.8,2035,Medium
1001338,Power Plants,2025,1685481.2068260463,-0.11644604222876276,0.8,2035,Medium
1001338,Power Plants,2026,1489213.5910401947,-0.11644604222876276,0.8,2035,Medium
1001338,Power Plants,2027,1315800.5623302807,-0.11644604222876276,0.8,2035,Medium
1001338,Power Plants,2028,1162580.794484539,-0.11644604222876276,0.8,2035,Medium
1001347,Power Plants,2024,2058976.2845427205,-0.11644604222876276,0.8,2035,Medium
1001347,Power Plants,2025,1819216.6451648376,-0.11644604222876276,0.8,2035,Medium
1001347,Power Plants,2026,1607376.066878705,-0.11644604222876276,0.8,2035,Medium
1001347,Power Plants,2027,1420203.4855174446,-0.11644604222876276,0.8,2035,Medium
1001347,Power Plants,2028,1254826.4104694442,-0.11644604222876276,0.8,2035,Medium
1001351,Power Plants,2024,926243.4998655884,-0.11644604222876276,0.8,2035,Medium
1001351,Power Plants,2025,818386.110166123,-0.11644604222876276,0.8,2035,Medium
1001351,Power Plants,2026,723088.2866222857,-0.11644604222876276,0.8,2035,Medium
1001351,Power Plants,2027,638887.5174631433,-0.11644604222876276,0.8,2035,Medium
1001351,Power Plants,2028,564491.5946252007,-0.11644604222876276,0.8,2035,Medium
1001352,Power Plants,2024,614628.5587236021,-0.11644604222876276,0.8,2035,Medium
1001352,Power Plants,2025,543057.4956194699,-0.11644604222876276,0.8,2035,Medium
1001352,Power Plants,2026,479820.599551919,-0.11644604222876276,0.8,2035,Medium
1001352,Power Plants,2027,423947.3897542659,-0.11644604222876276,0.8,2035,Medium
1001352,Power Plants,2028,374580.39410416695,-0.11644604222876276,0.8,2035,Medium
1001356,Power Plants,2024,1394960.5549191635,-0.11644604222876276,0.8,2035,Medium
1001356,Power Plants,2025,1232522.919233588,-0.11644604222876276,0.8,2035,Medium
1001356,Power Plants,2026,1089000.5033325958,-0.11644604222876276,0.8,2035,Medium
1001356,Power Plants,2027,962190.7047343843,-0.11644604222876276,0.8,2035,Medium
1001356,Power Plants,2028,850147.4052987612,-0.11644604222876276,0.8,2035,Medium
1001357,Power Plants,2024,1324512.4750027077,-0.11644604222876276,0.8,2035,Medium
1001357,Power Plants,2025,1170278.2394060192,-0.11644604222876276,0.8,2035,Medium
1001357,Power Plants,2026,1034003.9701207438,-0.11644604222876276,0.8,2035,Medium
1001357,Power Plants,2027,913598.3001513553,-0.11644604222876276,0.8,2035,Medium
1001357,Power Plants,2028,807213.3939118047,-0.11644604222876276,0.8,2035,Medium
1001363,Power Plants,2024,1207238.9422168974,-0.11644604222876276,0.8,2035,Medium
1001363,Power Plants,2025,1066660.7453713017,-0.11644604222876276,0.8,2035,Medium
1001363,Power Plants,2026,942452.3231720314,-0.11644604222876276,0.8,2035,Medium
1001363,Power Plants,2027,832707.4801493455,-0.11644604222876276,0.8,2035,Medium
1001363,Power Plants,2028,735741.9897516682,-0.11644604222876276,0.8,2035,Medium
1001372,Power Plants,2024,2526491.4411475393,-0.11644604222876276,0.8,2035,Medium
1001372,Power Plants,2025,2232291.512101065,-0.11644604222876276,0.8,2035,Medium
1001372,Power Plants,2026,1972350.0004160358,-0.11644604222876276,0.8,2035,Medium
1001372,Power Plants,2027,1742677.6489776897,-0.11644604222876276,0.8,2035,Medium
1001372,Power Plants,2028,1539749.7338737126,-0.11644604222876276,0.8,2035,Medium
1001376,Power Plants,2024,1406043.5482886685,-0.11644604222876276,0.8,2035,Medium
1001376,Power Plants,2025,1242315.3418891667,-0.11644604222876276,0.8,2035,Medium
1001376,Power Plants,2026,1097652.637126101,-0.11644604222876276,0.8,2035,Medium
1001376,Power Plants,2027,969835.3317908022,-0.11644604222876276,0.8,2035,Medium
1001376,Power Plants,2028,856901.8457901443,-0.11644604222876276,0.8,2035,Medium
1001405,Power Plants,2024,596319.6207607673,-0.11644604222876276,0.8,2035,Medium
1001405,Power Plants,2025,526880.5610198191,-0.11644604222876276,0.8,2035,Medium
1001405,Power Plants,2026,465527.4049617911,-0.11644604222876276,0.8,2035,Medium
1001405,Power Plants,2027,411318.581104964,-0.11644604222876276,0.8,2035,Medium
1001405,Power Plants,2028,363422.16024014057,-0.11644604222876276,0.8,2035,Medium
1001407,Power Plants,2024,2646420.284184035,-0.11644604222876276,0.8,2035,Medium
1001407,Power Plants,2025,2338255.1160168867,-0.11644604222876276,0.8,2035,Medium
1001407,Power Plants,2026,2065974.5620355636,-0.11644604222876276,0.8,2035,Medium
1001407,Power Plants,2027,1825400.0009412207,-0.11644604222876276,0.8,2035,Medium
1001407,Power Plants,2028,1612839.3953472357,-0.11644604222876276,0.8,2035,Medium
1001414,Power Plants,2024,2647153.7541323234,-0.11644604222876276,0.8,2035,Medium
1001414,Power Plants,2025,2338903.176292603,-0.11644604222876276,0.8,2035,Medium
1001414,Power Plants,2026,2066547.1582570472,-0.11644604222876276,0.8,2035,Medium
1001414,Power Plants,2027,1825905.9205989172,-0.11644604222876276,0.8,2035,Medium
1001414,Power Plants,2028,1613286.4026631077,-0.11644604222876276,0.8,2035,Medium
1001425,Power Plants,2024,663722.1564513324,-0.11644604222876276,0.8,2035,Medium
1001425,Power Plants,2025,586434.338193035,-0.11644604222876276,0.8,2035,Medium
1001425,Power Plants,2026,518146.38048341236,-0.11644604222876276,0.8,2035,Medium
1001425,Power Plants,2027,457810.2851809603,-0.11644604222876276,0.8,2035,Medium
1001425,Power Plants,2028,404500.0893800163,-0.11644604222876276,0.8,2035,Medium
1001435,Power Plants,2024,705739.1125335171,-0.11644604222876276,0.8,2035,Medium
1001435,Power Plants,2025,623558.5860329496,-0.11644604222876276,0.8,2035,Medium
1001435,Power Plants,2026,550947.6565916492,-0.11644604222876276,0.8,2035,Medium
1001435,Power Plants,2027,486791.9825063401,-0.11644604222876276,0.8,2035,Medium
1001435,Power Plants,2028,430106.98275478365,-0.11644604222876276,0.8,2035,Medium
1001436,Power Plants,2024,729967.3530863395,-0.11644604222876276,0.8,2035,Medium
1001436,Power Plants,2025,644965.5438632295,-0.11644604222876276,0.8,2035,Medium
1001436,Power Plants,2026,569861.8589064348,-0.11644604222876276,0.8,2035,Medium
1001436,Power Plants,2027,503503.7008196549,-0.11644604222876276,0.8,2035,Medium
1001436,Power Plants,2028,444872.68761167105,-0.11644604222876276,0.8,2035,Medium
1001437,Power Plants,2024,140884.10108849578,-0.11644604222876276,0.8,2035,Medium
1001437,Power Plants,2025,124478.7051037835,-0.11644604222876276,0.8,2035,Medium
1001437,Power Plants,2026,109983.65255268663,-0.11644604222876276,0.8,2035,Medium
1001437,Power Plants,2027,97176.4915030629,-0.11644604222876276,0.8,2035,Medium
1001437,Power Plants,2028,85860.67366985424,-0.11644604222876276,0.8,2035,Medium
1001438,Power Plants,2024,409979.7698193331,-0.11644604222876276,0.8,2035,Medium
1001438,Power Plants,2025,362239.24823001254,-0.11644604222876276,0.8,2035,Medium
1001438,Power Plants,2026,320057.92143370525,-0.11644604222876276,0.8,2035,Medium
1001438,Power Plants,2027,282788.44319878594,-0.11644604222876276,0.8,2035,Medium
1001438,Power Plants,2028,249858.84820025405,-0.11644604222876276,0.8,2035,Medium
1001451,Power Plants,2024,933293.8363427031,-0.11644604222876276,0.8,2035,Medium
1001451,Power Plants,2025,824615.4628640966,-0.11644604222876276,0.8,2035,Medium
1001451,Power Plants,2026,728592.2558529334,-0.11644604222876276,0.8,2035,Medium
1001451,Power Plants,2027,643750.5712603331,-0.11644604222876276,0.8,2035,Medium
1001451,Power Plants,2028,568788.3650545622,-0.11644604222876276,0.8,2035,Medium
1001457,Power Plants,2024,504708.33571768826,-0.11644604222876276,0.8,2035,Medium
1001457,Power Plants,2025,445937.0475434977,-0.11644604222876276,0.8,2035,Medium
1001457,Power Plants,2026,394009.44327387784,-0.11644604222876276,0.8,2035,Medium
1001457,Power Plants,2027,348128.6030038765,-0.11644604222876276,0.8,2035,Medium
1001457,Power Plants,2028,307590.4049974469,-0.11644604222876276,0.8,2035,Medium
1001462,Power Plants,2024,6177284.330357776,-0.11644604222876276,0.8,2035,Medium
1001462,Power Plants,2025,5457964.01836586,-0.11644604222876276,0.8,2035,Medium
1001462,Power Plants,2026,4822405.709800161,-0.11644604222876276,0.8,2035,Medium
1001462,Power Plants,2027,4260855.650872544,-0.11644604222876276,0.8,2035,Medium
1001462,Power Plants,2028,3764695.873820378,-0.11644604222876276,0.8,2035,Medium
1001466,Power Plants,2024,2358043.1655530157,-0.11644604222876276,0.8,2035,Medium
1001466,Power Plants,2025,2083458.3715197835,-0.11644604222876276,0.8,2035,Medium
1001466,Power Plants,2026,1840847.8900079217,-0.11644604222876276,0.8,2035,Medium
1001466,Power Plants,2027,1626488.4388713303,-0.11644604222876276,0.8,2035,Medium
1001466,Power Plants,2028,1437090.2974339249,-0.11644604222876276,0.8,2035,Medium
1001487,Power Plants,2024,7415391.226738277,-0.11644604222876276,0.8,2035,Medium
1001487,Power Plants,2025,6551898.266806714,-0.11644604222876276,0.8,2035,Medium
1001487,Power Plants,2026,5788955.644551582,-0.11644604222876276,0.8,2035,Medium
1001487,Power Plants,2027,5114854.671105694,-0.11644604222876276,0.8,2035,Medium
1001487,Power Plants,2028,4519250.088080136,-0.11644604222876276,0.8,2035,Medium
1001489,Power Plants,2024,2385414.8507609116,-0.11644604222876276,0.8,2035,Medium
1001489,Power Plants,2025,2107642.7323160884,-0.11644604222876276,0.8,2035,Medium
1001489,Power Plants,2026,1862216.0777056643,-0.11644604222876276,0.8,2035,Medium
1001489,Power Plants,2027,1645368.3856820695,-0.11644604222876276,0.8,2035,Medium
1001489,Power Plants,2028,1453771.749161064,-0.11644604222876276,0.8,2035,Medium
1001495,Power Plants,2024,497088.1157733506,-0.11644604222876276,0.8,2035,Medium
1001495,Power Plants,2025,439204.1720525909,-0.11644604222876276,0.8,2035,Medium
1001495,Power Plants,2026,388060.5844867061,-0.11644604222876276,0.8,2035,Medium
1001495,Power Plants,2027,342872.46527824877,-0.11644604222876276,0.8,2035,Medium
1001495,Power Plants,2028,302946.32370737783,-0.11644604222876276,0.8,2035,Medium
1001496,Power Plants,2024,290134.3660843934,-0.11644604222876276,0.8,2035,Medium
1001496,Power Plants,2025,256349.36743931478,-0.11644604222876276,0.8,2035,Medium
1001496,Power Plants,2026,226498.49817315972,-0.11644604222876276,0.8,2035,Medium
1001496,Power Plants,2027,200123.64449013662,-0.11644604222876276,0.8,2035,Medium
1001496,Power Plants,2028,176820.03813286425,-0.11644604222876276,0.8,2035,Medium
1001505,Power Plants,2024,9032742.493073467,-0.11644604222876276,0.8,2035,Medium
1001505,Power Plants,2025,7980915.379283493,-0.11644604222876276,0.8,2035,Medium
1001505,Power Plants,2026,7051569.370003266,-0.11644604222876276,0.8,2035,Medium
1001505,Power Plants,2027,6230442.025364815,-0.11644604222876276,0.8,2035,Medium
1001505,Power Plants,2028,5504931.710175326,-0.11644604222876276,0.8,2035,Medium
1001513,Power Plants,2024,13926.393703167025,-0.11644604222876276,0.8,2035,Medium
1001513,Power Plants,2025,12304.720273913661,-0.11644604222876276,0.8,2035,Medium
1001513,Power Plants,2026,10871.884297284398,-0.11644604222876276,0.8,2035,Medium
1001513,Power Plants,2027,9605.896399296596,-0.11644604222876276,0.8,2035,Medium
1001513,Power Plants,2028,8487.327781538985,-0.11644604222876276,0.8,2035,Medium
1001520,Power Plants,2024,2104551.8725860594,-0.11644604222876276,0.8,2035,Medium
1001520,Power Plants,2025,1859485.1363582811,-0.11644604222876276,0.8,2035,Medium
1001520,Power Plants,2026,1642955.4516461482,-0.11644604222876276,0.8,2035,Medium
1001520,Power Plants,2027,1451639.7917437847,-0.11644604222876276,0.8,2035,Medium
1001520,Power Plants,2028,1282602.0832534356,-0.11644604222876276,0.8,2035,Medium
1001521,Power Plants,2024,1503330.905886916,-0.11644604222876276,0.8,2035,Medium
1001521,Power Plants,2025,1328273.9717362039,-0.11644604222876276,0.8,2035,Medium
1001521,Power Plants,2026,1173601.7247320437,-0.11644604222876276,0.8,2035,Medium
1001521,Power Plants,2027,1036940.4487341471,-0.11644604222876276,0.8,2035,Medium
1001521,Power Plants,2028,916192.8374521384,-0.11644604222876276,0.8,2035,Medium
1001531,Power Plants,2024,4684612.743114966,-0.11644604222876276,0.8,2035,Medium
1001531,Power Plants,2025,4139108.1298048007,-0.11644604222876276,0.8,2035,Medium
1001531,Power Plants,2026,3657125.369732136,-0.11644604222876276,0.8,2035,Medium
1001531,Power Plants,2027,3231267.5944924275,-0.11644604222876276,0.8,2035,Medium
1001531,Power Plants,2028,2854999.2717317296,-0.11644604222876276,0.8,2035,Medium
1001535,Power Plants,2024,131935.10788128185,-0.11644604222876276,0.8,2035,Medium
1001535,Power Plants,2025,116571.78673748171,-0.11644604222876276,0.8,2035,Medium
1001535,Power Plants,2026,102997.4635363666,-0.11644604222876276,0.8,2035,Medium
1001535,Power Plants,2027,91003.8165479554,-0.11644604222876276,0.8,2035,Medium
1001535,Power Plants,2028,80406.78228323361,-0.11644604222876276,0.8,2035,Medium
1001540,Power Plants,2024,3700624.3658205047,-0.11644604222876276,0.8,2035,Medium
1001540,Power Plants,2025,3269701.3046453814,-0.11644604222876276,0.8,2035,Medium
1001540,Power Plants,2026,2888957.5284492048,-0.11644604222876276,0.8,2035,Medium
1001540,Power Plants,2027,2552549.8580943067,-0.11644604222876276,0.8,2035,Medium
1001540,Power Plants,2028,2255315.5295276344,-0.11644604222876276,0.8,2035,Medium
1001551,Power Plants,2024,5082753.310471849,-0.11644604222876276,0.8,2035,Medium
1001551,Power Plants,2025,4490886.80384226,-0.11644604222876276,0.8,2035,Medium
1001551,Power Plants,2026,3967940.809437451,-0.11644604222876276,0.8,2035,Medium
1001551,Power Plants,2027,3505889.806380466,-0.11644604222876276,0.8,2035,Medium
1001551,Power Plants,2028,3097642.8139372976,-0.11644604222876276,0.8,2035,Medium
1001559,Petroleum and Natural Gas Systems,2024,72129.19531012462,-0.12944943670387588,0.75,2030,High
1001559,Petroleum and Natural Gas Systems,2025,62792.11160732513,-0.12944943670387588,0.75,2030,High
1001559,Petroleum and Natural Gas Systems,2026,54663.70813030999,-0.12944943670387588,0.75,2030,High
1001559,Petroleum and Natural Gas Systems,2027,47587.52190469628,-0.12944943670387588,0.75,2030,High
1001559,Petroleum and Natural Gas Systems,2028,41427.34399999999,-0.12944943670387588,0.75,2030,High
1001560,Petroleum and Natural Gas Systems,2024,52532.393502170344,-0.12944943670387588,0.75,2030,High
1001560,Petroleum and Natural Gas Systems,2025,45732.10475460804,-0.12944943670387588,0.75,2030,High
1001560,Petroleum and Natural Gas Systems,2026,39812.10955484139,-0.12944943670387588,0.75,2030,High
1001560,Petroleum and Natural Gas Systems,2027,34658.45439897417,-0.12944943670387588,0.75,2030,High
1001560,Petroleum and Natural Gas Systems,2028,30171.936999999998,-0.12944943670387588,0.75,2030,High
1001561,Waste,2024,68658.23481684359,-0.038541867469075175,0.325,2030,High
1001561,Waste,2025,66012.01822987215,-0.038541867469075175,0.325,2030,High
1001561,Waste,2026,63467.791771890246,-0.038541867469075175,0.325,2030,High
1001561,Waste,2027,61021.6245528632,-0.038541867469075175,0.325,2030,High
1001561,Waste,2028,58669.73718659908,-0.038541867469075175,0.325,2030,High
1001588,Metals,2024,42153.18544764019,-0.029125207089559013,0.6,2050,Medium
1001588,Metals,2025,40925.46519199309,-0.029125207089559013,0.6,2050,Medium
1001588,Metals,2026,39733.50254303975,-0.029125207089559013,0.6,2050,Medium
1001588,Metals,2027,38576.2560530802,-0.029125207089559013,0.6,2050,Medium
1001588,Metals,2028,37452.71460679438,-0.029125207089559013,0.6,2050,Medium
1001589,Petroleum and Natural Gas Systems,2024,180452.28592717453,-0.12944943670387588,0.75,2030,High
1001589,Petroleum and Natural Gas Systems,2025,157092.83916197505,-0.12944943670387588,0.75,2030,High
1001589,Petroleum and Natural Gas Systems,2026,136757.2596222448,-0.12944943670387588,0.75,2030,High
1001589,Petroleum and Natural Gas Systems,2027,119054.1093989795,-0.12944943670387588,0.75,2030,High
1001589,Petroleum and Natural Gas Systems,2028,103642.62199999999,-0.12944943670387588,0.75,2030,High
1001595,Waste,2024,1415.7471001517868,-0.038541867469075175,0.325,2030,High
1001595,Waste,2025,1361.1815630480091,-0.038541867469075175,0.325,2030,High
1001595,Waste,2026,1308.7190836436641,-0.038541867469075175,0.325,2030,High
1001595,Waste,2027,1258.2786061676206,-0.038541867469075175,0.325,2030,High
1001595,Waste,2028,1209.7821988895355,-0.038541867469075175,0.325,2030,High
1001598,Power Plants,2024,5150065.602611829,-0.11644604222876276,0.8,2035,Medium
1001598,Power Plants,2025,4550360.845969193,-0.11644604222876276,0.8,2035,Medium
1001598,Power Plants,2026,4020489.334743356,-0.11644604222876276,0.8,2035,Medium
1001598,Power Plants,2027,3552319.2638895405,-0.11644604222876276,0.8,2035,Medium
1001598,Power Plants,2028,3138665.7448766115,-0.11644604222876276,0.8,2035,Medium
1001620,Metals,2024,106983.64100667275,-0.029125207089559013,0.6,2050,Medium
1001620,Metals,2025,103867.72030715838,-0.029125207089559013,0.6,2050,Medium
1001620,Metals,2026,100842.551443292,-0.029125207089559013,0.6,2050,Medium
1001620,Metals,2027,97905.49124906662,-0.029125207089559013,0.6,2050,Medium
1001620,Metals,2028,95053.97354123254,-0.029125207089559013,0.6,2050,Medium
1001621,Metals,2024,1267660.6190339234,-0.029125207089559013,0.6,2050,Medium
1001621,Metals,2025,1230739.7409852818,-0.029125207089559013,0.6,2050,Medium
1001621,Metals,2026,1194894.1911557352,-0.029125207089559013,0.6,2050,Medium
1001621,Metals,2027,1160092.6503882133,-0.029125207089559013,0.6,2050,Medium
1001621,Metals,2028,1126304.7117025813,-0.029125207089559013,0.6,2050,Medium
1001627,Waste,2024,72297.32500472915,-0.038541867469075175,0.325,2030,High
1001627,Waste,2025,69510.85108602823,-0.038541867469075175,0.325,2030,High
1001627,Waste,2026,66831.77307580791,-0.038541867469075175,0.325,2030,High
1001627,Waste,2027,64255.95173519682,-0.038541867469075175,0.325,2030,High
1001627,Waste,2028,61779.40735931957,-0.038541867469075175,0.325,2030,High
1001628,Petroleum and Natural Gas Systems,2024,620536.4540648619,-0.12944943670387588,0.75,2030,High
1001628,Petroleum and Natural Gas Systems,2025,540208.3596319449,-0.12944943670387588,0.75,2030,High
1001628,Petroleum and Natural Gas Systems,2026,470278.6917748649,-0.12944943670387588,0.75,2030,High
1001628,Petroleum and Natural Gas Systems,2027,409401.38003077294,-0.12944943670387588,0.75,2030,High
1001628,Petroleum and Natural Gas Systems,2028,356404.60199999996,-0.12944943670387588,0.75,2030,High
1001649,Petroleum and Natural Gas Systems,2024,2540352.912760576,-0.12944943670387588,0.75,2030,High
1001649,Petroleum and Natural Gas Systems,2025,2211505.659174669,-0.12944943670387588,0.75,2030,High
1001649,Petroleum and Natural Gas Systems,2026,1925227.4973270744,-0.12944943670387588,0.75,2030,High
1001649,Petroleum and Natural Gas Systems,2027,1676007.8822712717,-0.12944943670387588,0.75,2030,High
1001649,Petroleum and Natural Gas Systems,2028,1459049.6059999997,-0.12944943670387588,0.75,2030,High
1001650,Petroleum and Natural Gas Systems,2024,1808007.6714355187,-0.12944943670387588,0.75,2030,High
1001650,Petroleum and Natural Gas Systems,2025,1573962.0968119043,-0.12944943670387588,0.75,2030,High
1001650,Petroleum and Natural Gas Systems,2026,1370213.589986352,-0.12944943670387588,0.75,2030,High
1001650,Petroleum and Natural Gas Systems,2027,1192840.2125986232,-0.12944943670387588,0.75,2030,High
1001650,Petroleum and Natural Gas Systems,2028,1038427.7189999999,-0.12944943670387588,0.75,2030,High
1001651,Petroleum and Natural Gas Systems,2024,704899.9491272798,-0.12944943670387588,0.75,2030,High
1001651,Petroleum and Natural Gas Systems,2025,613651.0477801627,-0.12944943670387588,0.75,2030,High
1001651,Petroleum and Natural Gas Systems,2026,534214.2653122774,-0.12944943670387588,0.75,2030,High
1001651,Petroleum and Natural Gas Systems,2027,465060.52958842815,-0.12944943670387588,0.75,2030,High
1001651,Petroleum and Natural Gas Systems,2028,404858.70599999995,-0.12944943670387588,0.75,2030,High
1001652,Petroleum and Natural Gas Systems,2024,36117.18761459103,-0.12944943670387588,0.75,2030,High
1001652,Petroleum and Natural Gas Systems,2025,31441.838022554017,-0.12944943670387588,0.75,2030,High
1001652,Petroleum and Natural Gas Systems,2026,27371.709801599893,-0.12944943670387588,0.75,2030,High
1001652,Petroleum and Natural Gas Systems,2027,23828.457386160826,-0.12944943670387588,0.75,2030,High
1001652,Petroleum and Natural Gas Systems,2028,20743.876999999997,-0.12944943670387588,0.75,2030,High
1001656,Petroleum and Natural Gas Systems,2024,80929.42032657472,-0.12944943670387588,0.75,2030,High
1001656,Petroleum and Natural Gas Systems,2025,70453.15245252842,-0.12944943670387588,0.75,2030,High
1001656,Petroleum and Natural Gas Systems,2026,61333.03155353633,-0.12944943670387588,0.75,2030,High
1001656,Petroleum and Natural Gas Systems,2027,53393.50516759,-0.12944943670387588,0.75,2030,High
1001656,Petroleum and Natural Gas Systems,2028,46481.74599999999,-0.12944943670387588,0.75,2030,High
1001662,Metals,2024,62275.84708543573,-0.029125207089559013,0.6,2050,Medium
1001662,Metals,2025,60462.0501423947,-0.029125207089559013,0.6,2050,Medium
1001662,Metals,2026,58701.08041093816,-0.029125207089559013,0.6,2050,Medium
1001662,Metals,2027,56991.39928758873,-0.029125207089559013,0.6,2050,Medium
1001662,Metals,2028,55331.512981013955,-0.029125207089559013,0.6,2050,Medium
1001664,Metals,2024,74921.91262275435,-0.029125207089559013,0.6,2050,Medium
1001664,Metals,2025,72739.79640207079,-0.029125207089559013,0.6,2050,Medium
1001664,Metals,2026,70621.23476820812,-0.029125207089559013,0.6,2050,Medium
1001664,Metals,2027,68564.37668066368,-0.029125207089559013,0.6,2050,Medium
1001664,Metals,2028,66567.42501087283,-0.029125207089559013,0.6,2050,Medium
1001668,Waste,2024,18536.432066129964,-0.038541867469075175,0.325,2030,High
1001668,Waste,2025,17822.003358087666,-0.038541867469075175,0.325,2030,High
1001668,Waste,2026,17135.110066626843,-0.038541867469075175,0.325,2030,High
1001668,Waste,2027,16474.690925370895,-0.038541867469075175,0.325,2030,High
1001668,Waste,2028,15839.725571131274,-0.038541867469075175,0.325,2030,High
1001701,Minerals,2024,918944.9357587334,-0.022067231457071457,0.2,2030,High
1001701,Minerals,2025,898666.3651650418,-0.022067231457071457,0.2,2030,High
1001701,Minerals,2026,878835.2864822597,-0.022067231457071457,0.2,2030,High
1001701,Minerals,2027,859441.8248028139,-0.022067231457071457,0.2,2030,High
1001701,Minerals,2028,840476.3231310025,-0.022067231457071457,0.2,2030,High
1001704,Chemicals,2024,101787.48774634677,-0.045845005236247904,0.28,2030,Medium
1001704,Chemicals,2025,97121.03983763097,-0.045845005236247904,0.28,2030,Medium
1001704,Chemicals,2026,92668.52525772496,-0.045845005236247904,0.28,2030,Medium
1001704,Chemicals,2027,88420.13623204918,-0.045845005236247904,0.28,2030,Medium
1001704,Chemicals,2028,84366.51462350113,-0.045845005236247904,0.28,2030,Medium
1001705,Chemicals,2024,1721061.1460469456,-0.045845005236247904,0.28,2030,Medium
1001705,Chemicals,2025,1642159.0887945204,-0.045845005236247904,0.28,2030,Medium
1001705,Chemicals,2026,1566874.2967699836,-0.045845005236247904,0.28,2030,Medium
1001705,Chemicals,2027,1495040.9364300214,-0.045845005236247904,0.28,2030,Medium
1001705,Chemicals,2028,1426500.7768709823,-0.045845005236247904,0.28,2030,Medium
1001709,Power Plants,2024,2260107.938481016,-0.11644604222876276,0.8,2035,Medium
1001709,Power Plants,2025,1996927.3140350936,-0.11644604222876276,0.8,2035,Medium
1001709,Power Plants,2026,1764393.0316971936,-0.11644604222876276,0.8,2035,Medium
1001709,Power Plants,2027,1558936.4462200473,-0.11644604222876276,0.8,2035,Medium
1001709,Power Plants,2028,1377404.4669715504,-0.11644604222876276,0.8,2035,Medium
1001713,Chemicals,2024,1174842.312626096,-0.045845005236247904,0.28,2030,Medium
1001713,Chemicals,2025,1120981.660651987,-0.045845005236247904,0.28,2030,Medium
1001713,Chemicals,2026,1069590.2505496587,-0.045845005236247904,0.28,2030,Medium
1001713,Chemicals,2027,1020554.8799125699,-0.045845005236247904,0.28,2030,Medium
1001713,Chemicals,2028,973767.5360990998,-0.045845005236247904,0.28,2030,Medium
1001715,Chemicals,2024,95740.26712025295,-0.045845005236247904,0.28,2030,Medium
1001715,Chemicals,2025,91351.05407280517,-0.045845005236247904,0.28,2030,Medium
1001715,Chemicals,2026,87163.06452050066,-0.045845005236247904,0.28,2030,Medium
1001715,Chemicals,2027,83167.07337115088,-0.045845005236247904,0.28,2030,Medium
1001715,Chemicals,2028,79354.27845696706,-0.045845005236247904,0.28,2030,Medium
1001718,Minerals,2024,168470.9306922738,-0.022067231457071457,0.2,2030,High
1001718,Minerals,2025,164753.24367089916,-0.022067231457071457,0.2,2030,High
1001718,Minerals,2026,161117.59570951012,-0.022067231457071457,0.2,2030,High
1001718,Minerals,2027,157562.1764331815,-0.022067231457071457,0.2,2030,High
1001718,Minerals,2028,154085.21541695058,-0.022067231457071457,0.2,2030,High
1001721,Metals,2024,55423.68658376544,-0.029125207089559013,0.6,2050,Medium
1001721,Metals,2025,53809.46023434646,-0.029125207089559013,0.6,2050,Medium
1001721,Metals,2026,52242.248561643726,-0.029125207089559013,0.6,2050,Medium
1001721,Metals,2027,50720.68225346164,-0.029125207089559013,0.6,2050,Medium
1001721,Metals,2028,49243.43187910585,-0.029125207089559013,0.6,2050,Medium
1001737,Petroleum and Natural Gas Systems,2024,534174.0007990033,-0.12944943670387588,0.75,2030,High
1001737,Petroleum and Natural Gas Systems,2025,465025.47729371657,-0.12944943670387588,0.75,2030,High
1001737,Petroleum and Natural Gas Systems,2026,404828.1912050939,-0.12944943670387588,0.75,2030,High
1001737,Petroleum and Natural Gas Systems,2027,352423.40989174554,-0.12944943670387588,0.75,2030,High
1001737,Petroleum and Natural Gas Systems,2028,306802.3979999999,-0.12944943670387588,0.75,2030,High
1001760,Petroleum and Natural Gas Systems,2024,290278.4412891935,-0.12944943670387588,0.75,2030,High
1001760,Petroleum and Natural Gas Systems,2025,252702.06057702831,-0.12944943670387588,0.75,2030,High
1001760,Petroleum and Natural Gas Systems,2026,219989.9211814233,-0.12944943670387588,0.75,2030,High
1001760,Petroleum and Natural Gas Systems,2027,191512.34980395797,-0.12944943670387588,0.75,2030,High
1001760,Petroleum and Natural Gas Systems,2028,166721.18399999998,-0.12944943670387588,0.75,2030,High
1001762,Power Plants,2024,254349.51189854223,-0.11644604222876276,0.8,2035,Medium
1001762,Power Plants,2025,224731.51789513938,-0.11644604222876276,0.8,2035,Medium
1001762,Power Plants,2026,198562.42207218803,-0.11644604222876276,0.8,2035,Medium
1001762,Power Plants,2027,175440.61388652457,-0.11644604222876276,0.8,2035,Medium
1001762,Power Plants,2028,155011.24875325427,-0.11644604222876276,0.8,2035,Medium
1001765,Power Plants,2024,98305.0933613698,-0.11644604222876276,0.8,2035,Medium
1001765,Power Plants,2025,86857.85430850925,-0.11644604222876276,0.8,2035,Medium
1001765,Power Plants,2026,76743.60093780087,-0.11644604222876276,0.8,2035,Medium
1001765,Power Plants,2027,67807.11234221038,-0.11644604222876276,0.8,2035,Medium
1001765,Power Plants,2028,59911.24247499889,-0.11644604222876276,0.8,2035,Medium
1001766,Waste,2024,51008.47866969629,-0.038541867469075175,0.325,2030,High
1001766,Waste,2025,49042.5166450097,-0.038541867469075175,0.325,2030,High
1001766,Waste,2026,47152.32646812783,-0.038541867469075175,0.325,2030,High
1001766,Waste,2027,45334.98775053468,-0.038541867469075175,0.325,2030,High
1001766,Waste,2028,43587.69266094143,-0.038541867469075175,0.325,2030,High
1001768,Power Plants,2024,30165.237194368343,-0.11644604222876276,0.8,2035,Medium
1001768,Power Plants,2025,26652.61471019228,-0.11644604222876276,0.8,2035,Medium
1001768,Power Plants,2026,23549.02321214229,-0.11644604222876276,0.8,2035,Medium
1001768,Power Plants,2027,20806.83266073505,-0.11644604222876276,0.8,2035,Medium
1001768,Power Plants,2028,18383.9593460763,-0.11644604222876276,0.8,2035,Medium
1001770,Waste,2024,76274.63693447647,-0.038541867469075175,0.325,2030,High
1001770,Waste,2025,73334.86998649604,-0.038541867469075175,0.325,2030,High
1001770,Waste,2026,70508.40714661466,-0.038541867469075175,0.325,2030,High
1001770,Waste,2027,67790.88146291424,-0.038541867469075175,0.325,2030,High
1001770,Waste,2028,65178.09429395882,-0.038541867469075175,0.325,2030,High
1001775,Waste,2024,67747.70512159282,-0.038541867469075175,0.325,2030,High
1001775,Waste,2025,65136.582049462406,-0.038541867469075175,0.325,2030,High
1001775,Waste,2026,62626.09653672348,-0.038541867469075175,0.325,2030,High
1001775,Waste,2027,60212.369823899586,-0.038541867469075175,0.325,2030,High
1001775,Waste,2028,57891.672646147905,-0.038541867469075175,0.325,2030,High
1001783,Minerals,2024,120281.58800757266,-0.022067231457071457,0.2,2030,High
1001783,Minerals,2025,117627.30636498543,-0.022067231457071457,0.2,2030,High
1001783,Minerals,2026,115031.59736975745,-0.022067231457071457,0.2,2030,High
1001783,Minerals,2027,112493.16848572236,-0.022067231457071457,0.2,2030,High
1001783,Minerals,2028,110010.7556994086,-0.022067231457071457,0.2,2030,High
1001806,Petroleum and Natural Gas Systems,2024,434586.21650179743,-0.12944943670387588,0.75,2030,High
1001806,Petroleum and Natural Gas Systems,2025,378329.27557637106,-0.12944943670387588,0.75,2030,High
1001806,Petroleum and Natural Gas Systems,2026,329354.76396442443,-0.12944943670387588,0.75,2030,High
1001806,Petroleum and Natural Gas Systems,2027,286719.9752934917,-0.12944943670387588,0.75,2030,High
1001806,Petroleum and Natural Gas Systems,2028,249604.23599999998,-0.12944943670387588,0.75,2030,High
1001810,Power Plants,2024,237809.8465584464,-0.11644604222876276,0.8,2035,Medium
1001810,Power Plants,2025,210117.83112368596,-0.11644604222876276,0.8,2035,Medium
1001810,Power Plants,2026,185650.44128764118,-0.11644604222876276,0.8,2035,Medium
1001810,Power Plants,2027,164032.18216167207,-0.11644604222876276,0.8,2035,Medium
1001810,Power Plants,2028,144931.28375079788,-0.11644604222876276,0.8,2035,Medium
1001835,Minerals,2024,632123.083224393,-0.022067231457071457,0.2,2030,High
1001835,Minerals,2025,618173.8768375226,-0.022067231457071457,0.2,2030,High
1001835,Minerals,2026,604532.4908166338,-0.022067231457071457,0.2,2030,High
1001835,Minerals,2027,591192.1324184632,-0.022067231457071457,0.2,2030,High
1001835,Minerals,2028,578146.1587967854,-0.022067231457071457,0.2,2030,High
1001840,Metals,2024,90138.92839818407,-0.029125207089559013,0.6,2050,Medium
1001840,Metals,2025,87513.61344175602,-0.029125207089559013,0.6,2050,Medium
1001840,Metals,2026,84964.76132710927,-0.029125207089559013,0.6,2050,Medium
1001840,Metals,2027,82490.14505814225,-0.029125207089559013,0.6,2050,Medium
1001840,Metals,2028,80087.6025004761,-0.029125207089559013,0.6,2050,Medium
1001845,Waste,2024,21372.58356962752,-0.038541867469075175,0.325,2030,High
1001845,Waste,2025,20548.8442862152,-0.038541867469075175,0.325,2030,High
1001845,Waste,2026,19756.853453093234,-0.038541867469075175,0.325,2030,High
1001845,Waste,2027,18995.387425698173,-0.038541867469075175,0.325,2030,High
1001845,Waste,2028,18263.269721013177,-0.038541867469075175,0.325,2030,High
1001852,Petroleum and Natural Gas Systems,2024,19955.268413402722,-0.12944943670387588,0.75,2030,High
1001852,Petroleum and Natural Gas Systems,2025,17372.07015801309,-0.12944943670387588,0.75,2030,High
1001852,Petroleum and Natural Gas Systems,2026,15123.265461678086,-0.12944943670387588,0.75,2030,High
1001852,Petroleum and Natural Gas Systems,2027,13165.567266540675,-0.12944943670387588,0.75,2030,High
1001852,Petroleum and Natural Gas Systems,2028,11461.291999999998,-0.12944943670387588,0.75,2030,High
1001863,Metals,2024,162617.1685846787,-0.029125207089559013,0.6,2050,Medium
1001863,Metals,2025,157880.9098733322,-0.029125207089559013,0.6,2050,Medium
1001863,Metals,2026,153282.5956777834,-0.029125207089559013,0.6,2050,Medium
1001863,Metals,2027,148818.20833544282,-0.029125207089559013,0.6,2050,Medium
1001863,Metals,2028,144483.8471989759,-0.029125207089559013,0.6,2050,Medium
1001877,Metals,2024,4725751.050626733,-0.029125207089559013,0.6,2050,Medium
1001877,Metals,2025,4588112.572623529,-0.029125207089559013,0.6,2050,Medium
1001877,Metals,2026,4454482.843795659,-0.029125207089559013,0.6,2050,Medium
1001877,Metals,2027,4324745.108493223,-0.029125207089559013,0.6,2050,Medium
1001877,Metals,2028,4198786.0115988,-0.029125207089559013,0.6,2050,Medium
1001884,Waste,2024,708983.5631044817,-0.038541867469075175,0.325,2030,High
1001884,Waste,2025,681658.0125775561,-0.038541867469075175,0.325,2030,High
1001884,Waste,2026,655385.6397975588,-0.038541867469075175,0.325,2030,High
1001884,Waste,2027,630125.8533273462,-0.038541867469075175,0.325,2030,High
1001884,Waste,2028,605839.6261995657,-0.038541867469075175,0.325,2030,High
1001885,Metals,2024,68941.36467516734,-0.029125207089559013,0.6,2050,Medium
1001885,Metals,2025,66933.43315196628,-0.029125207089559013,0.6,2050,Medium
1001885,Metals,2026,64983.983050200106,-0.029125207089559013,0.6,2050,Medium
1001885,Metals,2027,63091.31108635864,-0.029125207089559013,0.6,2050,Medium
1001885,Metals,2028,61253.76358541665,-0.029125207089559013,0.6,2050,Medium
1001901,Minerals,2024,63848.45202368404,-0.022067231457071457,0.2,2030,High
1001901,Minerals,2025,62439.49345470168,-0.022067231457071457,0.2,2030,High
1001901,Minerals,2026,61061.62670057448,-0.022067231457071457,0.2,2030,High
1001901,Minerals,2027,59714.16565102761,-0.022067231457071457,0.2,2030,High
1001901,Minerals,2028,58396.43933634048,-0.022067231457071457,0.2,2030,High
1001908,Chemicals,2024,396860.3664215746,-0.045845005236247904,0.28,2030,Medium
1001908,Chemicals,2025,378666.3008449183,-0.045845005236247904,0.28,2030,Medium
1001908,Chemicals,2026,361306.3422998924,-0.045845005236247904,0.28,2030,Medium
1001908,Chemicals,2027,344742.25114526425,-0.045845005236247904,0.28,2030,Medium
1001908,Chemicals,2028,328937.5408363537,-0.045845005236247904,0.28,2030,Medium
1001918,Chemicals,2024,43297.242698981754,-0.045845005236247904,0.28,2030,Medium
1001918,Chemicals,2025,41312.280380731834,-0.045845005236247904,0.28,2030,Medium
1001918,Chemicals,2026,39418.318670355846,-0.045845005236247904,0.28,2030,Medium
1001918,Chemicals,2027,37611.18564450929,-0.045845005236247904,0.28,2030,Medium
1001918,Chemicals,2028,35886.900641695276,-0.045845005236247904,0.28,2030,Medium
1001920,Chemicals,2024,1812705.8307089445,-0.045845005236247904,0.28,2030,Medium
1001920,Chemicals,2025,1729602.3224083157,-0.045845005236247904,0.28,2030,Medium
1001920,Chemicals,2026,1650308.69488088,-0.045845005236247904,0.28,2030,Medium
1001920,Chemicals,2027,1574650.2841226405,-0.045845005236247904,0.28,2030,Medium
1001920,Chemicals,2028,1502460.433601779,-0.045845005236247904,0.28,2030,Medium
1001921,Power Plants,2024,64254.76162109848,-0.11644604222876276,0.8,2035,Medium
1001921,Power Plants,2025,56772.54893596896,-0.11644604222876276,0.8,2035,Medium
1001921,Power Plants,2026,50161.610305136615,-0.11644604222876276,0.8,2035,Medium
1001921,Power Plants,2027,44320.489313281934,-0.11644604222876276,0.8,2035,Medium
1001921,Power Plants,2028,39159.54374310808,-0.11644604222876276,0.8,2035,Medium
1001934,Chemicals,2024,616799.577151964,-0.045845005236247904,0.28,2030,Medium
1001934,Chemicals,2025,588522.3973077167,-0.045845005236247904,0.28,2030,Medium
1001934,Chemicals,2026,561541.5849214953,-0.045845005236247904,0.28,2030,Medium
1001934,Chemicals,2027,535797.7080203983,-0.045845005236247904,0.28,2030,Medium
1001934,Chemicals,2028,511234.05929063354,-0.045845005236247904,0.28,2030,Medium
1001936,Chemicals,2024,1020768.8352875161,-0.045845005236247904,0.28,2030,Medium
1001936,Chemicals,2025,973971.6826887613,-0.045845005236247904,0.28,2030,Medium
1001936,Chemicals,2026,929319.9457959379,-0.045845005236247904,0.28,2030,Medium
1001936,Chemicals,2027,886715.2680147735,-0.045845005236247904,0.28,2030,Medium
1001936,Chemicals,2028,846063.8019095752,-0.045845005236247904,0.28,2030,Medium
1001943,Waste,2024,93211.92376167436,-0.038541867469075175,0.325,2030,High
1001943,Waste,2025,89619.36214951437,-0.038541867469075175,0.325,2030,High
1001943,Waste,2026,86165.26457088474,-0.038541867469075175,0.325,2030,High
1001943,Waste,2027,82844.2943633559,-0.038541867469075175,0.325,2030,High
1001943,Waste,2028,79651.32054943439,-0.038541867469075175,0.325,2030,High
1001948,Petroleum and Natural Gas Systems,2024,78354.67998057012,-0.12944943670387588,0.75,2030,High
1001948,Petroleum and Natural Gas Systems,2025,68211.71079397286,-0.12944943670387588,0.75,2030,High
1001948,Petroleum and Natural Gas Systems,2026,59381.74325508538,-0.12944943670387588,0.75,2030,High
1001948,Petroleum and Natural Gas Systems,2027,51694.81004022039,-0.12944943670387588,0.75,2030,High
1001948,Petroleum and Natural Gas Systems,2028,45002.945999999996,-0.12944943670387588,0.75,2030,High
1001952,Waste,2024,109060.50347250087,-0.038541867469075175,0.325,2030,High
1001952,Waste,2025,104857.10800155312,-0.038541867469075175,0.325,2030,High
1001952,Waste,2026,100815.71924176677,-0.038541867469075175,0.325,2030,High
1001952,Waste,2027,96930.0931519511,-0.038541867469075175,0.325,2030,High
1001952,Waste,2028,93194.2263479235,-0.038541867469075175,0.325,2030,High
1001958,Metals,2024,48259.00731150604,-0.029125207089559013,0.6,2050,Medium
1001958,Metals,2025,46853.45372962188,-0.029125207089559013,0.6,2050,Medium
1001958,Metals,2026,45488.83718688557,-0.029125207089559013,0.6,2050,Medium
1001958,Metals,2027,44163.9653835543,-0.029125207089559013,0.6,2050,Medium
1001958,Metals,2028,42877.68074586216,-0.029125207089559013,0.6,2050,Medium
1001960,Waste,2024,87025.95020987702,-0.038541867469075175,0.325,2030,High
1001960,Waste,2025,83671.8075705176,-0.038541867469075175,0.325,2030,High
1001960,Waste,2026,80446.93985223676,-0.038541867469075175,0.325,2030,High
1001960,Waste,2027,77346.36455815918,-0.038541867469075175,0.325,2030,High
1001960,Waste,2028,74365.29122614385,-0.038541867469075175,0.325,2030,High
1001961,Minerals,2024,70168.4051280899,-0.022067231457071457,0.2,2030,High
1001961,Minerals,2025,68619.98269115479,-0.022067231457071457,0.2,2030,High
1001961,Minerals,2026,67105.72965052884,-0.022067231457071457,0.2,2030,High
1001961,Minerals,2027,65624.89198223496,-0.022067231457071457,0.2,2030,High
1001961,Minerals,2028,64176.732301517666,-0.022067231457071457,0.2,2030,High
1001962,Chemicals,2024,735960.2446188795,-0.045845005236247904,0.28,2030,Medium
1001962,Chemicals,2025,702220.1433506566,-0.045845005236247904,0.28,2030,Medium
1001962,Chemicals,2026,670026.8572017471,-0.045845005236247904,0.28,2030,Medium
1001962,Chemicals,2027,639309.4724249062,-0.045845005236247904,0.28,2030,Medium
1001962,Chemicals,2028,610000.3263140036,-0.045845005236247904,0.28,2030,Medium
1001964,Chemicals,2024,905021.25466096,-0.045845005236247904,0.28,2030,Medium
1001964,Chemicals,2025,863530.5505021126,-0.045845005236247904,0.28,2030,Medium
1001964,Chemicals,2026,823941.9878926834,-0.045845005236247904,0.28,2030,Medium
1001964,Chemicals,2027,786168.3631433788,-0.045845005236247904,0.28,2030,Medium
1001964,Chemicals,2028,750126.4704184982,-0.045845005236247904,0.28,2030,Medium
1001975,Minerals,2024,99334.29548750065,-0.022067231457071457,0.2,2030,High
1001975,Minerals,2025,97142.26259735285,-0.022067231457071457,0.2,2030,High
1001975,Minerals,2026,94998.60180435344,-0.022067231457071457,0.2,2030,High
1001975,Minerals,2027,92902.24567023861,-0.022067231457071457,0.2,2030,High
1001975,Minerals,2028,90852.15031215175,-0.022067231457071457,0.2,2030,High
1001978,Minerals,2024,74714.90062712961,-0.022067231457071457,0.2,2030,High
1001978,Minerals,2025,73066.14962169864,-0.022067231457071457,0.2,2030,High
1001978,Minerals,2026,71453.7819863196,-0.022067231457071457,0.2,2030,High
1001978,Minerals,2027,69876.99484074437,-0.022067231457071457,0.2,2030,High
1001978,Minerals,2028,68335.00302206908,-0.022067231457071457,0.2,2030,High
1001980,Minerals,2024,21437.342453851023,-0.022067231457071457,0.2,2030,High
1001980,Minerals,2025,20964.279656097387,-0.022067231457071457,0.2,2030,High
1001980,Minerals,2026,20501.65604459551,-0.022067231457071457,0.2,2030,High
1001980,Minerals,2027,20049.241255406156,-0.022067231457071457,0.2,2030,High
1001980,Minerals,2028,19606.81000808444,-0.022067231457071457,0.2,2030,High
1001981,Petroleum and Natural Gas Systems,2024,135248.40296337067,-0.12944943670387588,0.75,2030,High
1001981,Petroleum and Natural Gas Systems,2025,117740.5733846635,-0.12944943670387588,0.75,2030,High
1001981,Petroleum and Natural Gas Systems,2026,102499.12248282746,-0.12944943670387588,0.75,2030,High
1001981,Petroleum and Natural Gas Systems,2027,89230.66881478386,-0.12944943670387588,0.75,2030,High
1001981,Petroleum and Natural Gas Systems,2028,77679.80899999998,-0.12944943670387588,0.75,2030,High
1001987,Minerals,2024,71495.73762790892,-0.022067231457071457,0.2,2030,High
1001987,Minerals,2025,69918.0246374798,-0.022067231457071457,0.2,2030,High
1001987,Minerals,2026,68375.12740478331,-0.022067231457071457,0.2,2030,High
1001987,Minerals,2027,66866.2776424352,-0.022067231457071457,0.2,2030,High
1001987,Minerals,2028,65390.72401702679,-0.022067231457071457,0.2,2030,High
1001988,Petroleum and Natural Gas Systems,2024,53734.632535587916,-0.12944943670387588,0.75,2030,High
1001988,Petroleum and Natural Gas Systems,2025,46778.7146223663,-0.12944943670387588,0.75,2030,High
1001988,Petroleum and Natural Gas Systems,2026,40723.23636476962,-0.12944943670387588,0.75,2030,High
1001988,Petroleum and Natural Gas Systems,2027,35451.6363565914,-0.12944943670387588,0.75,2030,High
1001988,Petroleum and Natural Gas Systems,2028,30862.441999999995,-0.12944943670387588,0.75,2030,High
1001999,Minerals,2024,34269.27554109383,-0.022067231457071457,0.2,2030,High
1001999,Minerals,2025,33513.047505862356,-0.022067231457071457,0.2,2030,High
1001999,Minerals,2026,32773.50732971866,-0.022067231457071457,0.2,2030,High
1001999,Minerals,2027,32050.286757813734,-0.022067231457071457,0.2,2030,High
1001999,Minerals,2028,31343.025661663545,-0.022067231457071457,0.2,2030,High
1002004,Waste,2024,10420.763969436428,-0.038541867469075175,0.325,2030,High
1002004,Waste,2025,10019.128265599895,-0.038541867469075175,0.325,2030,High
1002004,Waste,2026,9632.97235183148,-0.038541867469075175,0.325,2030,High
1002004,Waste,2027,9261.699608113926,-0.038541867469075175,0.325,2030,High
1002004,Waste,2028,8904.736409279614,-0.038541867469075175,0.325,2030,High
1002007,Minerals,2024,82512.64314366036,-0.022067231457071457,0.2,2030,High
1002007,Minerals,2025,80691.81754927446,-0.022067231457071457,0.2,2030,High
1002007,Minerals,2026,78911.17253472285,-0.022067231457071457,0.2,2030,High
1002007,Minerals,2027,77169.82142585021,-0.022067231457071457,0.2,2030,High
1002007,Minerals,2028,75466.89711494511,-0.022067231457071457,0.2,2030,High
1002019,Minerals,2024,53995.92802639486,-0.022067231457071457,0.2,2030,High
1002019,Minerals,2025,52804.387384897025,-0.022067231457071457,0.2,2030,High
1002019,Minerals,2026,51639.14074652564,-0.022067231457071457,0.2,2030,High
1002019,Minerals,2027,50499.60787542777,-0.022067231457071457,0.2,2030,High
1002019,Minerals,2028,49385.22133994936,-0.022067231457071457,0.2,2030,High
1002020,Chemicals,2024,64773.33087985446,-0.045845005236247904,0.28,2030,Medium
1002020,Chemicals,2025,61803.79718649831,-0.045845005236247904,0.28,2030,Medium
1002020,Chemicals,2026,58970.4017808633,-0.045845005236247904,0.28,2030,Medium
1002020,Chemicals,2027,56266.90340243597,-0.045845005236247904,0.28,2030,Medium
1002020,Chemicals,2028,53687.34692132384,-0.045845005236247904,0.28,2030,Medium
1002026,Petroleum Product Suppliers,2024,463817.02578032395,-0.027507527533926934,0.2,2030,Low
1002026,Petroleum Product Suppliers,2025,451058.56617296755,-0.027507527533926934,0.2,2030,Low
1002026,Petroleum Product Suppliers,2026,438651.06024455104,-0.027507527533926934,0.2,2030,Low
1002026,Petroleum Product Suppliers,2027,426584.8541270878,-0.027507527533926934,0.2,2030,Low
1002026,Petroleum Product Suppliers,2028,414850.55950663076,-0.027507527533926934,0.2,2030,Low
1002027,Chemicals,2024,843167.4987584535,-0.045845005236247904,0.28,2030,Medium
1002027,Chemicals,2025,804512.4803628381,-0.045845005236247904,0.28,2030,Medium
1002027,Chemicals,2026,767629.6014879771,-0.045845005236247904,0.28,2030,Medium
1002027,Chemicals,2027,732437.6183882619,-0.045845005236247904,0.28,2030,Medium
1002027,Chemicals,2028,698859.0119380271,-0.045845005236247904,0.28,2030,Medium
1002030,Petroleum and Natural Gas Systems,2024,31735.845917611758,-0.12944943670387588,0.75,2030,High
1002030,Petroleum and Natural Gas Systems,2025,27627.658540255918,-0.12944943670387588,0.75,2030,High
1002030,Petroleum and Natural Gas Systems,2026,24051.273704772764,-0.12944943670387588,0.75,2030,High
1002030,Petroleum and Natural Gas Systems,2027,20937.849871679187,-0.12944943670387588,0.75,2030,High
1002030,Petroleum and Natural Gas Systems,2028,18227.456999999995,-0.12944943670387588,0.75,2030,High
1002031,Petroleum and Natural Gas Systems,2024,29355.516923402432,-0.12944943670387588,0.75,2030,High
1002031,Petroleum and Natural Gas Systems,2025,25555.461793516894,-0.12944943670387588,0.75,2030,High
1002031,Petroleum and Natural Gas Systems,2026,22247.32165963871,-0.12944943670387588,0.75,2030,High
1002031,Petroleum and Natural Gas Systems,2027,19367.41840262854,-0.12944943670387588,0.75,2030,High
1002031,Petroleum and Natural Gas Systems,2028,16860.316999999995,-0.12944943670387588,0.75,2030,High
1002041,Chemicals,2024,165035.99116230925,-0.045845005236247904,0.28,2030,Medium
1002041,Chemicals,2025,157469.91528330382,-0.045845005236247904,0.28,2030,Medium
1002041,Chemicals,2026,150250.70619258925,-0.045845005236247904,0.28,2030,Medium
1002041,Chemicals,2027,143362.46178044003,-0.045845005236247904,0.28,2030,Medium
1002041,Chemicals,2028,136790.0089694344,-0.045845005236247904,0.28,2030,Medium
1002042,Chemicals,2024,78998.2132209706,-0.045845005236247904,0.28,2030,Medium
1002042,Chemicals,2025,75376.53972220098,-0.045845005236247904,0.28,2030,Medium
1002042,Chemicals,2026,71920.90186394643,-0.045845005236247904,0.28,2030,Medium
1002042,Chemicals,2027,68623.68774139813,-0.045845005236247904,0.28,2030,Medium
1002042,Chemicals,2028,65477.6344175631,-0.045845005236247904,0.28,2030,Medium
1002044,Chemicals,2024,420288.10040352703,-0.045845005236247904,0.28,2030,Medium
1002044,Chemicals,2025,401019.99023979466,-0.045845005236247904,0.28,2030,Medium
1002044,Chemicals,2026,382635.2266874112,-0.045845005236247904,0.28,2030,Medium
1002044,Chemicals,2027,365093.3127163539,-0.045845005236247904,0.28,2030,Medium
1002044,Chemicals,2028,348355.6078831536,-0.045845005236247904,0.28,2030,Medium
1002046,Chemicals,2024,703782.3540167365,-0.045845005236247904,0.28,2030,Medium
1002046,Chemicals,2025,671517.4483116603,-0.045845005236247904,0.28,2030,Medium
1002046,Chemicals,2026,640731.7273775805,-0.045845005236247904,0.28,2030,Medium
1002046,Chemicals,2027,611357.3779809251,-0.045845005236247904,0.28,2030,Medium
1002046,Chemicals,2028,583329.6957861708,-0.045845005236247904,0.28,2030,Medium
1002052,Minerals,2024,88240.20369419367,-0.022067231457071457,0.2,2030,High
1002052,Minerals,2025,86292.98669545475,-0.022067231457071457,0.2,2030,High
1002052,Minerals,2026,84388.73938492416,-0.022067231457071457,0.2,2030,High
1002052,Minerals,2027,82526.51354054657,-0.022067231457071457,0.2,2030,High
1002052,Minerals,2028,80705.38186490219,-0.022067231457071457,0.2,2030,High
1002056,Metals,2024,121198.45574312401,-0.029125207089559013,0.6,2050,Medium
1002056,Metals,2025,117668.52562067076,-0.029125207089559013,0.6,2050,Medium
1002056,Metals,2026,114241.40544404565,-0.029125207089559013,0.6,2050,Medium
1002056,Metals,2027,110914.10085228554,-0.029125207089559013,0.6,2050,Medium
1002056,Metals,2028,107683.70469581049,-0.029125207089559013,0.6,2050,Medium
1002064,Petroleum and Natural Gas Systems,2024,79477.5248026151,-0.12944943670387588,0.75,2030,High
1002064,Petroleum and Natural Gas Systems,2025,69189.20398629823,-0.12944943670387588,0.75,2030,High
1002064,Petroleum and Natural Gas Systems,2026,60232.70050428237,-0.12944943670387588,0.75,2030,High
1002064,Petroleum and Natural Gas Systems,2027,52435.61135284976,-0.12944943670387588,0.75,2030,High
1002064,Petroleum and Natural Gas Systems,2028,45647.850999999995,-0.12944943670387588,0.75,2030,High
1002066,Petroleum and Natural Gas Systems,2024,102057.12360431004,-0.12944943670387588,0.75,2030,High
1002066,Petroleum and Natural Gas Systems,2025,88845.88644211426,-0.12944943670387588,0.75,2030,High
1002066,Petroleum and Natural Gas Systems,2026,77344.83648872605,-0.12944943670387588,0.75,2030,High
1002066,Petroleum and Natural Gas Systems,2027,67332.59097330707,-0.12944943670387588,0.75,2030,High
1002066,Petroleum and Natural Gas Systems,2028,58616.424999999996,-0.12944943670387588,0.75,2030,High
1002076,Chemicals,2024,316877.8583578657,-0.045845005236247904,0.28,2030,Medium
1002076,Chemicals,2025,302350.5912821983,-0.045845005236247904,0.28,2030,Medium
1002076,Chemicals,2026,288489.3268416833,-0.045845005236247904,0.28,2030,Medium
1002076,Chemicals,2027,275263.5321420247,-0.045845005236247904,0.28,2030,Medium
1002076,Chemicals,2028,262644.0740696255,-0.045845005236247904,0.28,2030,Medium
1002085,Waste,2024,102467.68891192308,-0.038541867469075175,0.325,2030,High
1002085,Waste,2025,98518.39282601731,-0.038541867469075175,0.325,2030,High
1002085,Waste,2026,94721.30998645067,-0.038541867469075175,0.325,2030,High
1002085,Waste,2027,91070.5738104557,-0.038541867469075175,0.325,2030,High
1002085,Waste,2028,87560.54382432048,-0.038541867469075175,0.325,2030,High
1002088,Waste,2024,44966.96420231172,-0.038541867469075175,0.325,2030,High
1002088,Waste,2025,43233.85342753957,-0.038541867469075175,0.325,2030,High
1002088,Waste,2026,41567.53997855792,-0.038541867469075175,0.325,2030,High
1002088,Waste,2027,39965.44936168886,-0.038541867469075175,0.325,2030,High
1002088,Waste,2028,38425.10630904861,-0.038541867469075175,0.325,2030,High
1002090,Waste,2024,21330.76590961122,-0.038541867469075175,0.325,2030,High
1002090,Waste,2025,20508.638356909112,-0.038541867469075175,0.325,2030,High
1002090,Waste,2026,19718.197135385934,-0.038541867469075175,0.325,2030,High
1002090,Waste,2027,18958.22099466479,-0.038541867469075175,0.325,2030,High
1002090,Waste,2028,18227.535753638982,-0.038541867469075175,0.325,2030,High
1002091,Waste,2024,6533.540666707273,-0.038541867469075175,0.325,2030,High
1002091,Waste,2025,6281.725808227228,-0.038541867469075175,0.325,2030,High
1002091,Waste,2026,6039.616364649465,-0.038541867469075175,0.325,2030,High
1002091,Waste,2027,5806.838271159088,-0.038541867469075175,0.325,2030,High
1002091,Waste,2028,5583.031880097721,-0.038541867469075175,0.325,2030,High
1002100,Waste,2024,38995.78039732178,-0.038541867469075175,0.325,2030,High
1002100,Waste,2025,37492.81019739504,-0.038541867469075175,0.325,2030,High
1002100,Waste,2026,36047.767275723854,-0.038541867469075175,0.325,2030,High
1002100,Waste,2027,34658.41900682684,-0.038541867469075175,0.325,2030,High
1002100,Waste,2028,33322.61881477805,-0.038541867469075175,0.325,2030,High
1002103,Petroleum Product Suppliers,2024,5795.432740715417,-0.027507527533926934,0.2,2030,Low
1002103,Petroleum Product Suppliers,2025,5636.014715029166,-0.027507527533926934,0.2,2030,Low
1002103,Petroleum Product Suppliers,2026,5480.981885073884,-0.027507527533926934,0.2,2030,Low
1002103,Petroleum Product Suppliers,2027,5330.213624957259,-0.027507527533926934,0.2,2030,Low
1002103,Petroleum Product Suppliers,2028,5183.592626907034,-0.027507527533926934,0.2,2030,Low
1002106,Waste,2024,101619.63476612417,-0.038541867469075175,0.325,2030,High
1002106,Waste,2025,97703.02427071238,-0.038541867469075175,0.325,2030,High
1002106,Waste,2026,93937.36725794275,-0.038541867469075175,0.325,2030,High
1002106,Waste,2027,90316.84569869329,-0.038541867469075175,0.325,2030,High
1002106,Waste,2028,86835.86580154934,-0.038541867469075175,0.325,2030,High
1002117,Petroleum and Natural Gas Systems,2024,33500.288245907104,-0.12944943670387588,0.75,2030,High
1002117,Petroleum and Natural Gas Systems,2025,29163.69480305696,-0.12944943670387588,0.75,2030,High
1002117,Petroleum and Natural Gas Systems,2026,25388.470938597482,-0.12944943670387588,0.75,2030,High
1002117,Petroleum and Natural Gas Systems,2027,22101.947676823314,-0.12944943670387588,0.75,2030,High
1002117,Petroleum and Natural Gas Systems,2028,19240.862999999998,-0.12944943670387588,0.75,2030,High
1002118,Petroleum and Natural Gas Systems,2024,42657.87252748915,-0.12944943670387588,0.75,2030,High
1002118,Petroleum and Natural Gas Systems,2025,37135.834957819934,-0.12944943670387588,0.75,2030,High
1002118,Petroleum and Natural Gas Systems,2026,32328.622041002043,-0.12944943670387588,0.75,2030,High
1002118,Petroleum and Natural Gas Systems,2027,28143.70012838182,-0.12944943670387588,0.75,2030,High
1002118,Petroleum and Natural Gas Systems,2028,24500.513999999996,-0.12944943670387588,0.75,2030,High
1002121,Chemicals,2024,581416.9222777782,-0.045845005236247904,0.28,2030,Medium
1002121,Chemicals,2025,554761.8604315103,-0.045845005236247904,0.28,2030,Medium
1002121,Chemicals,2026,529328.8000351571,-0.045845005236247904,0.28,2030,Medium
1002121,Chemicals,2027,505061.71842584846,-0.045845005236247904,0.28,2030,Medium
1002121,Chemicals,2028,481907.1612999871,-0.045845005236247904,0.28,2030,Medium
1002123,Chemicals,2024,41267.48977003071,-0.045845005236247904,0.28,2030,Medium
1002123,Chemicals,2025,39375.581485436844,-0.045845005236247904,0.28,2030,Medium
1002123,Chemicals,2026,37570.40774605669,-0.045845005236247904,0.28,2030,Medium
1002123,Chemicals,2027,35847.99220621075,-0.045845005236247904,0.28,2030,Medium
1002123,Chemicals,2028,34204.540815808046,-0.045845005236247904,0.28,2030,Medium
1002129,Minerals,2024,42359.49427830933,-0.022067231457071457,0.2,2030,High
1002129,Minerals,2025,41424.73751366538,-0.022067231457071457,0.2,2030,High
1002129,Minerals,2026,40510.6082429029,-0.022067231457071457,0.2,2030,High
1002129,Minerals,2027,39616.65127434001,-0.022067231457071457,0.2,2030,High
1002129,Minerals,2028,38742.42146111507,-0.022067231457071457,0.2,2030,High
1002132,Waste,2024,84007.40432988956,-0.038541867469075175,0.325,2030,High
1002132,Waste,2025,80769.60208578594,-0.038541867469075175,0.325,2030,High
1002132,Waste,2026,77656.59078666565,-0.038541867469075175,0.325,2030,High
1002132,Waste,2027,74663.56075646577,-0.038541867469075175,0.325,2030,High
1002132,Waste,2028,71785.88769302084,-0.038541867469075175,0.325,2030,High
1002139,Petroleum and Natural Gas Systems,2024,79322.47278288753,-0.12944943670387588,0.75,2030,High
1002139,Petroleum and Natural Gas Systems,2025,69054.22336318422,-0.12944943670387588,0.75,2030,High
1002139,Petroleum and Natural Gas Systems,2026,60115.1930467964,-0.12944943670387588,0.75,2030,High
1002139,Petroleum and Natural Gas Systems,2027,52333.31516954384,-0.12944943670387588,0.75,2030,High
1002139,Petroleum and Natural Gas Systems,2028,45558.79699999999,-0.12944943670387588,0.75,2030,High
1002145,Minerals,2024,42822.29509342566,-0.022067231457071457,0.2,2030,High
1002145,Minerals,2025,41877.32559607602,-0.022067231457071457,0.2,2030,High
1002145,Minerals,2026,40953.208959344265,-0.022067231457071457,0.2,2030,High
1002145,Minerals,2027,40049.4850183286,-0.022067231457071457,0.2,2030,High
1002145,Minerals,2028,39165.70376269264,-0.022067231457071457,0.2,2030,High
1002146,Chemicals,2024,822293.7667174652,-0.045845005236247904,0.28,2030,Medium
1002146,Chemicals,2025,784595.704676569,-0.045845005236247904,0.28,2030,Medium
1002146,Chemicals,2026,748625.9104873341,-0.045845005236247904,0.28,2030,Medium
1002146,Chemicals,2027,714305.1517010514,-0.045845005236247904,0.28,2030,Medium
1002146,Chemicals,2028,681557.8282810379,-0.045845005236247904,0.28,2030,Medium
1002159,Waste,2024,52612.76770963739,-0.038541867469075175,0.325,2030,High
1002159,Waste,2025,50584.9733893913,-0.038541867469075175,0.325,2030,High
1002159,Waste,2026,48635.33404909069,-0.038541867469075175,0.325,2030,High
1002159,Waste,2027,46760.83744985644,-0.038541867469075175,0.325,2030,High
1002159,Waste,2028,44958.58745012111,-0.038541867469075175,0.325,2030,High
1002160,Minerals,2024,98665.2310487088,-0.022067231457071457,0.2,2030,High
1002160,Minerals,2025,96487.96255839149,-0.022067231457071457,0.2,2030,High
1002160,Minerals,2026,94358.74035579423,-0.022067231457071457,0.2,2030,High
1002160,Minerals,2027,92276.5041923652,-0.022067231457071457,0.2,2030,High
1002160,Minerals,2028,90240.21721630287,-0.022067231457071457,0.2,2030,High
1002167,Waste,2024,75366.68394702088,-0.038541867469075175,0.325,2030,High
1002167,Waste,2025,72461.91120275111,-0.038541867469075175,0.325,2030,High
1002167,Waste,2026,69669.0938246188,-0.038541867469075175,0.325,2030,High
1002167,Waste,2027,66983.91684373977,-0.038541867469075175,0.325,2030,High
1002167,Waste,2028,64402.23159818881,-0.038541867469075175,0.325,2030,High
1002168,Waste,2024,16383.486942860092,-0.038541867469075175,0.325,2030,High
1002168,Waste,2025,15752.036760427054,-0.038541867469075175,0.325,2030,High
1002168,Waste,2026,15144.923847238675,-0.038541867469075175,0.325,2030,High
1002168,Waste,2027,14561.210199489165,-0.038541867469075175,0.325,2030,High
1002168,Waste,2028,13999.993965791109,-0.038541867469075175,0.325,2030,High
1002172,Petroleum and Natural Gas Systems,2024,14968.9759066856,-0.12944943670387588,0.75,2030,High
1002172,Petroleum and Natural Gas Systems,2025,13031.250407531259,-0.12944943670387588,0.75,2030,High
1002172,Petroleum and Natural Gas Systems,2026,11344.362382729185,-0.12944943670387588,0.75,2030,High
1002172,Petroleum and Natural Gas Systems,2027,9875.841062520252,-0.12944943670387588,0.75,2030,High
1002172,Petroleum and Natural Gas Systems,2028,8597.418999999998,-0.12944943670387588,0.75,2030,High
1002176,Chemicals,2024,746471.5983472496,-0.045845005236247904,0.28,2030,Medium
1002176,Chemicals,2025,712249.6040123095,-0.045845005236247904,0.28,2030,Medium
1002176,Chemicals,2026,679596.5171868497,-0.045845005236247904,0.28,2030,Medium
1002176,Chemicals,2027,648440.4112978827,-0.045845005236247904,0.28,2030,Medium
1002176,Chemicals,2028,618712.6572465366,-0.045845005236247904,0.28,2030,Medium
1002178,Minerals,2024,47676.20571412237,-0.022067231457071457,0.2,2030,High
1002178,Minerals,2025,46624.12384763388,-0.022067231457071457,0.2,2030,High
1002178,Minerals,2026,45595.25851520497,-0.022067231457071457,0.2,2030,High
1002178,Minerals,2027,44589.09739220494,-0.022067231457071457,0.2,2030,High
1002178,Minerals,2028,43605.139459589256,-0.022067231457071457,0.2,2030,High
1002181,Minerals,2024,97092.90878757992,-0.022067231457071457,0.2,2030,High
1002181,Minerals,2025,94950.33709652406,-0.022067231457071457,0.2,2030,High
1002181,Minerals,2026,92855.04603088812,-0.022067231457071457,0.2,2030,High
1002181,Minerals,2027,90805.99223816748,-0.022067231457071457,0.2,2030,High
1002181,Minerals,2028,88802.15538975882,-0.022067231457071457,0.2,2030,High
1002186,Minerals,2024,58686.942429969844,-0.022067231457071457,0.2,2030,High
1002186,Minerals,2025,57391.884087859864,-0.022067231457071457,0.2,2030,High
1002186,Minerals,2026,56125.40409793564,-0.022067231457071457,0.2,2030,High
1002186,Minerals,2027,54886.871815084836,-0.022067231457071457,0.2,2030,High
1002186,Minerals,2028,53675.67051078675,-0.022067231457071457,0.2,2030,High
1002190,Chemicals,2024,528246.6466444281,-0.045845005236247904,0.28,2030,Medium
1002190,Chemicals,2025,504029.1763629839,-0.045845005236247904,0.28,2030,Medium
1002190,Chemicals,2026,480921.9561334012,-0.045845005236247904,0.28,2030,Medium
1002190,Chemicals,2027,458874.08653623884,-0.045845005236247904,0.28,2030,Medium
1002190,Chemicals,2028,437837.0016362065,-0.045845005236247904,0.28,2030,Medium
1002195,Petroleum and Natural Gas Systems,2024,27849.016985910606,-0.12944943670387588,0.75,2030,High
1002195,Petroleum and Natural Gas Systems,2025,24243.977424327804,-0.12944943670387588,0.75,2030,High
1002195,Petroleum and Natural Gas Systems,2026,21105.608203287087,-0.12944943670387588,0.75,2030,High
1002195,Petroleum and Natural Gas Systems,2027,18373.499110078872,-0.12944943670387588,0.75,2030,High
1002195,Petroleum and Natural Gas Systems,2028,15995.059999999998,-0.12944943670387588,0.75,2030,High
1002197,Metals,2024,84602.97314451453,-0.029125207089559013,0.6,2050,Medium
1002197,Metals,2025,82138.89403128815,-0.029125207089559013,0.6,2050,Medium
1002197,Metals,2026,79746.58173251954,-0.029125207089559013,0.6,2050,Medium
1002197,Metals,2027,77423.94602487546,-0.029125207089559013,0.6,2050,Medium
1002197,Metals,2028,75168.95756321012,-0.029125207089559013,0.6,2050,Medium
1002200,Metals,2024,81217.61041161926,-0.029125207089559013,0.6,2050,Medium
1002200,Metals,2025,78852.13068906171,-0.029125207089559013,0.6,2050,Medium
1002200,Metals,2026,76555.54605328983,-0.029125207089559013,0.6,2050,Medium
1002200,Metals,2027,74325.8499206335,-0.029125207089559013,0.6,2050,Medium
1002200,Metals,2028,72161.09414958756,-0.029125207089559013,0.6,2050,Medium
1002203,Chemicals,2024,71685.63422364085,-0.045845005236247904,0.28,2030,Medium
1002203,Chemicals,2025,68399.2059472943,-0.045845005236247904,0.28,2030,Medium
1002203,Chemicals,2026,65263.44399248539,-0.045845005236247904,0.28,2030,Medium
1002203,Chemicals,2027,62271.441060914316,-0.045845005236247904,0.28,2030,Medium
1002203,Chemicals,2028,59416.606519408,-0.045845005236247904,0.28,2030,Medium
1002209,Minerals,2024,410084.24025226355,-0.022067231457071457,0.2,2030,High
1002209,Minerals,2025,401034.81640571955,-0.022067231457071457,0.2,2030,High
1002209,Minerals,2026,392185.0882897504,-0.022067231457071457,0.2,2030,High
1002209,Minerals,2027,383530.64917244844,-0.022067231457071457,0.2,2030,High
1002209,Minerals,2028,375067.1895662792,-0.022067231457071457,0.2,2030,High
1002214,Petroleum and Natural Gas Systems,2024,118580.78093996365,-0.12944943670387588,0.75,2030,High
1002214,Petroleum and Natural Gas Systems,2025,103230.56564337965,-0.12944943670387588,0.75,2030,High
1002214,Petroleum and Natural Gas Systems,2026,89867.42707022167,-0.12944943670387588,0.75,2030,High
1002214,Petroleum and Natural Gas Systems,2027,78234.13925795483,-0.12944943670387588,0.75,2030,High
1002214,Petroleum and Natural Gas Systems,2028,68106.77399999999,-0.12944943670387588,0.75,2030,High
1002216,Metals,2024,93317.56858667369,-0.029125207089559013,0.6,2050,Medium
1002216,Metals,2025,90599.67507649268,-0.029125207089559013,0.6,2050,Medium
1002216,Metals,2026,87960.94077764307,-0.029125207089559013,0.6,2050,Medium
1002216,Metals,2027,85399.0601617018,-0.029125207089559013,0.6,2050,Medium
1002216,Metals,2028,82911.7948492385,-0.029125207089559013,0.6,2050,Medium
1002223,Waste,2024,137726.95456878992,-0.038541867469075175,0.325,2030,High
1002223,Waste,2025,132418.70053888028,-0.038541867469075175,0.325,2030,High
1002223,Waste,2026,127315.0365322836,-0.038541867469075175,0.325,2030,High
1002223,Waste,2027,122408.07726743587,-0.038541867469075175,0.325,2030,High
1002223,Waste,2028,117690.24137625005,-0.038541867469075175,0.325,2030,High
1002226,Minerals,2024,79098.90281734822,-0.022067231457071457,0.2,2030,High
1002226,Minerals,2025,77353.4090208774,-0.022067231457071457,0.2,2030,High
1002226,Minerals,2026,75646.43344002018,-0.022067231457071457,0.2,2030,High
1002226,Minerals,2027,73977.1260843973,-0.022067231457071457,0.2,2030,High
1002226,Minerals,2028,72344.65572056395,-0.022067231457071457,0.2,2030,High
1002229,Chemicals,2024,1307740.7663093007,-0.045845005236247904,0.28,2030,Medium
1002229,Chemicals,2025,1247787.384030196,-0.045845005236247904,0.28,2030,Medium
1002229,Chemicals,2026,1190582.5648756076,-0.045845005236247904,0.28,2030,Medium
1002229,Chemicals,2027,1136000.3009546997,-0.045845005236247904,0.28,2030,Medium
1002229,Chemicals,2028,1083920.3612090526,-0.045845005236247904,0.28,2030,Medium
1002232,Waste,2024,62841.86500035378,-0.038541867469075175,0.325,2030,High
1002232,Waste,2025,60419.822168000625,-0.038541867469075175,0.325,2030,High
1002232,Waste,2026,58091.12938949646,-0.038541867469075175,0.325,2030,High
1002232,Waste,2027,55852.18877943759,-0.038541867469075175,0.325,2030,High
1002232,Waste,2028,53699.54112164274,-0.038541867469075175,0.325,2030,High
1002239,Petroleum and Natural Gas Systems,2024,332262.0045024659,-0.12944943670387588,0.75,2030,High
1002239,Petroleum and Natural Gas Systems,2025,289250.875181521,-0.12944943670387588,0.75,2030,High
1002239,Petroleum and Natural Gas Systems,2026,251807.51232317003,-0.12944943670387588,0.75,2030,High
1002239,Petroleum and Natural Gas Systems,2027,219211.17169513137,-0.12944943670387588,0.75,2030,High
1002239,Petroleum and Natural Gas Systems,2028,190834.40899999999,-0.12944943670387588,0.75,2030,High
1002244,Waste,2024,39636.59224265364,-0.038541867469075175,0.325,2030,High
1002244,Waste,2025,38108.923957511506,-0.038541867469075175,0.325,2030,High
1002244,Waste,2026,36640.13486095204,-0.038541867469075175,0.325,2030,High
1002244,Waste,2027,35227.955639092186,-0.038541867469075175,0.325,2030,High
1002244,Waste,2028,33870.20444164384,-0.038541867469075175,0.325,2030,High
1002246,Chemicals,2024,70553.62855447312,-0.045845005236247904,0.28,2030,Medium
1002246,Chemicals,2025,67319.097083957007,-0.045845005236247904,0.28,2030,Medium
1002246,Chemicals,2026,64232.852725643526,-0.045845005236247904,0.28,2030,Medium
1002246,Chemicals,2027,61288.09725609726,-0.045845005236247904,0.28,2030,Medium
1002246,Chemicals,2028,58478.34411647181,-0.045845005236247904,0.28,2030,Medium
1002248,Chemicals,2024,57446.544514652676,-0.045845005236247904,0.28,2030,Medium
1002248,Chemicals,2025,54812.90738057408,-0.045845005236247904,0.28,2030,Medium
1002248,Chemicals,2026,52300.00935469769,-0.045845005236247904,0.28,2030,Medium
1002248,Chemicals,2027,49902.31515197576,-0.045845005236247904,0.28,2030,Medium
1002248,Chemicals,2028,47614.54325253254,-0.045845005236247904,0.28,2030,Medium
1002249,Waste,2024,133369.4820934399,-0.038541867469075175,0.325,2030,High
1002249,Waste,2025,128229.17319017534,-0.038541867469075175,0.325,2030,High
1002249,Waste,2026,123286.98139141052,-0.038541867469075175,0.325,2030,High
1002249,Waste,2027,118535.27089396043,-0.038541867469075175,0.325,2030,High
1002249,Waste,2028,113966.70019275449,-0.038541867469075175,0.325,2030,High
1002256,Petroleum and Natural Gas Systems,2024,69324.39282565661,-0.12944943670387588,0.75,2030,High
1002256,Petroleum and Natural Gas Systems,2025,60350.389224537146,-0.12944943670387588,0.75,2030,High
1002256,Petroleum and Natural Gas Systems,2026,52538.06533456116,-0.12944943670387588,0.75,2030,High
1002256,Petroleum and Natural Gas Systems,2027,45737.04237149078,-0.12944943670387588,0.75,2030,High
1002256,Petroleum and Natural Gas Systems,2028,39816.407999999996,-0.12944943670387588,0.75,2030,High
1002257,Chemicals,2024,627316.3574698896,-0.045845005236247904,0.28,2030,Medium
1002257,Chemicals,2025,598557.0357768985,-0.045845005236247904,0.28,2030,Medium
1002257,Chemicals,2026,571116.1853375136,-0.045845005236247904,0.28,2030,Medium
1002257,Chemicals,2027,544933.3608302093,-0.045845005236247904,0.28,2030,Medium
1002257,Chemicals,2028,519950.88804954226,-0.045845005236247904,0.28,2030,Medium
1002262,Minerals,2024,70906.93408729692,-0.022067231457071457,0.2,2030,High
1002262,Minerals,2025,69342.21436088122,-0.022067231457071457,0.2,2030,High
1002262,Minerals,2026,67812.02366683379,-0.022067231457071457,0.2,2030,High
1002262,Minerals,2027,66315.60004500537,-0.022067231457071457,0.2,2030,High
1002262,Minerals,2028,64852.19834959766,-0.022067231457071457,0.2,2030,High
1002263,Chemicals,2024,112226.98150969653,-0.045845005236247904,0.28,2030,Medium
1002263,Chemicals,2025,107081.93495473619,-0.045845005236247904,0.28,2030,Medium
1002263,Chemicals,2026,102172.76308602876,-0.045845005236247904,0.28,2030,Medium
1002263,Chemicals,2027,97488.65222734785,-0.045845005236247904,0.28,2030,Medium
1002263,Chemicals,2028,93019.28445551034,-0.045845005236247904,0.28,2030,Medium
1002264,Petroleum and Natural Gas Systems,2024,203559.7639561376,-0.12944943670387588,0.75,2030,High
1002264,Petroleum and Natural Gas Systems,2025,177209.06717644163,-0.12944943670387588,0.75,2030,High
1002264,Petroleum and Natural Gas Systems,2026,154269.453251632,-0.12944943670387588,0.75,2030,High
1002264,Petroleum and Natural Gas Systems,2027,134299.3594275933,-0.12944943670387588,0.75,2030,High
1002264,Petroleum and Natural Gas Systems,2028,116914.38299999999,-0.12944943670387588,0.75,2030,High
1002268,Waste,2024,232432.00550403842,-0.038541867469075175,0.325,2030,High
1002268,Waste,2025,223473.6419523304,-0.038541867469075175,0.325,2030,High
1002268,Waste,2026,214860.55046137213,-0.038541867469075175,0.325,2030,High
1002268,Waste,2027,206579.4236011574,-0.038541867469075175,0.325,2030,High
1002268,Waste,2028,198617.46683488367,-0.038541867469075175,0.325,2030,High
1002277,Waste,2024,46282.92540872065,-0.038541867469075175,0.325,2030,High
1002277,Waste,2025,44499.09503153664,-0.038541867469075175,0.325,2030,High
1002277,Waste,2026,42784.01680833738,-0.038541867469075175,0.325,2030,High
1002277,Waste,2027,41135.04090271576,-0.038541867469075175,0.325,2030,High
1002277,Waste,2028,39549.6196079083,-0.038541867469075175,0.325,2030,High
1002286,Petroleum Product Suppliers,2024,37774.78184601241,-0.027507527533926934,0.2,2030,Low
1002286,Petroleum Product Suppliers,2025,36735.69099429514,-0.027507527533926934,0.2,2030,Low
1002286,Petroleum Product Suppliers,2026,35725.18296279173,-0.027507527533926934,0.2,2030,Low
1002286,Petroleum Product Suppliers,2027,34742.47150878816,-0.027507527533926934,0.2,2030,Low
1002286,Petroleum Product Suppliers,2028,33786.7920171635,-0.027507527533926934,0.2,2030,Low
1002292,Waste,2024,42729.362690472495,-0.038541867469075175,0.325,2030,High
1002292,Waste,2025,41082.493256618254,-0.038541867469075175,0.325,2030,High
1002292,Waste,2026,39499.0972462225,-0.038541867469075175,0.325,2030,High
1002292,Waste,2027,37976.728275010486,-0.038541867469075175,0.325,2030,High
1002292,Waste,2028,36513.03424692595,-0.038541867469075175,0.325,2030,High
1002300,Minerals,2024,37868.4945080189,-0.022067231457071457,0.2,2030,High
1002300,Minerals,2025,37032.8416747796,-0.022067231457071457,0.2,2030,High
1002300,Minerals,2026,36215.62938602916,-0.022067231457071457,0.2,2030,High
1002300,Minerals,2027,35416.45071000414,-0.022067231457071457,0.2,2030,High
1002300,Minerals,2028,34634.907694798516,-0.022067231457071457,0.2,2030,High
1002301,Chemicals,2024,9040872.138259789,-0.045845005236247904,0.28,2030,Medium
1002301,Chemicals,2025,8626393.307741022,-0.045845005236247904,0.28,2030,Medium
1002301,Chemicals,2026,8230916.261377701,-0.045845005236247904,0.28,2030,Medium
1002301,Chemicals,2027,7853569.8622757215,-0.045845005236247904,0.28,2030,Medium
1002301,Chemicals,2028,7493522.9108164525,-0.045845005236247904,0.28,2030,Medium
1002313,Minerals,2024,72924.27052234786,-0.022067231457071457,0.2,2030,High
1002313,Minerals,2025,71315.03376589311,-0.022067231457071457,0.2,2030,High
1002313,Minerals,2026,69741.30840941228,-0.022067231457071457,0.2,2030,High
1002313,Minerals,2027,68202.31081462278,-0.022067231457071457,0.2,2030,High
1002313,Minerals,2028,66697.27463596937,-0.022067231457071457,0.2,2030,High
1002319,Petroleum and Natural Gas Systems,2024,254545.69924996083,-0.12944943670387588,0.75,2030,High
1002319,Petroleum and Natural Gas Systems,2025,221594.9018666592,-0.12944943670387588,0.75,2030,High
1002319,Petroleum and Natural Gas Systems,2026,192909.56664356953,-0.12944943670387588,0.75,2030,High
1002319,Petroleum and Natural Gas Systems,2027,167937.53190677063,-0.12944943670387588,0.75,2030,High
1002319,Petroleum and Natural Gas Systems,2028,146198.11299999998,-0.12944943670387588,0.75,2030,High
1002324,Metals,2024,68338.26113731053,-0.029125207089559013,0.6,2050,Medium
1002324,Metals,2025,66347.895129546,-0.029125207089559013,0.6,2050,Medium
1002324,Metals,2026,64415.49894394163,-0.029125207089559013,0.6,2050,Medium
1002324,Metals,2027,62539.38419742206,-0.029125207089559013,0.6,2050,Medium
1002324,Metals,2028,60717.91168141865,-0.029125207089559013,0.6,2050,Medium
1002328,Power Plants,2024,36906.57011293966,-0.11644604222876276,0.8,2035,Medium
1002328,Power Plants,2025,32608.946091049496,-0.11644604222876276,0.8,2035,Medium
1002328,Power Plants,2026,28811.7633774957,-0.11644604222876276,0.8,2035,Medium
1002328,Power Plants,2027,25456.747562554712,-0.11644604222876276,0.8,2035,Medium
1002328,Power Plants,2028,22492.410060878512,-0.11644604222876276,0.8,2035,Medium
1002350,Chemicals,2024,1114072.4939724307,-0.045845005236247904,0.28,2030,Medium
1002350,Chemicals,2025,1062997.834652705,-0.045845005236247904,0.28,2030,Medium
1002350,Chemicals,2026,1014264.6933569316,-0.045845005236247904,0.28,2030,Medium
1002350,Chemicals,2027,967765.7231790415,-0.045845005236247904,0.28,2030,Medium
1002350,Chemicals,2028,923398.4985324373,-0.045845005236247904,0.28,2030,Medium
1002353,Petroleum and Natural Gas Systems,2024,24684.11300203628,-0.12944943670387588,0.75,2030,High
1002353,Petroleum and Natural Gas Systems,2025,21488.768478387865,-0.12944943670387588,0.75,2030,High
1002353,Petroleum and Natural Gas Systems,2026,18707.059503400553,-0.12944943670387588,0.75,2030,High
1002353,Petroleum and Natural Gas Systems,2027,16285.441188299461,-0.12944943670387588,0.75,2030,High
1002353,Petroleum and Natural Gas Systems,2028,14177.299999999997,-0.12944943670387588,0.75,2030,High
1002378,Petroleum and Natural Gas Systems,2024,40766.13481362639,-0.12944943670387588,0.75,2030,High
1002378,Petroleum and Natural Gas Systems,2025,35488.98162540819,-0.12944943670387588,0.75,2030,High
1002378,Petroleum and Natural Gas Systems,2026,30894.9529448049,-0.12944943670387588,0.75,2030,High
1002378,Petroleum and Natural Gas Systems,2027,26895.618689107152,-0.12944943670387588,0.75,2030,High
1002378,Petroleum and Natural Gas Systems,2028,23413.995999999996,-0.12944943670387588,0.75,2030,High
1002389,Petroleum Product Suppliers,2024,4353825.047074462,-0.027507527533926934,0.2,2030,Low
1002389,Petroleum Product Suppliers,2025,4234062.08471416,-0.027507527533926934,0.2,2030,Low
1002389,Petroleum Product Suppliers,2026,4117593.5053385296,-0.027507527533926934,0.2,2030,Low
1002389,Petroleum Product Suppliers,2027,4004328.688616911,-0.027507527533926934,0.2,2030,Low
1002389,Petroleum Product Suppliers,2028,3894179.5069598877,-0.027507527533926934,0.2,2030,Low
1002390,Minerals,2024,44179.76250388455,-0.022067231457071457,0.2,2030,High
1002390,Minerals,2025,43204.837458992886,-0.022067231457071457,0.2,2030,High
1002390,Minerals,2026,42251.42631072014,-0.022067231457071457,0.2,2030,High
1002390,Minerals,2027,41319.05430693008,-0.022067231457071457,0.2,2030,High
1002390,Minerals,2028,40407.25717195175,-0.022067231457071457,0.2,2030,High
1002393,Metals,2024,34286.31515615956,-0.029125207089559013,0.6,2050,Medium
1002393,Metals,2025,33287.719126898526,-0.029125207089559013,0.6,2050,Medium
1002393,Metals,2026,32318.207413788536,-0.029125207089559013,0.6,2050,Medium
1002393,Metals,2027,31376.93293009862,-0.029125207089559013,0.6,2050,Medium
1002393,Metals,2028,30463.073260674293,-0.029125207089559013,0.6,2050,Medium
1002395,Minerals,2024,462225.87279477896,-0.022067231457071457,0.2,2030,High
1002395,Minerals,2025,452025.82747436967,-0.022067231457071457,0.2,2030,High
1002395,Minerals,2026,442050.8689149185,-0.022067231457071457,0.2,2030,High
1002395,Minerals,2027,432296.0300747735,-0.022067231457071457,0.2,2030,High
1002395,Minerals,2028,422756.4535211403,-0.022067231457071457,0.2,2030,High
1002398,Waste,2024,304691.10101050185,-0.038541867469075175,0.325,2030,High
1002398,Waste,2025,292947.7369763485,-0.038541867469075175,0.325,2030,High
1002398,Waste,2026,281656.98412244057,-0.038541867469075175,0.325,2030,High
1002398,Waste,2027,270801.39796865406,-0.038541867469075175,0.325,2030,High
1002398,Waste,2028,260364.20637770594,-0.038541867469075175,0.325,2030,High
1002400,Waste,2024,121687.28313120663,-0.038541867469075175,0.325,2030,High
1002400,Waste,2025,116997.22799209182,-0.038541867469075175,0.325,2030,High
1002400,Waste,2026,112487.93633657145,-0.038541867469075175,0.325,2030,High
1002400,Waste,2027,108152.44120241755,-0.038541867469075175,0.325,2030,High
1002400,Waste,2028,103984.04414713703,-0.038541867469075175,0.325,2030,High
1002401,Waste,2024,36392.055628614784,-0.038541867469075175,0.325,2030,High
1002401,Waste,2025,34989.4378436495,-0.038541867469075175,0.325,2030,High
1002401,Waste,2026,33640.87956746212,-0.038541867469075175,0.325,2030,High
1002401,Waste,2027,32344.297245629878,-0.038541867469075175,0.325,2030,High
1002401,Waste,2028,31097.68762780844,-0.038541867469075175,0.325,2030,High
1002409,Petroleum and Natural Gas Systems,2024,57694.349183751605,-0.12944943670387588,0.75,2030,High
1002409,Petroleum and Natural Gas Systems,2025,50225.848180918234,-0.12944943670387588,0.75,2030,High
1002409,Petroleum and Natural Gas Systems,2026,43724.14042592398,-0.12944943670387588,0.75,2030,High
1002409,Petroleum and Natural Gas Systems,2027,38064.075077426955,-0.12944943670387588,0.75,2030,High
1002409,Petroleum and Natural Gas Systems,2028,33136.70199999999,-0.12944943670387588,0.75,2030,High
1002421,Minerals,2024,627997.6073408664,-0.022067231457071457,0.2,2030,High
1002421,Minerals,2025,614139.4387851884,-0.022067231457071457,0.2,2030,High
1002421,Minerals,2026,600587.0816425997,-0.022067231457071457,0.2,2030,High
1002421,Minerals,2027,587333.7875018654,-0.022067231457071457,0.2,2030,High
1002421,Minerals,2028,574372.9568705034,-0.022067231457071457,0.2,2030,High
1002435,Chemicals,2024,789538.2497645922,-0.045845005236247904,0.28,2030,Medium
1002435,Chemicals,2025,753341.8645699164,-0.045845005236247904,0.28,2030,Medium
1002435,Chemicals,2026,718804.9028440239,-0.045845005236247904,0.28,2030,Medium
1002435,Chemicals,2027,685851.2883092989,-0.045845005236247904,0.28,2030,Medium
1002435,Chemicals,2028,654408.4324054718,-0.045845005236247904,0.28,2030,Medium
1002452,Power Plants,2024,138708.7894773551,-0.11644604222876276,0.8,2035,Medium
1002452,Power Plants,2025,122556.69992037443,-0.11644604222876276,0.8,2035,Medium
1002452,Power Plants,2026,108285.45726602871,-0.11644604222876276,0.8,2035,Medium
1002452,Power Plants,2027,95676.04433646784,-0.11644604222876276,0.8,2035,Medium
1002452,Power Plants,2028,84534.94763738253,-0.11644604222876276,0.8,2035,Medium
1002461,Petroleum Product Suppliers,2024,1076230.792434307,-0.027507527533926934,0.2,2030,Low
1002461,Petroleum Product Suppliers,2025,1046626.3442785603,-0.027507527533926934,0.2,2030,Low
1002461,Petroleum Product Suppliers,2026,1017836.2412955846,-0.027507527533926934,0.2,2030,Low
1002461,Petroleum Product Suppliers,2027,989838.0828631176,-0.027507527533926934,0.2,2030,Low
1002461,Petroleum Product Suppliers,2028,962610.0845446308,-0.027507527533926934,0.2,2030,Low
1002471,Waste,2024,190826.36431220782,-0.038541867469075175,0.325,2030,High
1002471,Waste,2025,183471.55986928125,-0.038541867469075175,0.325,2030,High
1002471,Waste,2026,176400.22332445494,-0.038541867469075175,0.325,2030,High
1002471,Waste,2027,169601.42929556852,-0.038541867469075175,0.325,2030,High
1002471,Waste,2028,163064.67348509302,-0.038541867469075175,0.325,2030,High
1002478,Waste,2024,149633.89244658602,-0.038541867469075175,0.325,2030,High
1002478,Waste,2025,143866.72279502786,-0.038541867469075175,0.325,2030,High
1002478,Waste,2026,138321.8306318517,-0.038541867469075175,0.325,2030,High
1002478,Waste,2027,132990.64896755904,-0.038541867469075175,0.325,2030,High
1002478,Waste,2028,127864.94100042507,-0.038541867469075175,0.325,2030,High
1002499,Minerals,2024,182642.97590475495,-0.022067231457071457,0.2,2030,High
1002499,Minerals,2025,178612.5510814564,-0.022067231457071457,0.2,2030,High
1002499,Minerals,2026,174671.0665756039,-0.022067231457071457,0.2,2030,High
1002499,Minerals,2027,170816.5597206265,-0.022067231457071457,0.2,2030,High
1002499,Minerals,2028,167047.11116057078,-0.022067231457071457,0.2,2030,High
1002504,Minerals,2024,51077.13903289767,-0.022067231457071457,0.2,2030,High
1002504,Minerals,2025,49950.00798369369,-0.022067231457071457,0.2,2030,High
1002504,Minerals,2026,48847.74959623496,-0.022067231457071457,0.2,2030,High
1002504,Minerals,2027,47769.81499973777,-0.022067231457071457,0.2,2030,High
1002504,Minerals,2028,46715.66743547708,-0.022067231457071457,0.2,2030,High
1002509,Waste,2024,137957.22379153108,-0.038541867469075175,0.325,2030,High
1002509,Waste,2025,132640.09475575635,-0.038541867469075175,0.325,2030,High
1002509,Waste,2026,127527.89780259441,-0.038541867469075175,0.325,2030,High
1002509,Waste,2027,122612.73446687705,-0.038541867469075175,0.325,2030,High
1002509,Waste,2028,117887.01070503378,-0.038541867469075175,0.325,2030,High
1002512,Waste,2024,123515.16118278405,-0.038541867469075175,0.325,2030,High
1002512,Waste,2025,118754.65621005572,-0.038541867469075175,0.325,2030,High
1002512,Waste,2026,114177.62998907219,-0.038541867469075175,0.325,2030,High
1002512,Waste,2027,109777.01090610026,-0.038541867469075175,0.325,2030,High
1002512,Waste,2028,105545.99990060613,-0.038541867469075175,0.325,2030,High
1002514,Waste,2024,21895.766781193015,-0.038541867469075175,0.325,2030,High
1002514,Waste,2025,21051.863039778495,-0.038541867469075175,0.325,2030,High
1002514,Waste,2026,20240.484924522232,-0.038541867469075175,0.325,2030,High
1002514,Waste,2027,19460.37883705148,-0.038541867469075175,0.325,2030,High
1002514,Waste,2028,18710.33949501585,-0.038541867469075175,0.325,2030,High
1002516,Minerals,2024,56066.59046679959,-0.022067231457071457,0.2,2030,High
1002516,Minerals,2025,54829.356037959886,-0.022067231457071457,0.2,2030,High
1002516,Minerals,2026,53619.42394762805,-0.022067231457071457,0.2,2030,High
1002516,Minerals,2027,52436.191708780905,-0.022067231457071457,0.2,2030,High
1002516,Minerals,2028,51279.070129615866,-0.022067231457071457,0.2,2030,High
1002529,Chemicals,2024,53941.23286911926,-0.045845005236247904,0.28,2030,Medium
1002529,Chemicals,2025,51468.29676578481,-0.045845005236247904,0.28,2030,Medium
1002529,Chemicals,2026,49108.732431056655,-0.045845005236247904,0.28,2030,Medium
1002529,Chemicals,2027,46857.34233560936,-0.045845005236247904,0.28,2030,Medium
1002529,Chemicals,2028,44709.167230876694,-0.045845005236247904,0.28,2030,Medium
1002531,Minerals,2024,316808.83871660626,-0.022067231457071457,0.2,2030,High
1002531,Minerals,2025,309817.7447450009,-0.022067231457071457,0.2,2030,High
1002531,Minerals,2026,302980.9248622051,-0.022067231457071457,0.2,2030,High
1002531,Minerals,2027,296294.97466619324,-0.022067231457071457,0.2,2030,High
1002531,Minerals,2028,289756.56488066725,-0.022067231457071457,0.2,2030,High
1002537,Minerals,2024,359537.86249429936,-0.022067231457071457,0.2,2030,High
1002537,Minerals,2025,351603.8572650569,-0.022067231457071457,0.2,2030,High
1002537,Minerals,2026,343844.93356558983,-0.022067231457071457,0.2,2030,High
1002537,Minerals,2027,336257.2278312566,-0.022067231457071457,0.2,2030,High
1002537,Minerals,2028,328836.9617555911,-0.022067231457071457,0.2,2030,High
1002538,Waste,2024,128903.89365108675,-0.038541867469075175,0.325,2030,High
1002538,Waste,2025,123935.6968657388,-0.038541867469075175,0.325,2030,High
1002538,Waste,2026,119158.98366245202,-0.038541867469075175,0.325,2030,High
1002538,Waste,2027,114566.3739063841,-0.038541867469075175,0.325,2030,High
1002538,Waste,2028,110150.77190687174,-0.038541867469075175,0.325,2030,High
1002545,Power Plants,2024,1419.9295246995912,-0.11644604222876276,0.8,2035,Medium
1002545,Power Plants,2025,1254.5843513045554,-0.11644604222876276,0.8,2035,Medium
1002545,Power Plants,2026,1108.4929689530004,-0.11644604222876276,0.8,2035,Medium
1002545,Power Plants,2027,979.4133498800126,-0.11644604222876276,0.8,2035,Medium
1002545,Power Plants,2028,865.3645415804707,-0.11644604222876276,0.8,2035,Medium
1002547,Waste,2024,179292.9529189,-0.038541867469075175,0.325,2030,High
1002547,Waste,2025,172382.66768936062,-0.038541867469075175,0.325,2030,High
1002547,Waste,2026,165738.71775731165,-0.038541867469075175,0.325,2030,High
1002547,Waste,2027,159350.8380630149,-0.038541867469075175,0.325,2030,High
1002547,Waste,2028,153209.15918130413,-0.038541867469075175,0.325,2030,High
1002548,Chemicals,2024,158959.5256856259,-0.045845005236247904,0.28,2030,Medium
1002548,Chemicals,2025,151672.02539821688,-0.045845005236247904,0.28,2030,Medium
1002548,Chemicals,2026,144718.62059964333,-0.045845005236247904,0.28,2030,Medium
1002548,Chemicals,2027,138083.9946804701,-0.045845005236247904,0.28,2030,Medium
1002548,Chemicals,2028,131753.5332213019,-0.045845005236247904,0.28,2030,Medium
1002550,Waste,2024,78497.38391816808,-0.038541867469075175,0.325,2030,High
1002550,Waste,2025,75471.94815052493,-0.038541867469075175,0.325,2030,High
1002550,Waste,2026,72563.1183272745,-0.038541867469075175,0.325,2030,High
1002550,Waste,2027,69766.40023756186,-0.038541867469075175,0.325,2030,High
1002550,Waste,2028,67077.4728858113,-0.038541867469075175,0.325,2030,High
1002551,Minerals,2024,572583.7159173951,-0.022067231457071457,0.2,2030,High
1002551,Minerals,2025,559948.3785296958,-0.022067231457071457,0.2,2030,High
1002551,Minerals,2026,547591.8680566691,-0.022067231457071457,0.2,2030,High
1002551,Minerals,2027,535508.0315602525,-0.022067231457071457,0.2,2030,High
1002551,Minerals,2028,523690.8518806917,-0.022067231457071457,0.2,2030,High
1002556,Waste,2024,111844.11705780441,-0.038541867469075175,0.325,2030,High
1002556,Waste,2025,107533.43592096679,-0.038541867469075175,0.325,2030,High
1002556,Waste,2026,103388.8964852066,-0.038541867469075175,0.325,2030,High
1002556,Waste,2027,99404.09533909983,-0.038541867469075175,0.325,2030,High
1002556,Waste,2028,95572.87587065694,-0.038541867469075175,0.325,2030,High
1002557,Waste,2024,62665.19706850122,-0.038541867469075175,0.325,2030,High
1002557,Waste,2025,60249.96334816357,-0.038541867469075175,0.325,2030,High
1002557,Waste,2026,57927.81724578201,-0.038541867469075175,0.325,2030,High
1002557,Waste,2027,55695.170990722276,-0.038541867469075175,0.325,2030,High
1002557,Waste,2028,53548.57509173038,-0.038541867469075175,0.325,2030,High
1002561,Waste,2024,105617.01040418113,-0.038541867469075175,0.325,2030,High
1002561,Waste,2025,101546.33358670324,-0.038541867469075175,0.325,2030,High
1002561,Waste,2026,97632.54825563404,-0.038541867469075175,0.325,2030,High
1002561,Waste,2027,93869.6075200973,-0.038541867469075175,0.325,2030,High
1002561,Waste,2028,90251.69754768361,-0.038541867469075175,0.325,2030,High
1002565,Chemicals,2024,82949.33852132749,-0.045845005236247904,0.28,2030,Medium
1002565,Chemicals,2025,79146.52566247393,-0.045845005236247904,0.28,2030,Medium
1002565,Chemicals,2026,75518.05277904698,-0.045845005236247904,0.28,2030,Medium
1002565,Chemicals,2027,72055.92725396033,-0.045845005236247904,0.28,2030,Medium
1002565,Chemicals,2028,68752.52289169982,-0.045845005236247904,0.28,2030,Medium
1002567,Waste,2024,100425.83835295089,-0.038541867469075175,0.325,2030,High
1002567,Waste,2025,96555.23900068068,-0.038541867469075175,0.325,2030,High
1002567,Waste,2026,92833.81977567157,-0.038541867469075175,0.325,2030,High
1002567,Waste,2027,89255.83099722963,-0.038541867469075175,0.325,2030,High
1002567,Waste,2028,85815.74458809223,-0.038541867469075175,0.325,2030,High
1002579,Minerals,2024,90276.61544937029,-0.022067231457071457,0.2,2030,High
1002579,Minerals,2025,88284.46048108801,-0.022067231457071457,0.2,2030,High
1002579,Minerals,2026,86336.26685758916,-0.022067231457071457,0.2,2030,High
1002579,Minerals,2027,84431.06447370326,-0.022067231457071457,0.2,2030,High
1002579,Minerals,2028,82567.90463179513,-0.022067231457071457,0.2,2030,High
1002581,Waste,2024,15074.750132858997,-0.038541867469075175,0.325,2030,High
1002581,Waste,2025,14493.74111110892,-0.038541867469075175,0.325,2030,High
1002581,Waste,2026,13935.125262073476,-0.038541867469075175,0.325,2030,High
1002581,Waste,2027,13398.039511057677,-0.038541867469075175,0.325,2030,High
1002581,Waste,2028,12881.65404787706,-0.038541867469075175,0.325,2030,High
1002583,Metals,2024,186182.9036948097,-0.029125207089559013,0.6,2050,Medium
1002583,Metals,2025,180760.28806816295,-0.029125207089559013,0.6,2050,Medium
1002583,Metals,2026,175495.60724460936,-0.029125207089559013,0.6,2050,Medium
1002583,Metals,2027,170384.26134030218,-0.029125207089559013,0.6,2050,Medium
1002583,Metals,2028,165421.78444396434,-0.029125207089559013,0.6,2050,Medium
1002598,Minerals,2024,954202.0876887608,-0.022067231457071457,0.2,2030,High
1002598,Minerals,2025,933145.489362912,-0.022067231457071457,0.2,2030,High
1002598,Minerals,2026,912553.5518660184,-0.022067231457071457,0.2,2030,High
1002598,Minerals,2027,892416.0214200184,-0.022067231457071457,0.2,2030,High
1002598,Minerals,2028,872722.8705193441,-0.022067231457071457,0.2,2030,High
1002599,Waste,2024,38110.70819050417,-0.038541867469075175,0.325,2030,High
1002599,Waste,2025,36641.85032627316,-0.038541867469075175,0.325,2030,High
1002599,Waste,2026,35229.60498717625,-0.038541867469075175,0.325,2030,High
1002599,Waste,2027,33871.79022077264,-0.038541867469075175,0.325,2030,High
1002599,Waste,2028,32566.3081711433,-0.038541867469075175,0.325,2030,High
1002606,Chemicals,2024,85854.11455470654,-0.045845005236247904,0.28,2030,Medium
1002606,Chemicals,2025,81918.13222339259,-0.045845005236247904,0.28,2030,Medium
1002606,Chemicals,2026,78162.59502266752,-0.045845005236247904,0.28,2030,Medium
1002606,Chemicals,2027,74579.2304445746,-0.045845005236247904,0.28,2030,Medium
1002606,Chemicals,2028,71160.14523432773,-0.045845005236247904,0.28,2030,Medium
1002609,Waste,2024,37945.96426241126,-0.038541867469075175,0.325,2030,High
1002609,Waste,2025,36483.45593682314,-0.038541867469075175,0.325,2030,High
1002609,Waste,2026,35077.315413292265,-0.038541867469075175,0.325,2030,High
1002609,Waste,2027,33725.37017146221,-0.038541867469075175,0.325,2030,High
1002609,Waste,2028,32425.53142396821,-0.038541867469075175,0.325,2030,High
1002610,Waste,2024,59211.783675170016,-0.038541867469075175,0.325,2030,High
1002610,Waste,2025,56929.650956154066,-0.038541867469075175,0.325,2030,High
1002610,Waste,2026,54735.47589394127,-0.038541867469075175,0.325,2030,High
1002610,Waste,2027,52625.86843618023,-0.038541867469075175,0.325,2030,High
1002610,Waste,2028,50597.569189467984,-0.038541867469075175,0.325,2030,High
1002611,Petroleum and Natural Gas Systems,2024,126038.17474812499,-0.12944943670387588,0.75,2030,High
1002611,Petroleum and Natural Gas Systems,2025,109722.60402379553,-0.12944943670387588,0.75,2030,High
1002611,Petroleum and Natural Gas Systems,2026,95519.07473923278,-0.12944943670387588,0.75,2030,High
1002611,Petroleum and Natural Gas Systems,2027,83154.18431976368,-0.12944943670387588,0.75,2030,High
1002611,Petroleum and Natural Gas Systems,2028,72389.92199999999,-0.12944943670387588,0.75,2030,High
1002620,Minerals,2024,827225.0986282832,-0.022067231457071457,0.2,2030,High
1002620,Minerals,2025,808970.5309097541,-0.022067231457071457,0.2,2030,High
1002620,Minerals,2026,791118.7909622185,-0.022067231457071457,0.2,2030,High
1002620,Minerals,2027,773660.9894920168,-0.022067231457071457,0.2,2030,High
1002620,Minerals,2028,756588.4333675896,-0.022067231457071457,0.2,2030,High
1002621,Metals,2024,116543.04120813335,-0.029125207089559013,0.6,2050,Medium
1002621,Metals,2025,113148.70099809945,-0.029125207089559013,0.6,2050,Medium
1002621,Metals,2026,109853.22164961521,-0.029125207089559013,0.6,2050,Medium
1002621,Metals,2027,106653.72381961496,-0.029125207089559013,0.6,2050,Medium
1002621,Metals,2028,103547.41202649602,-0.029125207089559013,0.6,2050,Medium
1002628,Petroleum and Natural Gas Systems,2024,139650.3801909023,-0.12944943670387588,0.75,2030,High
1002628,Petroleum and Natural Gas Systems,2025,121572.7171397079,-0.12944943670387588,0.75,2030,High
1002628,Petroleum and Natural Gas Systems,2026,105835.19738741308,-0.12944943670387588,0.75,2030,High
1002628,Petroleum and Natural Gas Systems,2027,92134.89070216894,-0.12944943670387588,0.75,2030,High
1002628,Petroleum and Natural Gas Systems,2028,80208.08099999999,-0.12944943670387588,0.75,2030,High
1002629,Petroleum and Natural Gas Systems,2024,119303.37621172421,-0.12944943670387588,0.75,2030,High
1002629,Petroleum and Natural Gas Systems,2025,103859.62136424592,-0.12944943670387588,0.75,2030,High
1002629,Petroleum and Natural Gas Systems,2026,90415.05188236646,-0.12944943670387588,0.75,2030,High
1002629,Petroleum and Natural Gas Systems,2027,78710.8743466424,-0.12944943670387588,0.75,2030,High
1002629,Petroleum and Natural Gas Systems,2028,68521.79599999999,-0.12944943670387588,0.75,2030,High
1002643,Waste,2024,108460.64974361483,-0.038541867469075175,0.325,2030,High
1002643,Waste,2025,104280.37375558664,-0.038541867469075175,0.325,2030,High
1002643,Waste,2026,100261.2134106732,-0.038541867469075175,0.325,2030,High
1002643,Waste,2027,96396.95901111038,-0.038541867469075175,0.325,2030,High
1002643,Waste,2028,92681.64019248229,-0.038541867469075175,0.325,2030,High
1002644,Waste,2024,80381.74571211544,-0.038541867469075175,0.325,2030,High
1002644,Waste,2025,77283.68312194617,-0.038541867469075175,0.325,2030,High
1002644,Waste,2026,74305.02564953813,-0.038541867469075175,0.325,2030,High
1002644,Waste,2027,71441.1711986674,-0.038541867469075175,0.325,2030,High
1002644,Waste,2028,68687.69504649285,-0.038541867469075175,0.325,2030,High
1002646,Waste,2024,37600.94501155254,-0.038541867469075175,0.325,2030,High
1002646,Waste,2025,36151.7343722053,-0.038541867469075175,0.325,2030,High
1002646,Waste,2026,34758.379017254556,-0.038541867469075175,0.325,2030,High
1002646,Waste,2027,33418.726179731646,-0.038541867469075175,0.325,2030,High
1002646,Waste,2028,32130.706064327118,-0.038541867469075175,0.325,2030,High
1002649,Waste,2024,26710.508744374754,-0.038541867469075175,0.325,2030,High
1002649,Waste,2025,25681.03585631749,-0.038541867469075175,0.325,2030,High
1002649,Waste,2026,24691.240775874736,-0.038541867469075175,0.325,2030,High
1002649,Waste,2027,23739.594246243945,-0.038541867469075175,0.325,2030,High
1002649,Waste,2028,22824.625951035592,-0.038541867469075175,0.325,2030,High
1002655,Waste,2024,40213.75171377943,-0.038541867469075175,0.325,2030,High
1002655,Waste,2025,38663.83862479265,-0.038541867469075175,0.325,2030,High
1002655,Waste,2026,37173.662080670176,-0.038541867469075175,0.325,2030,High
1002655,Waste,2027,35740.9197234168,-0.038541867469075175,0.325,2030,High
1002655,Waste,2028,34363.39793221402,-0.038541867469075175,0.325,2030,High
1002664,Petroleum and Natural Gas Systems,2024,57153.559691629795,-0.12944943670387588,0.75,2030,High
1002664,Petroleum and Natural Gas Systems,2025,49755.063583926974,-0.12944943670387588,0.75,2030,High
1002664,Petroleum and Natural Gas Systems,2026,43314.2986298221,-0.12944943670387588,0.75,2030,High
1002664,Petroleum and Natural Gas Systems,2027,37707.28707096817,-0.12944943670387588,0.75,2030,High
1002664,Petroleum and Natural Gas Systems,2028,32826.09999999999,-0.12944943670387588,0.75,2030,High
1002665,Minerals,2024,1271302.3347234684,-0.022067231457071457,0.2,2030,High
1002665,Minerals,2025,1243248.2118512103,-0.022067231457071457,0.2,2030,High
1002665,Minerals,2026,1215813.1658016995,-0.022067231457071457,0.2,2030,High
1002665,Minerals,2027,1188983.5352633984,-0.022067231457071457,0.2,2030,High
1002665,Minerals,2028,1162745.9603920942,-0.022067231457071457,0.2,2030,High
1002677,Power Plants,2024,60656.44218326931,-0.11644604222876276,0.8,2035,Medium
1002677,Power Plants,2025,53593.23955534983,-0.11644604222876276,0.8,2035,Medium
1002677,Power Plants,2026,47352.518918911366,-0.11644604222876276,0.8,2035,Medium
1002677,Power Plants,2027,41838.50550124152,-0.11644604222876276,0.8,2035,Medium
1002677,Power Plants,2028,36966.577122855626,-0.11644604222876276,0.8,2035,Medium
1002678,Petroleum and Natural Gas Systems,2024,379043.6437084685,-0.12944943670387588,0.75,2030,High
1002678,Petroleum and Natural Gas Systems,2025,329976.6575442226,-0.12944943670387588,0.75,2030,High
1002678,Petroleum and Natural Gas Systems,2026,287261.3650996952,-0.12944943670387588,0.75,2030,High
1002678,Petroleum and Natural Gas Systems,2027,250075.54320075325,-0.12944943670387588,0.75,2030,High
1002678,Petroleum and Natural Gas Systems,2028,217703.40499999997,-0.12944943670387588,0.75,2030,High
1002679,Petroleum and Natural Gas Systems,2024,169200.86213625828,-0.12944943670387588,0.75,2030,High
1002679,Petroleum and Natural Gas Systems,2025,147297.9058429095,-0.12944943670387588,0.75,2030,High
1002679,Petroleum and Natural Gas Systems,2026,128230.27490388432,-0.12944943670387588,0.75,2030,High
1002679,Petroleum and Natural Gas Systems,2027,111630.93804919333,-0.12944943670387588,0.75,2030,High
1002679,Petroleum and Natural Gas Systems,2028,97180.37599999999,-0.12944943670387588,0.75,2030,High
1002698,Chemicals,2024,53061.51341380702,-0.045845005236247904,0.28,2030,Medium
1002698,Chemicals,2025,50628.908053507796,-0.045845005236247904,0.28,2030,Medium
1002698,Chemicals,2026,48307.82549868922,-0.045845005236247904,0.28,2030,Medium
1002698,Chemicals,2027,46093.15298575006,-0.045845005236247904,0.28,2030,Medium
1002698,Chemicals,2028,43980.012145763176,-0.045845005236247904,0.28,2030,Medium
1002700,Waste,2024,32615.784594379697,-0.038541867469075175,0.325,2030,High
1002700,Waste,2025,31358.71134714321,-0.038541867469075175,0.325,2030,High
1002700,Waste,2026,30150.088050400635,-0.038541867469075175,0.325,2030,High
1002700,Waste,2027,28988.047352581147,-0.038541867469075175,0.325,2030,High
1002700,Waste,2028,27870.793873330687,-0.038541867469075175,0.325,2030,High
1002702,Waste,2024,16946.084169110563,-0.038541867469075175,0.325,2030,High
1002702,Waste,2025,16292.95043894491,-0.038541867469075175,0.325,2030,High
1002702,Waste,2026,15664.989702446886,-0.038541867469075175,0.325,2030,High
1002702,Waste,2027,15061.231745430752,-0.038541867469075175,0.325,2030,High
1002702,Waste,2028,14480.743747577333,-0.038541867469075175,0.325,2030,High
1002706,Minerals,2024,50115.835033151045,-0.022067231457071457,0.2,2030,High
1002706,Minerals,2025,49009.917301810085,-0.022067231457071457,0.2,2030,High
1002706,Minerals,2026,47928.40411301911,-0.022067231457071457,0.2,2030,High
1002706,Minerals,2027,46870.75692608907,-0.022067231457071457,0.2,2030,High
1002706,Minerals,2028,45836.44908443293,-0.022067231457071457,0.2,2030,High
1002709,Chemicals,2024,31950.952469878357,-0.045845005236247904,0.28,2030,Medium
1002709,Chemicals,2025,30486.160886593676,-0.045845005236247904,0.28,2030,Medium
1002709,Chemicals,2026,29088.522681114693,-0.045845005236247904,0.28,2030,Medium
1002709,Chemicals,2027,27754.959206484273,-0.045845005236247904,0.28,2030,Medium
1002709,Chemicals,2028,26482.532956331157,-0.045845005236247904,0.28,2030,Medium
1002720,Waste,2024,123271.91227525374,-0.038541867469075175,0.325,2030,High
1002720,Waste,2025,118520.78256968144,-0.038541867469075175,0.325,2030,High
1002720,Waste,2026,113952.7702755497,-0.038541867469075175,0.325,2030,High
1002720,Waste,2027,109560.8177058555,-0.038541867469075175,0.325,2030,High
1002720,Waste,2028,105338.13919003292,-0.038541867469075175,0.325,2030,High
1002725,Minerals,2024,230338.0126922684,-0.022067231457071457,0.2,2030,High
1002725,Minerals,2025,225255.09045282623,-0.022067231457071457,0.2,2030,High
1002725,Minerals,2026,220284.33423492016,-0.022067231457071457,0.2,2030,High
1002725,Minerals,2027,215423.26884499128,-0.022067231457071457,0.2,2030,High
1002725,Minerals,2028,210669.47371014996,-0.022067231457071457,0.2,2030,High
1002729,Waste,2024,38218.92222623679,-0.038541867469075175,0.325,2030,High
1002729,Waste,2025,36745.89359098228,-0.038541867469075175,0.325,2030,High
1002729,Waste,2026,35329.6382301659,-0.038541867469075175,0.325,2030,High
1002729,Waste,2027,33967.96799576848,-0.038541867469075175,0.325,2030,High
1002729,Waste,2028,32658.779075081784,-0.038541867469075175,0.325,2030,High
1002730,Waste,2024,238538.2434099887,-0.038541867469075175,0.325,2030,High
1002730,Waste,2025,229344.53404617493,-0.038541867469075175,0.325,2030,High
1002730,Waste,2026,220505.16741021047,-0.038541867469075175,0.325,2030,High
1002730,Waste,2027,212006.48647163992,-0.038541867469075175,0.325,2030,High
1002730,Waste,2028,203835.3605674657,-0.038541867469075175,0.325,2030,High
1002735,Petroleum and Natural Gas Systems,2024,15125.930949944513,-0.12944943670387588,0.75,2030,High
1002735,Petroleum and Natural Gas Systems,2025,13167.887708852473,-0.12944943670387588,0.75,2030,High
1002735,Petroleum and Natural Gas Systems,2026,11463.31206236163,-0.12944943670387588,0.75,2030,High
1002735,Petroleum and Natural Gas Systems,2027,9979.392773128171,-0.12944943670387588,0.75,2030,High
1002735,Petroleum and Natural Gas Systems,2028,8687.565999999999,-0.12944943670387588,0.75,2030,High
1002738,Petroleum and Natural Gas Systems,2024,56174.00052789887,-0.12944943670387588,0.75,2030,High
1002738,Petroleum and Natural Gas Systems,2025,48902.30780215913,-0.12944943670387588,0.75,2030,High
1002738,Petroleum and Natural Gas Systems,2026,42571.931603650075,-0.12944943670387588,0.75,2030,High
1002738,Petroleum and Natural Gas Systems,2027,37061.01903816164,-0.12944943670387588,0.75,2030,High
1002738,Petroleum and Natural Gas Systems,2028,32263.490999999998,-0.12944943670387588,0.75,2030,High
1002744,Waste,2024,99869.38676708355,-0.038541867469075175,0.325,2030,High
1002744,Waste,2025,96020.2340980888,-0.038541867469075175,0.325,2030,High
1002744,Waste,2026,92319.4349611307,-0.038541867469075175,0.325,2030,High
1002744,Waste,2027,88761.2715340389,-0.038541867469075175,0.325,2030,High
1002744,Waste,2028,85340.24637018736,-0.038541867469075175,0.325,2030,High
1002745,Petroleum and Natural Gas Systems,2024,42446.94683150813,-0.12944943670387588,0.75,2030,High
1002745,Petroleum and Natural Gas Systems,2025,36952.21347437003,-0.12944943670387588,0.75,2030,High
1002745,Petroleum and Natural Gas Systems,2026,32168.770255151463,-0.12944943670387588,0.75,2030,High
1002745,Petroleum and Natural Gas Systems,2027,28004.541066165704,-0.12944943670387588,0.75,2030,High
1002745,Petroleum and Natural Gas Systems,2028,24379.368999999995,-0.12944943670387588,0.75,2030,High
1002746,Waste,2024,93441.231526283,-0.038541867469075175,0.325,2030,High
1002746,Waste,2025,89839.83196464981,-0.038541867469075175,0.325,2030,High
1002746,Waste,2026,86377.2370676243,-0.038541867469075175,0.325,2030,High
1002746,Waste,2027,83048.09704421904,-0.038541867469075175,0.325,2030,High
1002746,Waste,2028,79847.26829438187,-0.038541867469075175,0.325,2030,High
1002749,Chemicals,2024,49855.27020152236,-0.045845005236247904,0.28,2030,Medium
1002749,Chemicals,2025,47569.65507807901,-0.045845005236247904,0.28,2030,Medium
1002749,Chemicals,2026,45388.82399193798,-0.045845005236247904,0.28,2030,Medium
1002749,Chemicals,2027,43307.97311836044,-0.045845005236247904,0.28,2030,Medium
1002749,Chemicals,2028,41322.51886397793,-0.045845005236247904,0.28,2030,Medium
1002750,Minerals,2024,603763.2422142605,-0.022067231457071457,0.2,2030,High
1002750,Minerals,2025,590439.8590030465,-0.022067231457071457,0.2,2030,High
1002750,Minerals,2026,577410.4859729457,-0.022067231457071457,0.2,2030,High
1002750,Minerals,2027,564668.6351332406,-0.022067231457071457,0.2,2030,High
1002750,Minerals,2028,552207.9616652068,-0.022067231457071457,0.2,2030,High
1002756,Metals,2024,204340.5904799883,-0.029125207089559013,0.6,2050,Medium
1002756,Metals,2025,198389.1284654559,-0.029125207089559013,0.6,2050,Medium
1002756,Metals,2026,192611.00401458237,-0.029125207089559013,0.6,2050,Medium
1002756,Metals,2027,187001.16863492978,-0.029125207089559013,0.6,2050,Medium
1002756,Metals,2028,181554.72087244788,-0.029125207089559013,0.6,2050,Medium
1002758,Chemicals,2024,1255230.21443074,-0.045845005236247904,0.28,2030,Medium
1002758,Chemicals,2025,1197684.1786774662,-0.045845005236247904,0.28,2030,Medium
1002758,Chemicals,2026,1142776.3412346267,-0.045845005236247904,0.28,2030,Medium
1002758,Chemicals,2027,1090385.753886865,-0.045845005236247904,0.28,2030,Medium
1002758,Chemicals,2028,1040397.0132903915,-0.045845005236247904,0.28,2030,Medium
1002761,Petroleum and Natural Gas Systems,2024,187660.7510250647,-0.12944943670387588,0.75,2030,High
1002761,Petroleum and Natural Gas Systems,2025,163368.17251344377,-0.12944943670387588,0.75,2030,High
1002761,Petroleum and Natural Gas Systems,2026,142220.25460623688,-0.12944943670387588,0.75,2030,High
1002761,Petroleum and Natural Gas Systems,2027,123809.92275957769,-0.12944943670387588,0.75,2030,High
1002761,Petroleum and Natural Gas Systems,2028,107782.79799999998,-0.12944943670387588,0.75,2030,High
1002762,Petroleum and Natural Gas Systems,2024,79881.59606987235,-0.12944943670387588,0.75,2030,High
1002762,Petroleum and Natural Gas Systems,2025,69540.96845562084,-0.12944943670387588,0.75,2030,High
1002762,Petroleum and Natural Gas Systems,2026,60538.92926119872,-0.12944943670387588,0.75,2030,High
1002762,Petroleum and Natural Gas Systems,2027,52702.19896968075,-0.12944943670387588,0.75,2030,High
1002762,Petroleum and Natural Gas Systems,2028,45879.92899999999,-0.12944943670387588,0.75,2030,High
1002763,Petroleum and Natural Gas Systems,2024,53356.72653606107,-0.12944943670387588,0.75,2030,High
1002763,Petroleum and Natural Gas Systems,2025,46449.728341605216,-0.12944943670387588,0.75,2030,High
1002763,Petroleum and Natural Gas Systems,2026,40436.83717273636,-0.12944943670387588,0.75,2030,High
1002763,Petroleum and Natural Gas Systems,2027,35202.31137863929,-0.12944943670387588,0.75,2030,High
1002763,Petroleum and Natural Gas Systems,2028,30645.391999999996,-0.12944943670387588,0.75,2030,High
1002771,Metals,2024,223475.65303569075,-0.029125207089559013,0.6,2050,Medium
1002771,Metals,2025,216966.87836155182,-0.029125207089559013,0.6,2050,Medium
1002771,Metals,2026,210647.67309769648,-0.029125207089559013,0.6,2050,Medium
1002771,Metals,2027,204512.51599579235,-0.029125207089559013,0.6,2050,Medium
1002771,Metals,2028,198556.04661500812,-0.029125207089559013,0.6,2050,Medium
1002777,Metals,2024,894508.9991791694,-0.029125207089559013,0.6,2050,Medium
1002777,Metals,2025,868456.2393346019,-0.029125207089559013,0.6,2050,Medium
1002777,Metals,2026,843162.271515762,-0.029125207089559013,0.6,2050,Medium
1002777,Metals,2027,818604.9957477625,-0.029125207089559013,0.6,2050,Medium
1002777,Metals,2028,794762.9557220613,-0.029125207089559013,0.6,2050,Medium
1002784,Petroleum and Natural Gas Systems,2024,57598.34834983356,-0.12944943670387588,0.75,2030,High
1002784,Petroleum and Natural Gas Systems,2025,50142.274600873985,-0.12944943670387588,0.75,2030,High
1002784,Petroleum and Natural Gas Systems,2026,43651.38539873979,-0.12944943670387588,0.75,2030,High
1002784,Petroleum and Natural Gas Systems,2027,38000.738147529126,-0.12944943670387588,0.75,2030,High
1002784,Petroleum and Natural Gas Systems,2028,33081.56399999999,-0.12944943670387588,0.75,2030,High
1002788,Waste,2024,88013.31963907965,-0.038541867469075175,0.325,2030,High
1002788,Waste,2025,84621.12193803689,-0.038541867469075175,0.325,2030,High
1002788,Waste,2026,81359.66587121662,-0.038541867469075175,0.325,2030,High
1002788,Waste,2027,78223.91241187997,-0.038541867469075175,0.325,2030,High
1002788,Waste,2028,75209.01674678874,-0.038541867469075175,0.325,2030,High
1002789,Chemicals,2024,96013.34627975432,-0.045845005236247904,0.28,2030,Medium
1002789,Chemicals,2025,91611.6139168093,-0.045845005236247904,0.28,2030,Medium
1002789,Chemicals,2026,87411.67899709207,-0.045845005236247904,0.28,2030,Medium
1002789,Chemicals,2027,83404.29011576115,-0.045845005236247904,0.28,2030,Medium
1002789,Chemicals,2028,79580.61999867855,-0.045845005236247904,0.28,2030,Medium
1002790,Chemicals,2024,62731.14912794163,-0.045845005236247904,0.28,2030,Medium
1002790,Chemicals,2025,59855.239267695295,-0.045845005236247904,0.28,2030,Medium
1002790,Chemicals,2026,57111.17551005094,-0.045845005236247904,0.28,2030,Medium
1002790,Chemicals,2027,54492.913369744376,-0.045845005236247904,0.28,2030,Medium
1002790,Chemicals,2028,51994.68547097005,-0.045845005236247904,0.28,2030,Medium
1002795,Metals,2024,202662.31107021874,-0.029125207089559013,0.6,2050,Medium
1002795,Metals,2025,196759.72929104997,-0.029125207089559013,0.6,2050,Medium
1002795,Metals,2026,191029.0614285626,-0.029125207089559013,0.6,2050,Medium
1002795,Metals,2027,185465.30045433162,-0.029125207089559013,0.6,2050,Medium
1002795,Metals,2028,180063.58517067193,-0.029125207089559013,0.6,2050,Medium
1002798,Petroleum Product Suppliers,2024,29864.438605665902,-0.027507527533926934,0.2,2030,Low
1002798,Petroleum Product Suppliers,2025,29042.941738435275,-0.027507527533926934,0.2,2030,Low
1002798,Petroleum Product Suppliers,2026,28244.04221889903,-0.027507527533926934,0.2,2030,Low
1002798,Petroleum Product Suppliers,2027,27467.11844989327,-0.027507527533926934,0.2,2030,Low
1002798,Petroleum Product Suppliers,2028,26711.5659328552,-0.027507527533926934,0.2,2030,Low
1002802,Power Plants,2024,896227.9879577961,-0.11644604222876276,0.8,2035,Medium
1002802,Power Plants,2025,791865.7858254634,-0.11644604222876276,0.8,2035,Medium
1002802,Power Plants,2026,699656.1490897192,-0.11644604222876276,0.8,2035,Medium
1002802,Power Plants,2027,618183.9596072041,-0.11644604222876276,0.8,2035,Medium
1002802,Power Plants,2028,546198.8841416398,-0.11644604222876276,0.8,2035,Medium
1002807,Minerals,2024,70559.34353164263,-0.022067231457071457,0.2,2030,High
1002807,Minerals,2025,69002.29416647085,-0.022067231457071457,0.2,2030,High
1002807,Minerals,2026,67479.60457003041,-0.022067231457071457,0.2,2030,High
1002807,Minerals,2027,65990.51651735189,-0.022067231457071457,0.2,2030,High
1002807,Minerals,2028,64534.288515391796,-0.022067231457071457,0.2,2030,High
1002818,Power Plants,2024,632784.8185625339,-0.11644604222876276,0.8,2035,Medium
1002818,Power Plants,2025,559099.5308584811,-0.11644604222876276,0.8,2035,Medium
1002818,Power Plants,2026,493994.603278053,-0.11644604222876276,0.8,2035,Medium
1002818,Power Plants,2027,436470.8868439559,-0.11644604222876276,0.8,2035,Medium
1002818,Power Plants,2028,385645.57952289906,-0.11644604222876276,0.8,2035,Medium
1002820,Power Plants,2024,11398.863909408314,-0.11644604222876276,0.8,2035,Medium
1002820,Power Plants,2025,10071.511321253432,-0.11644604222876276,0.8,2035,Medium
1002820,Power Plants,2026,8898.723688631293,-0.11644604222876276,0.8,2035,Medium
1002820,Power Plants,2027,7862.502534202842,-0.11644604222876276,0.8,2035,Medium
1002820,Power Plants,2028,6946.945232081303,-0.11644604222876276,0.8,2035,Medium
1002821,Power Plants,2024,11365.46556980456,-0.11644604222876276,0.8,2035,Medium
1002821,Power Plants,2025,10042.002086113549,-0.11644604222876276,0.8,2035,Medium
1002821,Power Plants,2026,8872.650687132647,-0.11644604222876276,0.8,2035,Medium
1002821,Power Plants,2027,7839.4656305377375,-0.11644604222876276,0.8,2035,Medium
1002821,Power Plants,2028,6926.590884673206,-0.11644604222876276,0.8,2035,Medium
1002838,Petroleum and Natural Gas Systems,2024,35034.20007953601,-0.12944943670387588,0.75,2030,High
1002838,Petroleum and Natural Gas Systems,2025,30499.042613869184,-0.12944943670387588,0.75,2030,High
1002838,Petroleum and Natural Gas Systems,2026,26550.958727496312,-0.12944943670387588,0.75,2030,High
1002838,Petroleum and Natural Gas Systems,2027,23113.952076274058,-0.12944943670387588,0.75,2030,High
1002838,Petroleum and Natural Gas Systems,2028,20121.863999999998,-0.12944943670387588,0.75,2030,High
1002849,Petroleum and Natural Gas Systems,2024,54377.173718648904,-0.12944943670387588,0.75,2030,High
1002849,Petroleum and Natural Gas Systems,2025,47338.079211221,-0.12944943670387588,0.75,2030,High
1002849,Petroleum and Natural Gas Systems,2026,41210.19152268498,-0.12944943670387588,0.75,2030,High
1002849,Petroleum and Natural Gas Systems,2027,35875.55544361457,-0.12944943670387588,0.75,2030,High
1002849,Petroleum and Natural Gas Systems,2028,31231.484999999997,-0.12944943670387588,0.75,2030,High
1002855,Waste,2024,31191.865100101397,-0.038541867469075175,0.325,2030,High
1002855,Waste,2025,29989.672369300017,-0.038541867469075175,0.325,2030,High
1002855,Waste,2026,28833.81439140147,-0.038541867469075175,0.325,2030,High
1002855,Waste,2027,27722.505338500163,-0.038541867469075175,0.325,2030,High
1002855,Waste,2028,26654.02821183296,-0.038541867469075175,0.325,2030,High
1002863,Waste,2024,153129.51385193533,-0.038541867469075175,0.325,2030,High
1002863,Waste,2025,147227.61642345012,-0.038541867469075175,0.325,2030,High
1002863,Waste,2026,141553.18914346967,-0.038541867469075175,0.325,2030,High
1002863,Waste,2027,136097.46488767714,-0.038541867469075175,0.325,2030,High
1002863,Waste,2028,130852.01443309919,-0.038541867469075175,0.325,2030,High
1002864,Minerals,2024,95979.93523889445,-0.022067231457071457,0.2,2030,High
1002864,Minerals,2025,93861.92379274304,-0.022067231457071457,0.2,2030,High
1002864,Minerals,2026,91790.65099540257,-0.022067231457071457,0.2,2030,High
1002864,Minerals,2027,89765.08545429175,-0.022067231457071457,0.2,2030,High
1002864,Minerals,2028,87784.21853680811,-0.022067231457071457,0.2,2030,High
1002875,Metals,2024,51184.113256575016,-0.029125207089559013,0.6,2050,Medium
1002875,Metals,2025,49693.36535828182,-0.029125207089559013,0.6,2050,Medium
1002875,Metals,2026,48246.03580124475,-0.029125207089559013,0.6,2050,Medium
1002875,Metals,2027,46840.860017283216,-0.029125207089559013,0.6,2050,Medium
1002875,Metals,2028,45476.610269026794,-0.029125207089559013,0.6,2050,Medium
1002880,Power Plants,2024,21951.24425089764,-0.11644604222876276,0.8,2035,Medium
1002880,Power Plants,2025,19395.108735883725,-0.11644604222876276,0.8,2035,Medium
1002880,Power Plants,2026,17136.625084993564,-0.11644604222876276,0.8,2035,Medium
1002880,Power Plants,2027,15141.132916687926,-0.11644604222876276,0.8,2035,Medium
1002880,Power Plants,2028,13378.007913679974,-0.11644604222876276,0.8,2035,Medium
1002887,Minerals,2024,43833.32501858715,-0.022067231457071457,0.2,2030,High
1002887,Minerals,2025,42866.04488986895,-0.022067231457071457,0.2,2030,High
1002887,Minerals,2026,41920.109955634995,-0.022067231457071457,0.2,2030,High
1002887,Minerals,2027,40995.04918653811,-0.022067231457071457,0.2,2030,High
1002887,Minerals,2028,40090.40194754475,-0.022067231457071457,0.2,2030,High
1002890,Waste,2024,68694.86444877675,-0.038541867469075175,0.325,2030,High
1002890,Waste,2025,66047.2360873859,-0.038541867469075175,0.325,2030,High
1002890,Waste,2026,63501.65226740716,-0.038541867469075175,0.325,2030,High
1002890,Waste,2027,61054.18000164946,-0.038541867469075175,0.325,2030,High
1002890,Waste,2028,58701.03788759283,-0.038541867469075175,0.325,2030,High
1002905,Minerals,2024,141380.2997257948,-0.022067231457071457,0.2,2030,High
1002905,Minerals,2025,138260.42792827552,-0.022067231457071457,0.2,2030,High
1002905,Minerals,2026,135209.4030638285,-0.022067231457071457,0.2,2030,High
1002905,Minerals,2027,132225.70587124655,-0.022067231457071457,0.2,2030,High
1002905,Minerals,2028,129307.85061521111,-0.022067231457071457,0.2,2030,High
1002910,Minerals,2024,726199.8165616532,-0.022067231457071457,0.2,2030,High
1002910,Minerals,2025,710174.5971255043,-0.022067231457071457,0.2,2030,High
1002910,Minerals,2026,694503.0099158033,-0.022067231457071457,0.2,2030,High
1002910,Minerals,2027,679177.2512483585,-0.022067231457071457,0.2,2030,High
1002910,Minerals,2028,664189.6896446835,-0.022067231457071457,0.2,2030,High
1002911,Minerals,2024,66080.15327746511,-0.022067231457071457,0.2,2030,High
1002911,Minerals,2025,64621.94724037253,-0.022067231457071457,0.2,2030,High
1002911,Minerals,2026,63195.91977341257,-0.022067231457071457,0.2,2030,High
1002911,Minerals,2027,61801.36078463016,-0.022067231457071457,0.2,2030,High
1002911,Minerals,2028,60437.575851833746,-0.022067231457071457,0.2,2030,High
1002919,Minerals,2024,510041.686235073,-0.022067231457071457,0.2,2030,High
1002919,Minerals,2025,498786.4782921686,-0.022067231457071457,0.2,2030,High
1002919,Minerals,2026,487779.6416280378,-0.022067231457071457,0.2,2030,High
1002919,Minerals,2027,477015.69537618454,-0.022067231457071457,0.2,2030,High
1002919,Minerals,2028,466489.27961766237,-0.022067231457071457,0.2,2030,High
1002923,Petroleum and Natural Gas Systems,2024,54394.59343542046,-0.12944943670387588,0.75,2030,High
1002923,Petroleum and Natural Gas Systems,2025,47353.24395546893,-0.12944943670387588,0.75,2030,High
1002923,Petroleum and Natural Gas Systems,2026,41223.39319933227,-0.12944943670387588,0.75,2030,High
1002923,Petroleum and Natural Gas Systems,2027,35887.048170656315,-0.12944943670387588,0.75,2030,High
1002923,Petroleum and Natural Gas Systems,2028,31241.489999999998,-0.12944943670387588,0.75,2030,High
1002925,Industrial Gas Suppliers,2024,7714.748306617679,-0.07917334800604625,0.85,2036,High
1002925,Industrial Gas Suppliers,2025,7103.945854158782,-0.07917334800604625,0.85,2036,High
1002925,Industrial Gas Suppliers,2026,6541.502676831359,-0.07917334800604625,0.85,2036,High
1002925,Industrial Gas Suppliers,2027,6023.590008916107,-0.07917334800604625,0.85,2036,High
1002925,Industrial Gas Suppliers,2028,5546.682220894449,-0.07917334800604625,0.85,2036,High
1002928,Minerals,2024,767760.6605300109,-0.022067231457071457,0.2,2030,High
1002928,Minerals,2025,750818.308330461,-0.022067231457071457,0.2,2030,High
1002928,Minerals,2026,734249.826938326,-0.022067231457071457,0.2,2030,High
1002928,Minerals,2027,718046.9660599633,-0.022067231457071457,0.2,2030,High
1002928,Minerals,2028,702201.6574628702,-0.022067231457071457,0.2,2030,High
1002929,Minerals,2024,47469.46290339025,-0.022067231457071457,0.2,2030,High
1002929,Minerals,2025,46421.94327835827,-0.022067231457071457,0.2,2030,High
1002929,Minerals,2026,45397.53951134769,-0.022067231457071457,0.2,2030,High
1002929,Minerals,2027,44395.74149936924,-0.022067231457071457,0.2,2030,High
1002929,Minerals,2028,43416.050395994345,-0.022067231457071457,0.2,2030,High
1002933,Metals,2024,47834.18939537055,-0.029125207089559013,0.6,2050,Medium
1002933,Metals,2025,46441.008723269195,-0.029125207089559013,0.6,2050,Medium
1002933,Metals,2026,45088.404726755965,-0.029125207089559013,0.6,2050,Medium
1002933,Metals,2027,43775.195601751344,-0.029125207089559013,0.6,2050,Medium
1002933,Metals,2028,42500.23396446438,-0.029125207089559013,0.6,2050,Medium
1002943,Petroleum and Natural Gas Systems,2024,187315.76402453834,-0.12944943670387588,0.75,2030,High
1002943,Petroleum and Natural Gas Systems,2025,163067.84388580572,-0.12944943670387588,0.75,2030,High
1002943,Petroleum and Natural Gas Systems,2026,141958.80335027262,-0.12944943670387588,0.75,2030,High
1002943,Petroleum and Natural Gas Systems,2027,123582.31622142352,-0.12944943670387588,0.75,2030,High
1002943,Petroleum and Natural Gas Systems,2028,107584.65499999998,-0.12944943670387588,0.75,2030,High
1002955,Chemicals,2024,112665.48061233011,-0.045845005236247904,0.28,2030,Medium
1002955,Chemicals,2025,107500.33106371346,-0.045845005236247904,0.28,2030,Medium
1002955,Chemicals,2026,102571.97782319914,-0.045845005236247904,0.28,2030,Medium
1002955,Chemicals,2027,97869.56496280225,-0.045845005236247904,0.28,2030,Medium
1002955,Chemicals,2028,93382.73424461328,-0.045845005236247904,0.28,2030,Medium
1002958,Metals,2024,210159.91884296382,-0.029125207089559013,0.6,2050,Medium
1002958,Metals,2025,204038.96768473755,-0.029125207089559013,0.6,2050,Medium
1002958,Metals,2026,198096.29049657975,-0.029125207089559013,0.6,2050,Medium
1002958,Metals,2027,192326.69501219344,-0.029125207089559013,0.6,2050,Medium
1002958,Metals,2028,186725.14019111282,-0.029125207089559013,0.6,2050,Medium
1002961,Minerals,2024,32318.99204425082,-0.022067231457071457,0.2,2030,High
1002961,Minerals,2025,31605.801366351083,-0.022067231457071457,0.2,2030,High
1002961,Minerals,2026,30908.34883221359,-0.022067231457071457,0.2,2030,High
1002961,Minerals,2027,30226.28714457723,-0.022067231457071457,0.2,2030,High
1002961,Minerals,2028,29559.27667006994,-0.022067231457071457,0.2,2030,High
1002964,Waste,2024,145637.3513541881,-0.038541867469075175,0.325,2030,High
1002964,Waste,2025,140024.21585974784,-0.038541867469075175,0.325,2030,High
1002964,Waste,2026,134627.42108962027,-0.038541867469075175,0.325,2030,High
1002964,Waste,2027,129438.62886828076,-0.038541867469075175,0.325,2030,High
1002964,Waste,2028,124449.82238906068,-0.038541867469075175,0.325,2030,High
1002970,Petroleum Product Suppliers,2024,408488.64005218714,-0.027507527533926934,0.2,2030,Low
1002970,Petroleum Product Suppliers,2025,397252.12753865524,-0.027507527533926934,0.2,2030,Low
1002970,Petroleum Product Suppliers,2026,386324.70370247465,-0.027507527533926934,0.2,2030,Low
1002970,Petroleum Product Suppliers,2027,375697.86627834267,-0.027507527533926934,0.2,2030,Low
1002970,Petroleum Product Suppliers,2028,365363.3468772535,-0.027507527533926934,0.2,2030,Low
1002993,Chemicals,2024,45670.1708299695,-0.045845005236247904,0.28,2030,Medium
1002993,Chemicals,2025,43576.42160912922,-0.045845005236247904,0.28,2030,Medium
1002993,Chemicals,2026,41578.66033228175,-0.045845005236247904,0.28,2030,Medium
1002993,Chemicals,2027,39672.48643163211,-0.045845005236247904,0.28,2030,Medium
1002993,Chemicals,2028,37853.701083438966,-0.045845005236247904,0.28,2030,Medium
1002994,Minerals,2024,272402.40402247664,-0.022067231457071457,0.2,2030,High
1002994,Minerals,2025,266391.23712345,-0.022067231457071457,0.2,2030,High
1002994,Minerals,2026,260512.7200357112,-0.022067231457071457,0.2,2030,High
1002994,Minerals,2027,254763.9255451719,-0.022067231457071457,0.2,2030,High
1002994,Minerals,2028,249141.99103325448,-0.022067231457071457,0.2,2030,High
1003005,Minerals,2024,867212.5700357187,-0.022067231457071457,0.2,2030,High
1003005,Minerals,2025,848075.5895302587,-0.022067231457071457,0.2,2030,High
1003005,Minerals,2026,829360.9092030022,-0.022067231457071457,0.2,2030,High
1003005,Minerals,2027,811059.2100581723,-0.022067231457071457,0.2,2030,High
1003005,Minerals,2028,793161.3787444292,-0.022067231457071457,0.2,2030,High
1003029,Waste,2024,9034.485561046715,-0.038541867469075175,0.325,2030,High
1003029,Waste,2025,8686.279615901578,-0.038541867469075175,0.325,2030,High
1003029,Waste,2026,8351.494178146171,-0.038541867469075175,0.325,2030,High
1003029,Waste,2027,8029.611996363308,-0.038541867469075175,0.325,2030,High
1003029,Waste,2028,7720.1357549713775,-0.038541867469075175,0.325,2030,High
1003033,Waste,2024,82339.17640121888,-0.038541867469075175,0.325,2030,High
1003033,Waste,2025,79165.6707768503,-0.038541867469075175,0.325,2030,High
1003033,Waste,2026,76114.4779856685,-0.038541867469075175,0.325,2030,High
1003033,Waste,2027,73180.88386266703,-0.038541867469075175,0.325,2030,High
1003033,Waste,2028,70360.35593556233,-0.038541867469075175,0.325,2030,High
1003035,Waste,2024,133570.3306973256,-0.038541867469075175,0.325,2030,High
1003035,Waste,2025,128422.28071378873,-0.038541867469075175,0.325,2030,High
1003035,Waste,2026,123472.64619044152,-0.038541867469075175,0.325,2030,High
1003035,Waste,2027,118713.77982491351,-0.038541867469075175,0.325,2030,High
1003035,Waste,2028,114138.32905614874,-0.038541867469075175,0.325,2030,High
1003038,Waste,2024,25739.33988470527,-0.038541867469075175,0.325,2030,High
1003038,Waste,2025,24747.297658127478,-0.038541867469075175,0.325,2030,High
1003038,Waste,2026,23793.490591570175,-0.038541867469075175,0.325,2030,High
1003038,Waste,2027,22876.44503056319,-0.038541867469075175,0.325,2030,High
1003038,Waste,2028,21994.744118031642,-0.038541867469075175,0.325,2030,High
1003039,Waste,2024,52750.881170375455,-0.038541867469075175,0.325,2030,High
1003039,Waste,2025,50717.76369942991,-0.038541867469075175,0.325,2030,High
1003039,Waste,2026,48763.00637259861,-0.038541867469075175,0.325,2030,High
1003039,Waste,2027,46883.58904359225,-0.038541867469075175,0.325,2030,High
1003039,Waste,2028,45076.60796819953,-0.038541867469075175,0.325,2030,High
1003043,Petroleum Product Suppliers,2024,4091339.1136949374,-0.027507527533926934,0.2,2030,Low
1003043,Petroleum Product Suppliers,2025,3978796.4903743416,-0.027507527533926934,0.2,2030,Low
1003043,Petroleum Product Suppliers,2026,3869349.6363634774,-0.027507527533926934,0.2,2030,Low
1003043,Petroleum Product Suppliers,2027,3762913.394702819,-0.027507527533926934,0.2,2030,Low
1003043,Petroleum Product Suppliers,2028,3659404.9508902486,-0.027507527533926934,0.2,2030,Low
1003052,Metals,2024,74082.88456847073,-0.029125207089559013,0.6,2050,Medium
1003052,Metals,2025,71925.20521362212,-0.029125207089559013,0.6,2050,Medium
1003052,Metals,2026,69830.36871681635,-0.029125207089559013,0.6,2050,Medium
1003052,Metals,2027,67796.54476679882,-0.029125207089559013,0.6,2050,Medium
1003052,Metals,2028,65821.95636050924,-0.029125207089559013,0.6,2050,Medium
1003068,Petroleum and Natural Gas Systems,2024,33380.33856599279,-0.12944943670387588,0.75,2030,High
1003068,Petroleum and Natural Gas Systems,2025,29059.272541640355,-0.12944943670387588,0.75,2030,High
1003068,Petroleum and Natural Gas Systems,2026,25297.566080100605,-0.12944943670387588,0.75,2030,High
1003068,Petroleum and Natural Gas Systems,2027,22022.810401052506,-0.12944943670387588,0.75,2030,High
1003068,Petroleum and Natural Gas Systems,2028,19171.969999999998,-0.12944943670387588,0.75,2030,High
1003084,Power Plants,2024,23687.55147547221,-0.11644604222876276,0.8,2035,Medium
1003084,Power Plants,2025,20929.22985606338,-0.11644604222876276,0.8,2035,Medium
1003084,Power Plants,2026,18492.103872428743,-0.11644604222876276,0.8,2035,Medium
1003084,Power Plants,2027,16338.771564001236,-0.11644604222876276,0.8,2035,Medium
1003084,Power Plants,2028,14436.18628049344,-0.11644604222876276,0.8,2035,Medium
1003097,Petroleum and Natural Gas Systems,2024,57284.53750607995,-0.12944943670387588,0.75,2030,High
1003097,Petroleum and Natural Gas Systems,2025,49869.08639407585,-0.12944943670387588,0.75,2030,High
1003097,Petroleum and Natural Gas Systems,2026,43413.56125142581,-0.12944943670387588,0.75,2030,High
1003097,Petroleum and Natural Gas Systems,2027,37793.70020211952,-0.12944943670387588,0.75,2030,High
1003097,Petroleum and Natural Gas Systems,2028,32901.32699999999,-0.12944943670387588,0.75,2030,High
1003101,Waste,2024,89107.93972296611,-0.038541867469075175,0.325,2030,High
1003101,Waste,2025,85673.5533197212,-0.038541867469075175,0.325,2030,High
1003101,Waste,2026,82371.53458206778,-0.038541867469075175,0.325,2030,High
1003101,Waste,2027,79196.78181298138,-0.038541867469075175,0.325,2030,High
1003101,Waste,2028,76144.38994436819,-0.038541867469075175,0.325,2030,High
1003103,Waste,2024,33356.588085494775,-0.038541867469075175,0.325,2030,High
1003103,Waste,2025,32070.9628882831,-0.038541867469075175,0.325,2030,High
1003103,Waste,2026,30834.888087037267,-0.038541867469075175,0.325,2030,High
1003103,Waste,2027,29646.453916962913,-0.038541867469075175,0.325,2030,High
1003103,Waste,2028,28503.824219167283,-0.038541867469075175,0.325,2030,High
1003110,Waste,2024,33831.52148213734,-0.038541867469075175,0.325,2030,High
1003110,Waste,2025,32527.59146489563,-0.038541867469075175,0.325,2030,High
1003110,Waste,2026,31273.917345567406,-0.038541867469075175,0.325,2030,High
1003110,Waste,2027,30068.562167995737,-0.038541867469075175,0.325,2030,High
1003110,Waste,2028,28909.663629931198,-0.038541867469075175,0.325,2030,High
1003134,Chemicals,2024,116513.6296890321,-0.045845005236247904,0.28,2030,Medium
1003134,Chemicals,2025,111172.06172584416,-0.045845005236247904,0.28,2030,Medium
1003134,Chemicals,2026,106075.37797389837,-0.045845005236247904,0.28,2030,Medium
1003134,Chemicals,2027,101212.35171524802,-0.045845005236247904,0.28,2030,Medium
1003134,Chemicals,2028,96572.27092088951,-0.045845005236247904,0.28,2030,Medium
1003141,Metals,2024,25519.397329660882,-0.029125207089559013,0.6,2050,Medium
1003141,Metals,2025,24776.13959763377,-0.029125207089559013,0.6,2050,Medium
1003141,Metals,2026,24054.529400972864,-0.029125207089559013,0.6,2050,Medium
1003141,Metals,2027,23353.936250727642,-0.029125207089559013,0.6,2050,Medium
1003141,Metals,2028,22673.74802106884,-0.029125207089559013,0.6,2050,Medium
1003147,Waste,2024,88083.50608275441,-0.038541867469075175,0.325,2030,High
1003147,Waste,2025,84688.60326510141,-0.038541867469075175,0.325,2030,High
1003147,Waste,2026,81424.5463419168,-0.038541867469075175,0.325,2030,High
1003147,Waste,2027,78286.29226807707,-0.038541867469075175,0.325,2030,High
1003147,Waste,2028,75268.99236683556,-0.038541867469075175,0.325,2030,High
1003153,Petroleum and Natural Gas Systems,2024,20459.85344869817,-0.12944943670387588,0.75,2030,High
1003153,Petroleum and Natural Gas Systems,2025,17811.336944720337,-0.12944943670387588,0.75,2030,High
1003153,Petroleum and Natural Gas Systems,2026,15505.669410283357,-0.12944943670387588,0.75,2030,High
1003153,Petroleum and Natural Gas Systems,2027,13498.469239405656,-0.12944943670387588,0.75,2030,High
1003153,Petroleum and Natural Gas Systems,2028,11751.099999999999,-0.12944943670387588,0.75,2030,High
1003157,Chemicals,2024,53806.124521860715,-0.045845005236247904,0.28,2030,Medium
1003157,Chemicals,2025,51339.3824614138,-0.045845005236247904,0.28,2030,Medium
1003157,Chemicals,2026,48985.728203644554,-0.045845005236247904,0.28,2030,Medium
1003157,Chemicals,2027,46739.97723764705,-0.045845005236247904,0.28,2030,Medium
1003157,Chemicals,2028,44597.182736445015,-0.045845005236247904,0.28,2030,Medium
1003186,Chemicals,2024,53271.27484785588,-0.045845005236247904,0.28,2030,Medium
1003186,Chemicals,2025,50829.05297351432,-0.045845005236247904,0.28,2030,Medium
1003186,Chemicals,2026,48498.79477379004,-0.045845005236247904,0.28,2030,Medium
1003186,Chemicals,2027,46275.36727343392,-0.045845005236247904,0.28,2030,Medium
1003186,Chemicals,2028,44153.87281847405,-0.045845005236247904,0.28,2030,Medium
1003191,Petroleum and Natural Gas Systems,2024,59990.33053388316,-0.12944943670387588,0.75,2030,High
1003191,Petroleum and Natural Gas Systems,2025,52224.61603859266,-0.12944943670387588,0.75,2030,High
1003191,Petroleum and Natural Gas Systems,2026,45464.168910320644,-0.12944943670387588,0.75,2030,High
1003191,Petroleum and Natural Gas Systems,2027,39578.85785466977,-0.12944943670387588,0.75,2030,High
1003191,Petroleum and Natural Gas Systems,2028,34455.39699999999,-0.12944943670387588,0.75,2030,High
1003193,Petroleum and Natural Gas Systems,2024,33795.58596138166,-0.12944943670387588,0.75,2030,High
1003193,Petroleum and Natural Gas Systems,2025,29420.766395603387,-0.12944943670387588,0.75,2030,High
1003193,Petroleum and Natural Gas Systems,2026,25612.26475829621,-0.12944943670387588,0.75,2030,High
1003193,Petroleum and Natural Gas Systems,2027,22296.771512624233,-0.12944943670387588,0.75,2030,High
1003193,Petroleum and Natural Gas Systems,2028,19410.466999999997,-0.12944943670387588,0.75,2030,High
1003204,Metals,2024,458812.7397273137,-0.029125207089559013,0.6,2050,Medium
1003204,Metals,2025,445449.72366742766,-0.029125207089559013,0.6,2050,Medium
1003204,Metals,2026,432475.90821762703,-0.029125207089559013,0.6,2050,Medium
1003204,Metals,2027,419879.95782954356,-0.029125207089559013,0.6,2050,Medium
1003204,Metals,2028,407650.86710500275,-0.029125207089559013,0.6,2050,Medium
1003223,Petroleum and Natural Gas Systems,2024,170723.01805508044,-0.12944943670387588,0.75,2030,High
1003223,Petroleum and Natural Gas Systems,2025,148623.01953546464,-0.12944943670387588,0.75,2030,High
1003223,Petroleum and Natural Gas Systems,2026,129383.8533753696,-0.12944943670387588,0.75,2030,High
1003223,Petroleum and Natural Gas Systems,2027,112635.18643735113,-0.12944943670387588,0.75,2030,High
1003223,Petroleum and Natural Gas Systems,2028,98054.62499999999,-0.12944943670387588,0.75,2030,High
1003227,Waste,2024,30683.446039619044,-0.038541867469075175,0.325,2030,High
1003227,Waste,2025,29500.848728865527,-0.038541867469075175,0.325,2030,High
1003227,Waste,2026,28363.830926932358,-0.038541867469075175,0.325,2030,High
1003227,Waste,2027,27270.635914431274,-0.038541867469075175,0.325,2030,High
1003227,Waste,2028,26219.574679219862,-0.038541867469075175,0.325,2030,High
1003242,Waste,2024,61843.579175514395,-0.038541867469075175,0.325,2030,High
1003242,Waste,2025,59460.01214311845,-0.038541867469075175,0.325,2030,High
1003242,Waste,2026,57168.31223538879,-0.038541867469075175,0.325,2030,High
1003242,Waste,2027,54964.93872178173,-0.038541867469075175,0.325,2030,High
1003242,Waste,2028,52846.487338120976,-0.038541867469075175,0.325,2030,High
1003243,Waste,2024,136676.6038631577,-0.038541867469075175,0.325,2030,High
1003243,Waste,2025,131408.8323109406,-0.038541867469075175,0.325,2030,High
1003243,Waste,2026,126344.0905117464,-0.038541867469075175,0.325,2030,High
1003243,Waste,2027,121474.55331974184,-0.038541867469075175,0.325,2030,High
1003243,Waste,2028,116792.69718482725,-0.038541867469075175,0.325,2030,High
1003261,Chemicals,2024,84242.49333587085,-0.045845005236247904,0.28,2030,Medium
1003261,Chemicals,2025,80380.39578777328,-0.045845005236247904,0.28,2030,Medium
1003261,Chemicals,2026,76695.35612199114,-0.045845005236247904,0.28,2030,Medium
1003261,Chemicals,2027,73179.25711898255,-0.045845005236247904,0.28,2030,Medium
1003261,Chemicals,2028,69824.35369317807,-0.045845005236247904,0.28,2030,Medium
1003267,Petroleum and Natural Gas Systems,2024,75034.90156928315,-0.12944943670387588,0.75,2030,High
1003267,Petroleum and Natural Gas Systems,2025,65321.67582800867,-0.12944943670387588,0.75,2030,High
1003267,Petroleum and Natural Gas Systems,2026,56865.82168751976,-0.12944943670387588,0.75,2030,High
1003267,Petroleum and Natural Gas Systems,2027,49504.57310236728,-0.12944943670387588,0.75,2030,High
1003267,Petroleum and Natural Gas Systems,2028,43096.23399999999,-0.12944943670387588,0.75,2030,High
1003268,Metals,2024,23572.156476011296,-0.029125207089559013,0.6,2050,Medium
1003268,Metals,2025,22885.612537099976,-0.029125207089559013,0.6,2050,Medium
1003268,Metals,2026,22219.064332585534,-0.029125207089559013,0.6,2050,Medium
1003268,Metals,2027,21571.929482562744,-0.029125207089559013,0.6,2050,Medium
1003268,Metals,2028,20943.64256906174,-0.029125207089559013,0.6,2050,Medium
1003276,Petroleum and Natural Gas Systems,2024,69724.86349578408,-0.12944943670387588,0.75,2030,High
1003276,Petroleum and Natural Gas Systems,2025,60699.019192000196,-0.12944943670387588,0.75,2030,High
1003276,Petroleum and Natural Gas Systems,2026,52841.56534911802,-0.12944943670387588,0.75,2030,High
1003276,Petroleum and Natural Gas Systems,2027,46001.25448012364,-0.12944943670387588,0.75,2030,High
1003276,Petroleum and Natural Gas Systems,2028,40046.41799999999,-0.12944943670387588,0.75,2030,High
1003277,Petroleum and Natural Gas Systems,2024,26086.667461169425,-0.12944943670387588,0.75,2030,High
1003277,Petroleum and Natural Gas Systems,2025,22709.763052839717,-0.12944943670387588,0.75,2030,High
1003277,Petroleum and Natural Gas Systems,2026,19769.997017971124,-0.12944943670387588,0.75,2030,High
1003277,Petroleum and Natural Gas Systems,2027,17210.782040357455,-0.12944943670387588,0.75,2030,High
1003277,Petroleum and Natural Gas Systems,2028,14982.855999999998,-0.12944943670387588,0.75,2030,High
1003286,Chemicals,2024,4565245.415635913,-0.045845005236247904,0.28,2030,Medium
1003286,Chemicals,2025,4355951.715651328,-0.045845005236247904,0.28,2030,Medium
1003286,Chemicals,2026,4156253.08643845,-0.045845005236247904,0.28,2030,Medium
1003286,Chemicals,2027,3965709.6419275072,-0.045845005236247904,0.28,2030,Medium
1003286,Chemicals,2028,3783901.6626279023,-0.045845005236247904,0.28,2030,Medium
1003289,Metals,2024,66597.1564196917,-0.029125207089559013,0.6,2050,Medium
1003289,Metals,2025,64657.50044739242,-0.029125207089559013,0.6,2050,Medium
1003289,Metals,2026,62774.33735696886,-0.029125207089559013,0.6,2050,Medium
1003289,Metals,2027,60946.02178153731,-0.029125207089559013,0.6,2050,Medium
1003289,Metals,2028,59170.956275865254,-0.029125207089559013,0.6,2050,Medium
1003299,Waste,2024,35997.95394009036,-0.038541867469075175,0.325,2030,High
1003299,Waste,2025,34610.52557017352,-0.038541867469075175,0.325,2030,High
1003299,Waste,2026,33276.57128061286,-0.038541867469075175,0.325,2030,High
1003299,Waste,2027,31994.030080490244,-0.038541867469075175,0.325,2030,High
1003299,Waste,2028,30760.920413326385,-0.038541867469075175,0.325,2030,High
1003328,Waste,2024,22502.206498286898,-0.038541867469075175,0.325,2030,High
1003328,Waste,2025,21634.92943766816,-0.038541867469075175,0.325,2030,High
1003328,Waste,2026,20801.078854578762,-0.038541867469075175,0.325,2030,High
1003328,Waste,2027,19999.366430151807,-0.038541867469075175,0.325,2030,High
1003328,Waste,2028,19228.553499735426,-0.038541867469075175,0.325,2030,High
1003335,Waste,2024,47417.432544693285,-0.038541867469075175,0.325,2030,High
1003335,Waste,2025,45589.8761438319,-0.038541867469075175,0.325,2030,High
1003335,Waste,2026,43832.75717956478,-0.038541867469075175,0.325,2030,High
1003335,Waste,2027,42143.36086154584,-0.038541867469075175,0.325,2030,High
1003335,Waste,2028,40519.07703251873,-0.038541867469075175,0.325,2030,High
1003337,Waste,2024,114422.41125890597,-0.038541867469075175,0.325,2030,High
1003337,Waste,2025,110012.35784867319,-0.038541867469075175,0.325,2030,High
1003337,Waste,2026,105772.27613250917,-0.038541867469075175,0.325,2030,High
1003337,Waste,2027,101695.61508390757,-0.038541867469075175,0.325,2030,High
1003337,Waste,2028,97776.07616515753,-0.038541867469075175,0.325,2030,High
1003339,Waste,2024,123470.6937441545,-0.038541867469075175,0.325,2030,High
1003339,Waste,2025,118711.90262955253,-0.038541867469075175,0.325,2030,High
1003339,Waste,2026,114136.52421140256,-0.038541867469075175,0.325,2030,High
1003339,Waste,2027,109737.48942186579,-0.038541867469075175,0.325,2030,High
1003339,Waste,2028,105508.00164817921,-0.038541867469075175,0.325,2030,High
1003340,Waste,2024,114032.74189237252,-0.038541867469075175,0.325,2030,High
1003340,Waste,2025,109637.70706722143,-0.038541867469075175,0.325,2030,High
1003340,Waste,2026,105412.0650918233,-0.038541867469075175,0.325,2030,High
1003340,Waste,2027,101349.28724941272,-0.038541867469075175,0.325,2030,High
1003340,Waste,2028,97443.09645216064,-0.038541867469075175,0.325,2030,High
1003346,Petroleum and Natural Gas Systems,2024,32133.679611560914,-0.12944943670387588,0.75,2030,High
1003346,Petroleum and Natural Gas Systems,2025,27973.99288662153,-0.12944943670387588,0.75,2030,High
1003346,Petroleum and Natural Gas Systems,2026,24352.775265090146,-0.12944943670387588,0.75,2030,High
1003346,Petroleum and Natural Gas Systems,2027,21200.322224848143,-0.12944943670387588,0.75,2030,High
1003346,Petroleum and Natural Gas Systems,2028,18455.95245490089,-0.12944943670387588,0.75,2030,High
1003347,Petroleum and Natural Gas Systems,2024,28487.76190035425,-0.12944943670387588,0.75,2030,High
1003347,Petroleum and Natural Gas Systems,2025,24800.037169399253,-0.12944943670387588,0.75,2030,High
1003347,Petroleum and Natural Gas Systems,2026,21589.686327585336,-0.12944943670387588,0.75,2030,High
1003347,Petroleum and Natural Gas Systems,2027,18794.913593866044,-0.12944943670387588,0.75,2030,High
1003347,Petroleum and Natural Gas Systems,2028,16361.922616242065,-0.12944943670387588,0.75,2030,High
1003348,Minerals,2024,33850.72422788854,-0.022067231457071457,0.2,2030,High
1003348,Minerals,2025,33103.73246136222,-0.022067231457071457,0.2,2030,High
1003348,Minerals,2026,32373.224735044372,-0.022067231457071457,0.2,2030,High
1003348,Minerals,2027,31658.837291804357,-0.022067231457071457,0.2,2030,High
1003348,Minerals,2028,30960.214401624347,-0.022067231457071457,0.2,2030,High
1003360,Petroleum and Natural Gas Systems,2024,25749.487558094697,-0.12944943670387588,0.75,2030,High
1003360,Petroleum and Natural Gas Systems,2025,22416.230898285878,-0.12944943670387588,0.75,2030,High
1003360,Petroleum and Natural Gas Systems,2026,19514.462435478756,-0.12944943670387588,0.75,2030,High
1003360,Petroleum and Natural Gas Systems,2027,16988.32626562708,-0.12944943670387588,0.75,2030,High
1003360,Petroleum and Natural Gas Systems,2028,14789.196999999998,-0.12944943670387588,0.75,2030,High
1003370,Chemicals,2024,46901.82463017039,-0.045845005236247904,0.28,2030,Medium
1003370,Chemicals,2025,44751.61023441065,-0.045845005236247904,0.28,2030,Medium
1003370,Chemicals,2026,42699.97242888357,-0.045845005236247904,0.28,2030,Medium
1003370,Chemicals,2027,40742.391969293756,-0.045845005236247904,0.28,2030,Medium
1003370,Chemicals,2028,38874.55679612423,-0.045845005236247904,0.28,2030,Medium
1003378,Waste,2024,43127.88708640656,-0.038541867469075175,0.325,2030,High
1003378,Waste,2025,41465.65777810104,-0.038541867469075175,0.325,2030,High
1003378,Waste,2026,39867.49389149945,-0.038541867469075175,0.325,2030,High
1003378,Waste,2027,38330.92622560911,-0.038541867469075175,0.325,2030,High
1003378,Waste,2028,36853.58074705479,-0.038541867469075175,0.325,2030,High
1003379,Metals,2024,112470.08164590388,-0.029125207089559013,0.6,2050,Medium
1003379,Metals,2025,109194.3672265873,-0.029125207089559013,0.6,2050,Medium
1003379,Metals,2026,106014.05866809959,-0.029125207089559013,0.6,2050,Medium
1003379,Metals,2027,102926.37725498654,-0.029125207089559013,0.6,2050,Medium
1003379,Metals,2028,99928.62520245697,-0.029125207089559013,0.6,2050,Medium
1003380,Metals,2024,158219.07276305143,-0.029125207089559013,0.6,2050,Medium
1003380,Metals,2025,153610.90950330955,-0.029125207089559013,0.6,2050,Medium
1003380,Metals,2026,149136.95995281017,-0.029125207089559013,0.6,2050,Medium
1003380,Metals,2027,144793.3151094773,-0.029125207089559013,0.6,2050,Medium
1003380,Metals,2028,140576.17982172998,-0.029125207089559013,0.6,2050,Medium
1003382,Chemicals,2024,866654.8846023686,-0.045845005236247904,0.28,2030,Medium
1003382,Chemicals,2025,826923.086879753,-0.045845005236247904,0.28,2030,Medium
1003382,Chemicals,2026,789012.7936317766,-0.045845005236247904,0.28,2030,Medium
1003382,Chemicals,2027,752840.4979762612,-0.045845005236247904,0.28,2030,Medium
1003382,Chemicals,2028,718326.52140448,-0.045845005236247904,0.28,2030,Medium
1003387,Waste,2024,70653.73540216273,-0.038541867469075175,0.325,2030,High
1003387,Waste,2025,67930.60849609747,-0.038541867469075175,0.325,2030,High
1003387,Waste,2026,65312.43598634725,-0.038541867469075175,0.325,2030,High
1003387,Waste,2027,62795.172734479,-0.038541867469075175,0.325,2030,High
1003387,Waste,2028,60374.92950924903,-0.038541867469075175,0.325,2030,High
1003391,Power Plants,2024,38146.94380234099,-0.11644604222876276,0.8,2035,Medium
1003391,Power Plants,2025,33704.883173435344,-0.11644604222876276,0.8,2035,Medium
1003391,Power Plants,2026,29780.08292410598,-0.11644604222876276,0.8,2035,Medium
1003391,Power Plants,2027,26312.310130349477,-0.11644604222876276,0.8,2035,Medium
1003391,Power Plants,2028,23248.345753774498,-0.11644604222876276,0.8,2035,Medium
1003392,Waste,2024,43629.145206717825,-0.038541867469075175,0.325,2030,High
1003392,Waste,2025,41947.596474371465,-0.038541867469075175,0.325,2030,High
1003392,Waste,2026,40330.85777041,-0.038541867469075175,0.325,2030,High
1003392,Waste,2027,38776.43119530874,-0.038541867469075175,0.325,2030,High
1003392,Waste,2028,37281.915123255436,-0.038541867469075175,0.325,2030,High
1003398,Power Plants,2024,48664.335407102575,-0.11644604222876276,0.8,2035,Medium
1003398,Power Plants,2025,42997.56615125243,-0.11644604222876276,0.8,2035,Medium
1003398,Power Plants,2026,37990.66974746967,-0.11644604222876276,0.8,2035,Medium
1003398,Power Plants,2027,33566.80661375684,-0.11644604222876276,0.8,2035,Medium
1003398,Power Plants,2028,29658.084833326593,-0.11644604222876276,0.8,2035,Medium
1003402,Chemicals,2024,41272.85593772126,-0.045845005236247904,0.28,2030,Medium
1003402,Chemicals,2025,39380.70164114152,-0.045845005236247904,0.28,2030,Medium
1003402,Chemicals,2026,37575.29316819627,-0.045845005236247904,0.28,2030,Medium
1003402,Chemicals,2027,35852.653656146766,-0.045845005236247904,0.28,2030,Medium
1003402,Chemicals,2028,34208.98856154733,-0.045845005236247904,0.28,2030,Medium
1003403,Metals,2024,977498.8483212666,-0.029125207089559013,0.6,2050,Medium
1003403,Metals,2025,949028.9919341042,-0.029125207089559013,0.6,2050,Medium
1003403,Metals,2026,921388.326010028,-0.029125207089559013,0.6,2050,Medium
1003403,Metals,2027,894552.7002050838,-0.029125207089559013,0.6,2050,Medium
1003403,Metals,2028,868498.6675590866,-0.029125207089559013,0.6,2050,Medium
1003408,Minerals,2024,31419.98236186038,-0.022067231457071457,0.2,2030,High
1003408,Minerals,2025,30726.630338704104,-0.022067231457071457,0.2,2030,High
1003408,Minerals,2026,30048.578675124045,-0.022067231457071457,0.2,2030,High
1003408,Minerals,2027,29385.489734544062,-0.022067231457071457,0.2,2030,High
1003408,Minerals,2028,28737.033331092483,-0.022067231457071457,0.2,2030,High
1003413,Waste,2024,25595.84225842503,-0.038541867469075175,0.325,2030,High
1003413,Waste,2025,24609.330698341455,-0.038541867469075175,0.325,2030,High
1003413,Waste,2026,23660.84113606334,-0.038541867469075175,0.325,2030,High
1003413,Waste,2027,22748.908132790344,-0.038541867469075175,0.325,2030,High
1003413,Waste,2028,21872.12273047017,-0.038541867469075175,0.325,2030,High
1003417,Metals,2024,36154.75592811736,-0.029125207089559013,0.6,2050,Medium
1003417,Metals,2025,35101.74117443848,-0.029125207089559013,0.6,2050,Medium
1003417,Metals,2026,34079.39569352886,-0.029125207089559013,0.6,2050,Medium
1003417,Metals,2027,33086.82623646781,-0.029125207089559013,0.6,2050,Medium
1003417,Metals,2028,32123.165570394427,-0.029125207089559013,0.6,2050,Medium
1003434,Metals,2024,32199.085807869804,-0.029125207089559013,0.6,2050,Medium
1003434,Metals,2025,31261.28076562111,-0.029125207089559013,0.6,2050,Medium
1003434,Metals,2026,30350.78948943755,-0.029125207089559013,0.6,2050,Medium
1003434,Metals,2027,29466.816460226073,-0.029125207089559013,0.6,2050,Medium
1003434,Metals,2028,28608.58932855196,-0.029125207089559013,0.6,2050,Medium
1003455,Petroleum and Natural Gas Systems,2024,119394.06320500388,-0.12944943670387588,0.75,2030,High
1003455,Petroleum and Natural Gas Systems,2025,103938.56897732918,-0.12944943670387588,0.75,2030,High
1003455,Petroleum and Natural Gas Systems,2026,90483.77977140697,-0.12944943670387588,0.75,2030,High
1003455,Petroleum and Natural Gas Systems,2027,78770.70544916077,-0.12944943670387588,0.75,2030,High
1003455,Petroleum and Natural Gas Systems,2028,68573.88199999998,-0.12944943670387588,0.75,2030,High
1003456,Waste,2024,20831.105732716223,-0.038541867469075175,0.325,2030,High
1003456,Waste,2025,20028.23601633158,-0.038541867469075175,0.325,2030,High
1003456,Waste,2026,19256.31039815077,-0.038541867469075175,0.325,2030,High
1003456,Waste,2027,18514.13623484187,-0.038541867469075175,0.325,2030,High
1003456,Waste,2028,17800.566849774194,-0.038541867469075175,0.325,2030,High
1003458,Petroleum and Natural Gas Systems,2024,17568.26229637291,-0.12944943670387588,0.75,2030,High
1003458,Petroleum and Natural Gas Systems,2025,15294.060638241499,-0.12944943670387588,0.75,2030,High
1003458,Petroleum and Natural Gas Systems,2026,13314.253103706216,-0.12944943670387588,0.75,2030,High
1003458,Petroleum and Natural Gas Systems,2027,11590.730539298615,-0.12944943670387588,0.75,2030,High
1003458,Petroleum and Natural Gas Systems,2028,10090.316999999997,-0.12944943670387588,0.75,2030,High
1003465,Minerals,2024,73445.30136623429,-0.022067231457071457,0.2,2030,High
1003465,Minerals,2025,71824.56690155122,-0.022067231457071457,0.2,2030,High
1003465,Minerals,2026,70239.59755943078,-0.022067231457071457,0.2,2030,High
1003465,Minerals,2027,68689.60410263528,-0.022067231457071457,0.2,2030,High
1003465,Minerals,2028,67173.81471020782,-0.022067231457071457,0.2,2030,High
1003466,Waste,2024,18485.955514172092,-0.038541867469075175,0.325,2030,High
1003466,Waste,2025,17773.472266705652,-0.038541867469075175,0.325,2030,High
1003466,Waste,2026,17088.449454137,-0.038541867469075175,0.325,2030,High
1003466,Waste,2027,16429.828700023663,-0.038541867469075175,0.325,2030,High
1003466,Waste,2028,15796.592419727742,-0.038541867469075175,0.325,2030,High
1003467,Waste,2024,51663.712387016116,-0.038541867469075175,0.325,2030,High
1003467,Waste,2025,49672.49643123532,-0.038541867469075175,0.325,2030,High
1003467,Waste,2026,47758.02565692454,-0.038541867469075175,0.325,2030,High
1003467,Waste,2027,45917.34216147066,-0.038541867469075175,0.325,2030,High
1003467,Waste,2028,44147.60204535109,-0.038541867469075175,0.325,2030,High
1003474,Metals,2024,127121.52207772197,-0.029125207089559013,0.6,2050,Medium
1003474,Metals,2025,123419.08142166836,-0.029125207089559013,0.6,2050,Medium
1003474,Metals,2026,119824.47511645913,-0.029125207089559013,0.6,2050,Medium
1003474,Metals,2027,116334.56246429455,-0.029125207089559013,0.6,2050,Medium
1003474,Metals,2028,112946.29424084873,-0.029125207089559013,0.6,2050,Medium
1003478,Waste,2024,59268.605850802596,-0.038541867469075175,0.325,2030,High
1003478,Waste,2025,56984.283099024105,-0.038541867469075175,0.325,2030,High
1003478,Waste,2026,54788.00241200126,-0.038541867469075175,0.325,2030,High
1003478,Waste,2027,52676.37048414254,-0.038541867469075175,0.325,2030,High
1003478,Waste,2028,50646.124794190815,-0.038541867469075175,0.325,2030,High
1003479,Minerals,2024,453392.880870141,-0.022067231457071457,0.2,2030,High
1003479,Minerals,2025,443387.75522699114,-0.022067231457071457,0.2,2030,High
1003479,Minerals,2026,433603.4150071658,-0.022067231457071457,0.2,2030,High
1003479,Minerals,2027,424034.98808762606,-0.022067231457071457,0.2,2030,High
1003479,Minerals,2028,414677.7098595999,-0.022067231457071457,0.2,2030,High
1003481,Waste,2024,122913.04802728657,-0.038541867469075175,0.325,2030,High
1003481,Waste,2025,118175.74961999881,-0.038541867469075175,0.325,2030,High
1003481,Waste,2026,113621.0355400862,-0.038541867469075175,0.325,2030,High
1003481,Waste,2027,109241.86864660113,-0.038541867469075175,0.325,2030,High
1003481,Waste,2028,105031.48302314972,-0.038541867469075175,0.325,2030,High
1003482,Minerals,2024,79852.08512115908,-0.022067231457071457,0.2,2030,High
1003482,Minerals,2025,78089.97067646068,-0.022067231457071457,0.2,2030,High
1003482,Minerals,2026,76366.7412190673,-0.022067231457071457,0.2,2030,High
1003482,Minerals,2027,74681.53866496387,-0.022067231457071457,0.2,2030,High
1003482,Minerals,2028,73033.5238656739,-0.022067231457071457,0.2,2030,High
1003489,Chemicals,2024,1589709.2363953134,-0.045845005236247904,0.28,2030,Medium
1003489,Chemicals,2025,1516829.0081286586,-0.045845005236247904,0.28,2030,Medium
1003489,Chemicals,2026,1447289.9743085077,-0.045845005236247904,0.28,2030,Medium
1003489,Chemicals,2027,1380938.957857965,-0.045845005236247904,0.28,2030,Medium
1003489,Chemicals,2028,1317629.8041040278,-0.045845005236247904,0.28,2030,Medium
1003494,Metals,2024,50621.70684828743,-0.029125207089559013,0.6,2050,Medium
1003494,Metals,2025,49147.33915310411,-0.029125207089559013,0.6,2050,Medium
1003494,Metals,2026,47715.91272236917,-0.029125207089559013,0.6,2050,Medium
1003494,Metals,2027,46326.17688286284,-0.029125207089559013,0.6,2050,Medium
1003494,Metals,2028,44976.91738748192,-0.029125207089559013,0.6,2050,Medium
1003505,Waste,2024,16976.70661063167,-0.038541867469075175,0.325,2030,High
1003505,Waste,2025,16322.392634383334,-0.038541867469075175,0.325,2030,High
1003505,Waste,2026,15693.297140690724,-0.038541867469075175,0.325,2030,High
1003505,Waste,2027,15088.448162141405,-0.038541867469075175,0.325,2030,High
1003505,Waste,2028,14506.91119276214,-0.038541867469075175,0.325,2030,High
1003507,Metals,2024,48676.22521976261,-0.029125207089559013,0.6,2050,Medium
1003507,Metals,2025,47258.520079899004,-0.029125207089559013,0.6,2050,Medium
1003507,Metals,2026,45882.105895825865,-0.029125207089559013,0.6,2050,Medium
1003507,Metals,2027,44545.780059904864,-0.029125207089559013,0.6,2050,Medium
1003507,Metals,2028,43248.37499069418,-0.029125207089559013,0.6,2050,Medium
1003508,Metals,2024,213473.05625826487,-0.029125207089559013,0.6,2050,Medium
1003508,Metals,2025,207255.60928670183,-0.029125207089559013,0.6,2050,Medium
1003508,Metals,2026,201219.24674575392,-0.029125207089559013,0.6,2050,Medium
1003508,Metals,2027,195358.69451387876,-0.029125207089559013,0.6,2050,Medium
1003508,Metals,2028,189668.83207941614,-0.029125207089559013,0.6,2050,Medium
1003516,Waste,2024,76735.0311612389,-0.038541867469075175,0.325,2030,High
1003516,Waste,2025,73777.51975998707,-0.038541867469075175,0.325,2030,High
1003516,Waste,2026,70933.99637120058,-0.038541867469075175,0.325,2030,High
1003516,Waste,2027,68200.0676840099,-0.038541867469075175,0.325,2030,High
1003516,Waste,2028,65571.50971395084,-0.038541867469075175,0.325,2030,High
1003518,Chemicals,2024,57363.72576941717,-0.045845005236247904,0.28,2030,Medium
1003518,Chemicals,2025,54733.885461147554,-0.045845005236247904,0.28,2030,Medium
1003518,Chemicals,2026,52224.61019558105,-0.045845005236247904,0.28,2030,Medium
1003518,Chemicals,2027,49830.37266770363,-0.045845005236247904,0.28,2030,Medium
1003518,Chemicals,2028,47545.898971828574,-0.045845005236247904,0.28,2030,Medium
1003521,Waste,2024,14707.184688792424,-0.038541867469075175,0.325,2030,High
1003521,Waste,2025,14140.342325673775,-0.038541867469075175,0.325,2030,High
1003521,Waste,2026,13595.347125790302,-0.038541867469075175,0.325,2030,High
1003521,Waste,2027,13071.357058672022,-0.038541867469075175,0.325,2030,High
1003521,Waste,2028,12567.562547275724,-0.038541867469075175,0.325,2030,High
1003531,Petroleum and Natural Gas Systems,2024,35201.64003377925,-0.12944943670387588,0.75,2030,High
1003531,Petroleum and Natural Gas Systems,2025,30644.807560353922,-0.12944943670387588,0.75,2030,High
1003531,Petroleum and Natural Gas Systems,2026,26677.85448376743,-0.12944943670387588,0.75,2030,High
1003531,Petroleum and Natural Gas Systems,2027,23224.421248375766,-0.12944943670387588,0.75,2030,High
1003531,Petroleum and Natural Gas Systems,2028,20218.032999999996,-0.12944943670387588,0.75,2030,High
1003533,Chemicals,2024,184629.58687950278,-0.045845005236247904,0.28,2030,Medium
1003533,Chemicals,2025,176165.24250224567,-0.045845005236247904,0.28,2030,Medium
1003533,Chemicals,2026,168088.94603728535,-0.045845005236247904,0.28,2030,Medium
1003533,Chemicals,2027,160382.9074260506,-0.045845005236247904,0.28,2030,Medium
1003533,Chemicals,2028,153030.15219529867,-0.045845005236247904,0.28,2030,Medium
1003540,Waste,2024,66708.84960939316,-0.038541867469075175,0.325,2030,High
1003540,Waste,2025,64137.76596873345,-0.038541867469075175,0.325,2030,High
1003540,Waste,2026,61665.77669300397,-0.038541867469075175,0.325,2030,High
1003540,Waste,2027,59289.06250032463,-0.038541867469075175,0.325,2030,High
1003540,Waste,2028,57003.9513110714,-0.038541867469075175,0.325,2030,High
1003542,Power Plants,2024,26051.712142439017,-0.11644604222876276,0.8,2035,Medium
1003542,Power Plants,2025,23018.09337016899,-0.11644604222876276,0.8,2035,Medium
1003542,Power Plants,2026,20337.72749756069,-0.11644604222876276,0.8,2035,Medium
1003542,Power Plants,2027,17969.479622542665,-0.11644604222876276,0.8,2035,Medium
1003542,Power Plants,2028,15877.00483958717,-0.11644604222876276,0.8,2035,Medium
1003543,Waste,2024,32491.035401683806,-0.038541867469075175,0.325,2030,High
1003543,Waste,2025,31238.77022129908,-0.038541867469075175,0.325,2030,High
1003543,Waste,2026,30034.76967953288,-0.038541867469075175,0.325,2030,High
1003543,Waste,2027,28877.173567080128,-0.038541867469075175,0.325,2030,High
1003543,Waste,2028,27764.193370576246,-0.038541867469075175,0.325,2030,High
1003544,Waste,2024,93296.8666647672,-0.038541867469075175,0.325,2030,High
1003544,Waste,2025,89701.03119449377,-0.038541867469075175,0.325,2030,High
1003544,Waste,2026,86243.78593835622,-0.038541867469075175,0.325,2030,High
1003544,Waste,2027,82919.7893706888,-0.038541867469075175,0.325,2030,High
1003544,Waste,2028,79723.9058382001,-0.038541867469075175,0.325,2030,High
1003548,Waste,2024,53437.843006068804,-0.038541867469075175,0.325,2030,High
1003548,Waste,2025,51378.24874309565,-0.038541867469075175,0.325,2030,High
1003548,Waste,2026,49398.035089246085,-0.038541867469075175,0.325,2030,High
1003548,Waste,2027,47494.14256760364,-0.038541867469075175,0.325,2030,High
1003548,Waste,2028,45663.6296192057,-0.038541867469075175,0.325,2030,High
1003555,Petroleum and Natural Gas Systems,2024,218804.4658605337,-0.12944943670387588,0.75,2030,High
1003555,Petroleum and Natural Gas Systems,2025,190480.35100659519,-0.12944943670387588,0.75,2030,High
1003555,Petroleum and Natural Gas Systems,2026,165822.7768656349,-0.12944943670387588,0.75,2030,High
1003555,Petroleum and Natural Gas Systems,2027,144357.11180770595,-0.12944943670387588,0.75,2030,High
1003555,Petroleum and Natural Gas Systems,2028,125670.16499999998,-0.12944943670387588,0.75,2030,High
1003557,Petroleum and Natural Gas Systems,2024,57812.17123808923,-0.12944943670387588,0.75,2030,High
1003557,Petroleum and Natural Gas Systems,2025,50328.418236690566,-0.12944943670387588,0.75,2030,High
1003557,Petroleum and Natural Gas Systems,2026,43813.432845753894,-0.12944943670387588,0.75,2030,High
1003557,Petroleum and Natural Gas Systems,2027,38141.80864380796,-0.12944943670387588,0.75,2030,High
1003557,Petroleum and Natural Gas Systems,2028,33204.37299999999,-0.12944943670387588,0.75,2030,High
1003570,Chemicals,2024,107717.10876933597,-0.045845005236247904,0.28,2030,Medium
1003570,Chemicals,2025,102778.81735377228,-0.045845005236247904,0.28,2030,Medium
1003570,Chemicals,2026,98066.92193401323,-0.045845005236247904,0.28,2030,Medium
1003570,Chemicals,2027,93571.04338444567,-0.045845005236247904,0.28,2030,Medium
1003570,Chemicals,2028,89281.27841052458,-0.045845005236247904,0.28,2030,Medium
1003574,Petroleum and Natural Gas Systems,2024,68931.43152468812,-0.12944943670387588,0.75,2030,High
1003574,Petroleum and Natural Gas Systems,2025,60008.29654262545,-0.12944943670387588,0.75,2030,High
1003574,Petroleum and Natural Gas Systems,2026,52240.256357623446,-0.12944943670387588,0.75,2030,High
1003574,Petroleum and Natural Gas Systems,2027,45477.784598863014,-0.12944943670387588,0.75,2030,High
1003574,Petroleum and Natural Gas Systems,2028,39590.710999999996,-0.12944943670387588,0.75,2030,High
1003577,Metals,2024,30958.047628085762,-0.029125207089559013,0.6,2050,Medium
1003577,Metals,2025,30056.388079829332,-0.029125207089559013,0.6,2050,Medium
1003577,Metals,2026,29180.989552640152,-0.029125207089559013,0.6,2050,Medium
1003577,Metals,2027,28331.08718884125,-0.029125207089559013,0.6,2050,Medium
1003577,Metals,2028,27505.938407393893,-0.029125207089559013,0.6,2050,Medium
1003581,Metals,2024,96046.72869753832,-0.029125207089559013,0.6,2050,Medium
1003581,Metals,2025,93249.34783394782,-0.029125207089559013,0.6,2050,Medium
1003581,Metals,2026,90533.44126731777,-0.029125207089559013,0.6,2050,Medium
1003581,Metals,2027,87896.63604187671,-0.029125207089559013,0.6,2050,Medium
1003581,Metals,2028,85336.62831468145,-0.029125207089559013,0.6,2050,Medium
1003583,Waste,2024,62502.41451499868,-0.038541867469075175,0.325,2030,High
1003583,Waste,2025,60093.454738264394,-0.038541867469075175,0.325,2030,High
1003583,Waste,2026,57777.34076998335,-0.038541867469075175,0.325,2030,High
1003583,Waste,2027,55550.494159311056,-0.038541867469075175,0.325,2030,High
1003583,Waste,2028,53409.47437558125,-0.038541867469075175,0.325,2030,High
1003589,Petroleum Product Suppliers,2024,396504.35468600516,-0.027507527533926934,0.2,2030,Low
1003589,Petroleum Product Suppliers,2025,385597.5002321579,-0.027507527533926934,0.2,2030,Low
1003589,Petroleum Product Suppliers,2026,374990.66637750843,-0.027507527533926934,0.2,2030,Low
1003589,Petroleum Product Suppliers,2027,364675.60029716353,-0.027507527533926934,0.2,2030,Low
1003589,Petroleum Product Suppliers,2028,354644.27618103795,-0.027507527533926934,0.2,2030,Low
1003595,Chemicals,2024,38752.709324281415,-0.045845005236247904,0.28,2030,Medium
1003595,Chemicals,2025,36976.09116239094,-0.045845005236247904,0.28,2030,Medium
1003595,Chemicals,2026,35280.92206943515,-0.045845005236247904,0.28,2030,Medium
1003595,Chemicals,2027,33663.46801242224,-0.045845005236247904,0.28,2030,Medium
1003595,Chemicals,2028,32120.166145122483,-0.045845005236247904,0.28,2030,Medium
1003605,Waste,2024,41023.97632789577,-0.038541867469075175,0.325,2030,High
1003605,Waste,2025,39442.83566921153,-0.038541867469075175,0.325,2030,High
1003605,Waste,2026,37922.63512424427,-0.038541867469075175,0.325,2030,High
1003605,Waste,2027,36461.02594720755,-0.038541867469075175,0.325,2030,High
1003605,Waste,2028,35055.74991736377,-0.038541867469075175,0.325,2030,High
1003610,Chemicals,2024,4166154.4027678603,-0.045845005236247904,0.28,2030,Medium
1003610,Chemicals,2025,3975157.03235795,-0.045845005236247904,0.28,2030,Medium
1003610,Chemicals,2026,3792915.937394593,-0.045845005236247904,0.28,2030,Medium
1003610,Chemicals,2027,3619029.6863840893,-0.045845005236247904,0.28,2030,Medium
1003610,Chemicals,2028,3453115.2514616745,-0.045845005236247904,0.28,2030,Medium
1003611,Waste,2024,3221.125108511731,-0.038541867469075175,0.325,2030,High
1003611,Waste,2025,3096.976931478161,-0.038541867469075175,0.325,2030,High
1003611,Waste,2026,2977.613657030347,-0.038541867469075175,0.325,2030,High
1003611,Waste,2027,2862.850866086975,-0.038541867469075175,0.325,2030,High
1003611,Waste,2028,2752.511247422524,-0.038541867469075175,0.325,2030,High
1003612,Waste,2024,24572.946951225378,-0.038541867469075175,0.325,2030,High
1003612,Waste,2025,23625.859686506632,-0.038541867469075175,0.325,2030,High
1003612,Waste,2026,22715.27493362633,-0.038541867469075175,0.325,2030,High
1003612,Waste,2027,21839.785817610897,-0.038541867469075175,0.325,2030,High
1003612,Waste,2028,20998.03968707555,-0.038541867469075175,0.325,2030,High
1003623,Waste,2024,11069.411698548416,-0.038541867469075175,0.325,2030,High
1003623,Waste,2025,10642.775899902334,-0.038541867469075175,0.325,2030,High
1003623,Waste,2026,10232.58344166523,-0.038541867469075175,0.325,2030,High
1003623,Waste,2027,9838.200566790316,-0.038541867469075175,0.325,2030,High
1003623,Waste,2028,9459.017944410904,-0.038541867469075175,0.325,2030,High
1003628,Waste,2024,31496.118526140806,-0.038541867469075175,0.325,2030,High
1003628,Waste,2025,30282.199300116004,-0.038541867469075175,0.325,2030,High
1003628,Waste,2026,29115.066788018816,-0.038541867469075175,0.325,2030,High
1003628,Waste,2027,27992.91774252172,-0.038541867469075175,0.325,2030,High
1003628,Waste,2028,26914.018416816725,-0.038541867469075175,0.325,2030,High
1003643,Minerals,2024,751176.745598069,-0.022067231457071457,0.2,2030,High
1003643,Minerals,2025,734600.3544877867,-0.022067231457071457,0.2,2030,High
1003643,Minerals,2026,718389.758436858,-0.022067231457071457,0.2,2030,High
1003643,Minerals,2027,702536.8853610422,-0.022067231457071457,0.2,2030,High
1003643,Minerals,2028,687033.8413046501,-0.022067231457071457,0.2,2030,High
1003649,Power Plants,2024,1623366.6342127915,-0.11644604222876276,0.8,2035,Medium
1003649,Power Plants,2025,1434332.0145724842,-0.11644604222876276,0.8,2035,Medium
1003649,Power Plants,2026,1267309.7282335104,-0.11644604222876276,0.8,2035,Medium
1003649,Power Plants,2027,1119736.5261027091,-0.11644604222876276,0.8,2035,Medium
1003649,Power Plants,2028,989347.639299065,-0.11644604222876276,0.8,2035,Medium
1003657,Petroleum and Natural Gas Systems,2024,41802.876961658,-0.12944943670387588,0.75,2030,High
1003657,Petroleum and Natural Gas Systems,2025,36391.51808636994,-0.12944943670387588,0.75,2030,High
1003657,Petroleum and Natural Gas Systems,2026,31680.656569290444,-0.12944943670387588,0.75,2030,High
1003657,Petroleum and Natural Gas Systems,2027,27579.61342198685,-0.12944943670387588,0.75,2030,High
1003657,Petroleum and Natural Gas Systems,2028,24009.447999999997,-0.12944943670387588,0.75,2030,High
1003665,Chemicals,2024,25475.4612826948,-0.045845005236247904,0.28,2030,Medium
1003665,Chemicals,2025,24307.538626793823,-0.045845005236247904,0.28,2030,Medium
1003665,Chemicals,2026,23193.159391168167,-0.045845005236247904,0.28,2030,Medium
1003665,Chemicals,2027,22129.86887743493,-0.045845005236247904,0.28,2030,Medium
1003665,Chemicals,2028,21115.324922871445,-0.045845005236247904,0.28,2030,Medium
1003669,Metals,2024,231299.56794283385,-0.029125207089559013,0.6,2050,Medium
1003669,Metals,2025,224562.92012677327,-0.029125207089559013,0.6,2050,Medium
1003669,Metals,2026,218022.4785734449,-0.029125207089559013,0.6,2050,Medium
1003669,Metals,2027,211672.5287348144,-0.029125207089559013,0.6,2050,Medium
1003669,Metals,2028,205507.52250024228,-0.029125207089559013,0.6,2050,Medium
1003676,Waste,2024,226567.7531496323,-0.038541867469075175,0.325,2030,High
1003676,Waste,2025,217835.40883497303,-0.038541867469075175,0.325,2030,High
1003676,Waste,2026,209439.6253775837,-0.038541867469075175,0.325,2030,High
1003676,Waste,2027,201367.43109350812,-0.038541867469075175,0.325,2030,High
1003676,Waste,2028,193606.35425171402,-0.038541867469075175,0.325,2030,High
1003688,Metals,2024,181499.5318492824,-0.029125207089559013,0.6,2050,Medium
1003688,Metals,2025,176213.320397514,-0.029125207089559013,0.6,2050,Medium
1003688,Metals,2026,171081.0709489976,-0.029125207089559013,0.6,2050,Medium
1003688,Metals,2027,166098.2993285045,-0.029125207089559013,0.6,2050,Medium
1003688,Metals,2028,161260.65196333826,-0.029125207089559013,0.6,2050,Medium
1003691,Waste,2024,144933.32171372607,-0.038541867469075175,0.325,2030,High
1003691,Waste,2025,139347.3208363828,-0.038541867469075175,0.325,2030,High
1003691,Waste,2026,133976.61486453624,-0.038541867469075175,0.325,2030,High
1003691,Waste,2027,128812.90593047196,-0.038541867469075175,0.325,2030,High
1003691,Waste,2028,123848.21598179326,-0.038541867469075175,0.325,2030,High
1003692,Waste,2024,13411.95636555339,-0.038541867469075175,0.325,2030,High
1003692,Waste,2025,12895.03452081121,-0.038541867469075175,0.325,2030,High
1003692,Waste,2026,12398.035809300956,-0.038541867469075175,0.325,2030,High
1003692,Waste,2027,11920.19235626203,-0.038541867469075175,0.325,2030,High
1003692,Waste,2028,11460.765882261097,-0.038541867469075175,0.325,2030,High
1003695,Waste,2024,128261.6876914627,-0.038541867469075175,0.325,2030,High
1003695,Waste,2025,123318.24272309845,-0.038541867469075175,0.325,2030,High
1003695,Waste,2026,118565.32735554554,-0.038541867469075175,0.325,2030,High
1003695,Waste,2027,113995.59822218059,-0.038541867469075175,0.325,2030,High
1003695,Waste,2028,109601.99498344338,-0.038541867469075175,0.325,2030,High
1003712,Chemicals,2024,68366.04503121824,-0.045845005236247904,0.28,2030,Medium
1003712,Chemicals,2025,65231.803338780475,-0.045845005236247904,0.28,2030,Medium
1003712,Chemicals,2026,62241.2509731442,-0.045845005236247904,0.28,2030,Medium
1003712,Chemicals,2027,59387.800496369775,-0.045845005236247904,0.28,2030,Medium
1003712,Chemicals,2028,56665.16647164446,-0.045845005236247904,0.28,2030,Medium
1003716,Metals,2024,154366.8357597414,-0.029125207089559013,0.6,2050,Medium
1003716,Metals,2025,149870.86970047897,-0.029125207089559013,0.6,2050,Medium
1003716,Metals,2026,145505.84958376022,-0.029125207089559013,0.6,2050,Medium
1003716,Metals,2027,141267.961581891,-0.029125207089559013,0.6,2050,Medium
1003716,Metals,2028,137153.50294569854,-0.029125207089559013,0.6,2050,Medium
1003725,Petroleum and Natural Gas Systems,2024,44445.99905440953,-0.12944943670387588,0.75,2030,High
1003725,Petroleum and Natural Gas Systems,2025,38692.48951307522,-0.12944943670387588,0.75,2030,High
1003725,Petroleum and Natural Gas Systems,2026,33683.768540937,-0.12944943670387588,0.75,2030,High
1003725,Petroleum and Natural Gas Systems,2027,29323.423677248975,-0.12944943670387588,0.75,2030,High
1003725,Petroleum and Natural Gas Systems,2028,25527.522999999997,-0.12944943670387588,0.75,2030,High
1003736,Petroleum and Natural Gas Systems,2024,61119.89078297341,-0.12944943670387588,0.75,2030,High
1003736,Petroleum and Natural Gas Systems,2025,53207.955349715085,-0.12944943670387588,0.75,2030,High
1003736,Petroleum and Natural Gas Systems,2026,46320.21550152949,-0.12944943670387588,0.75,2030,High
1003736,Petroleum and Natural Gas Systems,2027,40324.08969685435,-0.12944943670387588,0.75,2030,High
1003736,Petroleum and Natural Gas Systems,2028,35104.15899999999,-0.12944943670387588,0.75,2030,High
1003740,Waste,2024,276400.7050335897,-0.038541867469075175,0.325,2030,High
1003740,Waste,2025,265747.7056918261,-0.038541867469075175,0.325,2030,High
1003740,Waste,2026,255505.29283884095,-0.038541867469075175,0.325,2030,High
1003740,Waste,2027,245657.6417045991,-0.038541867469075175,0.325,2030,High
1003740,Waste,2028,236189.5374352549,-0.038541867469075175,0.325,2030,High
1003742,Waste,2024,28136.06271747836,-0.038541867469075175,0.325,2030,High
1003742,Waste,2025,27051.646317119717,-0.038541867469075175,0.325,2030,High
1003742,Waste,2026,26009.025349944997,-0.038541867469075175,0.325,2030,High
1003742,Waste,2027,25006.5889419076,-0.038541867469075175,0.325,2030,High
1003742,Waste,2028,24042.788305054957,-0.038541867469075175,0.325,2030,High
1003748,Chemicals,2024,783477.9438569001,-0.045845005236247904,0.28,2030,Medium
1003748,Chemicals,2025,747559.3934182958,-0.045845005236247904,0.28,2030,Medium
1003748,Chemicals,2026,713287.5291126277,-0.045845005236247904,0.28,2030,Medium
1003748,Chemicals,2027,680586.8586055089,-0.045845005236247904,0.28,2030,Medium
1003748,Chemicals,2028,649385.3505090179,-0.045845005236247904,0.28,2030,Medium
1003749,Chemicals,2024,77160.50688443564,-0.045845005236247904,0.28,2030,Medium
1003749,Chemicals,2025,73623.08304228715,-0.045845005236247904,0.28,2030,Medium
1003749,Chemicals,2026,70247.83241470478,-0.045845005236247904,0.28,2030,Medium
1003749,Chemicals,2027,67027.32016981757,-0.045845005236247904,0.28,2030,Medium
1003749,Chemicals,2028,63954.452325660626,-0.045845005236247904,0.28,2030,Medium
1003752,Chemicals,2024,278945.0887701646,-0.045845005236247904,0.28,2030,Medium
1003752,Chemicals,2025,266156.84971487074,-0.045845005236247904,0.28,2030,Medium
1003752,Chemicals,2026,253954.88754602923,-0.045845005236247904,0.28,2030,Medium
1003752,Chemicals,2027,242312.32439671078,-0.045845005236247904,0.28,2030,Medium
1003752,Chemicals,2028,231203.51461593618,-0.045845005236247904,0.28,2030,Medium
1003770,Minerals,2024,488754.27652156394,-0.022067231457071457,0.2,2030,High
1003770,Minerals,2025,477968.82277592906,-0.022067231457071457,0.2,2030,High
1003770,Minerals,2026,467421.3741344687,-0.022067231457071457,0.2,2030,High
1003770,Minerals,2027,457106.678483461,-0.022067231457071457,0.2,2030,High
1003770,Minerals,2028,447019.59960879333,-0.022067231457071457,0.2,2030,High
1003781,Chemicals,2024,165774.36972993714,-0.045845005236247904,0.28,2030,Medium
1003781,Chemicals,2025,158174.44288163248,-0.045845005236247904,0.28,2030,Medium
1003781,Chemicals,2026,150922.93471948346,-0.045845005236247904,0.28,2030,Medium
1003781,Chemicals,2027,144003.87198699883,-0.045845005236247904,0.28,2030,Medium
1003781,Chemicals,2028,137402.0137217149,-0.045845005236247904,0.28,2030,Medium
1003812,Waste,2024,25444.939481608035,-0.038541867469075175,0.325,2030,High
1003812,Waste,2025,24464.243996349258,-0.038541867469075175,0.325,2030,High
1003812,Waste,2026,23521.346346510847,-0.038541867469075175,0.325,2030,High
1003812,Waste,2027,22614.789732929414,-0.038541867469075175,0.325,2030,High
1003812,Waste,2028,21743.173504201844,-0.038541867469075175,0.325,2030,High
1003814,Waste,2024,33436.148745961706,-0.038541867469075175,0.325,2030,High
1003814,Waste,2025,32147.457132318566,-0.038541867469075175,0.325,2030,High
1003814,Waste,2026,30908.43410005697,-0.038541867469075175,0.325,2030,High
1003814,Waste,2027,29717.16532929593,-0.038541867469075175,0.325,2030,High
1003814,Waste,2028,28571.81028161761,-0.038541867469075175,0.325,2030,High
1003818,Waste,2024,56638.58520217088,-0.038541867469075175,0.325,2030,High
1003818,Waste,2025,54455.62835767288,-0.038541867469075175,0.325,2030,High
1003818,Waste,2026,52356.806746566246,-0.038541867469075175,0.325,2030,High
1003818,Waste,2027,50338.877639836115,-0.038541867469075175,0.325,2030,High
1003818,Waste,2028,48398.72328929956,-0.038541867469075175,0.325,2030,High
1003829,Chemicals,2024,54817.42958419083,-0.045845005236247904,0.28,2030,Medium
1003829,Chemicals,2025,52304.324237865956,-0.045845005236247904,0.28,2030,Medium
1003829,Chemicals,2026,49906.43221930259,-0.045845005236247904,0.28,2030,Medium
1003829,Chemicals,2027,47618.47157288621,-0.045845005236247904,0.28,2030,Medium
1003829,Chemicals,2028,45435.40249428512,-0.045845005236247904,0.28,2030,Medium
1003853,Petroleum and Natural Gas Systems,2024,41013.17965247857,-0.12944943670387588,0.75,2030,High
1003853,Petroleum and Natural Gas Systems,2025,35704.04664903035,-0.12944943670387588,0.75,2030,High
1003853,Petroleum and Natural Gas Systems,2026,31082.177922264465,-0.12944943670387588,0.75,2030,High
1003853,Petroleum and Natural Gas Systems,2027,27058.607498697682,-0.12944943670387588,0.75,2030,High
1003853,Petroleum and Natural Gas Systems,2028,23555.885999999995,-0.12944943670387588,0.75,2030,High
1003854,Waste,2024,45463.749619390444,-0.038541867469075175,0.325,2030,High
1003854,Waste,2025,43711.49180691268,-0.038541867469075175,0.325,2030,High
1003854,Waste,2026,42026.76928281509,-0.038541867469075175,0.325,2030,High
1003854,Waste,2027,40406.97911096343,-0.038541867469075175,0.325,2030,High
1003854,Waste,2028,38849.61867724299,-0.038541867469075175,0.325,2030,High
1003863,Waste,2024,93297.49353546962,-0.038541867469075175,0.325,2030,High
1003863,Waste,2025,89701.63390442864,-0.038541867469075175,0.325,2030,High
1003863,Waste,2026,86244.36541872466,-0.038541867469075175,0.325,2030,High
1003863,Waste,2027,82920.34651680168,-0.038541867469075175,0.325,2030,High
1003863,Waste,2028,79724.44151086133,-0.038541867469075175,0.325,2030,High
1003865,Waste,2024,143861.288204289,-0.038541867469075175,0.325,2030,High
1003865,Waste,2025,138316.6055003889,-0.038541867469075175,0.325,2030,High
1003865,Waste,2026,132985.62522242055,-0.038541867469075175,0.325,2030,High
1003865,Waste,2027,127860.11087980591,-0.038541867469075175,0.325,2030,High
1003865,Waste,2028,122932.14343169518,-0.038541867469075175,0.325,2030,High
1003893,Waste,2024,76825.2159340703,-0.038541867469075175,0.325,2030,High
1003893,Waste,2025,73864.22864325627,-0.038541867469075175,0.325,2030,High
1003893,Waste,2026,71017.36333218242,-0.038541867469075175,0.325,2030,High
1003893,Waste,2027,68280.2215266303,-0.038541867469075175,0.325,2030,High
1003893,Waste,2028,65648.5742777918,-0.038541867469075175,0.325,2030,High
1003899,Chemicals,2024,311044.74820428685,-0.045845005236247904,0.28,2030,Medium
1003899,Chemicals,2025,296784.9000941539,-0.045845005236247904,0.28,2030,Medium
1003899,Chemicals,2026,283178.79479529813,-0.045845005236247904,0.28,2030,Medium
1003899,Chemicals,2027,270196.4614651133,-0.045845005236247904,0.28,2030,Medium
1003899,Chemicals,2028,257809.30327442955,-0.045845005236247904,0.28,2030,Medium
1003902,Metals,2024,267179.11581865366,-0.029125207089559013,0.6,2050,Medium
1003902,Metals,2025,259397.4687404301,-0.029125207089559013,0.6,2050,Medium
1003902,Metals,2026,251842.46374485767,-0.029125207089559013,0.6,2050,Medium
1003902,Metals,2027,244507.49983434394,-0.029125207089559013,0.6,2050,Medium
1003902,Metals,2028,237386.16826671836,-0.029125207089559013,0.6,2050,Medium
1003904,Petroleum Product Suppliers,2024,1169195.547099835,-0.027507527533926934,0.2,2030,Low
1003904,Petroleum Product Suppliers,2025,1137033.8683954414,-0.027507527533926934,0.2,2030,Low
1003904,Petroleum Product Suppliers,2026,1105756.8779535466,-0.027507527533926934,0.2,2030,Low
1003904,Petroleum Product Suppliers,2027,1075340.2401874103,-0.027507527533926934,0.2,2030,Low
1003904,Petroleum Product Suppliers,2028,1045760.2889221153,-0.027507527533926934,0.2,2030,Low
1003910,Chemicals,2024,459449.4838536157,-0.045845005236247904,0.28,2030,Medium
1003910,Chemicals,2025,438386.0198605553,-0.045845005236247904,0.28,2030,Medium
1003910,Chemicals,2026,418288.21048455033,-0.045845005236247904,0.28,2030,Medium
1003910,Chemicals,2027,399111.7852846253,-0.045845005236247904,0.28,2030,Medium
1003910,Chemicals,2028,380814.5033984034,-0.045845005236247904,0.28,2030,Medium
1003921,Waste,2024,65421.21680540111,-0.038541867469075175,0.325,2030,High
1003921,Waste,2025,62899.76093762171,-0.038541867469075175,0.325,2030,High
1003921,Waste,2026,60475.48668772739,-0.038541867469075175,0.325,2030,High
1003921,Waste,2027,58144.648494681176,-0.038541867469075175,0.325,2030,High
1003921,Waste,2028,55903.645158363215,-0.038541867469075175,0.325,2030,High
1003933,Waste,2024,97100.06044962943,-0.038541867469075175,0.325,2030,High
1003933,Waste,2025,93357.64278854062,-0.038541867469075175,0.325,2030,High
1003933,Waste,2026,89759.46489295943,-0.038541867469075175,0.325,2030,High
1003933,Waste,2027,86299.96749295988,-0.038541867469075175,0.325,2030,High
1003933,Waste,2028,82973.80558326072,-0.038541867469075175,0.325,2030,High
1003949,Waste,2024,56592.57943052927,-0.038541867469075175,0.325,2030,High
1003949,Waste,2025,54411.3957343847,-0.038541867469075175,0.325,2030,High
1003949,Waste,2026,52314.27893118264,-0.038541867469075175,0.325,2030,High
1003949,Waste,2027,50297.98892587677,-0.038541867469075175,0.325,2030,High
1003949,Waste,2028,48359.41050273462,-0.038541867469075175,0.325,2030,High
1003955,Petroleum and Natural Gas Systems,2024,23970.762977257917,-0.12944943670387588,0.75,2030,High
1003955,Petroleum and Natural Gas Systems,2025,20867.761212489757,-0.12944943670387588,0.75,2030,High
1003955,Petroleum and Natural Gas Systems,2026,18166.44127826197,-0.12944943670387588,0.75,2030,High
1003955,Petroleum and Natural Gas Systems,2027,15814.805687876917,-0.12944943670387588,0.75,2030,High
1003955,Petroleum and Natural Gas Systems,2028,13767.587999999998,-0.12944943670387588,0.75,2030,High
1003962,Metals,2024,7421525.503579584,-0.029125207089559013,0.6,2050,Medium
1003962,Metals,2025,7205372.036367384,-0.029125207089559013,0.6,2050,Medium
1003962,Metals,2026,6995514.0836508665,-0.029125207089559013,0.6,2050,Medium
1003962,Metals,2027,6791768.287266609,-0.029125207089559013,0.6,2050,Medium
1003962,Metals,2028,6593956.629395669,-0.029125207089559013,0.6,2050,Medium
1003969,Waste,2024,27360.483285709633,-0.038541867469075175,0.325,2030,High
1003969,Waste,2025,26305.959165021966,-0.038541867469075175,0.325,2030,High
1003969,Waste,2026,25292.07837323679,-0.038541867469075175,0.325,2030,High
1003969,Waste,2027,24317.274440558034,-0.038541867469075175,0.325,2030,High
1003969,Waste,2028,23380.04127186092,-0.038541867469075175,0.325,2030,High
1003978,Power Plants,2024,52356.73567035522,-0.11644604222876276,0.8,2035,Medium
1003978,Power Plants,2025,46260.00101752487,-0.11644604222876276,0.8,2035,Medium
1003978,Power Plants,2026,40873.20698553556,-0.11644604222876276,0.8,2035,Medium
1003978,Power Plants,2027,36113.683798872924,-0.11644604222876276,0.8,2035,Medium
1003978,Power Plants,2028,31908.38825019318,-0.11644604222876276,0.8,2035,Medium
1003979,Waste,2024,37793.42892968523,-0.038541867469075175,0.325,2030,High
1003979,Waste,2025,36336.79960067539,-0.038541867469075175,0.325,2030,High
1003979,Waste,2026,34936.31148621582,-0.038541867469075175,0.325,2030,High
1003979,Waste,2027,33589.80079905576,-0.038541867469075175,0.325,2030,High
1003979,Waste,2028,32295.187148345914,-0.038541867469075175,0.325,2030,High
1003981,Metals,2024,92691.86308363795,-0.029125207089559013,0.6,2050,Medium
1003981,Metals,2025,89992.19337580993,-0.029125207089559013,0.6,2050,Medium
1003981,Metals,2026,87371.15210729583,-0.029125207089559013,0.6,2050,Medium
1003981,Metals,2027,84826.44920851749,-0.029125207089559013,0.6,2050,Medium
1003981,Metals,2028,82355.86130864745,-0.029125207089559013,0.6,2050,Medium
1003993,Chemicals,2024,980653.4857653527,-0.045845005236247904,0.28,2030,Medium
1003993,Chemicals,2025,935695.4215754953,-0.045845005236247904,0.28,2030,Medium
1003993,Chemicals,2026,892798.4600738336,-0.045845005236247904,0.28,2030,Medium
1003993,Chemicals,2027,851868.1099968345,-0.045845005236247904,0.28,2030,Medium
1003993,Chemicals,2028,812814.2120334371,-0.045845005236247904,0.28,2030,Medium
1003994,Waste,2024,20380.268399791144,-0.038541867469075175,0.325,2030,High
1003994,Waste,2025,19594.774796142214,-0.038541867469075175,0.325,2030,High
1003994,Waste,2026,18839.55558286293,-0.038541867469075175,0.325,2030,High
1003994,Waste,2027,18113.44392841195,-0.038541867469075175,0.325,2030,High
1003994,Waste,2028,17415.317973114572,-0.038541867469075175,0.325,2030,High
1004011,Waste,2024,130471.79150071157,-0.038541867469075175,0.325,2030,High
1004011,Waste,2025,125443.16500423833,-0.038541867469075175,0.325,2030,High
1004011,Waste,2026,120608.35116374365,-0.038541867469075175,0.325,2030,High
1004011,Waste,2027,115959.88007752696,-0.038541867469075175,0.325,2030,High
1004011,Waste,2028,111490.56974784908,-0.038541867469075175,0.325,2030,High
1004014,Waste,2024,227074.53773128937,-0.038541867469075175,0.325,2030,High
1004014,Waste,2025,218322.66099244848,-0.038541867469075175,0.325,2030,High
1004014,Waste,2026,209908.09792698172,-0.038541867469075175,0.325,2030,High
1004014,Waste,2027,201817.84783599435,-0.038541867469075175,0.325,2030,High
1004014,Waste,2028,194039.41109180546,-0.038541867469075175,0.325,2030,High
1004018,Chemicals,2024,60589.28107879585,-0.045845005236247904,0.28,2030,Medium
1004018,Chemicals,2025,57811.56517047795,-0.045845005236247904,0.28,2030,Medium
1004018,Chemicals,2026,55161.19366252171,-0.045845005236247904,0.28,2030,Medium
1004018,Chemicals,2027,52632.328450225716,-0.045845005236247904,0.28,2030,Medium
1004018,Chemicals,2028,50219.3990768292,-0.045845005236247904,0.28,2030,Medium
1004020,Minerals,2024,474829.2786409376,-0.022067231457071457,0.2,2030,High
1004020,Minerals,2025,464351.11104657373,-0.022067231457071457,0.2,2030,High
1004020,Minerals,2026,454104.1676017607,-0.022067231457071457,0.2,2030,High
1004020,Minerals,2027,444083.3458296719,-0.022067231457071457,0.2,2030,High
1004020,Minerals,2028,434283.65585101786,-0.022067231457071457,0.2,2030,High
1004036,Metals,2024,163257.40419986512,-0.029125207089559013,0.6,2050,Medium
1004036,Metals,2025,158502.49849364022,-0.029125207089559013,0.6,2050,Medium
1004036,Metals,2026,153886.08040080042,-0.029125207089559013,0.6,2050,Medium
1004036,Metals,2027,149404.1164409266,-0.029125207089559013,0.6,2050,Medium
1004036,Metals,2028,145052.69060955202,-0.029125207089559013,0.6,2050,Medium
1004041,Waste,2024,153235.54345479084,-0.038541867469075175,0.325,2030,High
1004041,Waste,2025,147329.55944740458,-0.038541867469075175,0.325,2030,High
1004041,Waste,2026,141651.2030929055,-0.038541867469075175,0.325,2030,High
1004041,Waste,2027,136191.70119646366,-0.038541867469075175,0.325,2030,High
1004041,Waste,2028,130942.6186985617,-0.038541867469075175,0.325,2030,High
1004044,Waste,2024,36886.38932745556,-0.038541867469075175,0.325,2030,High
1004044,Waste,2025,35464.71899858406,-0.038541867469075175,0.325,2030,High
1004044,Waste,2026,34097.84249911264,-0.038541867469075175,0.325,2030,High
1004044,Waste,2027,32783.647972530445,-0.038541867469075175,0.325,2030,High
1004044,Waste,2028,31520.10495722036,-0.038541867469075175,0.325,2030,High
1004053,Waste,2024,96721.37478080201,-0.038541867469075175,0.325,2030,High
1004053,Waste,2025,92993.55237257358,-0.038541867469075175,0.325,2030,High
1004053,Waste,2026,89409.40720155135,-0.038541867469075175,0.325,2030,High
1004053,Waste,2027,85963.40167870058,-0.038541867469075175,0.325,2030,High
1004053,Waste,2028,82650.21164400924,-0.038541867469075175,0.325,2030,High
1004056,Waste,2024,43558.281896517765,-0.038541867469075175,0.325,2030,High
1004056,Waste,2025,41879.46436848156,-0.038541867469075175,0.325,2030,High
1004056,Waste,2026,40265.35160311569,-0.038541867469075175,0.325,2030,High
1004056,Waste,2027,38713.44975803269,-0.038541867469075175,0.325,2030,High
1004056,Waste,2028,37221.3611081879,-0.038541867469075175,0.325,2030,High
1004057,Waste,2024,45966.15764362822,-0.038541867469075175,0.325,2030,High
1004057,Waste,2025,44194.53608766488,-0.038541867469075175,0.325,2030,High
1004057,Waste,2026,42491.19613491684,-0.038541867469075175,0.325,2030,High
1004057,Waste,2027,40853.5060848824,-0.038541867469075175,0.325,2030,High
1004057,Waste,2028,39278.935667711805,-0.038541867469075175,0.325,2030,High
1004062,Waste,2024,81127.71415631847,-0.038541867469075175,0.325,2030,High
1004062,Waste,2025,78000.90054923663,-0.038541867469075175,0.325,2030,High
1004062,Waste,2026,74994.60017779944,-0.038541867469075175,0.325,2030,High
1004062,Waste,2027,72104.16823685041,-0.038541867469075175,0.325,2030,High
1004062,Waste,2028,69325.13894069783,-0.038541867469075175,0.325,2030,High
1004071,Chemicals,2024,148095.32417593687,-0.045845005236247904,0.28,2030,Medium
1004071,Chemicals,2025,141305.89326362722,-0.045845005236247904,0.28,2030,Medium
1004071,Chemicals,2026,134827.72384704355,-0.045845005236247904,0.28,2030,Medium
1004071,Chemicals,2027,128646.54614128445,-0.045845005236247904,0.28,2030,Medium
1004071,Chemicals,2028,122748.74455981207,-0.045845005236247904,0.28,2030,Medium
1004074,Waste,2024,62369.40062819555,-0.038541867469075175,0.325,2030,High
1004074,Waste,2025,59965.56745505798,-0.038541867469075175,0.325,2030,High
1004074,Waste,2026,57654.38250149725,-0.038541867469075175,0.325,2030,High
1004074,Waste,2027,55432.27493211318,-0.038541867469075175,0.325,2030,High
1004074,Waste,2028,53295.81153817033,-0.038541867469075175,0.325,2030,High
1004085,Minerals,2024,192338.3461061393,-0.022067231457071457,0.2,2030,High
1004085,Minerals,2025,188093.9713045448,-0.022067231457071457,0.2,2030,High
1004085,Minerals,2026,183943.25810408767,-0.022067231457071457,0.2,2030,High
1004085,Minerals,2027,179884.13965253692,-0.022067231457071457,0.2,2030,High
1004085,Minerals,2028,175914.59470736823,-0.022067231457071457,0.2,2030,High
1004094,Waste,2024,271574.26597076753,-0.038541867469075175,0.325,2030,High
1004094,Waste,2025,261107.28660371082,-0.038541867469075175,0.325,2030,High
1004094,Waste,2026,251043.7241682208,-0.038541867469075175,0.325,2030,High
1004094,Waste,2027,241368.03022238618,-0.038541867469075175,0.325,2030,High
1004094,Waste,2028,232065.25559028322,-0.038541867469075175,0.325,2030,High
1004097,Minerals,2024,1285736.8825172787,-0.022067231457071457,0.2,2030,High
1004097,Minerals,2025,1257364.2291378763,-0.022067231457071457,0.2,2030,High
1004097,Minerals,2026,1229617.6816676485,-0.022067231457071457,0.2,2030,High
1004097,Minerals,2027,1202483.423682581,-0.022067231457071457,0.2,2030,High
1004097,Minerals,2028,1175947.9436488857,-0.022067231457071457,0.2,2030,High
1004099,Waste,2024,118197.09588722237,-0.038541867469075175,0.325,2030,High
1004099,Waste,2025,113641.55908230747,-0.038541867469075175,0.325,2030,High
1004099,Waste,2026,109261.60117317812,-0.038541867469075175,0.325,2030,High
1004099,Waste,2027,105050.45502130254,-0.038541867469075175,0.325,2030,High
1004099,Waste,2028,101001.61430630545,-0.038541867469075175,0.325,2030,High
1004110,Petroleum and Natural Gas Systems,2024,25576.112190110896,-0.12944943670387588,0.75,2030,High
1004110,Petroleum and Natural Gas Systems,2025,22265.298874025906,-0.12944943670387588,0.75,2030,High
1004110,Petroleum and Natural Gas Systems,2026,19383.068476739812,-0.12944943670387588,0.75,2030,High
1004110,Petroleum and Natural Gas Systems,2027,16873.94118083319,-0.12944943670387588,0.75,2030,High
1004110,Petroleum and Natural Gas Systems,2028,14689.618999999999,-0.12944943670387588,0.75,2030,High
1004119,Waste,2024,112542.0395162086,-0.038541867469075175,0.325,2030,High
1004119,Waste,2025,108204.45914447548,-0.038541867469075175,0.325,2030,High
1004119,Waste,2026,104034.05722056614,-0.038541867469075175,0.325,2030,High
1004119,Waste,2027,100024.3903749009,-0.038541867469075175,0.325,2030,High
1004119,Waste,2028,96169.26357739643,-0.038541867469075175,0.325,2030,High
1004130,Petroleum Product Suppliers,2024,1877757.862900329,-0.027507527533926934,0.2,2030,Low
1004130,Petroleum Product Suppliers,2025,1826105.3867845505,-0.027507527533926934,0.2,2030,Low
1004130,Petroleum Product Suppliers,2026,1775873.7425777223,-0.027507527533926934,0.2,2030,Low
1004130,Petroleum Product Suppliers,2027,1727023.8467069876,-0.027507527533926934,0.2,2030,Low
1004130,Petroleum Product Suppliers,2028,1679517.6906919468,-0.027507527533926934,0.2,2030,Low
1004132,Waste,2024,95005.5239079108,-0.038541867469075175,0.325,2030,High
1004132,Waste,2025,91343.83359662205,-0.038541867469075175,0.325,2030,High
1004132,Waste,2026,87823.2716680238,-0.038541867469075175,0.325,2030,High
1004132,Waste,2027,84438.39877069424,-0.038541867469075175,0.325,2030,High
1004132,Waste,2028,81183.98519597322,-0.038541867469075175,0.325,2030,High
1004144,Petroleum and Natural Gas Systems,2024,36577.77850661974,-0.12944943670387588,0.75,2030,High
1004144,Petroleum and Natural Gas Systems,2025,31842.80568305868,-0.12944943670387588,0.75,2030,High
1004144,Petroleum and Natural Gas Systems,2026,27720.772424315754,-0.12944943670387588,0.75,2030,High
1004144,Petroleum and Natural Gas Systems,2027,24132.334048991743,-0.12944943670387588,0.75,2030,High
1004144,Petroleum and Natural Gas Systems,2028,21008.416999999998,-0.12944943670387588,0.75,2030,High
1004149,Waste,2024,25457.96916222009,-0.038541867469075175,0.325,2030,High
1004149,Waste,2025,24476.771488738003,-0.038541867469075175,0.325,2030,High
1004149,Waste,2026,23533.391005948226,-0.038541867469075175,0.325,2030,High
1004149,Waste,2027,22626.370168699043,-0.038541867469075175,0.325,2030,High
1004149,Waste,2028,21754.30760835081,-0.038541867469075175,0.325,2030,High
1004152,Metals,2024,76580.58618695592,-0.029125207089559013,0.6,2050,Medium
1004152,Metals,2025,74350.160755221,-0.029125207089559013,0.6,2050,Medium
1004152,Metals,2026,72184.6969260832,-0.029125207089559013,0.6,2050,Medium
1004152,Metals,2027,70082.30267941397,-0.029125207089559013,0.6,2050,Medium
1004152,Metals,2028,68041.14110056288,-0.029125207089559013,0.6,2050,Medium
1004161,Petroleum and Natural Gas Systems,2024,47915.761140044524,-0.12944943670387588,0.75,2030,High
1004161,Petroleum and Natural Gas Systems,2025,41713.09285122829,-0.12944943670387588,0.75,2030,High
1004161,Petroleum and Natural Gas Systems,2026,36313.35647846032,-0.12944943670387588,0.75,2030,High
1004161,Petroleum and Natural Gas Systems,2027,31612.61293749659,-0.12944943670387588,0.75,2030,High
1004161,Petroleum and Natural Gas Systems,2028,27520.377999999997,-0.12944943670387588,0.75,2030,High
1004165,Petroleum and Natural Gas Systems,2024,43996.765365029576,-0.12944943670387588,0.75,2030,High
1004165,Petroleum and Natural Gas Systems,2025,38301.408871733904,-0.12944943670387588,0.75,2030,High
1004165,Petroleum and Natural Gas Systems,2026,33343.313068323114,-0.12944943670387588,0.75,2030,High
1004165,Petroleum and Natural Gas Systems,2027,29027.039973787705,-0.12944943670387588,0.75,2030,High
1004165,Petroleum and Natural Gas Systems,2028,25269.505999999998,-0.12944943670387588,0.75,2030,High
1004168,Petroleum and Natural Gas Systems,2024,103554.79615909004,-0.12944943670387588,0.75,2030,High
1004168,Petroleum and Natural Gas Systems,2025,90149.68612831114,-0.12944943670387588,0.75,2030,High
1004168,Petroleum and Natural Gas Systems,2026,78479.86003997005,-0.12944943670387588,0.75,2030,High
1004168,Petroleum and Natural Gas Systems,2027,68320.6863651969,-0.12944943670387588,0.75,2030,High
1004168,Petroleum and Natural Gas Systems,2028,59476.611999999994,-0.12944943670387588,0.75,2030,High
1004174,Minerals,2024,376665.4650165094,-0.022067231457071457,0.2,2030,High
1004174,Minerals,2025,368353.5010181046,-0.022067231457071457,0.2,2030,High
1004174,Minerals,2026,360224.9590531155,-0.022067231457071457,0.2,2030,High
1004174,Minerals,2027,352275.7915050763,-0.022067231457071457,0.2,2030,High
1004174,Minerals,2028,344502.04007721075,-0.022067231457071457,0.2,2030,High
1004183,Chemicals,2024,2322333.7895020787,-0.045845005236247904,0.28,2030,Medium
1004183,Chemicals,2025,2215866.3847620403,-0.045845005236247904,0.28,2030,Medium
1004183,Chemicals,2026,2114279.978749799,-0.045845005236247904,0.28,2030,Medium
1004183,Chemicals,2027,2017350.8020531205,-0.045845005236247904,0.28,2030,Medium
1004183,Chemicals,2028,1924865.3439696464,-0.045845005236247904,0.28,2030,Medium
1004187,Minerals,2024,876543.4118858976,-0.022067231457071457,0.2,2030,High
1004187,Minerals,2025,857200.5255336404,-0.022067231457071457,0.2,2030,High
1004187,Minerals,2026,838284.4831315662,-0.022067231457071457,0.2,2030,High
1004187,Minerals,2027,819785.8654154305,-0.022067231457071457,0.2,2030,High
1004187,Minerals,2028,801695.4609780726,-0.022067231457071457,0.2,2030,High
1004191,Metals,2024,54421.01564138718,-0.029125207089559013,0.6,2050,Medium
1004191,Metals,2025,52835.99229080765,-0.029125207089559013,0.6,2050,Medium
1004191,Metals,2026,51297.13307355553,-0.029125207089559013,0.6,2050,Medium
1004191,Metals,2027,49803.09344968756,-0.029125207089559013,0.6,2050,Medium
1004191,Metals,2028,48352.56803926475,-0.029125207089559013,0.6,2050,Medium
1004206,Chemicals,2024,35842.28652912757,-0.045845005236247904,0.28,2030,Medium
1004206,Chemicals,2025,34199.096715520616,-0.045845005236247904,0.28,2030,Medium
1004206,Chemicals,2026,32631.238947522626,-0.045845005236247904,0.28,2030,Medium
1004206,Chemicals,2027,31135.259627108193,-0.045845005236247904,0.28,2030,Medium
1004206,Chemicals,2028,29707.86348647148,-0.045845005236247904,0.28,2030,Medium
1004211,Petroleum Product Suppliers,2024,1848707.1165263152,-0.027507527533926934,0.2,2030,Low
1004211,Petroleum Product Suppliers,2025,1797853.7546163008,-0.027507527533926934,0.2,2030,Low
1004211,Petroleum Product Suppliers,2026,1748399.242959219,-0.027507527533926934,0.2,2030,Low
1004211,Petroleum Product Suppliers,2027,1700305.1026432214,-0.027507527533926934,0.2,2030,Low
1004211,Petroleum Product Suppliers,2028,1653533.9132161865,-0.027507527533926934,0.2,2030,Low
1004223,Waste,2024,44911.39192225143,-0.038541867469075175,0.325,2030,High
1004223,Waste,2025,43180.42300693232,-0.038541867469075175,0.325,2030,High
1004223,Waste,2026,41516.16886614053,-0.038541867469075175,0.325,2030,High
1004223,Waste,2027,39916.058187878,-0.038541867469075175,0.325,2030,High
1004223,Waste,2028,38377.618763312916,-0.038541867469075175,0.325,2030,High
1004225,Minerals,2024,104753.78765728755,-0.022067231457071457,0.2,2030,High
1004225,Minerals,2025,102442.16157904928,-0.022067231457071457,0.2,2030,High
1004225,Minerals,2026,100181.54668852169,-0.022067231457071457,0.2,2030,High
1004225,Minerals,2027,97970.81731001867,-0.022067231457071457,0.2,2030,High
1004225,Minerals,2028,95808.87260840002,-0.022067231457071457,0.2,2030,High
1004233,Petroleum and Natural Gas Systems,2024,223268.12507767713,-0.12944943670387588,0.75,2030,High
1004233,Petroleum and Natural Gas Systems,2025,194366.19205244133,-0.12944943670387588,0.75,2030,High
1004233,Petroleum and Natural Gas Systems,2026,169205.59797697546,-0.12944943670387588,0.75,2030,High
1004233,Petroleum and Natural Gas Systems,2027,147302.0286317135,-0.12944943670387588,0.75,2030,High
1004233,Petroleum and Natural Gas Systems,2028,128233.86399999999,-0.12944943670387588,0.75,2030,High
1004239,Power Plants,2024,269344.6542361372,-0.11644604222876276,0.8,2035,Medium
1004239,Power Plants,2025,237980.53525486446,-0.11644604222876276,0.8,2035,Medium
1004239,Power Plants,2026,210268.64379695297,-0.11644604222876276,0.8,2035,Medium
1004239,Power Plants,2027,185783.6924219883,-0.11644604222876276,0.8,2035,Medium
1004239,Power Plants,2028,164149.91672880197,-0.11644604222876276,0.8,2035,Medium
1004244,Waste,2024,286312.4384551715,-0.038541867469075175,0.325,2030,High
1004244,Waste,2025,275277.4223974845,-0.038541867469075175,0.325,2030,High
1004244,Waste,2026,264667.71646621206,-0.038541867469075175,0.325,2030,High
1004244,Waste,2027,254466.92841482852,-0.038541867469075175,0.325,2030,High
1004244,Waste,2028,244659.29778460157,-0.038541867469075175,0.325,2030,High
1004252,Waste,2024,95095.17987876931,-0.038541867469075175,0.325,2030,High
1004252,Waste,2025,91430.03405893392,-0.038541867469075175,0.325,2030,High
1004252,Waste,2026,87906.14980354147,-0.038541867469075175,0.325,2030,High
1004252,Waste,2027,84518.0826280967,-0.038541867469075175,0.325,2030,High
1004252,Waste,2028,81260.59788870426,-0.038541867469075175,0.325,2030,High
1004259,Metals,2024,207531.4539821207,-0.029125207089559013,0.6,2050,Medium
1004259,Metals,2025,201487.05740729414,-0.029125207089559013,0.6,2050,Medium
1004259,Metals,2026,195618.70513444082,-0.029125207089559013,0.6,2050,Medium
1004259,Metals,2027,189921.26983680887,-0.029125207089559013,0.6,2050,Medium
1004259,Metals,2028,184389.77352209977,-0.029125207089559013,0.6,2050,Medium
1004269,Petroleum and Natural Gas Systems,2024,38259.70657032362,-0.12944943670387588,0.75,2030,High
1004269,Petroleum and Natural Gas Systems,2025,33307.009106339654,-0.12944943670387588,0.75,2030,High
1004269,Petroleum and Natural Gas Systems,2026,28995.43553923312,-0.12944943670387588,0.75,2030,High
1004269,Petroleum and Natural Gas Systems,2027,25241.99274169585,-0.12944943670387588,0.75,2030,High
1004269,Petroleum and Natural Gas Systems,2028,21974.430999999997,-0.12944943670387588,0.75,2030,High
1004270,Minerals,2024,481174.5621599143,-0.022067231457071457,0.2,2030,High
1004270,Minerals,2025,470556.3717254764,-0.022067231457071457,0.2,2030,High
1004270,Minerals,2026,460172.4953570106,-0.022067231457071457,0.2,2030,High
1004270,Minerals,2027,450017.7623917893,-0.022067231457071457,0.2,2030,High
1004270,Minerals,2028,440087.1162692963,-0.022067231457071457,0.2,2030,High
1004272,Petroleum and Natural Gas Systems,2024,52208.256187634914,-0.12944943670387588,0.75,2030,High
1004272,Petroleum and Natural Gas Systems,2025,45449.92683285393,-0.12944943670387588,0.75,2030,High
1004272,Petroleum and Natural Gas Systems,2026,39566.45940610862,-0.12944943670387588,0.75,2030,High
1004272,Petroleum and Natural Gas Systems,2027,34444.60352362108,-0.12944943670387588,0.75,2030,High
1004272,Petroleum and Natural Gas Systems,2028,29985.768999999997,-0.12944943670387588,0.75,2030,High
1004274,Chemicals,2024,157349.16967631326,-0.045845005236247904,0.28,2030,Medium
1004274,Chemicals,2025,150135.4961685834,-0.045845005236247904,0.28,2030,Medium
1004274,Chemicals,2026,143252.53356058805,-0.045845005236247904,0.28,2030,Medium
1004274,Chemicals,2027,136685.1204093971,-0.045845005236247904,0.28,2030,Medium
1004274,Chemicals,2028,130418.79034851112,-0.045845005236247904,0.28,2030,Medium
1004279,Waste,2024,62853.6197874821,-0.038541867469075175,0.325,2030,High
1004279,Waste,2025,60431.12390368132,-0.038541867469075175,0.325,2030,High
1004279,Waste,2026,58101.99553517838,-0.038541867469075175,0.325,2030,High
1004279,Waste,2027,55862.63612357274,-0.038541867469075175,0.325,2030,High
1004279,Waste,2028,53709.585805624825,-0.038541867469075175,0.325,2030,High
1004283,Waste,2024,297612.98276586406,-0.038541867469075175,0.325,2030,High
1004283,Waste,2025,286142.422627026,-0.038541867469075175,0.325,2030,High
1004283,Waste,2026,275113.959296855,-0.038541867469075175,0.325,2030,High
1004283,Waste,2027,264510.5535387431,-0.038541867469075175,0.325,2030,High
1004283,Waste,2028,254315.82284008118,-0.038541867469075175,0.325,2030,High
1004291,Chemicals,2024,1766571.3737834527,-0.045845005236247904,0.28,2030,Medium
1004291,Chemicals,2025,1685582.8999021447,-0.045845005236247904,0.28,2030,Medium
1004291,Chemicals,2026,1608307.343030001,-0.045845005236247904,0.28,2030,Medium
1004291,Chemicals,2027,1534574.4844672945,-0.045845005236247904,0.28,2030,Medium
1004291,Chemicals,2028,1464221.9091914792,-0.045845005236247904,0.28,2030,Medium
1004302,Petroleum and Natural Gas Systems,2024,48319.89682804348,-0.12944943670387588,0.75,2030,High
1004302,Petroleum and Natural Gas Systems,2025,42064.91340206385,-0.12944943670387588,0.75,2030,High
1004302,Petroleum and Natural Gas Systems,2026,36619.634057169365,-0.12944943670387588,0.75,2030,High
1004302,Petroleum and Natural Gas Systems,2027,31879.243056166724,-0.12944943670387588,0.75,2030,High
1004302,Petroleum and Natural Gas Systems,2028,27752.492999999995,-0.12944943670387588,0.75,2030,High
1004305,Chemicals,2024,2015248.297907014,-0.045845005236247904,0.28,2030,Medium
1004305,Chemicals,2025,1922859.2291371273,-0.045845005236247904,0.28,2030,Medium
1004305,Chemicals,2026,1834705.737708768,-0.045845005236247904,0.28,2030,Medium
1004305,Chemicals,2027,1750593.6435565355,-0.045845005236247904,0.28,2030,Medium
1004305,Chemicals,2028,1670337.668801144,-0.045845005236247904,0.28,2030,Medium
1004307,Chemicals,2024,70152.45599523469,-0.045845005236247904,0.28,2030,Medium
1004307,Chemicals,2025,66936.3162827975,-0.045845005236247904,0.28,2030,Medium
1004307,Chemicals,2026,63867.62051231752,-0.045845005236247904,0.28,2030,Medium
1004307,Chemicals,2027,60939.60911550362,-0.045845005236247904,0.28,2030,Medium
1004307,Chemicals,2028,58145.832416508456,-0.045845005236247904,0.28,2030,Medium
1004313,Waste,2024,33778.66820567585,-0.038541867469075175,0.325,2030,High
1004313,Waste,2025,32476.775252410825,-0.038541867469075175,0.325,2030,High
1004313,Waste,2026,31225.05968480947,-0.038541867469075175,0.325,2030,High
1004313,Waste,2027,30021.58757272358,-0.038541867469075175,0.325,2030,High
1004313,Waste,2028,28864.499523284434,-0.038541867469075175,0.325,2030,High
1004328,Waste,2024,137673.59364243445,-0.038541867469075175,0.325,2030,High
1004328,Waste,2025,132367.39624227642,-0.038541867469075175,0.325,2030,High
1004328,Waste,2026,127265.70959908006,-0.038541867469075175,0.325,2030,High
1004328,Waste,2027,122360.65148635452,-0.038541867469075175,0.325,2030,High
1004328,Waste,2028,117644.64347333774,-0.038541867469075175,0.325,2030,High
1004335,Waste,2024,38019.90039280289,-0.038541867469075175,0.325,2030,High
1004335,Waste,2025,36554.54243067604,-0.038541867469075175,0.325,2030,High
1004335,Waste,2026,35145.66210092024,-0.038541867469075175,0.325,2030,High
1004335,Waste,2027,33791.082650113676,-0.038541867469075175,0.325,2030,High
1004335,Waste,2028,32488.71122097643,-0.038541867469075175,0.325,2030,High
1004340,Chemicals,2024,1494876.9355348377,-0.045845005236247904,0.28,2030,Medium
1004340,Chemicals,2025,1426344.2945976967,-0.045845005236247904,0.28,2030,Medium
1004340,Chemicals,2026,1360953.5329431733,-0.045845005236247904,0.28,2030,Medium
1004340,Chemicals,2027,1298560.6110991032,-0.045845005236247904,0.28,2030,Medium
1004340,Chemicals,2028,1239028.0930836797,-0.045845005236247904,0.28,2030,Medium
1004343,Chemicals,2024,45191.46745247655,-0.045845005236247904,0.28,2030,Medium
1004343,Chemicals,2025,43119.66439048404,-0.045845005236247904,0.28,2030,Medium
1004343,Chemicals,2026,41142.843150717046,-0.045845005236247904,0.28,2030,Medium
1004343,Chemicals,2027,39256.649291038295,-0.045845005236247904,0.28,2030,Medium
1004343,Chemicals,2028,37456.9279987331,-0.045845005236247904,0.28,2030,Medium
1004345,Metals,2024,43093.92040347953,-0.029125207089559013,0.6,2050,Medium
1004345,Metals,2025,41838.801047427216,-0.029125207089559013,0.6,2050,Medium
1004345,Metals,2026,40620.23730254204,-0.029125207089559013,0.6,2050,Medium
1004345,Metals,2027,39437.16447907848,-0.029125207089559013,0.6,2050,Medium
1004345,Metals,2028,38288.54889660031,-0.029125207089559013,0.6,2050,Medium
1004347,Waste,2024,46104.80182925544,-0.038541867469075175,0.325,2030,High
1004347,Waste,2025,44327.8366674643,-0.038541867469075175,0.325,2030,High
1004347,Waste,2026,42619.35906143608,-0.038541867469075175,0.325,2030,High
1004347,Waste,2027,40976.729372873284,-0.038541867469075175,0.325,2030,High
1004347,Waste,2028,39397.409700067845,-0.038541867469075175,0.325,2030,High
1004356,Petroleum and Natural Gas Systems,2024,23916.404058984583,-0.12944943670387588,0.75,2030,High
1004356,Petroleum and Natural Gas Systems,2025,20820.439025566735,-0.12944943670387588,0.75,2030,High
1004356,Petroleum and Natural Gas Systems,2026,18125.24492177973,-0.12944943670387588,0.75,2030,High
1004356,Petroleum and Natural Gas Systems,2027,15778.942176535555,-0.12944943670387588,0.75,2030,High
1004356,Petroleum and Natural Gas Systems,2028,13736.366999999998,-0.12944943670387588,0.75,2030,High
1004357,Petroleum and Natural Gas Systems,2024,81172.50241926278,-0.12944943670387588,0.75,2030,High
1004357,Petroleum and Natural Gas Systems,2025,70664.7677052452,-0.12944943670387588,0.75,2030,High
1004357,Petroleum and Natural Gas Systems,2026,61517.25333099098,-0.12944943670387588,0.75,2030,High
1004357,Petroleum and Natural Gas Systems,2027,53553.87953972456,-0.12944943670387588,0.75,2030,High
1004357,Petroleum and Natural Gas Systems,2028,46621.35999999999,-0.12944943670387588,0.75,2030,High
1004368,Chemicals,2024,2394943.7079442176,-0.045845005236247904,0.28,2030,Medium
1004368,Chemicals,2025,2285147.5011129957,-0.045845005236247904,0.28,2030,Medium
1004368,Chemicals,2026,2180384.9019588716,-0.045845005236247904,0.28,2030,Medium
1004368,Chemicals,2027,2080425.1447115312,-0.045845005236247904,0.28,2030,Medium
1004368,Chemicals,2028,1985048.0430586096,-0.045845005236247904,0.28,2030,Medium
1004375,Minerals,2024,156655.25555877312,-0.022067231457071457,0.2,2030,High
1004375,Minerals,2025,153198.30777539097,-0.022067231457071457,0.2,2030,High
1004375,Minerals,2026,149817.64525887975,-0.022067231457071457,0.2,2030,High
1004375,Minerals,2027,146511.58460459864,-0.022067231457071457,0.2,2030,High
1004375,Minerals,2028,143278.47955598665,-0.022067231457071457,0.2,2030,High
1004381,Chemicals,2024,954862.0713226218,-0.045845005236247904,0.28,2030,Medium
1004381,Chemicals,2025,911086.4146629417,-0.045845005236247904,0.28,2030,Medium
1004381,Chemicals,2026,869317.6532120449,-0.045845005236247904,0.28,2030,Medium
1004381,Chemicals,2027,829463.7808485759,-0.045845005236247904,0.28,2030,Medium
1004381,Chemicals,2028,791437.009472295,-0.045845005236247904,0.28,2030,Medium
1004382,Petroleum and Natural Gas Systems,2024,71385.71553035057,-0.12944943670387588,0.75,2030,High
1004382,Petroleum and Natural Gas Systems,2025,62144.87486624356,-0.12944943670387588,0.75,2030,High
1004382,Petroleum and Natural Gas Systems,2026,54100.255820775485,-0.12944943670387588,0.75,2030,High
1004382,Petroleum and Natural Gas Systems,2027,47097.00817924051,-0.12944943670387588,0.75,2030,High
1004382,Petroleum and Natural Gas Systems,2028,41000.32699999999,-0.12944943670387588,0.75,2030,High
1004384,Waste,2024,5108.227058136804,-0.038541867469075175,0.325,2030,High
1004384,Waste,2025,4911.346447860151,-0.038541867469075175,0.325,2030,High
1004384,Waste,2026,4722.053983972012,-0.038541867469075175,0.325,2030,High
1004384,Waste,2027,4540.057205139945,-0.038541867469075175,0.325,2030,High
1004384,Waste,2028,4365.074922037421,-0.038541867469075175,0.325,2030,High
1004385,Minerals,2024,728664.8408388153,-0.022067231457071457,0.2,2030,High
1004385,Minerals,2025,712585.225141395,-0.022067231457071457,0.2,2030,High
1004385,Minerals,2026,696860.4420453105,-0.022067231457071457,0.2,2030,High
1004385,Minerals,2027,681482.6613774195,-0.022067231457071457,0.2,2030,High
1004385,Minerals,2028,666444.225754823,-0.022067231457071457,0.2,2030,High
1004386,Minerals,2024,2469861.2773694587,-0.022067231457071457,0.2,2030,High
1004386,Minerals,2025,2415358.276894889,-0.022067231457071457,0.2,2030,High
1004386,Minerals,2026,2362058.006746896,-0.022067231457071457,0.2,2030,High
1004386,Minerals,2027,2309933.9259969834,-0.022067231457071457,0.2,2030,High
1004386,Minerals,2028,2258960.0794014665,-0.022067231457071457,0.2,2030,High
1004423,Waste,2024,22869.964233979976,-0.038541867469075175,0.325,2030,High
1004423,Waste,2025,21988.51310345143,-0.038541867469075175,0.325,2030,High
1004423,Waste,2026,21141.034745576184,-0.038541867469075175,0.325,2030,High
1004423,Waste,2027,20326.219786253074,-0.038541867469075175,0.325,2030,High
1004423,Waste,2028,19542.809317104013,-0.038541867469075175,0.325,2030,High
1004434,Metals,2024,59552.034552930454,-0.029125207089559013,0.6,2050,Medium
1004434,Metals,2025,57817.56921397178,-0.029125207089559013,0.6,2050,Medium
1004434,Metals,2026,56133.620537199946,-0.029125207089559013,0.6,2050,Medium
1004434,Metals,2027,54498.71721436727,-0.029125207089559013,0.6,2050,Medium
1004434,Metals,2028,52911.43078938351,-0.029125207089559013,0.6,2050,Medium
1004442,Chemicals,2024,153283.09159880725,-0.045845005236247904,0.28,2030,Medium
1004442,Chemicals,2025,146255.82746183165,-0.045845005236247904,0.28,2030,Medium
1004442,Chemicals,2026,139550.72828601222,-0.045845005236247904,0.28,2030,Medium
1004442,Chemicals,2027,133153.0244170178,-0.045845005236247904,0.28,2030,Medium
1004442,Chemicals,2028,127048.62331539736,-0.045845005236247904,0.28,2030,Medium
1004459,Petroleum Product Suppliers,2024,152045.63485765143,-0.027507527533926934,0.2,2030,Low
1004459,Petroleum Product Suppliers,2025,147863.23537039116,-0.027507527533926934,0.2,2030,Low
1004459,Petroleum Product Suppliers,2026,143795.8833521846,-0.027507527533926934,0.2,2030,Low
1004459,Petroleum Product Suppliers,2027,139840.41413160905,-0.027507527533926934,0.2,2030,Low
1004459,Petroleum Product Suppliers,2028,135993.75008952807,-0.027507527533926934,0.2,2030,Low
1004465,Waste,2024,31801.669920659137,-0.038541867469075175,0.325,2030,High
1004465,Waste,2025,30575.974173281815,-0.038541867469075175,0.325,2030,High
1004465,Waste,2026,29397.519028957322,-0.038541867469075175,0.325,2030,High
1004465,Waste,2027,28264.483746623635,-0.038541867469075175,0.325,2030,High
1004465,Waste,2028,27175.11775997944,-0.038541867469075175,0.325,2030,High
1004467,Waste,2024,29142.42094479848,-0.038541867469075175,0.325,2030,High
1004467,Waste,2025,28019.217619016054,-0.038541867469075175,0.325,2030,High
1004467,Waste,2026,26939.304646956763,-0.038541867469075175,0.325,2030,High
1004467,Waste,2027,25901.013537544713,-0.038541867469075175,0.325,2030,High
1004467,Waste,2028,24902.740106465943,-0.038541867469075175,0.325,2030,High
1004478,Metals,2024,27268.420502090696,-0.029125207089559013,0.6,2050,Medium
1004478,Metals,2025,26474.222107962127,-0.029125207089559013,0.6,2050,Medium
1004478,Metals,2026,25703.15490653275,-0.029125207089559013,0.6,2050,Medium
1004478,Metals,2027,24954.54519702497,-0.029125207089559013,0.6,2050,Medium
1004478,Metals,2028,24227.738900335855,-0.029125207089559013,0.6,2050,Medium
1004480,Waste,2024,92028.32072762217,-0.038541867469075175,0.325,2030,High
1004480,Waste,2025,88481.37738673661,-0.038541867469075175,0.325,2030,High
1004480,Waste,2026,85071.13986601579,-0.038541867469075175,0.325,2030,High
1004480,Waste,2027,81792.33926785665,-0.038541867469075175,0.325,2030,High
1004480,Waste,2028,78639.90976780928,-0.038541867469075175,0.325,2030,High
1004485,Waste,2024,136350.14652300565,-0.038541867469075175,0.325,2030,High
1004485,Waste,2025,131094.95724632696,-0.038541867469075175,0.325,2030,High
1004485,Waste,2026,126042.31277827497,-0.038541867469075175,0.325,2030,High
1004485,Waste,2027,121184.40666367896,-0.038541867469075175,0.325,2030,High
1004485,Waste,2028,116513.73332272895,-0.038541867469075175,0.325,2030,High
1004491,Waste,2024,271357.5686910252,-0.038541867469075175,0.325,2030,High
1004491,Waste,2025,260898.94124180524,-0.038541867469075175,0.325,2030,High
1004491,Waste,2026,250843.40882564159,-0.038541867469075175,0.325,2030,High
1004491,Waste,2027,241175.43540719265,-0.038541867469075175,0.325,2030,High
1004491,Waste,2028,231880.08373893215,-0.038541867469075175,0.325,2030,High
1004493,Metals,2024,85441.95653855767,-0.029125207089559013,0.6,2050,Medium
1004493,Metals,2025,82953.44186023508,-0.029125207089559013,0.6,2050,Medium
1004493,Metals,2026,80537.40568726404,-0.029125207089559013,0.6,2050,Medium
1004493,Metals,2027,78191.73706816665,-0.029125207089559013,0.6,2050,Medium
1004493,Metals,2028,75914.38653336394,-0.029125207089559013,0.6,2050,Medium
1004499,Petroleum and Natural Gas Systems,2024,291846.0782516445,-0.12944943670387588,0.75,2030,High
1004499,Petroleum and Natural Gas Systems,2025,254066.76781773384,-0.12944943670387588,0.75,2030,High
1004499,Petroleum and Natural Gas Systems,2026,221177.96783855377,-0.12944943670387588,0.75,2030,High
1004499,Petroleum and Natural Gas Systems,2027,192546.604490545,-0.12944943670387588,0.75,2030,High
1004499,Petroleum and Natural Gas Systems,2028,167621.55499999996,-0.12944943670387588,0.75,2030,High
1004504,Chemicals,2024,88308.38249068792,-0.045845005236247904,0.28,2030,Medium
1004504,Chemicals,2025,84259.88423299775,-0.045845005236247904,0.28,2030,Medium
1004504,Chemicals,2026,80396.98939913033,-0.045845005236247904,0.28,2030,Medium
1004504,Chemicals,2027,76711.18899914862,-0.045845005236247904,0.28,2030,Medium
1004504,Chemicals,2028,73194.36413780386,-0.045845005236247904,0.28,2030,Medium
1004511,Metals,2024,155125.16470123827,-0.029125207089559013,0.6,2050,Medium
1004511,Metals,2025,150607.11215451275,-0.029125207089559013,0.6,2050,Medium
1004511,Metals,2026,146220.64882385213,-0.029125207089559013,0.6,2050,Medium
1004511,Metals,2027,141961.94214608776,-0.029125207089559013,0.6,2050,Medium
1004511,Metals,2028,137827.27118224697,-0.029125207089559013,0.6,2050,Medium
1004517,Minerals,2024,315478.6506531031,-0.022067231457071457,0.2,2030,High
1004517,Minerals,2025,308516.91024937644,-0.022067231457071457,0.2,2030,High
1004517,Minerals,2026,301708.7961824829,-0.022067231457071457,0.2,2030,High
1004517,Minerals,2027,295050.9183444897,-0.022067231457071457,0.2,2030,High
1004517,Minerals,2028,288539.9614377604,-0.022067231457071457,0.2,2030,High
1004521,Petroleum and Natural Gas Systems,2024,306966.1207975789,-0.12944943670387588,0.75,2030,High
1004521,Petroleum and Natural Gas Systems,2025,267229.52937315835,-0.12944943670387588,0.75,2030,High
1004521,Petroleum and Natural Gas Systems,2026,232636.8173251612,-0.12944943670387588,0.75,2030,High
1004521,Petroleum and Natural Gas Systems,2027,202522.11236583657,-0.12944943670387588,0.75,2030,High
1004521,Petroleum and Natural Gas Systems,2028,176305.73899999997,-0.12944943670387588,0.75,2030,High
1004531,Waste,2024,278260.4804201719,-0.038541867469075175,0.325,2030,High
1004531,Waste,2025,267535.80186193646,-0.038541867469075175,0.325,2030,High
1004531,Waste,2026,257224.47244334096,-0.038541867469075175,0.325,2030,High
1004531,Waste,2027,247310.56091662694,-0.038541867469075175,0.325,2030,High
1004531,Waste,2028,237778.75005407567,-0.038541867469075175,0.325,2030,High
1004540,Waste,2024,72700.75668297167,-0.038541867469075175,0.325,2030,High
1004540,Waste,2025,69898.7337539951,-0.038541867469075175,0.325,2030,High
1004540,Waste,2026,67204.70602139244,-0.038541867469075175,0.325,2030,High
1004540,Waste,2027,64614.51114861778,-0.038541867469075175,0.325,2030,High
1004540,Waste,2028,62124.14722334868,-0.038541867469075175,0.325,2030,High
1004541,Waste,2024,36653.187657410184,-0.038541867469075175,0.325,2030,High
1004541,Waste,2025,35240.50535639913,-0.038541867469075175,0.325,2030,High
1004541,Waste,2026,33882.27046940957,-0.038541867469075175,0.325,2030,High
1004541,Waste,2027,32576.384491426226,-0.038541867469075175,0.325,2030,High
1004541,Waste,2028,31320.82979773604,-0.038541867469075175,0.325,2030,High
1004542,Metals,2024,26497.9167906907,-0.029125207089559013,0.6,2050,Medium
1004542,Metals,2025,25726.15947671993,-0.029125207089559013,0.6,2050,Medium
1004542,Metals,2026,24976.87975434144,-0.029125207089559013,0.6,2050,Medium
1004542,Metals,2027,24249.422959045234,-0.029125207089559013,0.6,2050,Medium
1004542,Metals,2028,23543.153493560734,-0.029125207089559013,0.6,2050,Medium
1004544,Waste,2024,146087.79448927884,-0.038541867469075175,0.325,2030,High
1004544,Waste,2025,140457.29807522355,-0.038541867469075175,0.325,2030,High
1004544,Waste,2026,135043.8115077439,-0.038541867469075175,0.325,2030,High
1004544,Waste,2027,129838.97082209369,-0.038541867469075175,0.325,2030,High
1004544,Waste,2028,124834.73441634743,-0.038541867469075175,0.325,2030,High
1004561,Waste,2024,2115.928985167433,-0.038541867469075175,0.325,2030,High
1004561,Waste,2025,2034.377130647135,-0.038541867469075175,0.325,2030,High
1004561,Waste,2026,1955.9684368956157,-0.038541867469075175,0.325,2030,High
1004561,Waste,2027,1880.5817606270907,-0.038541867469075175,0.325,2030,High
1004561,Waste,2028,1808.1006276442413,-0.038541867469075175,0.325,2030,High
1004571,Minerals,2024,483838.67985769303,-0.022067231457071457,0.2,2030,High
1004571,Minerals,2025,473161.6997213894,-0.022067231457071457,0.2,2030,High
1004571,Minerals,2026,462720.3309770162,-0.022067231457071457,0.2,2030,High
1004571,Minerals,2027,452509.37433345366,-0.022067231457071457,0.2,2030,High
1004571,Minerals,2028,442523.74523354275,-0.022067231457071457,0.2,2030,High
1004572,Waste,2024,121990.45010955627,-0.038541867469075175,0.325,2030,High
1004572,Waste,2025,117288.71034894092,-0.038541867469075175,0.325,2030,High
1004572,Waste,2026,112768.1844190533,-0.038541867469075175,0.325,2030,High
1004572,Waste,2027,108421.88800044594,-0.038541867469075175,0.325,2030,High
1004572,Waste,2028,104243.10596238583,-0.038541867469075175,0.325,2030,High
1004585,Minerals,2024,88047.94211189811,-0.022067231457071457,0.2,2030,High
1004585,Minerals,2025,86104.96779399602,-0.022067231457071457,0.2,2030,High
1004585,Minerals,2026,84204.86954008223,-0.022067231457071457,0.2,2030,High
1004585,Minerals,2027,82346.70119412873,-0.022067231457071457,0.2,2030,High
1004585,Minerals,2028,80529.5374791516,-0.022067231457071457,0.2,2030,High
1004586,Chemicals,2024,874351.7609736993,-0.045845005236247904,0.28,2030,Medium
1004586,Chemicals,2025,834267.0999135375,-0.045845005236247904,0.28,2030,Medium
1004586,Chemicals,2026,796020.120349572,-0.045845005236247904,0.28,2030,Medium
1004586,Chemicals,2027,759526.5737639872,-0.045845005236247904,0.28,2030,Medium
1004586,Chemicals,2028,724706.0740127078,-0.045845005236247904,0.28,2030,Medium
1004587,Waste,2024,28026.264198743327,-0.038541867469075175,0.325,2030,High
1004587,Waste,2025,26946.079638342075,-0.038541867469075175,0.325,2030,High
1004587,Waste,2026,25907.52740810995,-0.038541867469075175,0.325,2030,High
1004587,Waste,2027,24909.002920295145,-0.038541867469075175,0.325,2030,High
1004587,Waste,2028,23948.96343095432,-0.038541867469075175,0.325,2030,High
1004604,Waste,2024,39616.118953179524,-0.038541867469075175,0.325,2030,High
1004604,Waste,2025,38089.239746846964,-0.038541867469075175,0.325,2030,High
1004604,Waste,2026,36621.20931652616,-0.038541867469075175,0.325,2030,High
1004604,Waste,2027,35209.759520491345,-0.038541867469075175,0.325,2030,High
1004604,Waste,2028,33852.70963543456,-0.038541867469075175,0.325,2030,High
1004612,Minerals,2024,357270.4256212902,-0.022067231457071457,0.2,2030,High
1004612,Minerals,2025,349386.45644633874,-0.022067231457071457,0.2,2030,High
1004612,Minerals,2026,341676.46464397135,-0.022067231457071457,0.2,2030,High
1004612,Minerals,2027,334136.611015239,-0.022067231457071457,0.2,2030,High
1004612,Minerals,2028,326763.14108168427,-0.022067231457071457,0.2,2030,High
1004616,Metals,2024,483652.61402241816,-0.029125207089559013,0.6,2050,Medium
1004616,Metals,2025,469566.13147960865,-0.029125207089559013,0.6,2050,Medium
1004616,Metals,2026,455889.920658022,-0.029125207089559013,0.6,2050,Medium
1004616,Metals,2027,442612.03230881447,-0.029125207089559013,0.6,2050,Medium
1004616,Metals,2028,429720.86520748964,-0.029125207089559013,0.6,2050,Medium
1004631,Minerals,2024,106778.52313166528,-0.022067231457071457,0.2,2030,High
1004631,Minerals,2025,104422.21674707456,-0.022067231457071457,0.2,2030,High
1004631,Minerals,2026,102117.90752085639,-0.022067231457071457,0.2,2030,High
1004631,Minerals,2027,99864.44801968183,-0.022067231457071457,0.2,2030,High
1004631,Minerals,2028,97660.71613089884,-0.022067231457071457,0.2,2030,High
1004632,Minerals,2024,62987.94942198775,-0.022067231457071457,0.2,2030,High
1004632,Minerals,2025,61597.979763086434,-0.022067231457071457,0.2,2030,High
1004632,Minerals,2026,60238.682886366405,-0.022067231457071457,0.2,2030,High
1004632,Minerals,2027,58909.38192844383,-0.022067231457071457,0.2,2030,High
1004632,Minerals,2028,57609.41496243584,-0.022067231457071457,0.2,2030,High
1004646,Waste,2024,2180.3466800470046,-0.038541867469075175,0.325,2030,High
1004646,Waste,2025,2096.312047267995,-0.038541867469075175,0.325,2030,High
1004646,Waste,2026,2015.5162661683664,-0.038541867469075175,0.325,2030,High
1004646,Waste,2027,1937.83450535594,-0.038541867469075175,0.325,2030,High
1004646,Waste,2028,1863.1467446735105,-0.038541867469075175,0.325,2030,High
1004660,Minerals,2024,29797.26331343743,-0.022067231457071457,0.2,2030,High
1004660,Minerals,2025,29139.720207112503,-0.022067231457071457,0.2,2030,High
1004660,Minerals,2026,28496.68725670785,-0.022067231457071457,0.2,2030,High
1004660,Minerals,2027,27867.844263254297,-0.022067231457071457,0.2,2030,High
1004660,Minerals,2028,27252.878093687446,-0.022067231457071457,0.2,2030,High
1004667,Waste,2024,55957.45749442573,-0.038541867469075175,0.325,2030,High
1004667,Waste,2025,53800.752583769165,-0.038541867469075175,0.325,2030,High
1004667,Waste,2026,51727.171107949034,-0.038541867469075175,0.325,2030,High
1004667,Waste,2027,49733.509334556285,-0.038541867469075175,0.325,2030,High
1004667,Waste,2028,47816.68700901181,-0.038541867469075175,0.325,2030,High
1004673,Waste,2024,27511.403368773015,-0.038541867469075175,0.325,2030,High
1004673,Waste,2025,26451.062506245496,-0.038541867469075175,0.325,2030,High
1004673,Waste,2026,25431.58916071356,-0.038541867469075175,0.325,2030,High
1004673,Waste,2027,24451.408221753372,-0.038541867469075175,0.325,2030,High
1004673,Waste,2028,23509.005286638298,-0.038541867469075175,0.325,2030,High
1004680,Waste,2024,51759.137106669805,-0.038541867469075175,0.325,2030,High
1004680,Waste,2025,49764.24330399084,-0.038541867469075175,0.325,2030,High
1004680,Waste,2026,47846.23643386962,-0.038541867469075175,0.325,2030,High
1004680,Waste,2027,46002.15313034139,-0.038541867469075175,0.325,2030,High
1004680,Waste,2028,44229.14424109967,-0.038541867469075175,0.325,2030,High
1004682,Waste,2024,57577.16063114756,-0.038541867469075175,0.325,2030,High
1004682,Waste,2025,55358.02933685622,-0.038541867469075175,0.325,2030,High
1004682,Waste,2026,53224.427506805936,-0.038541867469075175,0.325,2030,High
1004682,Waste,2027,51173.05867572122,-0.038541867469075175,0.325,2030,High
1004682,Waste,2028,49200.75343025437,-0.038541867469075175,0.325,2030,High
1004701,Chemicals,2024,24560.812121334246,-0.045845005236247904,0.28,2030,Medium
1004701,Chemicals,2025,23434.821561025175,-0.045845005236247904,0.28,2030,Medium
1004701,Chemicals,2026,22360.45204384944,-0.045845005236247904,0.28,2030,Medium
1004701,Chemicals,2027,21335.337002814293,-0.045845005236247904,0.28,2030,Medium
1004701,Chemicals,2028,20357.21836620316,-0.045845005236247904,0.28,2030,Medium
1004716,Waste,2024,61848.774895262584,-0.038541867469075175,0.325,2030,High
1004716,Waste,2025,59465.0076101247,-0.038541867469075175,0.325,2030,High
1004716,Waste,2026,57173.11516776774,-0.038541867469075175,0.325,2030,High
1004716,Waste,2027,54969.556540177466,-0.038541867469075175,0.325,2030,High
1004716,Waste,2028,52850.92717717211,-0.038541867469075175,0.325,2030,High
1004730,Metals,2024,30211.033261425437,-0.029125207089559013,0.6,2050,Medium
1004730,Metals,2025,29331.130661296866,-0.029125207089559013,0.6,2050,Medium
1004730,Metals,2026,28476.85540661568,-0.029125207089559013,0.6,2050,Medium
1004730,Metals,2027,27647.46109563857,-0.029125207089559013,0.6,2050,Medium
1004730,Metals,2028,26842.22306572757,-0.029125207089559013,0.6,2050,Medium
1004743,Waste,2024,47510.45361901565,-0.038541867469075175,0.325,2030,High
1004743,Waste,2025,45679.3120122359,-0.038541867469075175,0.325,2030,High
1004743,Waste,2026,43918.74602258178,-0.038541867469075175,0.325,2030,High
1004743,Waste,2027,42226.03553397146,-0.038541867469075175,0.325,2030,High
1004743,Waste,2028,40598.56526867667,-0.038541867469075175,0.325,2030,High
1004749,Petroleum and Natural Gas Systems,2024,134560.8038242546,-0.12944943670387588,0.75,2030,High
1004749,Petroleum and Natural Gas Systems,2025,117141.9835667841,-0.12944943670387588,0.75,2030,High
1004749,Petroleum and Natural Gas Systems,2026,101978.01977968922,-0.12944943670387588,0.75,2030,High
1004749,Petroleum and Natural Gas Systems,2027,88777.02256303173,-0.12944943670387588,0.75,2030,High
1004749,Petroleum and Natural Gas Systems,2028,77284.88699999999,-0.12944943670387588,0.75,2030,High
1004750,Waste,2024,379880.8574319744,-0.038541867469075175,0.325,2030,High
1004750,Waste,2025,365239.5397707926,-0.038541867469075175,0.325,2030,High
1004750,Waste,2026,351162.5258344807,-0.038541867469075175,0.325,2030,High
1004750,Waste,2027,337628.0663036625,-0.038541867469075175,0.325,2030,High
1004750,Waste,2028,324615.2501183466,-0.038541867469075175,0.325,2030,High
1004771,Petroleum and Natural Gas Systems,2024,85902.73466549424,-0.12944943670387588,0.75,2030,High
1004771,Petroleum and Natural Gas Systems,2025,74782.67405172349,-0.12944943670387588,0.75,2030,High
1004771,Petroleum and Natural Gas Systems,2026,65102.09902051833,-0.12944943670387588,0.75,2030,High
1004771,Petroleum and Natural Gas Systems,2027,56674.66897407228,-0.12944943670387588,0.75,2030,High
1004771,Petroleum and Natural Gas Systems,2028,49338.16499999999,-0.12944943670387588,0.75,2030,High
1004773,Petroleum and Natural Gas Systems,2024,98778.69808588077,-0.12944943670387588,0.75,2030,High
1004773,Petroleum and Natural Gas Systems,2025,85991.85126032127,-0.12944943670387588,0.75,2030,High
1004773,Petroleum and Natural Gas Systems,2026,74860.25455354921,-0.12944943670387588,0.75,2030,High
1004773,Petroleum and Natural Gas Systems,2027,65169.636770083496,-0.12944943670387588,0.75,2030,High
1004773,Petroleum and Natural Gas Systems,2028,56733.46399999999,-0.12944943670387588,0.75,2030,High
1004780,Petroleum and Natural Gas Systems,2024,59296.54874466658,-0.12944943670387588,0.75,2030,High
1004780,Petroleum and Natural Gas Systems,2025,51620.643911185565,-0.12944943670387588,0.75,2030,High
1004780,Petroleum and Natural Gas Systems,2026,44938.38063459124,-0.12944943670387588,0.75,2030,High
1004780,Petroleum and Natural Gas Systems,2027,39121.13257505903,-0.12944943670387588,0.75,2030,High
1004780,Petroleum and Natural Gas Systems,2028,34056.92399999999,-0.12944943670387588,0.75,2030,High
1004781,Petroleum and Natural Gas Systems,2024,120571.24605210869,-0.12944943670387588,0.75,2030,High
1004781,Petroleum and Natural Gas Systems,2025,104963.36616797879,-0.12944943670387588,0.75,2030,High
1004781,Petroleum and Natural Gas Systems,2026,91375.91754299127,-0.12944943670387588,0.75,2030,High
1004781,Petroleum and Natural Gas Systems,2027,79547.35648875125,-0.12944943670387588,0.75,2030,High
1004781,Petroleum and Natural Gas Systems,2028,69249.99599999998,-0.12944943670387588,0.75,2030,High
1004795,Waste,2024,159643.7657455878,-0.038541867469075175,0.325,2030,High
1004795,Waste,2025,153490.79688395726,-0.038541867469075175,0.325,2030,High
1004795,Waste,2026,147574.97493273305,-0.038541867469075175,0.325,2030,High
1004795,Waste,2027,141887.15980712356,-0.038541867469075175,0.325,2030,High
1004795,Waste,2028,136418.5636982739,-0.038541867469075175,0.325,2030,High
1004808,Waste,2024,38527.55028677922,-0.038541867469075175,0.325,2030,High
1004808,Waste,2025,37042.62654971804,-0.038541867469075175,0.325,2030,High
1004808,Waste,2026,35614.93454653237,-0.038541867469075175,0.325,2030,High
1004808,Waste,2027,34242.268459320134,-0.038541867469075175,0.325,2030,High
1004808,Waste,2028,32922.507486520524,-0.038541867469075175,0.325,2030,High
1004811,Metals,2024,122392.72494238397,-0.029125207089559013,0.6,2050,Medium
1004811,Metals,2025,118828.0114821816,-0.029125207089559013,0.6,2050,Medium
1004811,Metals,2026,115367.12103972257,-0.029125207089559013,0.6,2050,Medium
1004811,Metals,2027,112007.02974811442,-0.029125207089559013,0.6,2050,Medium
1004811,Metals,2028,108744.80181121419,-0.029125207089559013,0.6,2050,Medium
1004815,Waste,2024,312637.7255383339,-0.038541867469075175,0.325,2030,High
1004815,Waste,2025,300588.0837548023,-0.038541867469075175,0.325,2030,High
1004815,Waste,2026,289002.8576679414,-0.038541867469075175,0.325,2030,High
1004815,Waste,2027,277864.14782951964,-0.038541867469075175,0.325,2030,High
1004815,Waste,2028,267154.7446694668,-0.038541867469075175,0.325,2030,High
1004819,Minerals,2024,34534.59462661152,-0.022067231457071457,0.2,2030,High
1004819,Minerals,2025,33772.51173370995,-0.022067231457071457,0.2,2030,High
1004819,Minerals,2026,33027.24590039551,-0.022067231457071457,0.2,2030,High
1004819,Minerals,2027,32298.42602072187,-0.022067231457071457,0.2,2030,High
1004819,Minerals,2028,31585.689178023502,-0.022067231457071457,0.2,2030,High
1004822,Petroleum and Natural Gas Systems,2024,314440.9656623321,-0.12944943670387588,0.75,2030,High
1004822,Petroleum and Natural Gas Systems,2025,273736.7597807204,-0.12944943670387588,0.75,2030,High
1004822,Petroleum and Natural Gas Systems,2026,238301.69042196195,-0.12944943670387588,0.75,2030,High
1004822,Petroleum and Natural Gas Systems,2027,207453.67083125756,-0.12944943670387588,0.75,2030,High
1004822,Petroleum and Natural Gas Systems,2028,180598.90999999997,-0.12944943670387588,0.75,2030,High
1004829,Chemicals,2024,79270.3267756173,-0.045845005236247904,0.28,2030,Medium
1004829,Chemicals,2025,75636.17822951004,-0.045845005236247904,0.28,2030,Medium
1004829,Chemicals,2026,72168.63724252838,-0.045845005236247904,0.28,2030,Medium
1004829,Chemicals,2027,68860.06569025178,-0.045845005236247904,0.28,2030,Medium
1004829,Chemicals,2028,65703.17561811382,-0.045845005236247904,0.28,2030,Medium
1004831,Waste,2024,67072.28078348984,-0.038541867469075175,0.325,2030,High
1004831,Waste,2025,64487.18982668398,-0.038541867469075175,0.325,2030,High
1004831,Waste,2026,62001.73310293084,-0.038541867469075175,0.325,2030,High
1004831,Waste,2027,59612.07052282471,-0.038541867469075175,0.325,2030,High
1004831,Waste,2028,57314.51000117684,-0.038541867469075175,0.325,2030,High
1004833,Chemicals,2024,71581.91757571005,-0.045845005236247904,0.28,2030,Medium
1004833,Chemicals,2025,68300.24418963095,-0.045845005236247904,0.28,2030,Medium
1004833,Chemicals,2026,65169.01913712031,-0.045845005236247904,0.28,2030,Medium
1004833,Chemicals,2027,62181.345113537885,-0.045845005236247904,0.28,2030,Medium
1004833,Chemicals,2028,59330.64102121081,-0.045845005236247904,0.28,2030,Medium
1004845,Minerals,2024,45020.9696017475,-0.022067231457071457,0.2,2030,High
1004845,Minerals,2025,44027.48144512396,-0.022067231457071457,0.2,2030,High
1004845,Minerals,2026,43055.916821602485,-0.022067231457071457,0.2,2030,High
1004845,Minerals,2027,42105.79193950377,-0.022067231457071457,0.2,2030,High
1004845,Minerals,2028,41176.63368309145,-0.022067231457071457,0.2,2030,High
1004850,Waste,2024,343819.83183839003,-0.038541867469075175,0.325,2030,High
1004850,Waste,2025,330568.3734464351,-0.038541867469075175,0.325,2030,High
1004850,Waste,2026,317827.65100759483,-0.038541867469075175,0.325,2030,High
1004850,Waste,2027,305577.9798044527,-0.038541867469075175,0.325,2030,High
1004850,Waste,2028,293800.43380536174,-0.038541867469075175,0.325,2030,High
1004852,Minerals,2024,42472.609805781154,-0.022067231457071457,0.2,2030,High
1004852,Minerals,2025,41535.3568946111,-0.022067231457071457,0.2,2030,High
1004852,Minerals,2026,40618.78656036565,-0.022067231457071457,0.2,2030,High
1004852,Minerals,2027,39722.44239583267,-0.022067231457071457,0.2,2030,High
1004852,Minerals,2028,38845.87806544365,-0.022067231457071457,0.2,2030,High
1004858,Petroleum and Natural Gas Systems,2024,92893.14599939113,-0.12944943670387588,0.75,2030,High
1004858,Petroleum and Natural Gas Systems,2025,80868.18057611905,-0.12944943670387588,0.75,2030,High
1004858,Petroleum and Natural Gas Systems,2026,70399.84015327312,-0.12944943670387588,0.75,2030,High
1004858,Petroleum and Natural Gas Systems,2027,61286.62050138901,-0.12944943670387588,0.75,2030,High
1004858,Petroleum and Natural Gas Systems,2028,53353.10199999999,-0.12944943670387588,0.75,2030,High
1004859,Power Plants,2024,25939.94433388887,-0.11644604222876276,0.8,2035,Medium
1004859,Power Plants,2025,22919.340480573093,-0.11644604222876276,0.8,2035,Medium
1004859,Power Plants,2026,20250.473991116887,-0.11644604222876276,0.8,2035,Medium
1004859,Power Plants,2027,17892.386441594826,-0.11644604222876276,0.8,2035,Medium
1004859,Power Plants,2028,15808.888854443534,-0.11644604222876276,0.8,2035,Medium
1004876,Waste,2024,58152.11259440106,-0.038541867469075175,0.325,2030,High
1004876,Waste,2025,55910.82157774091,-0.038541867469075175,0.325,2030,High
1004876,Waste,2026,53755.91410240452,-0.038541867469075175,0.325,2030,High
1004876,Waste,2027,51684.060785390655,-0.038541867469075175,0.325,2030,High
1004876,Waste,2028,49692.060564336505,-0.038541867469075175,0.325,2030,High
1004884,Waste,2024,118880.69261945186,-0.038541867469075175,0.325,2030,High
1004884,Waste,2025,114298.80871988108,-0.038541867469075175,0.325,2030,High
1004884,Waste,2026,109893.51918232626,-0.038541867469075175,0.325,2030,High
1004884,Waste,2027,105658.01773029077,-0.038541867469075175,0.325,2030,High
1004884,Waste,2028,101585.76041388471,-0.038541867469075175,0.325,2030,High
1004887,Waste,2024,84261.71000594398,-0.038541867469075175,0.325,2030,High
1004887,Waste,2025,81014.10634617724,-0.038541867469075175,0.325,2030,High
1004887,Waste,2026,77891.67139625733,-0.038541867469075175,0.325,2030,High
1004887,Waste,2027,74889.58092035803,-0.038541867469075175,0.325,2030,High
1004887,Waste,2028,72003.196617711,-0.038541867469075175,0.325,2030,High
1004906,Petroleum and Natural Gas Systems,2024,90722.30281053112,-0.12944943670387588,0.75,2030,High
1004906,Petroleum and Natural Gas Systems,2025,78978.35181522941,-0.12944943670387588,0.75,2030,High
1004906,Petroleum and Natural Gas Systems,2026,68754.64866094744,-0.12944943670387588,0.75,2030,High
1004906,Petroleum and Natural Gas Systems,2027,59854.3981210149,-0.12944943670387588,0.75,2030,High
1004906,Petroleum and Natural Gas Systems,2028,52106.27999999999,-0.12944943670387588,0.75,2030,High
1004908,Petroleum and Natural Gas Systems,2024,88146.17828913087,-0.12944943670387588,0.75,2030,High
1004908,Petroleum and Natural Gas Systems,2025,76735.70516200346,-0.12944943670387588,0.75,2030,High
1004908,Petroleum and Natural Gas Systems,2026,66802.31135370742,-0.12944943670387588,0.75,2030,High
1004908,Petroleum and Natural Gas Systems,2027,58154.78977845306,-0.12944943670387588,0.75,2030,High
1004908,Petroleum and Natural Gas Systems,2028,50626.68499999999,-0.12944943670387588,0.75,2030,High
1004912,Petroleum and Natural Gas Systems,2024,92605.94962745861,-0.12944943670387588,0.75,2030,High
1004912,Petroleum and Natural Gas Systems,2025,80618.1616127566,-0.12944943670387588,0.75,2030,High
1004912,Petroleum and Natural Gas Systems,2026,70182.18600388322,-0.12944943670387588,0.75,2030,High
1004912,Petroleum and Natural Gas Systems,2027,61097.141559033895,-0.12944943670387588,0.75,2030,High
1004912,Petroleum and Natural Gas Systems,2028,53188.15099999999,-0.12944943670387588,0.75,2030,High
1004916,Waste,2024,125832.03491765045,-0.038541867469075175,0.325,2030,High
1004916,Waste,2025,120982.23330449032,-0.038541867469075175,0.325,2030,High
1004916,Waste,2026,116319.35210235593,-0.038541867469075175,0.325,2030,High
1004916,Waste,2027,111836.18704953825,-0.038541867469075175,0.325,2030,High
1004916,Waste,2028,107525.81155002824,-0.038541867469075175,0.325,2030,High
1004917,Petroleum and Natural Gas Systems,2024,89840.74326481156,-0.12944943670387588,0.75,2030,High
1004917,Petroleum and Natural Gas Systems,2025,78210.90965612417,-0.12944943670387588,0.75,2030,High
1004917,Petroleum and Natural Gas Systems,2026,68086.55145704118,-0.12944943670387588,0.75,2030,High
1004917,Petroleum and Natural Gas Systems,2027,59272.78572381774,-0.12944943670387588,0.75,2030,High
1004917,Petroleum and Natural Gas Systems,2028,51599.956999999995,-0.12944943670387588,0.75,2030,High
1004918,Waste,2024,45636.81208324601,-0.038541867469075175,0.325,2030,High
1004918,Waste,2025,43877.88412022245,-0.038541867469075175,0.325,2030,High
1004918,Waste,2026,42186.748525637406,-0.038541867469075175,0.325,2030,High
1004918,Waste,2027,40560.792455011084,-0.038541867469075175,0.325,2030,High
1004918,Waste,2028,38997.50376776938,-0.038541867469075175,0.325,2030,High
1004922,Petroleum and Natural Gas Systems,2024,92718.11832643818,-0.12944943670387588,0.75,2030,High
1004922,Petroleum and Natural Gas Systems,2025,80715.81013683745,-0.12944943670387588,0.75,2030,High
1004922,Petroleum and Natural Gas Systems,2026,70267.19398152686,-0.12944943670387588,0.75,2030,High
1004922,Petroleum and Natural Gas Systems,2027,61171.145301856224,-0.12944943670387588,0.75,2030,High
1004922,Petroleum and Natural Gas Systems,2028,53252.57499999999,-0.12944943670387588,0.75,2030,High
1004926,Petroleum and Natural Gas Systems,2024,26825.524617452367,-0.12944943670387588,0.75,2030,High
1004926,Petroleum and Natural Gas Systems,2025,23352.975566437202,-0.12944943670387588,0.75,2030,High
1004926,Petroleum and Natural Gas Systems,2026,20329.94603400253,-0.12944943670387588,0.75,2030,High
1004926,Petroleum and Natural Gas Systems,2027,17698.245971680706,-0.12944943670387588,0.75,2030,High
1004926,Petroleum and Natural Gas Systems,2028,15407.217999999999,-0.12944943670387588,0.75,2030,High
1004933,Petroleum and Natural Gas Systems,2024,18522.260354464353,-0.12944943670387588,0.75,2030,High
1004933,Petroleum and Natural Gas Systems,2025,16124.56418509641,-0.12944943670387588,0.75,2030,High
1004933,Petroleum and Natural Gas Systems,2026,14037.24843424019,-0.12944943670387588,0.75,2030,High
1004933,Petroleum and Natural Gas Systems,2027,12220.134531555432,-0.12944943670387588,0.75,2030,High
1004933,Petroleum and Natural Gas Systems,2028,10638.244999999999,-0.12944943670387588,0.75,2030,High
1004942,Minerals,2024,78210.90074620051,-0.022067231457071457,0.2,2030,High
1004942,Minerals,2025,76485.00269696806,-0.022067231457071457,0.2,2030,High
1004942,Minerals,2026,74797.19043945933,-0.022067231457071457,0.2,2030,High
1004942,Minerals,2027,73146.62352569312,-0.022067231457071457,0.2,2030,High
1004942,Minerals,2028,71532.4800540484,-0.022067231457071457,0.2,2030,High
1004943,Minerals,2024,59989.889198272474,-0.022067231457071457,0.2,2030,High
1004943,Minerals,2025,58666.07842825012,-0.022067231457071457,0.2,2030,High
1004943,Minerals,2026,57371.480496895216,-0.022067231457071457,0.2,2030,High
1004943,Minerals,2027,56105.45075773537,-0.022067231457071457,0.2,2030,High
1004943,Minerals,2028,54867.3587898611,-0.022067231457071457,0.2,2030,High
1004944,Metals,2024,35478.78629530305,-0.029125207089559013,0.6,2050,Medium
1004944,Metals,2025,34445.45929716614,-0.029125207089559013,0.6,2050,Medium
1004944,Metals,2026,33442.2281618412,-0.029125207089559013,0.6,2050,Medium
1004944,Metals,2027,32468.216341091294,-0.029125207089559013,0.6,2050,Medium
1004944,Metals,2028,31522.572816328407,-0.029125207089559013,0.6,2050,Medium
1004946,Petroleum and Natural Gas Systems,2024,156733.9564967556,-0.12944943670387588,0.75,2030,High
1004946,Petroleum and Natural Gas Systems,2025,136444.8341158808,-0.12944943670387588,0.75,2030,High
1004946,Petroleum and Natural Gas Systems,2026,118782.12719842624,-0.12944943670387588,0.75,2030,High
1004946,Petroleum and Natural Gas Systems,2027,103405.84774210182,-0.12944943670387588,0.75,2030,High
1004946,Petroleum and Natural Gas Systems,2028,90020.01899999999,-0.12944943670387588,0.75,2030,High
1004953,Power Plants,2024,354347.68018933287,-0.11644604222876276,0.8,2035,Medium
1004953,Power Plants,2025,313085.29525834165,-0.11644604222876276,0.8,2035,Medium
1004953,Power Plants,2026,276627.75174548413,-0.11644604222876276,0.8,2035,Medium
1004953,Power Plants,2027,244415.54488408178,-0.11644604222876276,0.8,2035,Medium
1004953,Power Plants,2028,215954.32202314393,-0.11644604222876276,0.8,2035,Medium
1004965,Metals,2024,42984.85815449273,-0.029125207089559013,0.6,2050,Medium
1004965,Metals,2025,41732.9152590278,-0.029125207089559013,0.6,2050,Medium
1004965,Metals,2026,40517.4354596576,-0.029125207089559013,0.6,2050,Medium
1004965,Metals,2027,39337.356761157236,-0.029125207089559013,0.6,2050,Medium
1004965,Metals,2028,38191.64809913267,-0.029125207089559013,0.6,2050,Medium
1004968,Waste,2024,61738.51295370767,-0.038541867469075175,0.325,2030,High
1004968,Waste,2025,59358.995369708085,-0.038541867469075175,0.325,2030,High
1004968,Waste,2026,57071.18883707136,-0.038541867469075175,0.325,2030,High
1004968,Waste,2027,54871.55864061039,-0.038541867469075175,0.325,2030,High
1004968,Waste,2028,52756.7062996624,-0.038541867469075175,0.325,2030,High
1004976,Waste,2024,47517.23189885,-0.038541867469075175,0.325,2030,High
1004976,Waste,2025,45685.829044507205,-0.038541867469075175,0.325,2030,High
1004976,Waste,2026,43925.011876258985,-0.038541867469075175,0.325,2030,High
1004976,Waste,2027,42232.059889946664,-0.038541867469075175,0.325,2030,High
1004976,Waste,2028,40604.35743472229,-0.038541867469075175,0.325,2030,High
1004985,Chemicals,2024,46204.25717997852,-0.045845005236247904,0.28,2030,Medium
1004985,Chemicals,2025,44086.022767625465,-0.045845005236247904,0.28,2030,Medium
1004985,Chemicals,2026,42064.89882299833,-0.045845005236247904,0.28,2030,Medium
1004985,Chemicals,2027,40136.43331619573,-0.045845005236247904,0.28,2030,Medium
1004985,Chemicals,2028,38296.37832065043,-0.045845005236247904,0.28,2030,Medium
1004989,Metals,2024,21033.256756563747,-0.029125207089559013,0.6,2050,Medium
1004989,Metals,2025,20420.658797760963,-0.029125207089559013,0.6,2050,Medium
1004989,Metals,2026,19825.90288137095,-0.029125207089559013,0.6,2050,Medium
1004989,Metals,2027,19248.469354213536,-0.029125207089559013,0.6,2050,Medium
1004989,Metals,2028,18687.853698115036,-0.029125207089559013,0.6,2050,Medium
1004995,Petroleum and Natural Gas Systems,2024,107106.66335055174,-0.12944943670387588,0.75,2030,High
1004995,Petroleum and Natural Gas Systems,2025,93241.76611259115,-0.12944943670387588,0.75,2030,High
1004995,Petroleum and Natural Gas Systems,2026,81171.67201204169,-0.12944943670387588,0.75,2030,High
1004995,Petroleum and Natural Gas Systems,2027,70664.04479377111,-0.12944943670387588,0.75,2030,High
1004995,Petroleum and Natural Gas Systems,2028,61516.623999999996,-0.12944943670387588,0.75,2030,High
1004998,Petroleum and Natural Gas Systems,2024,293741.8500968176,-0.12944943670387588,0.75,2030,High
1004998,Petroleum and Natural Gas Systems,2025,255717.13306543021,-0.12944943670387588,0.75,2030,High
1004998,Petroleum and Natural Gas Systems,2026,222614.6942345802,-0.12944943670387588,0.75,2030,High
1004998,Petroleum and Natural Gas Systems,2027,193797.34746390823,-0.12944943670387588,0.75,2030,High
1004998,Petroleum and Natural Gas Systems,2028,168710.38999999998,-0.12944943670387588,0.75,2030,High
1005000,Metals,2024,47742.92716483697,-0.029125207089559013,0.6,2050,Medium
1005000,Metals,2025,46352.40452409936,-0.029125207089559013,0.6,2050,Medium
1005000,Metals,2026,45002.38114323595,-0.029125207089559013,0.6,2050,Medium
1005000,Metals,2027,43691.677472915944,-0.029125207089559013,0.6,2050,Medium
1005000,Metals,2028,42419.14831842704,-0.029125207089559013,0.6,2050,Medium
1005003,Metals,2024,118159.02346594106,-0.029125207089559013,0.6,2050,Medium
1005003,Metals,2025,114717.61743799546,-0.029125207089559013,0.6,2050,Medium
1005003,Metals,2026,111376.44307329305,-0.029125207089559013,0.6,2050,Medium
1005003,Metals,2027,108132.5811038849,-0.029125207089559013,0.6,2050,Medium
1005003,Metals,2028,104983.19728610571,-0.029125207089559013,0.6,2050,Medium
1005008,Petroleum and Natural Gas Systems,2024,97013.31556297705,-0.12944943670387588,0.75,2030,High
1005008,Petroleum and Natural Gas Systems,2025,84454.99651057432,-0.12944943670387588,0.75,2030,High
1005008,Petroleum and Natural Gas Systems,2026,73522.34478545266,-0.12944943670387588,0.75,2030,High
1005008,Petroleum and Natural Gas Systems,2027,64004.91866782767,-0.12944943670387588,0.75,2030,High
1005008,Petroleum and Natural Gas Systems,2028,55719.51799999999,-0.12944943670387588,0.75,2030,High
1005011,Petroleum and Natural Gas Systems,2024,88175.60812147368,-0.12944943670387588,0.75,2030,High
1005011,Petroleum and Natural Gas Systems,2025,76761.3253191272,-0.12944943670387588,0.75,2030,High
1005011,Petroleum and Natural Gas Systems,2026,66824.61499592321,-0.12944943670387588,0.75,2030,High
1005011,Petroleum and Natural Gas Systems,2027,58174.20622674758,-0.12944943670387588,0.75,2030,High
1005011,Petroleum and Natural Gas Systems,2028,50643.587999999996,-0.12944943670387588,0.75,2030,High
1005023,Waste,2024,645776.0248096661,-0.038541867469075175,0.325,2030,High
1005023,Waste,2025,620886.6108467458,-0.038541867469075175,0.325,2030,High
1005023,Waste,2026,596956.4813781673,-0.038541867469075175,0.325,2030,High
1005023,Waste,2027,573948.6637880845,-0.038541867469075175,0.325,2030,High
1005023,Waste,2028,551827.6104543114,-0.038541867469075175,0.325,2030,High
1005026,Waste,2024,20578.328775092516,-0.038541867469075175,0.325,2030,High
1005026,Waste,2025,19785.201554707844,-0.038541867469075175,0.325,2030,High
1005026,Waste,2026,19022.642938537356,-0.038541867469075175,0.325,2030,High
1005026,Waste,2027,18289.47475548871,-0.038541867469075175,0.325,2030,High
1005026,Waste,2028,17584.56424338367,-0.038541867469075175,0.325,2030,High
1005027,Petroleum and Natural Gas Systems,2024,58066.78290243757,-0.12944943670387588,0.75,2030,High
1005027,Petroleum and Natural Gas Systems,2025,50550.070564510774,-0.12944943670387588,0.75,2030,High
1005027,Petroleum and Natural Gas Systems,2026,44006.39240459368,-0.12944943670387588,0.75,2030,High
1005027,Petroleum and Natural Gas Systems,2027,38309.789696449305,-0.12944943670387588,0.75,2030,High
1005027,Petroleum and Natural Gas Systems,2028,33350.60899999999,-0.12944943670387588,0.75,2030,High
1005029,Petroleum and Natural Gas Systems,2024,35011.806036845774,-0.12944943670387588,0.75,2030,High
1005029,Petroleum and Natural Gas Systems,2025,30479.547467390727,-0.12944943670387588,0.75,2030,High
1005029,Petroleum and Natural Gas Systems,2026,26533.98721674795,-0.12944943670387588,0.75,2030,High
1005029,Petroleum and Natural Gas Systems,2027,23099.177518032084,-0.12944943670387588,0.75,2030,High
1005029,Petroleum and Natural Gas Systems,2028,20109.001999999997,-0.12944943670387588,0.75,2030,High
1005035,Chemicals,2024,100956.31951378808,-0.045845005236247904,0.28,2030,Medium
1005035,Chemicals,2025,96327.97651704615,-0.045845005236247904,0.28,2030,Medium
1005035,Chemicals,2026,91911.819929225,-0.045845005236247904,0.28,2030,Medium
1005035,Chemicals,2027,87698.12206329661,-0.045845005236247904,0.28,2030,Medium
1005035,Chemicals,2028,83677.60119809567,-0.045845005236247904,0.28,2030,Medium
1005056,Waste,2024,53330.15969522534,-0.038541867469075175,0.325,2030,High
1005056,Waste,2025,51274.71574814735,-0.038541867469075175,0.325,2030,High
1005056,Waste,2026,49298.49244926775,-0.038541867469075175,0.325,2030,High
1005056,Waste,2027,47398.436486862876,-0.038541867469075175,0.325,2030,High
1005056,Waste,2028,45571.61222954483,-0.038541867469075175,0.325,2030,High
1005059,Minerals,2024,48743.33415194414,-0.022067231457071457,0.2,2030,High
1005059,Minerals,2025,47667.70371522381,-0.022067231457071457,0.2,2030,High
1005059,Minerals,2026,46615.809464312864,-0.022067231457071457,0.2,2030,High
1005059,Minerals,2027,45587.127607305134,-0.022067231457071457,0.2,2030,High
1005059,Minerals,2028,44581.14591093168,-0.022067231457071457,0.2,2030,High
1005062,Chemicals,2024,597273.1717891002,-0.045845005236247904,0.28,2030,Medium
1005062,Chemicals,2025,569891.1801009584,-0.045845005236247904,0.28,2030,Medium
1005062,Chemicals,2026,543764.5159651386,-0.045845005236247904,0.28,2030,Medium
1005062,Chemicals,2027,518835.6288834309,-0.045845005236247904,0.28,2030,Medium
1005062,Chemicals,2028,495049.6067605181,-0.045845005236247904,0.28,2030,Medium
1005063,Petroleum and Natural Gas Systems,2024,23363.802936819975,-0.12944943670387588,0.75,2030,High
1005063,Petroleum and Natural Gas Systems,2025,20339.371807388266,-0.12944943670387588,0.75,2030,High
1005063,Petroleum and Natural Gas Systems,2026,17706.451584011164,-0.12944943670387588,0.75,2030,High
1005063,Petroleum and Natural Gas Systems,2027,15414.361400436466,-0.12944943670387588,0.75,2030,High
1005063,Petroleum and Natural Gas Systems,2028,13418.980999999998,-0.12944943670387588,0.75,2030,High
1005074,Minerals,2024,93306.56825299078,-0.022067231457071457,0.2,2030,High
1005074,Minerals,2025,91247.55061488699,-0.022067231457071457,0.2,2030,High
1005074,Minerals,2026,89233.96979557745,-0.022067231457071457,0.2,2030,High
1005074,Minerals,2027,87264.82313026511,-0.022067231457071457,0.2,2030,High
1005074,Minerals,2028,85339.13008018916,-0.022067231457071457,0.2,2030,High
1005077,Chemicals,2024,22520.35929827192,-0.045845005236247904,0.28,2030,Medium
1005077,Chemicals,2025,21487.913308320458,-0.045845005236247904,0.28,2030,Medium
1005077,Chemicals,2026,20502.799810184468,-0.045845005236247904,0.28,2030,Medium
1005077,Chemicals,2027,19562.848845528817,-0.045845005236247904,0.28,2030,Medium
1005077,Chemicals,2028,18665.989937769624,-0.045845005236247904,0.28,2030,Medium
1005090,Waste,2024,187793.68499767216,-0.038541867469075175,0.325,2030,High
1005090,Waste,2025,180555.76567896263,-0.038541867469075175,0.325,2030,High
1005090,Waste,2026,173596.80928738666,-0.038541867469075175,0.325,2030,High
1005090,Waste,2027,166906.0640707779,-0.038541867469075175,0.325,2030,High
1005090,Waste,2028,160473.192669577,-0.038541867469075175,0.325,2030,High
1005097,Waste,2024,88203.5441306009,-0.038541867469075175,0.325,2030,High
1005097,Waste,2025,84804.01482241656,-0.038541867469075175,0.325,2030,High
1005097,Waste,2026,81535.5097222855,-0.038541867469075175,0.325,2030,High
1005097,Waste,2027,78392.97891254567,-0.038541867469075175,0.325,2030,High
1005097,Waste,2028,75371.56710879234,-0.038541867469075175,0.325,2030,High
1005110,Power Plants,2024,1256566.388403523,-0.11644604222876276,0.8,2035,Medium
1005110,Power Plants,2025,1110244.2056762425,-0.11644604222876276,0.8,2035,Medium
1005110,Power Plants,2026,980960.6620178276,-0.11644604222876276,0.8,2035,Medium
1005110,Power Plants,2027,866731.6753437446,-0.11644604222876276,0.8,2035,Medium
1005110,Power Plants,2028,765804.2020756606,-0.11644604222876276,0.8,2035,Medium
1005111,Power Plants,2024,26808.691694435776,-0.11644604222876276,0.8,2035,Medium
1005111,Power Plants,2025,23686.925649287627,-0.11644604222876276,0.8,2035,Medium
1005111,Power Plants,2026,20928.676904861117,-0.11644604222876276,0.8,2035,Medium
1005111,Power Plants,2027,18491.615310205525,-0.11644604222876276,0.8,2035,Medium
1005111,Power Plants,2028,16338.339892915297,-0.11644604222876276,0.8,2035,Medium
1005114,Chemicals,2024,237939.54698746634,-0.045845005236247904,0.28,2030,Medium
1005114,Chemicals,2025,227031.2072099155,-0.045845005236247904,0.28,2030,Medium
1005114,Chemicals,2026,216622.96032658525,-0.045845005236247904,0.28,2030,Medium
1005114,Chemicals,2027,206691.87957612143,-0.045845005236247904,0.28,2030,Medium
1005114,Chemicals,2028,197216.0892746642,-0.045845005236247904,0.28,2030,Medium
1005116,Metals,2024,277927.690068461,-0.029125207089559013,0.6,2050,Medium
1005116,Metals,2025,269832.9885392943,-0.029125207089559013,0.6,2050,Medium
1005116,Metals,2026,261974.04686849273,-0.029125207089559013,0.6,2050,Medium
1005116,Metals,2027,254343.99850135806,-0.029125207089559013,0.6,2050,Medium
1005116,Metals,2028,246936.1768730195,-0.029125207089559013,0.6,2050,Medium
1005121,Minerals,2024,69470.80265524641,-0.022067231457071457,0.2,2030,High
1005121,Minerals,2025,67937.77437354455,-0.022067231457071457,0.2,2030,High
1005121,Minerals,2026,66438.57578176525,-0.022067231457071457,0.2,2030,High
1005121,Minerals,2027,64972.46035231086,-0.022067231457071457,0.2,2030,High
1005121,Minerals,2028,63538.69803138102,-0.022067231457071457,0.2,2030,High
1005125,Chemicals,2024,358170.6866679373,-0.045845005236247904,0.28,2030,Medium
1005125,Chemicals,2025,341750.3496621752,-0.045845005236247904,0.28,2030,Medium
1005125,Chemicals,2026,326082.8030924233,-0.045845005236247904,0.28,2030,Medium
1005125,Chemicals,2027,311133.53527720075,-0.045845005236247904,0.28,2030,Medium
1005125,Chemicals,2028,296869.6167232452,-0.045845005236247904,0.28,2030,Medium
1005126,Chemicals,2024,100669.31350798314,-0.045845005236247904,0.28,2030,Medium
1005126,Chemicals,2025,96054.12830308017,-0.045845005236247904,0.28,2030,Medium
1005126,Chemicals,2026,91650.52628806223,-0.045845005236247904,0.28,2030,Medium
1005126,Chemicals,2027,87448.80743048115,-0.045845005236247904,0.28,2030,Medium
1005126,Chemicals,2028,83439.7163959271,-0.045845005236247904,0.28,2030,Medium
1005138,Waste,2024,129490.86384099688,-0.038541867469075175,0.325,2030,High
1005138,Waste,2025,124500.04412838112,-0.038541867469075175,0.325,2030,High
1005138,Waste,2026,119701.57992769105,-0.038541867469075175,0.325,2030,High
1005138,Waste,2027,115088.05749827907,-0.038541867469075175,0.325,2030,High
1005138,Waste,2028,110652.3488389071,-0.038541867469075175,0.325,2030,High
1005140,Petroleum and Natural Gas Systems,2024,98139.75749994957,-0.12944943670387588,0.75,2030,High
1005140,Petroleum and Natural Gas Systems,2025,85435.62117332612,-0.12944943670387588,0.75,2030,High
1005140,Petroleum and Natural Gas Systems,2026,74376.02813799333,-0.12944943670387588,0.75,2030,High
1005140,Petroleum and Natural Gas Systems,2027,64748.093191258464,-0.12944943670387588,0.75,2030,High
1005140,Petroleum and Natural Gas Systems,2028,56366.488999999994,-0.12944943670387588,0.75,2030,High
1005156,Chemicals,2024,47772.15520033416,-0.045845005236247904,0.28,2030,Medium
1005156,Chemicals,2025,45582.04049502799,-0.045845005236247904,0.28,2030,Medium
1005156,Chemicals,2026,43492.33160985457,-0.045845005236247904,0.28,2030,Medium
1005156,Chemicals,2027,41498.425439464154,-0.045845005236247904,0.28,2030,Medium
1005156,Chemicals,2028,39595.92990789588,-0.045845005236247904,0.28,2030,Medium
1005159,Petroleum and Natural Gas Systems,2024,23179.21139537866,-0.12944943670387588,0.75,2030,High
1005159,Petroleum and Natural Gas Systems,2025,20178.675537006835,-0.12944943670387588,0.75,2030,High
1005159,Petroleum and Natural Gas Systems,2026,17566.55735531102,-0.12944943670387588,0.75,2030,High
1005159,Petroleum and Natural Gas Systems,2027,15292.57640083968,-0.12944943670387588,0.75,2030,High
1005159,Petroleum and Natural Gas Systems,2028,13312.960999999998,-0.12944943670387588,0.75,2030,High
1005161,Waste,2024,47490.93601892527,-0.038541867469075175,0.325,2030,High
1005161,Waste,2025,45660.54665690152,-0.038541867469075175,0.325,2030,High
1005161,Waste,2026,43900.7039190857,-0.038541867469075175,0.325,2030,High
1005161,Waste,2027,42208.68880683719,-0.038541867469075175,0.325,2030,High
1005161,Waste,2028,40581.88711680064,-0.038541867469075175,0.325,2030,High
1005172,Waste,2024,81758.15571423285,-0.038541867469075175,0.325,2030,High
1005172,Waste,2025,78607.04371217887,-0.038541867469075175,0.325,2030,High
1005172,Waste,2026,75577.38145128828,-0.038541867469075175,0.325,2030,High
1005172,Waste,2027,72664.488031733,-0.038541867469075175,0.325,2030,High
1005172,Waste,2028,69863.86296430574,-0.038541867469075175,0.325,2030,High
1005179,Waste,2024,226118.54837261626,-0.038541867469075175,0.325,2030,High
1005179,Waste,2025,217403.51724893923,-0.038541867469075175,0.325,2030,High
1005179,Waste,2026,209024.3796998198,-0.038541867469075175,0.325,2030,High
1005179,Waste,2027,200968.18975962372,-0.038541867469075175,0.325,2030,High
1005179,Waste,2028,193222.50042440835,-0.038541867469075175,0.325,2030,High
1005198,Chemicals,2024,696543.0235900448,-0.045845005236247904,0.28,2030,Medium
1005198,Chemicals,2025,664610.0050262872,-0.045845005236247904,0.28,2030,Medium
1005198,Chemicals,2026,634140.9558657943,-0.045845005236247904,0.28,2030,Medium
1005198,Chemicals,2027,605068.7604236078,-0.045845005236247904,0.28,2030,Medium
1005198,Chemicals,2028,577329.3799336974,-0.045845005236247904,0.28,2030,Medium
1005261,Waste,2024,60477.543306646985,-0.038541867469075175,0.325,2030,High
1005261,Waste,2025,58146.62584766694,-0.038541867469075175,0.325,2030,High
1005261,Waste,2026,55905.54630047226,-0.038541867469075175,0.325,2030,High
1005261,Waste,2027,53750.84214417321,-0.038541867469075175,0.325,2030,High
1005261,Waste,2028,51679.18430990131,-0.038541867469075175,0.325,2030,High
1005263,Minerals,2024,53228.87668006052,-0.022067231457071457,0.2,2030,High
1005263,Minerals,2025,52054.26273816171,-0.022067231457071457,0.2,2030,High
1005263,Minerals,2026,50905.56927399149,-0.022067231457071457,0.2,2030,High
1005263,Minerals,2027,49782.22429436834,-0.022067231457071457,0.2,2030,High
1005263,Minerals,2028,48683.66842841667,-0.022067231457071457,0.2,2030,High
1005266,Waste,2024,53575.516118982174,-0.038541867469075175,0.325,2030,High
1005266,Waste,2025,51510.61567713706,-0.038541867469075175,0.325,2030,High
1005266,Waste,2026,49525.30035445838,-0.038541867469075175,0.325,2030,High
1005266,Waste,2027,47616.5027918307,-0.038541867469075175,0.325,2030,High
1005266,Waste,2028,45781.27385188712,-0.038541867469075175,0.325,2030,High
1005283,Metals,2024,326016.38846554427,-0.029125207089559013,0.6,2050,Medium
1005283,Metals,2025,316521.0936368952,-0.029125207089559013,0.6,2050,Medium
1005283,Metals,2026,307302.3512365069,-0.029125207089559013,0.6,2050,Medium
1005283,Metals,2027,298352.10661763523,-0.029125207089559013,0.6,2050,Medium
1005283,Metals,2028,289662.5397267904,-0.029125207089559013,0.6,2050,Medium
1005294,Metals,2024,386830.9427739267,-0.029125207089559013,0.6,2050,Medium
1005294,Metals,2025,375564.41145698674,-0.029125207089559013,0.6,2050,Medium
1005294,Metals,2026,364626.02019783366,-0.029125207089559013,0.6,2050,Medium
1005294,Metals,2027,354006.21184933,-0.029125207089559013,0.6,2050,Medium
1005294,Metals,2028,343695.707618228,-0.029125207089559013,0.6,2050,Medium
1005295,Waste,2024,117004.40707381777,-0.038541867469075175,0.325,2030,High
1005295,Waste,2025,112494.83872308095,-0.038541867469075175,0.325,2030,High
1005295,Waste,2026,108159.07755806099,-0.038541867469075175,0.325,2030,High
1005295,Waste,2027,103990.42472524078,-0.038541867469075175,0.325,2030,High
1005295,Waste,2028,99982.43955742772,-0.038541867469075175,0.325,2030,High
1005302,Minerals,2024,1006199.238488186,-0.022067231457071457,0.2,2030,High
1005302,Minerals,2025,983995.2070005381,-0.022067231457071457,0.2,2030,High
1005302,Minerals,2026,962281.1570150084,-0.022067231457071457,0.2,2030,High
1005302,Minerals,2027,941046.2759963797,-0.022067231457071457,0.2,2030,High
1005302,Minerals,2028,920279.9900121525,-0.022067231457071457,0.2,2030,High
1005310,Power Plants,2024,2801729.601732313,-0.11644604222876276,0.8,2035,Medium
1005310,Power Plants,2025,2475479.278215417,-0.11644604222876276,0.8,2035,Medium
1005310,Power Plants,2026,2187219.5136479177,-0.11644604222876276,0.8,2035,Medium
1005310,Power Plants,2027,1932526.4577980982,-0.11644604222876276,0.8,2035,Medium
1005310,Power Plants,2028,1707491.4002851397,-0.11644604222876276,0.8,2035,Medium
1005312,Chemicals,2024,96811.68394725317,-0.045845005236247904,0.28,2030,Medium
1005312,Chemicals,2025,92373.35178976136,-0.045845005236247904,0.28,2030,Medium
1005312,Chemicals,2026,88138.49499327,-0.045845005236247904,0.28,2030,Medium
1005312,Chemicals,2027,84097.78522878852,-0.045845005236247904,0.28,2030,Medium
1005312,Chemicals,2028,80242.32182461786,-0.045845005236247904,0.28,2030,Medium
1005314,Waste,2024,136970.52738302122,-0.038541867469075175,0.325,2030,High
1005314,Waste,2025,131691.42746945546,-0.038541867469075175,0.325,2030,High
1005314,Waste,2026,126615.7939251144,-0.038541867469075175,0.325,2030,High
1005314,Waste,2027,121735.78477616092,-0.038541867469075175,0.325,2030,High
1005314,Waste,2028,117043.86029307426,-0.038541867469075175,0.325,2030,High
1005318,Waste,2024,91894.48575557387,-0.038541867469075175,0.325,2030,High
1005318,Waste,2025,88352.70066444372,-0.038541867469075175,0.325,2030,High
1005318,Waste,2026,84947.42258489986,-0.038541867469075175,0.325,2030,High
1005318,Waste,2027,81673.39028179314,-0.038541867469075175,0.325,2030,High
1005318,Waste,2028,78525.54529780221,-0.038541867469075175,0.325,2030,High
1005319,Waste,2024,90946.48803689837,-0.038541867469075175,0.325,2030,High
1005319,Waste,2025,87441.2405482024,-0.038541867469075175,0.325,2030,High
1005319,Waste,2026,84071.09184366207,-0.038541867469075175,0.325,2030,High
1005319,Waste,2027,80830.8349638432,-0.038541867469075175,0.325,2030,High
1005319,Waste,2028,77715.46363525208,-0.038541867469075175,0.325,2030,High
1005327,Metals,2024,164456.22291840467,-0.029125207089559013,0.6,2050,Medium
1005327,Metals,2025,159666.40136873946,-0.029125207089559013,0.6,2050,Medium
1005327,Metals,2026,155016.08436363027,-0.029125207089559013,0.6,2050,Medium
1005327,Metals,2027,150501.208804327,-0.029125207089559013,0.6,2050,Medium
1005327,Metals,2028,146117.82993067201,-0.029125207089559013,0.6,2050,Medium
1005332,Petroleum and Natural Gas Systems,2024,39491.59481482594,-0.12944943670387588,0.75,2030,High
1005332,Petroleum and Natural Gas Systems,2025,34379.43011150902,-0.12944943670387588,0.75,2030,High
1005332,Petroleum and Natural Gas Systems,2026,29929.032249373908,-0.12944943670387588,0.75,2030,High
1005332,Petroleum and Natural Gas Systems,2027,26054.73588360032,-0.12944943670387588,0.75,2030,High
1005332,Petroleum and Natural Gas Systems,2028,22681.964999999997,-0.12944943670387588,0.75,2030,High
1005335,Waste,2024,52562.72189092289,-0.038541867469075175,0.325,2030,High
1005335,Waste,2025,50536.856429989086,-0.038541867469075175,0.325,2030,High
1005335,Waste,2026,48589.07160716077,-0.038541867469075175,0.325,2030,High
1005335,Waste,2027,46716.358048832175,-0.038541867469075175,0.325,2030,High
1005335,Waste,2028,44915.822368276225,-0.038541867469075175,0.325,2030,High
1005338,Metals,2024,203557.7139402275,-0.029125207089559013,0.6,2050,Medium
1005338,Metals,2025,197629.05336704114,-0.029125207089559013,0.6,2050,Medium
1005338,Metals,2026,191873.06626081257,-0.029125207089559013,0.6,2050,Medium
1005338,Metals,2027,186284.72347105772,-0.029125207089559013,0.6,2050,Medium
1005338,Metals,2028,180859.1423223419,-0.029125207089559013,0.6,2050,Medium
1005344,Metals,2024,265010.9504641277,-0.029125207089559013,0.6,2050,Medium
1005344,Metals,2025,257292.4516508591,-0.029125207089559013,0.6,2050,Medium
1005344,Metals,2026,249798.7557139475,-0.029125207089559013,0.6,2050,Medium
1005344,Metals,2027,242523.31522306462,-0.029125207089559013,0.6,2050,Medium
1005344,Metals,2028,235459.77344314643,-0.029125207089559013,0.6,2050,Medium
1005349,Waste,2024,53868.27627450531,-0.038541867469075175,0.325,2030,High
1005349,Waste,2025,51792.0923095458,-0.038541867469075175,0.325,2030,High
1005349,Waste,2026,49795.928351805174,-0.038541867469075175,0.325,2030,High
1005349,Waste,2027,47876.70028077034,-0.038541867469075175,0.325,2030,High
1005349,Waste,2028,46031.44284369225,-0.038541867469075175,0.325,2030,High
1005352,Minerals,2024,436549.32087641984,-0.022067231457071457,0.2,2030,High
1005352,Minerals,2025,426915.88597021246,-0.022067231457071457,0.2,2030,High
1005352,Minerals,2026,417495.0343018071,-0.022067231457071457,0.2,2030,High
1005352,Minerals,2027,408282.0747476911,-0.022067231457071457,0.2,2030,High
1005352,Minerals,2028,399272.41970446054,-0.022067231457071457,0.2,2030,High
1005358,Minerals,2024,121466.24793992341,-0.022067231457071457,0.2,2030,High
1005358,Minerals,2025,118785.8241324111,-0.022067231457071457,0.2,2030,High
1005358,Minerals,2026,116164.5498574622,-0.022067231457071457,0.2,2030,High
1005358,Minerals,2027,113601.11984865107,-0.022067231457071457,0.2,2030,High
1005358,Minerals,2028,111094.25764316837,-0.022067231457071457,0.2,2030,High
1005362,Power Plants,2024,30893.48180455046,-0.11644604222876276,0.8,2035,Medium
1005362,Power Plants,2025,27296.058117744265,-0.11644604222876276,0.8,2035,Medium
1005362,Power Plants,2026,24117.540181486653,-0.11644604222876276,0.8,2035,Medium
1005362,Power Plants,2027,21309.148079059374,-0.11644604222876276,0.8,2035,Medium
1005362,Power Plants,2028,18827.782121986267,-0.11644604222876276,0.8,2035,Medium
1005363,Petroleum and Natural Gas Systems,2024,27622.618124217563,-0.12944943670387588,0.75,2030,High
1005363,Petroleum and Natural Gas Systems,2025,24046.885767751326,-0.12944943670387588,0.75,2030,High
1005363,Petroleum and Natural Gas Systems,2026,20934.029950633467,-0.12944943670387588,0.75,2030,High
1005363,Petroleum and Natural Gas Systems,2027,18224.131565581898,-0.12944943670387588,0.75,2030,High
1005363,Petroleum and Natural Gas Systems,2028,15865.027999999998,-0.12944943670387588,0.75,2030,High
1005365,Waste,2024,47000.159715174865,-0.038541867469075175,0.325,2030,High
1005365,Waste,2025,45188.68578840722,-0.038541867469075175,0.325,2030,High
1005365,Waste,2026,43447.029449648755,-0.038541867469075175,0.325,2030,High
1005365,Waste,2027,41772.49979867539,-0.038541867469075175,0.325,2030,High
1005365,Waste,2028,40162.50964758287,-0.038541867469075175,0.325,2030,High
1005371,Waste,2024,63536.999230173635,-0.038541867469075175,0.325,2030,High
1005371,Waste,2025,61088.16462646155,-0.038541867469075175,0.325,2030,High
1005371,Waste,2026,58733.712681499426,-0.038541867469075175,0.325,2030,High
1005371,Waste,2027,56470.00571136233,-0.038541867469075175,0.325,2030,High
1005371,Waste,2028,54293.54623525709,-0.038541867469075175,0.325,2030,High
1005385,Metals,2024,59792.84645306479,-0.029125207089559013,0.6,2050,Medium
1005385,Metals,2025,58051.36741764507,-0.029125207089559013,0.6,2050,Medium
1005385,Metals,2026,56360.609319774085,-0.029125207089559013,0.6,2050,Medium
1005385,Metals,2027,54719.09490164193,-0.029125207089559013,0.6,2050,Medium
1005385,Metals,2028,53125.38993087838,-0.029125207089559013,0.6,2050,Medium
1005389,Minerals,2024,17870.57911964836,-0.022067231457071457,0.2,2030,High
1005389,Minerals,2025,17476.22491394317,-0.022067231457071457,0.2,2030,High
1005389,Minerals,2026,17090.573013771347,-0.022067231457071457,0.2,2030,High
1005389,Minerals,2027,16713.431383342475,-0.022067231457071457,0.2,2030,High
1005389,Minerals,2028,16344.612224564376,-0.022067231457071457,0.2,2030,High
1005390,Petroleum Product Suppliers,2024,521343.5556938252,-0.027507527533926934,0.2,2030,Low
1005390,Petroleum Product Suppliers,2025,507002.6834809419,-0.027507527533926934,0.2,2030,Low
1005390,Petroleum Product Suppliers,2026,493056.2932053151,-0.027507527533926934,0.2,2030,Low
1005390,Petroleum Product Suppliers,2027,479493.5336441939,-0.027507527533926934,0.2,2030,Low
1005390,Petroleum Product Suppliers,2028,466303.8520651363,-0.027507527533926934,0.2,2030,Low
1005391,Petroleum and Natural Gas Systems,2024,30792.642686505194,-0.12944943670387588,0.75,2030,High
1005391,Petroleum and Natural Gas Systems,2025,26806.552436113372,-0.12944943670387588,0.75,2030,High
1005391,Petroleum and Natural Gas Systems,2026,23336.459323285588,-0.12944943670387588,0.75,2030,High
1005391,Petroleum and Natural Gas Systems,2027,20315.567809223354,-0.12944943670387588,0.75,2030,High
1005391,Petroleum and Natural Gas Systems,2028,17685.728999999996,-0.12944943670387588,0.75,2030,High
1005399,Power Plants,2024,57856.753031006236,-0.11644604222876276,0.8,2035,Medium
1005399,Power Plants,2025,51119.56312433859,-0.11644604222876276,0.8,2035,Medium
1005399,Power Plants,2026,45166.89231804595,-0.11644604222876276,0.8,2035,Medium
1005399,Power Plants,2027,39907.38646783679,-0.11644604222876276,0.8,2035,Medium
1005399,Power Plants,2028,35260.32925796351,-0.11644604222876276,0.8,2035,Medium
1005423,Metals,2024,41211.93398641104,-0.029125207089559013,0.6,2050,Medium
1005423,Metals,2025,40011.627874495585,-0.029125207089559013,0.6,2050,Medium
1005423,Metals,2026,38846.280926660525,-0.029125207089559013,0.6,2050,Medium
1005423,Metals,2027,37714.87495001235,-0.029125207089559013,0.6,2050,Medium
1005423,Metals,2028,36616.42140673642,-0.029125207089559013,0.6,2050,Medium
1005440,Waste,2024,79514.51047657254,-0.038541867469075175,0.325,2030,High
1005440,Waste,2025,76449.87275191609,-0.038541867469075175,0.325,2030,High
1005440,Waste,2026,73503.35188828409,-0.038541867469075175,0.325,2030,High
1005440,Waste,2027,70670.39544127305,-0.038541867469075175,0.325,2030,High
1005440,Waste,2028,67946.62642618836,-0.038541867469075175,0.325,2030,High
1005459,Import and Export of Equipment Containing Fluorintaed GHGs,2024,50328.5758906262,-0.07917334800604625,0.85,2036,High
1005459,Import and Export of Equipment Containing Fluorintaed GHGs,2025,46343.894036988946,-0.07917334800604625,0.85,2036,High
1005459,Import and Export of Equipment Containing Fluorintaed GHGs,2026,42674.69278644308,-0.07917334800604625,0.85,2036,High
1005459,Import and Export of Equipment Containing Fluorintaed GHGs,2027,39295.99448341091,-0.07917334800604625,0.85,2036,High
1005459,Import and Export of Equipment Containing Fluorintaed GHGs,2028,36184.79903693215,-0.07917334800604625,0.85,2036,High
1005461,Waste,2024,46990.30476931642,-0.038541867469075175,0.325,2030,High
1005461,Waste,2025,45179.210670565975,-0.038541867469075175,0.325,2030,High
1005461,Waste,2026,43437.9195205436,-0.038541867469075175,0.325,2030,High
1005461,Waste,2027,41763.74098325045,-0.038541867469075175,0.325,2030,High
1005461,Waste,2028,40154.088413261234,-0.038541867469075175,0.325,2030,High
1005465,Chemicals,2024,69850.88958420964,-0.045845005236247904,0.28,2030,Medium
1005465,Chemicals,2025,66648.57518546497,-0.045845005236247904,0.28,2030,Medium
1005465,Chemicals,2026,63593.070907098874,-0.045845005236247904,0.28,2030,Medium
1005465,Chemicals,2027,60677.64623837384,-0.045845005236247904,0.28,2030,Medium
1005465,Chemicals,2028,57895.8792288524,-0.045845005236247904,0.28,2030,Medium
1005480,Waste,2024,132288.46664212874,-0.038541867469075175,0.325,2030,High
1005480,Waste,2025,127189.82209312065,-0.038541867469075175,0.325,2030,High
1005480,Waste,2026,122287.68882659235,-0.038541867469075175,0.325,2030,High
1005480,Waste,2027,117574.49293073831,-0.038541867469075175,0.325,2030,High
1005480,Waste,2028,113042.95240645809,-0.038541867469075175,0.325,2030,High
1005482,Waste,2024,63123.57223318534,-0.038541867469075175,0.325,2030,High
1005482,Waste,2025,60690.67187799931,-0.038541867469075175,0.325,2030,High
1005482,Waste,2026,58351.540045868336,-0.038541867469075175,0.325,2030,High
1005482,Waste,2027,56102.56272280405,-0.038541867469075175,0.325,2030,High
1005482,Waste,2028,53940.26518566626,-0.038541867469075175,0.325,2030,High
1005493,Waste,2024,438481.87482845417,-0.038541867469075175,0.325,2030,High
1005493,Waste,2025,421581.96452122426,-0.038541867469075175,0.325,2030,High
1005493,Waste,2026,405333.4083172949,-0.038541867469075175,0.325,2030,High
1005493,Waste,2027,389711.1018131412,-0.038541867469075175,0.325,2030,High
1005493,Waste,2028,374690.9081758319,-0.038541867469075175,0.325,2030,High
1005502,Chemicals,2024,770591.0463486013,-0.045845005236247904,0.28,2030,Medium
1005502,Chemicals,2025,735263.2957937439,-0.045845005236247904,0.28,2030,Medium
1005502,Chemicals,2026,701555.1461480589,-0.045845005236247904,0.28,2030,Medium
1005502,Chemicals,2027,669392.3467993845,-0.045845005236247904,0.28,2030,Medium
1005502,Chemicals,2028,638704.0511552624,-0.045845005236247904,0.28,2030,Medium
1005525,Power Plants,2024,43055.59849905572,-0.11644604222876276,0.8,2035,Medium
1005525,Power Plants,2025,38041.94445805002,-0.11644604222876276,0.8,2035,Medium
1005525,Power Plants,2026,33612.11058722368,-0.11644604222876276,0.8,2035,Medium
1005525,Power Plants,2027,29698.113338385985,-0.11644604222876276,0.8,2035,Medium
1005525,Power Plants,2028,26239.885578469708,-0.11644604222876276,0.8,2035,Medium
1005536,Metals,2024,66864.11591974868,-0.029125207089559013,0.6,2050,Medium
1005536,Metals,2025,64916.68469672573,-0.029125207089559013,0.6,2050,Medium
1005536,Metals,2026,63025.97281136599,-0.029125207089559013,0.6,2050,Medium
1005536,Metals,2027,61190.32830121404,-0.029125207089559013,0.6,2050,Medium
1005536,Metals,2028,59408.147317563074,-0.029125207089559013,0.6,2050,Medium
1005558,Minerals,2024,112435.70772844316,-0.022067231457071457,0.2,2030,High
1005558,Minerals,2025,109954.56294195996,-0.022067231457071457,0.2,2030,High
1005558,Minerals,2026,107528.17015175859,-0.022067231457071457,0.2,2030,High
1005558,Minerals,2027,105155.32113286438,-0.022067231457071457,0.2,2030,High
1005558,Minerals,2028,102834.83432248278,-0.022067231457071457,0.2,2030,High
1005564,Chemicals,2024,158568.08359902407,-0.045845005236247904,0.28,2030,Medium
1005564,Chemicals,2025,151298.528976125,-0.045845005236247904,0.28,2030,Medium
1005564,Chemicals,2026,144362.24712297798,-0.045845005236247904,0.28,2030,Medium
1005564,Chemicals,2027,137743.95914770852,-0.045845005236247904,0.28,2030,Medium
1005564,Chemicals,2028,131429.0866193203,-0.045845005236247904,0.28,2030,Medium
1005577,Chemicals,2024,47448.89893796814,-0.045845005236247904,0.28,2030,Medium
1005577,Chemicals,2025,45273.603917702785,-0.045845005236247904,0.28,2030,Medium
1005577,Chemicals,2026,43198.0353090319,-0.045845005236247904,0.28,2030,Medium
1005577,Chemicals,2027,41217.6211540937,-0.045845005236247904,0.28,2030,Medium
1005577,Chemicals,2028,39327.999096458596,-0.045845005236247904,0.28,2030,Medium
1005583,Waste,2024,65415.92878567219,-0.038541867469075175,0.325,2030,High
1005583,Waste,2025,62894.676728048355,-0.038541867469075175,0.325,2030,High
1005583,Waste,2026,60470.59843308559,-0.038541867469075175,0.325,2030,High
1005583,Waste,2027,58139.94864250194,-0.038541867469075175,0.325,2030,High
1005583,Waste,2028,55899.1264472638,-0.038541867469075175,0.325,2030,High
1005584,Metals,2024,953887.8044263001,-0.029125207089559013,0.6,2050,Medium
1005584,Metals,2025,926105.6245821792,-0.029125207089559013,0.6,2050,Medium
1005584,Metals,2026,899132.6064794179,-0.029125207089559013,0.6,2050,Medium
1005584,Metals,2027,872945.1831147299,-0.029125207089559013,0.6,2050,Medium
1005584,Metals,2028,847520.4738786804,-0.029125207089559013,0.6,2050,Medium
1005588,Metals,2024,31295.399434127936,-0.029125207089559013,0.6,2050,Medium
1005588,Metals,2025,30383.91444465849,-0.029125207089559013,0.6,2050,Medium
1005588,Metals,2026,29498.97664426637,-0.029125207089559013,0.6,2050,Medium
1005588,Metals,2027,28639.81284057205,-0.029125207089559013,0.6,2050,Medium
1005588,Metals,2028,27805.672360584176,-0.029125207089559013,0.6,2050,Medium
1005590,Petroleum Product Suppliers,2024,119173.38206383497,-0.027507527533926934,0.2,2030,Low
1005590,Petroleum Product Suppliers,2025,115895.21697540283,-0.027507527533926934,0.2,2030,Low
1005590,Petroleum Product Suppliers,2026,112707.2261034015,-0.027507527533926934,0.2,2030,Low
1005590,Petroleum Product Suppliers,2027,109606.92897808965,-0.027507527533926934,0.2,2030,Low
1005590,Petroleum Product Suppliers,2028,106591.91336131567,-0.027507527533926934,0.2,2030,Low
1005592,Minerals,2024,21420.144528183424,-0.022067231457071457,0.2,2030,High
1005592,Minerals,2025,20947.461241036075,-0.022067231457071457,0.2,2030,High
1005592,Minerals,2026,20485.2087653921,-0.022067231457071457,0.2,2030,High
1005592,Minerals,2027,20033.156922119764,-0.022067231457071457,0.2,2030,High
1005592,Minerals,2028,19591.080611503516,-0.022067231457071457,0.2,2030,High
1005594,Waste,2024,58852.05411488357,-0.038541867469075175,0.325,2030,High
1005594,Waste,2025,56583.78604490489,-0.038541867469075175,0.325,2030,High
1005594,Waste,2026,54402.94126226366,-0.038541867469075175,0.325,2030,High
1005594,Waste,2027,52306.150310205616,-0.038541867469075175,0.325,2030,High
1005594,Waste,2028,50290.17359713215,-0.038541867469075175,0.325,2030,High
1005598,Metals,2024,365608.5324232098,-0.029125207089559013,0.6,2050,Medium
1005598,Metals,2025,354960.108202674,-0.029125207089559013,0.6,2050,Medium
1005598,Metals,2026,344621.8215427389,-0.029125207089559013,0.6,2050,Medium
1005598,Metals,2027,334584.6396227256,-0.029125207089559013,0.6,2050,Medium
1005598,Metals,2028,324839.7927047282,-0.029125207089559013,0.6,2050,Medium
1005602,Metals,2024,318546.70693534246,-0.029125207089559013,0.6,2050,Medium
1005602,Metals,2025,309268.96812815353,-0.029125207089559013,0.6,2050,Medium
1005602,Metals,2026,300261.4453850468,-0.029125207089559013,0.6,2050,Medium
1005602,Metals,2027,291516.26860719704,-0.029125207089559013,0.6,2050,Medium
1005602,Metals,2028,283025.7969140369,-0.029125207089559013,0.6,2050,Medium
1005619,Waste,2024,6680.418779781493,-0.038541867469075175,0.325,2030,High
1005619,Waste,2025,6422.942964533233,-0.038541867469075175,0.325,2030,High
1005619,Waste,2026,6175.390748032765,-0.038541867469075175,0.325,2030,High
1005619,Waste,2027,5937.379656252333,-0.038541867469075175,0.325,2030,High
1005619,Waste,2028,5708.5419564274725,-0.038541867469075175,0.325,2030,High
1005621,Minerals,2024,797100.7441858856,-0.022067231457071457,0.2,2030,High
1005621,Minerals,2025,779510.9375693318,-0.022067231457071457,0.2,2030,High
1005621,Minerals,2026,762309.2892866706,-0.022067231457071457,0.2,2030,High
1005621,Minerals,2027,745487.233758106,-0.022067231457071457,0.2,2030,High
1005621,Minerals,2028,729036.394422474,-0.022067231457071457,0.2,2030,High
1005622,Minerals,2024,669760.8129811533,-0.022067231457071457,0.2,2030,High
1005622,Minerals,2025,654981.0461002218,-0.022067231457071457,0.2,2030,High
1005622,Minerals,2026,640527.4277559334,-0.022067231457071457,0.2,2030,High
1005622,Minerals,2027,626392.7607530407,-0.022067231457071457,0.2,2030,High
1005622,Minerals,2028,612570.0067184693,-0.022067231457071457,0.2,2030,High
1005629,Minerals,2024,1394280.1107560317,-0.022067231457071457,0.2,2030,High
1005629,Minerals,2025,1363512.208835987,-0.022067231457071457,0.2,2030,High
1005629,Minerals,2026,1333423.2693290606,-0.022067231457071457,0.2,2030,High
1005629,Minerals,2027,1303998.309414531,-0.022067231457071457,0.2,2030,High
1005629,Minerals,2028,1275222.676901051,-0.022067231457071457,0.2,2030,High
1005637,Power Plants,2024,27677.974488681095,-0.11644604222876276,0.8,2035,Medium
1005637,Power Plants,2025,24454.983902565516,-0.11644604222876276,0.8,2035,Medium
1005637,Power Plants,2026,21607.29781434366,-0.11644604222876276,0.8,2035,Medium
1005637,Power Plants,2027,19091.213500605143,-0.11644604222876276,0.8,2035,Medium
1005637,Power Plants,2028,16868.11724711535,-0.11644604222876276,0.8,2035,Medium
1005638,Waste,2024,339511.8456131214,-0.038541867469075175,0.325,2030,High
1005638,Waste,2025,326426.4250553193,-0.038541867469075175,0.325,2030,High
1005638,Waste,2026,313845.3410424332,-0.038541867469075175,0.325,2030,High
1005638,Waste,2027,301749.15550218907,-0.038541867469075175,0.325,2030,High
1005638,Waste,2028,290119.17954191833,-0.038541867469075175,0.325,2030,High
1005640,Chemicals,2024,114768.5527193888,-0.045845005236247904,0.28,2030,Medium
1005640,Chemicals,2025,109506.98781901182,-0.045845005236247904,0.28,2030,Medium
1005640,Chemicals,2026,104486.63938904348,-0.045845005236247904,0.28,2030,Medium
1005640,Chemicals,2027,99696.44885913483,-0.045845005236247904,0.28,2030,Medium
1005640,Chemicals,2028,95125.86463915248,-0.045845005236247904,0.28,2030,Medium
1005662,Minerals,2024,1152964.6853849366,-0.022067231457071457,0.2,2030,High
1005662,Minerals,2025,1127521.9468107175,-0.022067231457071457,0.2,2030,High
1005662,Minerals,2026,1102640.6590375176,-0.022067231457071457,0.2,2030,High
1005662,Minerals,2027,1078308.4324005588,-0.022067231457071457,0.2,2030,High
1005662,Minerals,2028,1054513.150640664,-0.022067231457071457,0.2,2030,High
1005665,Waste,2024,129778.33982262363,-0.038541867469075175,0.325,2030,High
1005665,Waste,2025,124776.44024882346,-0.038541867469075175,0.325,2030,High
1005665,Waste,2026,119967.32322549034,-0.038541867469075175,0.325,2030,High
1005665,Waste,2027,115343.55855311379,-0.038541867469075175,0.325,2030,High
1005665,Waste,2028,110898.00240594817,-0.038541867469075175,0.325,2030,High
1005673,Waste,2024,60358.16866491194,-0.038541867469075175,0.325,2030,High
1005673,Waste,2025,58031.85212755281,-0.038541867469075175,0.325,2030,High
1005673,Waste,2026,55795.196173867706,-0.038541867469075175,0.325,2030,High
1005673,Waste,2027,53644.74511752345,-0.038541867469075175,0.325,2030,High
1005673,Waste,2028,51577.17646079155,-0.038541867469075175,0.325,2030,High
1005675,Chemicals,2024,38969.21281752328,-0.045845005236247904,0.28,2030,Medium
1005675,Chemicals,2025,37182.66905185146,-0.045845005236247904,0.28,2030,Medium
1005675,Chemicals,2026,35478.02939447166,-0.045845005236247904,0.28,2030,Medium
1005675,Chemicals,2027,33851.53895111035,-0.045845005236247904,0.28,2030,Medium
1005675,Chemicals,2028,32299.614970641647,-0.045845005236247904,0.28,2030,Medium
1005678,Petroleum and Natural Gas Systems,2024,40724.81326058898,-0.12944943670387588,0.75,2030,High
1005678,Petroleum and Natural Gas Systems,2025,35453.0091241352,-0.12944943670387588,0.75,2030,High
1005678,Petroleum and Natural Gas Systems,2026,30863.637063558526,-0.12944943670387588,0.75,2030,High
1005678,Petroleum and Natural Gas Systems,2027,26868.35663104801,-0.12944943670387588,0.75,2030,High
1005678,Petroleum and Natural Gas Systems,2028,23390.262999999995,-0.12944943670387588,0.75,2030,High
1005693,Petroleum and Natural Gas Systems,2024,135221.70665979662,-0.12944943670387588,0.75,2030,High
1005693,Petroleum and Natural Gas Systems,2025,117717.3329025492,-0.12944943670387588,0.75,2030,High
1005693,Petroleum and Natural Gas Systems,2026,102478.89046803158,-0.12944943670387588,0.75,2030,High
1005693,Petroleum and Natural Gas Systems,2027,89213.0558229067,-0.12944943670387588,0.75,2030,High
1005693,Petroleum and Natural Gas Systems,2028,77664.47599999998,-0.12944943670387588,0.75,2030,High
1005705,Petroleum and Natural Gas Systems,2024,74985.72242686142,-0.12944943670387588,0.75,2030,High
1005705,Petroleum and Natural Gas Systems,2025,65278.86289787102,-0.12944943670387588,0.75,2030,High
1005705,Petroleum and Natural Gas Systems,2026,56828.550867072074,-0.12944943670387588,0.75,2030,High
1005705,Petroleum and Natural Gas Systems,2027,49472.12696863204,-0.12944943670387588,0.75,2030,High
1005705,Petroleum and Natural Gas Systems,2028,43067.98799999999,-0.12944943670387588,0.75,2030,High
1005713,Power Plants,2024,5846309.17224738,-0.11644604222876276,0.8,2035,Medium
1005713,Power Plants,2025,5165529.607493458,-0.11644604222876276,0.8,2035,Medium
1005713,Power Plants,2026,4564024.128685351,-0.11644604222876276,0.8,2035,Medium
1005713,Power Plants,2027,4032561.5822633645,-0.11644604222876276,0.8,2035,Medium
1005713,Power Plants,2028,3562985.7459650384,-0.11644604222876276,0.8,2035,Medium
1005715,Waste,2024,38203.20238576992,-0.038541867469075175,0.325,2030,High
1005715,Waste,2025,36730.77962252331,-0.038541867469075175,0.325,2030,High
1005715,Waste,2026,35315.10678227621,-0.038541867469075175,0.325,2030,High
1005715,Waste,2027,33953.99661701749,-0.038541867469075175,0.325,2030,High
1005715,Waste,2028,32645.34617935897,-0.038541867469075175,0.325,2030,High
1005722,Petroleum and Natural Gas Systems,2024,31905.62765287028,-0.12944943670387588,0.75,2030,High
1005722,Petroleum and Natural Gas Systems,2025,27775.462125522616,-0.12944943670387588,0.75,2030,High
1005722,Petroleum and Natural Gas Systems,2026,24179.944199183876,-0.12944943670387588,0.75,2030,High
1005722,Petroleum and Natural Gas Systems,2027,21049.86404306837,-0.12944943670387588,0.75,2030,High
1005722,Petroleum and Natural Gas Systems,2028,18324.970999999998,-0.12944943670387588,0.75,2030,High
1005725,Minerals,2024,31872.127621530668,-0.022067231457071457,0.2,2030,High
1005725,Minerals,2025,31168.79800427703,-0.022067231457071457,0.2,2030,High
1005725,Minerals,2026,30480.98892447794,-0.022067231457071457,0.2,2030,High
1005725,Minerals,2027,29808.357886841055,-0.022067231457071457,0.2,2030,High
1005725,Minerals,2028,29150.569953996914,-0.022067231457071457,0.2,2030,High
1005743,Petroleum Product Suppliers,2024,1809492.1394580686,-0.027507527533926934,0.2,2030,Low
1005743,Petroleum Product Suppliers,2025,1759717.4846095014,-0.027507527533926934,0.2,2030,Low
1005743,Petroleum Product Suppliers,2026,1711312.007449673,-0.027507527533926934,0.2,2030,Low
1005743,Petroleum Product Suppliers,2027,1664238.0452856114,-0.027507527533926934,0.2,2030,Low
1005743,Petroleum Product Suppliers,2028,1618458.9714319087,-0.027507527533926934,0.2,2030,Low
1005751,Minerals,2024,320630.51782971947,-0.022067231457071457,0.2,2030,High
1005751,Minerals,2025,313555.08998057037,-0.022067231457071457,0.2,2030,High
1005751,Minerals,2026,306635.79723542626,-0.022067231457071457,0.2,2030,High
1005751,Minerals,2027,299869.1941248085,-0.022067231457071457,0.2,2030,High
1005751,Minerals,2028,293251.9112112108,-0.022067231457071457,0.2,2030,High
1005753,Minerals,2024,478104.23074873816,-0.022067231457071457,0.2,2030,High
1005753,Minerals,2025,467553.7940282006,-0.022067231457071457,0.2,2030,High
1005753,Minerals,2026,457236.1762367484,-0.022067231457071457,0.2,2030,High
1005753,Minerals,2027,447146.23970518576,-0.022067231457071457,0.2,2030,High
1005753,Minerals,2028,437278.9601384523,-0.022067231457071457,0.2,2030,High
1005755,Metals,2024,73043.49319967501,-0.029125207089559013,0.6,2050,Medium
1005755,Metals,2025,70916.08633368969,-0.029125207089559013,0.6,2050,Medium
1005755,Metals,2026,68850.64063323992,-0.029125207089559013,0.6,2050,Medium
1005755,Metals,2027,66845.351466548,-0.029125207089559013,0.6,2050,Medium
1005755,Metals,2028,64898.46676211044,-0.029125207089559013,0.6,2050,Medium
1005758,Minerals,2024,175092.44892451525,-0.022067231457071457,0.2,2030,High
1005758,Minerals,2025,171228.64332771252,-0.022067231457071457,0.2,2030,High
1005758,Minerals,2026,167450.10122331954,-0.022067231457071457,0.2,2030,High
1005758,Minerals,2027,163754.94108211453,-0.022067231457071457,0.2,2030,High
1005758,Minerals,2028,160141.3228950164,-0.022067231457071457,0.2,2030,High
1005766,Chemicals,2024,181517.90806043913,-0.045845005236247904,0.28,2030,Medium
1005766,Chemicals,2025,173196.21861493553,-0.045845005236247904,0.28,2030,Medium
1005766,Chemicals,2026,165256.0370656355,-0.045845005236247904,0.28,2030,Medium
1005766,Chemicals,2027,157679.87318103985,-0.045845005236247904,0.28,2030,Medium
1005766,Chemicals,2028,150451.0385694042,-0.045845005236247904,0.28,2030,Medium
1005772,Minerals,2024,69507.9719239132,-0.022067231457071457,0.2,2030,High
1005772,Minerals,2025,67974.12341935658,-0.022067231457071457,0.2,2030,High
1005772,Minerals,2026,66474.1227047701,-0.022067231457071457,0.2,2030,High
1005772,Minerals,2027,65007.22285313817,-0.022067231457071457,0.2,2030,High
1005772,Minerals,2028,63572.693420056545,-0.022067231457071457,0.2,2030,High
1005773,Minerals,2024,65403.0169816017,-0.022067231457071457,0.2,2030,High
1005773,Minerals,2025,63959.75346787791,-0.022067231457071457,0.2,2030,High
1005773,Minerals,2026,62548.338784165026,-0.022067231457071457,0.2,2030,High
1005773,Minerals,2027,61168.07011495954,-0.022067231457071457,0.2,2030,High
1005773,Minerals,2028,59818.26015395035,-0.022067231457071457,0.2,2030,High
1005777,Metals,2024,236410.6683871258,-0.029125207089559013,0.6,2050,Medium
1005777,Metals,2025,229525.15871216968,-0.029125207089559013,0.6,2050,Medium
1005777,Metals,2026,222840.19093241385,-0.029125207089559013,0.6,2050,Medium
1005777,Metals,2027,216349.92422363043,-0.029125207089559013,0.6,2050,Medium
1005777,Metals,2028,210048.68787680677,-0.029125207089559013,0.6,2050,Medium
1005784,Power Plants,2024,208975.34058252486,-0.11644604222876276,0.8,2035,Medium
1005784,Power Plants,2025,184640.98924828207,-0.11644604222876276,0.8,2035,Medium
1005784,Power Plants,2026,163140.2768171161,-0.11644604222876276,0.8,2035,Medium
1005784,Power Plants,2027,144143.23725365815,-0.11644604222876276,0.8,2035,Medium
1005784,Power Plants,2028,127358.3277614281,-0.11644604222876276,0.8,2035,Medium
1005788,Chemicals,2024,1135921.1854036888,-0.045845005236247904,0.28,2030,Medium
1005788,Chemicals,2025,1083844.8727108918,-0.045845005236247904,0.28,2030,Medium
1005788,Chemicals,2026,1034155.9988461805,-0.045845005236247904,0.28,2030,Medium
1005788,Chemicals,2027,986745.1116639801,-0.045845005236247904,0.28,2030,Medium
1005788,Chemicals,2028,941507.776852903,-0.045845005236247904,0.28,2030,Medium
1005789,Petroleum Product Suppliers,2024,478990.48740083165,-0.027507527533926934,0.2,2030,Low
1005789,Petroleum Product Suppliers,2025,465814.64338016417,-0.027507527533926934,0.2,2030,Low
1005789,Petroleum Product Suppliers,2026,453001.234251678,-0.027507527533926934,0.2,2030,Low
1005789,Petroleum Product Suppliers,2027,440540.29032759706,-0.027507527533926934,0.2,2030,Low
1005789,Petroleum Product Suppliers,2028,428422.1161616065,-0.027507527533926934,0.2,2030,Low
1005798,Power Plants,2024,31725.033310583116,-0.11644604222876276,0.8,2035,Medium
1005798,Power Plants,2025,28030.77874199005,-0.11644604222876276,0.8,2035,Medium
1005798,Power Plants,2026,24766.70549689517,-0.11644604222876276,0.8,2035,Medium
1005798,Power Plants,2027,21882.720662736385,-0.11644604222876276,0.8,2035,Medium
1005798,Power Plants,2028,19334.564448363162,-0.11644604222876276,0.8,2035,Medium
1005804,Petroleum and Natural Gas Systems,2024,38191.787956476386,-0.12944943670387588,0.75,2030,High
1005804,Petroleum and Natural Gas Systems,2025,33247.88251879664,-0.12944943670387588,0.75,2030,High
1005804,Petroleum and Natural Gas Systems,2026,28943.962855141777,-0.12944943670387588,0.75,2030,High
1005804,Petroleum and Natural Gas Systems,2027,25197.183167565767,-0.12944943670387588,0.75,2030,High
1005804,Petroleum and Natural Gas Systems,2028,21935.421999999995,-0.12944943670387588,0.75,2030,High
1005805,Petroleum and Natural Gas Systems,2024,63324.14047914933,-0.12944943670387588,0.75,2030,High
1005805,Petroleum and Natural Gas Systems,2025,55126.86616436634,-0.12944943670387588,0.75,2030,High
1005805,Petroleum and Natural Gas Systems,2026,47990.72439213917,-0.12944943670387588,0.75,2030,High
1005805,Petroleum and Natural Gas Systems,2027,41778.35215256579,-0.12944943670387588,0.75,2030,High
1005805,Petroleum and Natural Gas Systems,2028,36370.16799999999,-0.12944943670387588,0.75,2030,High
1005806,Petroleum and Natural Gas Systems,2024,54307.487887158175,-0.12944943670387588,0.75,2030,High
1005806,Petroleum and Natural Gas Systems,2025,47277.41417136299,-0.12944943670387588,0.75,2030,High
1005806,Petroleum and Natural Gas Systems,2026,41157.37953806421,-0.12944943670387588,0.75,2030,High
1005806,Petroleum and Natural Gas Systems,2027,35829.57994065417,-0.12944943670387588,0.75,2030,High
1005806,Petroleum and Natural Gas Systems,2028,31191.460999999996,-0.12944943670387588,0.75,2030,High
1005810,Waste,2024,55841.96906646238,-0.038541867469075175,0.325,2030,High
1005810,Waste,2025,53689.71529549059,-0.038541867469075175,0.325,2030,High
1005810,Waste,2026,51620.41340411941,-0.038541867469075175,0.325,2030,High
1005810,Waste,2027,49630.86627199897,-0.038541867469075175,0.325,2030,High
1005810,Waste,2028,47718.000001768196,-0.038541867469075175,0.325,2030,High
1005814,Metals,2024,102123.77965779103,-0.029125207089559013,0.6,2050,Medium
1005814,Metals,2025,99149.40342648937,-0.029125207089559013,0.6,2050,Medium
1005814,Metals,2026,96261.65651888665,-0.029125207089559013,0.6,2050,Medium
1005814,Metals,2027,93458.01583799008,-0.029125207089559013,0.6,2050,Medium
1005814,Metals,2028,90736.03177252933,-0.029125207089559013,0.6,2050,Medium
1005820,Waste,2024,20149.518447983723,-0.038541867469075175,0.325,2030,High
1005820,Waste,2025,19372.91837839585,-0.038541867469075175,0.325,2030,High
1005820,Waste,2026,18626.249925766508,-0.038541867469075175,0.325,2030,High
1005820,Waste,2027,17908.35946968174,-0.038541867469075175,0.325,2030,High
1005820,Waste,2028,17218.137852412714,-0.038541867469075175,0.325,2030,High
1005822,Power Plants,2024,838337.730560711,-0.11644604222876276,0.8,2035,Medium
1005822,Power Plants,2025,740716.6197858733,-0.11644604222876276,0.8,2035,Medium
1005822,Power Plants,2026,654463.1009987411,-0.11644604222876276,0.8,2035,Medium
1005822,Power Plants,2027,578253.4631026747,-0.11644604222876276,0.8,2035,Medium
1005822,Power Plants,2028,510918.1359192923,-0.11644604222876276,0.8,2035,Medium
1005825,Waste,2024,137908.67015583828,-0.038541867469075175,0.325,2030,High
1005825,Waste,2025,132593.41246785552,-0.038541867469075175,0.325,2030,High
1005825,Waste,2026,127483.01473724704,-0.038541867469075175,0.325,2030,High
1005825,Waste,2027,122569.5812786859,-0.038541867469075175,0.325,2030,High
1005825,Waste,2028,117845.52072130276,-0.038541867469075175,0.325,2030,High
1005831,Power Plants,2024,1485998.0388167708,-0.11644604222876276,0.8,2035,Medium
1005831,Power Plants,2025,1312959.4484368544,-0.11644604222876276,0.8,2035,Medium
1005831,Power Plants,2026,1160070.5170595234,-0.11644604222876276,0.8,2035,Medium
1005831,Power Plants,2027,1024984.8966416675,-0.11644604222876276,0.8,2035,Medium
1005831,Power Plants,2028,905629.4620834878,-0.11644604222876276,0.8,2035,Medium
1005832,Metals,2024,175774.4618364514,-0.029125207089559013,0.6,2050,Medium
1005832,Metals,2025,170654.99423440898,-0.029125207089559013,0.6,2050,Medium
1005832,Metals,2026,165684.63218646433,-0.029125207089559013,0.6,2050,Medium
1005832,Metals,2027,160859.03296247614,-0.029125207089559013,0.6,2050,Medium
1005832,Metals,2028,156173.9803152178,-0.029125207089559013,0.6,2050,Medium
1005840,Waste,2024,44554.931319615585,-0.038541867469075175,0.325,2030,High
1005840,Waste,2025,42837.70106160121,-0.038541867469075175,0.325,2030,High
1005840,Waste,2026,41186.65606460512,-0.038541867469075175,0.325,2030,High
1005840,Waste,2027,39599.24542506873,-0.038541867469075175,0.325,2030,High
1005840,Waste,2028,38073.01655602035,-0.038541867469075175,0.325,2030,High
1005844,Waste,2024,57802.62256322607,-0.038541867469075175,0.325,2030,High
1005844,Waste,2025,55574.80154502923,-0.038541867469075175,0.325,2030,High
1005844,Waste,2026,53432.844909260566,-0.038541867469075175,0.325,2030,High
1005844,Waste,2027,51373.443282272194,-0.038541867469075175,0.325,2030,High
1005844,Waste,2028,49393.414839856814,-0.038541867469075175,0.325,2030,High
1005846,Petroleum and Natural Gas Systems,2024,19454.964745777565,-0.12944943670387588,0.75,2030,High
1005846,Petroleum and Natural Gas Systems,2025,16936.530518342894,-0.12944943670387588,0.75,2030,High
1005846,Petroleum and Natural Gas Systems,2026,14744.106183025406,-0.12944943670387588,0.75,2030,High
1005846,Petroleum and Natural Gas Systems,2027,12835.489942930632,-0.12944943670387588,0.75,2030,High
1005846,Petroleum and Natural Gas Systems,2028,11173.942999999997,-0.12944943670387588,0.75,2030,High
1005848,Petroleum and Natural Gas Systems,2024,232685.6609807628,-0.12944943670387588,0.75,2030,High
1005848,Petroleum and Natural Gas Systems,2025,202564.633237734,-0.12944943670387588,0.75,2030,High
1005848,Petroleum and Natural Gas Systems,2026,176342.75556898213,-0.12944943670387588,0.75,2030,High
1005848,Petroleum and Natural Gas Systems,2027,153515.28519376813,-0.12944943670387588,0.75,2030,High
1005848,Petroleum and Natural Gas Systems,2028,133642.81799999997,-0.12944943670387588,0.75,2030,High
1005850,Chemicals,2024,44462.30983871806,-0.045845005236247904,0.28,2030,Medium
1005850,Chemicals,2025,42423.93501134635,-0.045845005236247904,0.28,2030,Medium
1005850,Chemicals,2026,40479.009488608935,-0.045845005236247904,0.28,2030,Medium
1005850,Chemicals,2027,38623.249086645534,-0.045845005236247904,0.28,2030,Medium
1005850,Chemicals,2028,36852.56603002736,-0.045845005236247904,0.28,2030,Medium
1005855,Minerals,2024,72260.2072317343,-0.022067231457071457,0.2,2030,High
1005855,Minerals,2025,70665.62451361566,-0.022067231457071457,0.2,2030,High
1005855,Minerals,2026,69106.22982141521,-0.022067231457071457,0.2,2030,High
1005855,Minerals,2027,67581.24665282047,-0.022067231457071457,0.2,2030,High
1005855,Minerals,2028,66089.91564077525,-0.022067231457071457,0.2,2030,High
1005860,Waste,2024,40077.322727689556,-0.038541867469075175,0.325,2030,High
1005860,Waste,2025,38532.66786660359,-0.038541867469075175,0.325,2030,High
1005860,Waste,2026,37047.54688845906,-0.038541867469075175,0.325,2030,High
1005860,Waste,2027,35619.66524622973,-0.038541867469075175,0.325,2030,High
1005860,Waste,2028,34246.816829016716,-0.038541867469075175,0.325,2030,High
1005870,Waste,2024,88218.82939199188,-0.038541867469075175,0.325,2030,High
1005870,Waste,2025,84818.71096128877,-0.038541867469075175,0.325,2030,High
1005870,Waste,2026,81549.63944452099,-0.038541867469075175,0.325,2030,High
1005870,Waste,2027,78406.5640488994,-0.038541867469075175,0.325,2030,High
1005870,Waste,2028,75384.62864862116,-0.038541867469075175,0.325,2030,High
1005871,Power Plants,2024,2585046.451850955,-0.11644604222876276,0.8,2035,Medium
1005871,Power Plants,2025,2284028.023555405,-0.11644604222876276,0.8,2035,Medium
1005871,Power Plants,2026,2018061.9998727948,-0.11644604222876276,0.8,2035,Medium
1005871,Power Plants,2027,1783066.6670153458,-0.11644604222876276,0.8,2035,Medium
1005871,Power Plants,2028,1575435.6106113775,-0.11644604222876276,0.8,2035,Medium
1005874,Minerals,2024,1729975.585091878,-0.022067231457071457,0.2,2030,High
1005874,Minerals,2025,1691799.8134405727,-0.022067231457071457,0.2,2030,High
1005874,Minerals,2026,1654466.4753783494,-0.022067231457071457,0.2,2030,High
1005874,Minerals,2027,1617956.9807282102,-0.022067231457071457,0.2,2030,High
1005874,Minerals,2028,1582253.1495468963,-0.022067231457071457,0.2,2030,High
1005878,Waste,2024,48964.17831540241,-0.038541867469075175,0.325,2030,High
1005878,Waste,2025,47077.007444038005,-0.038541867469075175,0.325,2030,High
1005878,Waste,2026,45262.57166228923,-0.038541867469075175,0.325,2030,High
1005878,Waste,2027,43518.06762397176,-0.038541867469075175,0.325,2030,High
1005878,Waste,2028,41840.80002909839,-0.038541867469075175,0.325,2030,High
1005879,Chemicals,2024,855426.9458505056,-0.045845005236247904,0.28,2030,Medium
1005879,Chemicals,2025,816209.8930387617,-0.045845005236247904,0.28,2030,Medium
1005879,Chemicals,2026,778790.7462185223,-0.045845005236247904,0.28,2030,Medium
1005879,Chemicals,2027,743087.0803801927,-0.045845005236247904,0.28,2030,Medium
1005879,Chemicals,2028,709020.2492891747,-0.045845005236247904,0.28,2030,Medium
1005895,Waste,2024,57260.60054101176,-0.038541867469075175,0.325,2030,High
1005895,Waste,2025,55053.67006376043,-0.038541867469075175,0.325,2030,High
1005895,Waste,2026,52931.798808476786,-0.038541867469075175,0.325,2030,High
1005895,Waste,2027,50891.70843390072,-0.038541867469075175,0.325,2030,High
1005895,Waste,2028,48930.246952166504,-0.038541867469075175,0.325,2030,High
1005898,Waste,2024,5631.500646766759,-0.038541867469075175,0.325,2030,High
1005898,Waste,2025,5414.452095187064,-0.038541867469075175,0.325,2030,High
1005898,Waste,2026,5205.7690001167075,-0.038541867469075175,0.325,2030,High
1005898,Waste,2027,5005.12894123959,-0.038541867469075175,0.325,2030,High
1005898,Waste,2028,4812.221924920701,-0.038541867469075175,0.325,2030,High
1005899,Petroleum Product Suppliers,2024,191097.77389633833,-0.027507527533926934,0.2,2030,Low
1005899,Petroleum Product Suppliers,2025,185841.14661921264,-0.027507527533926934,0.2,2030,Low
1005899,Petroleum Product Suppliers,2026,180729.1161616481,-0.027507527533926934,0.2,2030,Low
1005899,Petroleum Product Suppliers,2027,175757.7050226493,-0.027507527533926934,0.2,2030,Low
1005899,Petroleum Product Suppliers,2028,170923.04511243894,-0.027507527533926934,0.2,2030,Low
1005905,Power Plants,2024,74525.06559446143,-0.11644604222876276,0.8,2035,Medium
1005905,Power Plants,2025,65846.91665914745,-0.11644604222876276,0.8,2035,Medium
1005905,Power Plants,2026,58179.303821222544,-0.11644604222876276,0.8,2035,Medium
1005905,Power Plants,2027,51404.554151616445,-0.11644604222876276,0.8,2035,Medium
1005905,Power Plants,2028,45418.69726812659,-0.11644604222876276,0.8,2035,Medium
1005906,Minerals,2024,33265.15373300933,-0.022067231457071457,0.2,2030,High
1005906,Minerals,2025,32531.083886127944,-0.022067231457071457,0.2,2030,High
1005906,Minerals,2026,31813.212928463352,-0.022067231457071457,0.2,2030,High
1005906,Minerals,2027,31111.18339537785,-0.022067231457071457,0.2,2030,High
1005906,Minerals,2028,30424.645710488654,-0.022067231457071457,0.2,2030,High
1005907,Metals,2024,17417.69766851982,-0.029125207089559013,0.6,2050,Medium
1005907,Metals,2025,16910.40361690085,-0.029125207089559013,0.6,2050,Medium
1005907,Metals,2026,16417.884609590586,-0.029125207089559013,0.6,2050,Medium
1005907,Metals,2027,15939.710320363778,-0.029125207089559013,0.6,2050,Medium
1005907,Metals,2028,15475.462956335601,-0.029125207089559013,0.6,2050,Medium
1005911,Chemicals,2024,3953905.0152950804,-0.045845005236247904,0.28,2030,Medium
1005911,Chemicals,2025,3772638.2191652507,-0.045845005236247904,0.28,2030,Medium
1005911,Chemicals,2026,3599681.6002531513,-0.045845005236247904,0.28,2030,Medium
1005911,Chemicals,2027,3434654.17844072,-0.045845005236247904,0.28,2030,Medium
1005911,Chemicals,2028,3277192.4396454045,-0.045845005236247904,0.28,2030,Medium
1005915,Minerals,2024,104169.71926714083,-0.022067231457071457,0.2,2030,High
1005915,Minerals,2025,101870.98196125467,-0.022067231457071457,0.2,2030,High
1005915,Minerals,2026,99622.97142355652,-0.022067231457071457,0.2,2030,High
1005915,Minerals,2027,97424.56825471167,-0.022067231457071457,0.2,2030,High
1005915,Minerals,2028,95274.6777574297,-0.022067231457071457,0.2,2030,High
1005918,Metals,2024,41706.051003514884,-0.029125207089559013,0.6,2050,Medium
1005918,Metals,2025,40491.3536311498,-0.029125207089559013,0.6,2050,Medium
1005918,Metals,2026,39312.034571305994,-0.029125207089559013,0.6,2050,Medium
1005918,Metals,2027,38167.063423304804,-0.029125207089559013,0.6,2050,Medium
1005918,Metals,2028,37055.43979710072,-0.029125207089559013,0.6,2050,Medium
1005920,Waste,2024,192501.34744571766,-0.038541867469075175,0.325,2030,High
1005920,Waste,2025,185081.9860248464,-0.038541867469075175,0.325,2030,High
1005920,Waste,2026,177948.58064856357,-0.038541867469075175,0.325,2030,High
1005920,Waste,2027,171090.1100368966,-0.038541867469075175,0.325,2030,High
1005920,Waste,2028,164495.97769058504,-0.038541867469075175,0.325,2030,High
1005924,Chemicals,2024,366143.9092254716,-0.045845005236247904,0.28,2030,Medium
1005924,Chemicals,2025,349358.03978980955,-0.045845005236247904,0.28,2030,Medium
1005924,Chemicals,2026,333341.7186263205,-0.045845005236247904,0.28,2030,Medium
1005924,Chemicals,2027,318059.6657904369,-0.045845005236247904,0.28,2030,Medium
1005924,Chemicals,2028,303478.21874683513,-0.045845005236247904,0.28,2030,Medium
1005928,Waste,2024,205659.2577289124,-0.038541867469075175,0.325,2030,High
1005928,Waste,2025,197732.7658737363,-0.038541867469075175,0.325,2030,High
1005928,Waste,2026,190111.77581713707,-0.038541867469075175,0.325,2030,High
1005928,Waste,2027,182784.51294928245,-0.038541867469075175,0.325,2030,High
1005928,Waste,2028,175739.65647579177,-0.038541867469075175,0.325,2030,High
1005947,Chemicals,2024,42910.14392591608,-0.045845005236247904,0.28,2030,Medium
1005947,Chemicals,2025,40942.92815294431,-0.045845005236247904,0.28,2030,Medium
1005947,Chemicals,2026,39065.89939738526,-0.045845005236247904,0.28,2030,Medium
1005947,Chemicals,2027,37274.9230349534,-0.045845005236247904,0.28,2030,Medium
1005947,Chemicals,2028,35566.053993235226,-0.045845005236247904,0.28,2030,Medium
1005949,Power Plants,2024,1288302.2982633263,-0.11644604222876276,0.8,2035,Medium
1005949,Power Plants,2025,1138284.5944363428,-0.11644604222876276,0.8,2035,Medium
1005949,Power Plants,2026,1005735.8584842584,-0.11644604222876276,0.8,2035,Medium
1005949,Power Plants,2027,888621.8982362194,-0.11644604222876276,0.8,2035,Medium
1005949,Power Plants,2028,785145.3951488013,-0.11644604222876276,0.8,2035,Medium
1005950,Waste,2024,31320.12361498102,-0.038541867469075175,0.325,2030,High
1005950,Waste,2025,30112.98756149737,-0.038541867469075175,0.325,2030,High
1005950,Waste,2026,28952.376785804234,-0.038541867469075175,0.325,2030,High
1005950,Waste,2027,27836.49811681104,-0.038541867469075175,0.325,2030,High
1005950,Waste,2028,26763.627495589746,-0.038541867469075175,0.325,2030,High
1005958,Petroleum and Natural Gas Systems,2024,31676.140077778662,-0.12944943670387588,0.75,2030,High
1005958,Petroleum and Natural Gas Systems,2025,27575.681587757146,-0.12944943670387588,0.75,2030,High
1005958,Petroleum and Natural Gas Systems,2026,24006.02513949654,-0.12944943670387588,0.75,2030,High
1005958,Petroleum and Natural Gas Systems,2027,20898.45870768963,-0.12944943670387588,0.75,2030,High
1005958,Petroleum and Natural Gas Systems,2028,18193.164999999997,-0.12944943670387588,0.75,2030,High
1005964,Waste,2024,102230.74909265841,-0.038541867469075175,0.325,2030,High
1005964,Waste,2025,98290.58510986489,-0.038541867469075175,0.325,2030,High
1005964,Waste,2026,94502.28240510263,-0.038541867469075175,0.325,2030,High
1005964,Waste,2027,90859.98796112004,-0.038541867469075175,0.325,2030,High
1005964,Waste,2028,87358.07434688079,-0.038541867469075175,0.325,2030,High
1005966,Petroleum Product Suppliers,2024,663546.9462799225,-0.027507527533926934,0.2,2030,Low
1005966,Petroleum Product Suppliers,2025,645294.4103850743,-0.027507527533926934,0.2,2030,Low
1005966,Petroleum Product Suppliers,2026,627543.9566239178,-0.027507527533926934,0.2,2030,Low
1005966,Petroleum Product Suppliers,2027,610281.7739583359,-0.027507527533926934,0.2,2030,Low
1005966,Petroleum Product Suppliers,2028,593494.4312577232,-0.027507527533926934,0.2,2030,Low
1005977,Minerals,2024,74441.31611166758,-0.022067231457071457,0.2,2030,High
1005977,Minerals,2025,72798.60235906238,-0.022067231457071457,0.2,2030,High
1005977,Minerals,2026,71192.13875105364,-0.022067231457071457,0.2,2030,High
1005977,Minerals,2027,69621.1253473102,-0.022067231457071457,0.2,2030,High
1005977,Minerals,2028,68084.77985996933,-0.022067231457071457,0.2,2030,High
1005978,Minerals,2024,510733.4367582295,-0.022067231457071457,0.2,2030,High
1005978,Minerals,2025,499462.9637964201,-0.022067231457071457,0.2,2030,High
1005978,Minerals,2026,488441.1989700896,-0.022067231457071457,0.2,2030,High
1005978,Minerals,2027,477662.65397924714,-0.022067231457071457,0.2,2030,High
1005978,Minerals,2028,467121.9616354881,-0.022067231457071457,0.2,2030,High
1005984,Minerals,2024,30670.205219949592,-0.022067231457071457,0.2,2030,High
1005984,Minerals,2025,29993.39870252508,-0.022067231457071457,0.2,2030,High
1005984,Minerals,2026,29331.527431172235,-0.022067231457071457,0.2,2030,High
1005984,Minerals,2027,28684.261826359114,-0.022067231457071457,0.2,2030,High
1005984,Minerals,2028,28051.27958146161,-0.022067231457071457,0.2,2030,High
1005990,Metals,2024,183649.05252428527,-0.029125207089559013,0.6,2050,Medium
1005990,Metals,2025,178300.23583771416,-0.029125207089559013,0.6,2050,Medium
1005990,Metals,2026,173107.20454482353,-0.029125207089559013,0.6,2050,Medium
1005990,Metals,2027,168065.4213637609,-0.029125207089559013,0.6,2050,Medium
1005990,Metals,2028,163170.48116194736,-0.029125207089559013,0.6,2050,Medium
1005992,Petroleum Product Suppliers,2024,1913305.9384570606,-0.027507527533926934,0.2,2030,Low
1005992,Petroleum Product Suppliers,2025,1860675.6226741269,-0.027507527533926934,0.2,2030,Low
1005992,Petroleum Product Suppliers,2026,1809493.0367517117,-0.027507527533926934,0.2,2030,Low
1005992,Petroleum Product Suppliers,2027,1759718.357220815,-0.027507527533926934,0.2,2030,Low
1005992,Petroleum Product Suppliers,2028,1711312.8560576066,-0.027507527533926934,0.2,2030,Low
1005997,Chemicals,2024,73467.57210904188,-0.045845005236247904,0.28,2030,Medium
1005997,Chemicals,2025,70099.45088100844,-0.045845005236247904,0.28,2030,Medium
1005997,Chemicals,2026,66885.74118831051,-0.045845005236247904,0.28,2030,Medium
1005997,Chemicals,2027,63819.36403330208,-0.045845005236247904,0.28,2030,Medium
1005997,Chemicals,2028,60893.56495502134,-0.045845005236247904,0.28,2030,Medium
1006005,Chemicals,2024,3044934.2955634543,-0.045845005236247904,0.28,2030,Medium
1006005,Chemicals,2025,2905339.266839317,-0.045845005236247904,0.28,2030,Medium
1006005,Chemicals,2026,2772143.972937992,-0.045845005236247904,0.28,2030,Medium
1006005,Chemicals,2027,2645055.0179830166,-0.045845005236247904,0.28,2030,Medium
1006005,Chemicals,2028,2523792.4568334217,-0.045845005236247904,0.28,2030,Medium
1006012,Petroleum Product Suppliers,2024,1648292.2442935545,-0.027507527533926934,0.2,2030,Low
1006012,Petroleum Product Suppliers,2025,1602951.7999996913,-0.027507527533926934,0.2,2030,Low
1006012,Petroleum Product Suppliers,2026,1558858.5592256421,-0.027507527533926934,0.2,2030,Low
1006012,Petroleum Product Suppliers,2027,1515978.214486245,-0.027507527533926934,0.2,2030,Low
1006012,Petroleum Product Suppliers,2028,1474277.4020104313,-0.027507527533926934,0.2,2030,Low
1006016,Petroleum and Natural Gas Systems,2024,44228.40145891141,-0.12944943670387588,0.75,2030,High
1006016,Petroleum and Natural Gas Systems,2025,38503.05980374244,-0.12944943670387588,0.75,2030,High
1006016,Petroleum and Natural Gas Systems,2026,33518.86040077234,-0.12944943670387588,0.75,2030,High
1006016,Petroleum and Natural Gas Systems,2027,29179.862802936506,-0.12944943670387588,0.75,2030,High
1006016,Petroleum and Natural Gas Systems,2028,25402.545999999995,-0.12944943670387588,0.75,2030,High
1006019,Minerals,2024,24511.841814486685,-0.022067231457071457,0.2,2030,High
1006019,Minerals,2025,23970.933327727285,-0.022067231457071457,0.2,2030,High
1006019,Minerals,2026,23441.9611937423,-0.022067231457071457,0.2,2030,High
1006019,Minerals,2027,22924.662010272303,-0.022067231457071457,0.2,2030,High
1006019,Minerals,2028,22418.77818761649,-0.022067231457071457,0.2,2030,High
1006021,Waste,2024,32196.540775689584,-0.038541867469075175,0.325,2030,High
1006021,Waste,2025,30955.625968150278,-0.038541867469075175,0.325,2030,High
1006021,Waste,2026,29762.53833466357,-0.038541867469075175,0.325,2030,High
1006021,Waste,2027,28615.4345266257,-0.038541867469075175,0.325,2030,High
1006021,Waste,2028,27512.542241530493,-0.038541867469075175,0.325,2030,High
1006024,Power Plants,2024,35663.62704862915,-0.11644604222876276,0.8,2035,Medium
1006024,Power Plants,2025,31510.73882729363,-0.11644604222876276,0.8,2035,Medium
1006024,Power Plants,2026,27841.438003151085,-0.11644604222876276,0.8,2035,Medium
1006024,Power Plants,2027,24599.41273772667,-0.11644604222876276,0.8,2035,Medium
1006024,Power Plants,2028,21734.908483266587,-0.11644604222876276,0.8,2035,Medium
1006025,Waste,2024,94587.28962025985,-0.038541867469075175,0.325,2030,High
1006025,Waste,2025,90941.71883945676,-0.038541867469075175,0.325,2030,High
1006025,Waste,2026,87436.65516453653,-0.038541867469075175,0.325,2030,High
1006025,Waste,2027,84066.68318924574,-0.038541867469075175,0.325,2030,High
1006025,Waste,2028,80826.5962272011,-0.038541867469075175,0.325,2030,High
1006028,Waste,2024,115687.2094322504,-0.038541867469075175,0.325,2030,High
1006028,Waste,2025,111228.40833844546,-0.038541867469075175,0.325,2030,High
1006028,Waste,2026,106941.45776546892,-0.038541867469075175,0.325,2030,High
1006028,Waste,2027,102819.73427332252,-0.038541867469075175,0.325,2030,High
1006028,Waste,2028,98856.8697017546,-0.038541867469075175,0.325,2030,High
1006032,Petroleum Product Suppliers,2024,15061.276833868978,-0.027507527533926934,0.2,2030,Low
1006032,Petroleum Product Suppliers,2025,14646.978346665232,-0.027507527533926934,0.2,2030,Low
1006032,Petroleum Product Suppliers,2026,14244.076186505506,-0.027507527533926934,0.2,2030,Low
1006032,Petroleum Product Suppliers,2027,13852.256868609853,-0.027507527533926934,0.2,2030,Low
1006032,Petroleum Product Suppliers,2028,13471.215531389538,-0.027507527533926934,0.2,2030,Low
1006036,Waste,2024,43073.46663318905,-0.038541867469075175,0.325,2030,High
1006036,Waste,2025,41413.334790779045,-0.038541867469075175,0.325,2030,High
1006036,Waste,2026,39817.187529820396,-0.038541867469075175,0.325,2030,High
1006036,Waste,2027,38282.558765054746,-0.038541867469075175,0.325,2030,High
1006036,Waste,2028,36807.077458754924,-0.038541867469075175,0.325,2030,High
1006037,Chemicals,2024,517068.50333343196,-0.045845005236247904,0.28,2030,Medium
1006037,Chemicals,2025,493363.49509061186,-0.045845005236247904,0.28,2030,Medium
1006037,Chemicals,2026,470745.24307480926,-0.045845005236247904,0.28,2030,Medium
1006037,Chemicals,2027,449163.92494110577,-0.045845005236247904,0.28,2030,Medium
1006037,Chemicals,2028,428572.0024502472,-0.045845005236247904,0.28,2030,Medium
1006038,Waste,2024,362998.8390640669,-0.038541867469075175,0.325,2030,High
1006038,Waste,2025,349008.1859174315,-0.038541867469075175,0.325,2030,High
1006038,Waste,2026,335556.7586701795,-0.038541867469075175,0.325,2030,High
1006038,Waste,2027,322623.774549161,-0.038541867469075175,0.325,2030,High
1006038,Waste,2028,310189.2517881145,-0.038541867469075175,0.325,2030,High
1006045,Metals,2024,174643.94027609393,-0.029125207089559013,0.6,2050,Medium
1006045,Metals,2025,169557.3993486161,-0.029125207089559013,0.6,2050,Medium
1006045,Metals,2026,164619.00497902062,-0.029125207089559013,0.6,2050,Medium
1006045,Metals,2027,159824.4423681295,-0.029125207089559013,0.6,2050,Medium
1006045,Metals,2028,155169.52238618443,-0.029125207089559013,0.6,2050,Medium
1006046,Chemicals,2024,104720.35791939165,-0.045845005236247904,0.28,2030,Medium
1006046,Chemicals,2025,99919.45256223538,-0.045845005236247904,0.28,2030,Medium
1006046,Chemicals,2026,95338.6447363167,-0.045845005236247904,0.28,2030,Medium
1006046,Chemicals,2027,90967.84406916346,-0.045845005236247904,0.28,2030,Medium
1006046,Chemicals,2028,86797.42278148248,-0.045845005236247904,0.28,2030,Medium
1006050,Minerals,2024,60317.80570248921,-0.022067231457071457,0.2,2030,High
1006050,Minerals,2025,58986.75872306972,-0.022067231457071457,0.2,2030,High
1006050,Minerals,2026,57685.08426542531,-0.022067231457071457,0.2,2030,High
1006050,Minerals,2027,56412.134159319496,-0.022067231457071457,0.2,2030,High
1006050,Minerals,2028,55167.27453783843,-0.022067231457071457,0.2,2030,High
1006058,Minerals,2024,56872.68938123115,-0.022067231457071457,0.2,2030,High
1006058,Minerals,2025,55617.66658106938,-0.022067231457071457,0.2,2030,High
1006058,Minerals,2026,54390.3386595227,-0.022067231457071457,0.2,2030,High
1006058,Minerals,2027,53190.09446729451,-0.022067231457071457,0.2,2030,High
1006058,Minerals,2028,52016.33634146123,-0.022067231457071457,0.2,2030,High
1006060,Minerals,2024,87070.93251188869,-0.022067231457071457,0.2,2030,High
1006060,Minerals,2025,85149.5180909658,-0.022067231457071457,0.2,2030,High
1006060,Minerals,2026,83270.50396679436,-0.022067231457071457,0.2,2030,High
1006060,Minerals,2027,81432.95448221212,-0.022067231457071457,0.2,2030,High
1006060,Minerals,2028,79635.95462742,-0.022067231457071457,0.2,2030,High
1006068,Petroleum Product Suppliers,2024,2529862.486089035,-0.027507527533926934,0.2,2030,Low
1006068,Petroleum Product Suppliers,2025,2460272.224095892,-0.027507527533926934,0.2,2030,Low
1006068,Petroleum Product Suppliers,2026,2392596.2181506185,-0.027507527533926934,0.2,2030,Low
1006068,Petroleum Product Suppliers,2027,2326781.811802271,-0.027507527533926934,0.2,2030,Low
1006068,Petroleum Product Suppliers,2028,2262777.7970486796,-0.027507527533926934,0.2,2030,Low
1006069,Power Plants,2024,1403121.4816119303,-0.11644604222876276,0.8,2035,Medium
1006069,Power Plants,2025,1239733.538312063,-0.11644604222876276,0.8,2035,Medium
1006069,Power Plants,2026,1095371.4743573633,-0.11644604222876276,0.8,2035,Medium
1006069,Power Plants,2027,967819.8013981635,-0.11644604222876276,0.8,2035,Medium
1006069,Power Plants,2028,855121.0159347202,-0.11644604222876276,0.8,2035,Medium
1006077,Minerals,2024,822712.3731036069,-0.022067231457071457,0.2,2030,High
1006077,Minerals,2025,804557.388743733,-0.022067231457071457,0.2,2030,High
1006077,Minerals,2026,786803.034625828,-0.022067231457071457,0.2,2030,High
1006077,Minerals,2027,769440.4699496137,-0.022067231457071457,0.2,2030,High
1006077,Minerals,2028,752461.0490067978,-0.022067231457071457,0.2,2030,High
1006082,Minerals,2024,24804.290653053915,-0.022067231457071457,0.2,2030,High
1006082,Minerals,2025,24256.928630084498,-0.022067231457071457,0.2,2030,High
1006082,Minerals,2026,23721.64537156676,-0.022067231457071457,0.2,2030,High
1006082,Minerals,2027,23198.17433260983,-0.022067231457071457,0.2,2030,High
1006082,Minerals,2028,22686.254850230634,-0.022067231457071457,0.2,2030,High
1006085,Power Plants,2024,3629635.926392325,-0.11644604222876276,0.8,2035,Medium
1006085,Power Plants,2025,3206979.18803261,-0.11644604222876276,0.8,2035,Medium
1006085,Power Plants,2026,2833539.1540762014,-0.11644604222876276,0.8,2035,Medium
1006085,Power Plants,2027,2503584.7340837913,-0.11644604222876276,0.8,2035,Medium
1006085,Power Plants,2028,2212052.200415384,-0.11644604222876276,0.8,2035,Medium
1006096,Waste,2024,26381.880431759422,-0.038541867469075175,0.325,2030,High
1006096,Waste,2025,25365.07349257356,-0.038541867469075175,0.325,2030,High
1006096,Waste,2026,24387.45619167944,-0.038541867469075175,0.325,2030,High
1006096,Waste,2027,23447.518087231856,-0.038541867469075175,0.325,2030,High
1006096,Waste,2028,22543.806952635023,-0.038541867469075175,0.325,2030,High
1006097,Power Plants,2024,949882.2614915124,-0.11644604222876276,0.8,2035,Medium
1006097,Power Plants,2025,839272.2315575191,-0.11644604222876276,0.8,2035,Medium
1006097,Power Plants,2026,741542.3018401442,-0.11644604222876276,0.8,2035,Medium
1006097,Power Plants,2027,655192.6356456528,-0.11644604222876276,0.8,2035,Medium
1006097,Power Plants,2028,578898.0463272848,-0.11644604222876276,0.8,2035,Medium
1006112,Minerals,2024,847677.3850513052,-0.022067231457071457,0.2,2030,High
1006112,Minerals,2025,828971.4919944529,-0.022067231457071457,0.2,2030,High
1006112,Minerals,2026,810678.3862092976,-0.022067231457071457,0.2,2030,High
1006112,Minerals,2027,792788.9586235718,-0.022067231457071457,0.2,2030,High
1006112,Minerals,2028,775294.3011770148,-0.022067231457071457,0.2,2030,High
1006115,Chemicals,2024,353431.2766771065,-0.045845005236247904,0.28,2030,Medium
1006115,Chemicals,2025,337228.21794719074,-0.045845005236247904,0.28,2030,Medium
1006115,Chemicals,2026,321767.98852959124,-0.045845005236247904,0.28,2030,Medium
1006115,Chemicals,2027,307016.5334105952,-0.045845005236247904,0.28,2030,Medium
1006115,Chemicals,2028,292941.3588287718,-0.045845005236247904,0.28,2030,Medium
1006119,Waste,2024,45690.89410320087,-0.038541867469075175,0.325,2030,High
1006119,Waste,2025,43929.88171813176,-0.038541867469075175,0.325,2030,High
1006119,Waste,2026,42236.74203901938,-0.038541867469075175,0.325,2030,High
1006119,Waste,2027,40608.85912502598,-0.038541867469075175,0.325,2030,High
1006119,Waste,2028,39043.717858558884,-0.038541867469075175,0.325,2030,High
1006123,Minerals,2024,40179.14623006998,-0.022067231457071457,0.2,2030,High
1006123,Minerals,2025,39292.503710463505,-0.022067231457071457,0.2,2030,High
1006123,Minerals,2026,38425.42693655687,-0.022067231457071457,0.2,2030,High
1006123,Minerals,2027,37577.48414651108,-0.022067231457071457,0.2,2030,High
1006123,Minerals,2028,36748.25310627559,-0.022067231457071457,0.2,2030,High
1006130,Petroleum and Natural Gas Systems,2024,59179.94197891532,-0.12944943670387588,0.75,2030,High
1006130,Petroleum and Natural Gas Systems,2025,51519.13182557667,-0.12944943670387588,0.75,2030,High
1006130,Petroleum and Natural Gas Systems,2026,44850.009231283046,-0.12944943670387588,0.75,2030,High
1006130,Petroleum and Natural Gas Systems,2027,39044.20080012982,-0.12944943670387588,0.75,2030,High
1006130,Petroleum and Natural Gas Systems,2028,33989.950999999994,-0.12944943670387588,0.75,2030,High
1006131,Petroleum and Natural Gas Systems,2024,268414.0032574486,-0.12944943670387588,0.75,2030,High
1006131,Petroleum and Natural Gas Systems,2025,233667.96173233955,-0.12944943670387588,0.75,2030,High
1006131,Petroleum and Natural Gas Systems,2026,203419.7757103454,-0.12944943670387588,0.75,2030,High
1006131,Petroleum and Natural Gas Systems,2027,177087.2003302124,-0.12944943670387588,0.75,2030,High
1006131,Petroleum and Natural Gas Systems,2028,154163.36199999996,-0.12944943670387588,0.75,2030,High
1006148,Petroleum and Natural Gas Systems,2024,94572.52160884344,-0.12944943670387588,0.75,2030,High
1006148,Petroleum and Natural Gas Systems,2025,82330.16195891352,-0.12944943670387588,0.75,2030,High
1006148,Petroleum and Natural Gas Systems,2026,71672.56886959329,-0.12944943670387588,0.75,2030,High
1006148,Petroleum and Natural Gas Systems,2027,62394.59520230469,-0.12944943670387588,0.75,2030,High
1006148,Petroleum and Natural Gas Systems,2028,54317.649999999994,-0.12944943670387588,0.75,2030,High
1006153,Waste,2024,52271.40199968229,-0.038541867469075175,0.325,2030,High
1006153,Waste,2025,50256.76455138778,-0.038541867469075175,0.325,2030,High
1006153,Waste,2026,48319.77499262368,-0.038541867469075175,0.325,2030,High
1006153,Waste,2027,46457.44062872245,-0.038541867469075175,0.325,2030,High
1006153,Waste,2028,44666.8841090578,-0.038541867469075175,0.325,2030,High
1006156,Petroleum and Natural Gas Systems,2024,25642.328007056323,-0.12944943670387588,0.75,2030,High
1006156,Petroleum and Natural Gas Systems,2025,22322.94309076686,-0.12944943670387588,0.75,2030,High
1006156,Petroleum and Natural Gas Systems,2026,19433.250682094415,-0.12944943670387588,0.75,2030,High
1006156,Petroleum and Natural Gas Systems,2027,16917.62732797208,-0.12944943670387588,0.75,2030,High
1006156,Petroleum and Natural Gas Systems,2028,14727.649999999998,-0.12944943670387588,0.75,2030,High
1006176,Waste,2024,112495.11651350856,-0.038541867469075175,0.325,2030,High
1006176,Waste,2025,108159.34464192674,-0.038541867469075175,0.325,2030,High
1006176,Waste,2026,103990.68151519558,-0.038541867469075175,0.325,2030,High
1006176,Waste,2027,99982.68645021811,-0.038541867469075175,0.325,2030,High
1006176,Waste,2028,96129.1669998517,-0.038541867469075175,0.325,2030,High
1006185,Minerals,2024,244961.8647996819,-0.022067231457071457,0.2,2030,High
1006185,Minerals,2025,239556.23463099147,-0.022067231457071457,0.2,2030,High
1006185,Minerals,2026,234269.89175440487,-0.022067231457071457,0.2,2030,High
1006185,Minerals,2027,229100.20382963735,-0.022067231457071457,0.2,2030,High
1006185,Minerals,2028,224044.5966048665,-0.022067231457071457,0.2,2030,High
1006189,Refineries,2024,477960.9835296597,-0.027507527533926934,0.2,2030,Low
1006189,Refineries,2025,464813.45861507475,-0.027507527533926934,0.2,2030,Low
1006189,Refineries,2026,452027.58960408083,-0.027507527533926934,0.2,2030,Low
1006189,Refineries,2027,439593.42823695194,-0.027507527533926934,0.2,2030,Low
1006189,Refineries,2028,427501.29990599066,-0.027507527533926934,0.2,2030,Low
1006202,Minerals,2024,63780.97466265458,-0.022067231457071457,0.2,2030,High
1006202,Minerals,2025,62373.50513221617,-0.022067231457071457,0.2,2030,High
1006202,Minerals,2026,60997.09455767472,-0.022067231457071457,0.2,2030,High
1006202,Minerals,2027,59651.05755386164,-0.022067231457071457,0.2,2030,High
1006202,Minerals,2028,58334.72386016149,-0.022067231457071457,0.2,2030,High
1006204,Waste,2024,4373.069249175948,-0.038541867469075175,0.325,2030,High
1006204,Waste,2025,4204.52299374112,-0.038541867469075175,0.325,2030,High
1006204,Waste,2026,4042.472825745671,-0.038541867469075175,0.325,2030,High
1006204,Waste,2027,3886.6683738484435,-0.038541867469075175,0.325,2030,High
1006204,Waste,2028,3736.8689164873313,-0.038541867469075175,0.325,2030,High
1006211,Minerals,2024,26916.030849983366,-0.022067231457071457,0.2,2030,High
1006211,Minerals,2025,26322.068567311107,-0.022067231457071457,0.2,2030,High
1006211,Minerals,2026,25741.213387807347,-0.022067231457071457,0.2,2030,High
1006211,Minerals,2027,25173.176073992738,-0.022067231457071457,0.2,2030,High
1006211,Minerals,2028,24617.673771058326,-0.022067231457071457,0.2,2030,High
1006221,Waste,2024,18707.331249187337,-0.038541867469075175,0.325,2030,High
1006221,Waste,2025,17986.315767481068,-0.038541867469075175,0.325,2030,High
1006221,Waste,2026,17293.089568913878,-0.038541867469075175,0.325,2030,High
1006221,Waste,2027,16626.581602617953,-0.038541867469075175,0.325,2030,High
1006221,Waste,2028,15985.762098026089,-0.038541867469075175,0.325,2030,High
1006223,Waste,2024,141200.9431661573,-0.038541867469075175,0.325,2030,High
1006223,Waste,2025,135758.79512813882,-0.038541867469075175,0.325,2030,High
1006223,Waste,2026,130526.39763854878,-0.038541867469075175,0.325,2030,High
1006223,Waste,2027,125495.66651954803,-0.038541867469075175,0.325,2030,High
1006223,Waste,2028,120658.82917260836,-0.038541867469075175,0.325,2030,High
1006228,Waste,2024,107354.97289120426,-0.038541867469075175,0.325,2030,High
1006228,Waste,2025,103217.31175388531,-0.038541867469075175,0.325,2030,High
1006228,Waste,2026,99239.12380375285,-0.038541867469075175,0.325,2030,High
1006228,Waste,2027,95414.26264636147,-0.038541867469075175,0.325,2030,High
1006228,Waste,2028,91736.81878078588,-0.038541867469075175,0.325,2030,High
1006229,Waste,2024,7653.014443319656,-0.038541867469075175,0.325,2030,High
1006229,Waste,2025,7358.052974906311,-0.038541867469075175,0.325,2030,High
1006229,Waste,2026,7074.459872317038,-0.038541867469075175,0.325,2030,High
1006229,Waste,2027,6801.796977502904,-0.038541867469075175,0.325,2030,High
1006229,Waste,2028,6539.643019844431,-0.038541867469075175,0.325,2030,High
1006231,Minerals,2024,45470.08326983531,-0.022067231457071457,0.2,2030,High
1006231,Minerals,2025,44466.68441794754,-0.022067231457071457,0.2,2030,High
1006231,Minerals,2026,43485.427800768135,-0.022067231457071457,0.2,2030,High
1006231,Minerals,2027,42525.82480047882,-0.022067231457071457,0.2,2030,High
1006231,Minerals,2028,41587.397581703786,-0.022067231457071457,0.2,2030,High
1006232,Petroleum and Natural Gas Systems,2024,57949.29513951625,-0.12944943670387588,0.75,2030,High
1006232,Petroleum and Natural Gas Systems,2025,50447.79152631922,-0.12944943670387588,0.75,2030,High
1006232,Petroleum and Natural Gas Systems,2026,43917.35333028263,-0.12944943670387588,0.75,2030,High
1006232,Petroleum and Natural Gas Systems,2027,38232.276680152456,-0.12944943670387588,0.75,2030,High
1006232,Petroleum and Natural Gas Systems,2028,33283.12999999999,-0.12944943670387588,0.75,2030,High
1006234,Minerals,2024,511012.14172966767,-0.022067231457071457,0.2,2030,High
1006234,Minerals,2025,499735.5185207453,-0.022067231457071457,0.2,2030,High
1006234,Minerals,2026,488707.73916622833,-0.022067231457071457,0.2,2030,High
1006234,Minerals,2027,477923.3123711851,-0.022067231457071457,0.2,2030,High
1006234,Minerals,2028,467376.86801835994,-0.022067231457071457,0.2,2030,High
1006243,Minerals,2024,60881.61132567173,-0.022067231457071457,0.2,2030,High
1006243,Minerals,2025,59538.12271706866,-0.022067231457071457,0.2,2030,High
1006243,Minerals,2026,58224.28118255159,-0.022067231457071457,0.2,2030,High
1006243,Minerals,2027,56939.43249327461,-0.022067231457071457,0.2,2030,High
1006243,Minerals,2028,55682.93685741123,-0.022067231457071457,0.2,2030,High
1006247,Minerals,2024,311233.84154556226,-0.022067231457071457,0.2,2030,High
1006247,Minerals,2025,304365.77232690284,-0.022067231457071457,0.2,2030,High
1006247,Minerals,2026,297649.26238135475,-0.022067231457071457,0.2,2030,High
1006247,Minerals,2027,291080.9672153588,-0.022067231457071457,0.2,2030,High
1006247,Minerals,2028,284657.6161390693,-0.022067231457071457,0.2,2030,High
1006251,Waste,2024,23529.712958690165,-0.038541867469075175,0.325,2030,High
1006251,Waste,2025,22622.83388025095,-0.038541867469075175,0.325,2030,High
1006251,Waste,2026,21750.907615063414,-0.038541867469075175,0.325,2030,High
1006251,Waste,2027,20912.587016431542,-0.038541867469075175,0.325,2030,High
1006251,Waste,2028,20106.576859208737,-0.038541867469075175,0.325,2030,High
1006253,Metals,2024,16065.585587178068,-0.029125207089559013,0.6,2050,Medium
1006253,Metals,2025,15597.67207993647,-0.029125207089559013,0.6,2050,Medium
1006253,Metals,2026,15143.386650493288,-0.029125207089559013,0.6,2050,Medium
1006253,Metals,2027,14702.33237826041,-0.029125207089559013,0.6,2050,Medium
1006253,Metals,2028,14274.123903044045,-0.029125207089559013,0.6,2050,Medium
1006265,Petroleum and Natural Gas Systems,2024,54378.30891658344,-0.12944943670387588,0.75,2030,High
1006265,Petroleum and Natural Gas Systems,2025,47339.06745842236,-0.12944943670387588,0.75,2030,High
1006265,Petroleum and Natural Gas Systems,2026,41211.051841842804,-0.12944943670387588,0.75,2030,High
1006265,Petroleum and Natural Gas Systems,2027,35876.304394942024,-0.12944943670387588,0.75,2030,High
1006265,Petroleum and Natural Gas Systems,2028,31232.136999999995,-0.12944943670387588,0.75,2030,High
1006267,Waste,2024,206715.2002750434,-0.038541867469075175,0.325,2030,High
1006267,Waste,2025,198748.01042219935,-0.038541867469075175,0.325,2030,High
1006267,Waste,2026,191087.89094476457,-0.038541867469075175,0.325,2030,High
1006267,Waste,2027,183723.00677702637,-0.038541867469075175,0.325,2030,High
1006267,Waste,2028,176641.97899880624,-0.038541867469075175,0.325,2030,High
1006269,Metals,2024,82571.39433935442,-0.029125207089559013,0.6,2050,Medium
1006269,Metals,2025,80166.48537954707,-0.029125207089559013,0.6,2050,Medium
1006269,Metals,2026,77831.61989122567,-0.029125207089559013,0.6,2050,Medium
1006269,Metals,2027,75564.75784377787,-0.029125207089559013,0.6,2050,Medium
1006269,Metals,2028,73363.91862290546,-0.029125207089559013,0.6,2050,Medium
1006279,Waste,2024,65962.99846308229,-0.038541867469075175,0.325,2030,High
1006279,Waste,2025,63420.661318455364,-0.038541867469075175,0.325,2030,High
1006279,Waste,2026,60976.31059511836,-0.038541867469075175,0.325,2030,High
1006279,Waste,2027,58626.16971340814,-0.038541867469075175,0.325,2030,High
1006279,Waste,2028,56366.607650094455,-0.038541867469075175,0.325,2030,High
1006282,Waste,2024,201575.56237971684,-0.038541867469075175,0.325,2030,High
1006282,Waste,2025,193806.46376947348,-0.038541867469075175,0.325,2030,High
1006282,Waste,2026,186336.80072822032,-0.038541867469075175,0.325,2030,High
1006282,Waste,2027,179155.0324499418,-0.038541867469075175,0.325,2030,High
1006282,Waste,2028,172250.06293283828,-0.038541867469075175,0.325,2030,High
1006285,Waste,2024,1388.3455433746553,-0.038541867469075175,0.325,2030,High
1006285,Waste,2025,1334.8361134406282,-0.038541867469075175,0.325,2030,High
1006285,Waste,2026,1283.3890368634643,-0.038541867469075175,0.325,2030,High
1006285,Waste,2027,1233.9248266934087,-0.038541867469075175,0.325,2030,High
1006285,Waste,2028,1186.3670595561898,-0.038541867469075175,0.325,2030,High
1006286,Waste,2024,59539.97740870945,-0.038541867469075175,0.325,2030,High
1006286,Waste,2025,57245.195490311235,-0.038541867469075175,0.325,2030,High
1006286,Waste,2026,55038.85875248237,-0.038541867469075175,0.325,2030,High
1006286,Waste,2027,52917.558352795044,-0.038541867469075175,0.325,2030,High
1006286,Waste,2028,50878.016831974564,-0.038541867469075175,0.325,2030,High
1006287,Chemicals,2024,230948.37319181277,-0.045845005236247904,0.28,2030,Medium
1006287,Chemicals,2025,220360.54381353117,-0.045845005236247904,0.28,2030,Medium
1006287,Chemicals,2026,210258.11352853742,-0.045845005236247904,0.28,2030,Medium
1006287,Chemicals,2027,200618.829212858,-0.045845005236247904,0.28,2030,Medium
1006287,Chemicals,2028,191421.45793710463,-0.045845005236247904,0.28,2030,Medium
1006306,Waste,2024,86930.91007347633,-0.038541867469075175,0.325,2030,High
1006306,Waste,2025,83580.43045845832,-0.038541867469075175,0.325,2030,High
1006306,Waste,2026,80359.08458472017,-0.038541867469075175,0.325,2030,High
1006306,Waste,2027,77261.89539671969,-0.038541867469075175,0.325,2030,High
1006306,Waste,2028,74284.07766392977,-0.038541867469075175,0.325,2030,High
1006307,Petroleum Product Suppliers,2024,172168.56579701608,-0.027507527533926934,0.2,2030,Low
1006307,Petroleum Product Suppliers,2025,167432.63423287796,-0.027507527533926934,0.2,2030,Low
1006307,Petroleum Product Suppliers,2026,162826.97643663915,-0.027507527533926934,0.2,2030,Low
1006307,Petroleum Product Suppliers,2027,158348.00889904224,-0.027507527533926934,0.2,2030,Low
1006307,Petroleum Product Suppliers,2028,153992.2466843093,-0.027507527533926934,0.2,2030,Low
1006319,Minerals,2024,387698.30301292596,-0.022067231457071457,0.2,2030,High
1006319,Minerals,2025,379142.87482482585,-0.022067231457071457,0.2,2030,High
1006319,Minerals,2026,370776.24125076697,-0.022067231457071457,0.2,2030,High
1006319,Minerals,2027,362594.2361163033,-0.022067231457071457,0.2,2030,High
1006319,Minerals,2028,354592.7851829249,-0.022067231457071457,0.2,2030,High
1006321,Petroleum and Natural Gas Systems,2024,69799.1771740693,-0.12944943670387588,0.75,2030,High
1006321,Petroleum and Natural Gas Systems,2025,60763.71300649199,-0.12944943670387588,0.75,2030,High
1006321,Petroleum and Natural Gas Systems,2026,52897.884585765634,-0.12944943670387588,0.75,2030,High
1006321,Petroleum and Natural Gas Systems,2027,46050.28322331163,-0.12944943670387588,0.75,2030,High
1006321,Petroleum and Natural Gas Systems,2028,40089.09999999999,-0.12944943670387588,0.75,2030,High
1006324,Minerals,2024,1784574.8154901112,-0.022067231457071457,0.2,2030,High
1006324,Minerals,2025,1745194.18998423,-0.022067231457071457,0.2,2030,High
1006324,Minerals,2026,1706682.585856312,-0.022067231457071457,0.2,2030,High
1006324,Minerals,2027,1669020.8262104674,-0.022067231457071457,0.2,2030,High
1006324,Minerals,2028,1632190.1573318085,-0.022067231457071457,0.2,2030,High
1006325,Metals,2024,143258.2533697245,-0.029125207089559013,0.6,2050,Medium
1006325,Metals,2025,139085.82707304275,-0.029125207089559013,0.6,2050,Medium
1006325,Metals,2026,135034.9235563178,-0.029125207089559013,0.6,2050,Medium
1006325,Metals,2027,131102.00344341728,-0.029125207089559013,0.6,2050,Medium
1006325,Metals,2028,127283.63044327166,-0.029125207089559013,0.6,2050,Medium
1006344,Waste,2024,100071.01415205661,-0.038541867469075175,0.325,2030,High
1006344,Waste,2025,96214.0903871121,-0.038541867469075175,0.325,2030,High
1006344,Waste,2026,92505.81966675441,-0.038541867469075175,0.325,2030,High
1006344,Waste,2027,88940.47262504019,-0.038541867469075175,0.325,2030,High
1006344,Waste,2028,85512.54071648899,-0.038541867469075175,0.325,2030,High
1006351,Waste,2024,73960.64757400766,-0.038541867469075175,0.325,2030,High
1006351,Waste,2025,71110.06609728327,-0.038541867469075175,0.325,2030,High
1006351,Waste,2026,68369.35135404461,-0.038541867469075175,0.325,2030,High
1006351,Waste,2027,65734.26887521039,-0.038541867469075175,0.325,2030,High
1006351,Waste,2028,63200.74739604548,-0.038541867469075175,0.325,2030,High
1006354,Minerals,2024,298128.7072925027,-0.022067231457071457,0.2,2030,High
1006354,Minerals,2025,291549.8321046815,-0.022067231457071457,0.2,2030,High
1006354,Minerals,2026,285116.1344783572,-0.022067231457071457,0.2,2030,High
1006354,Minerals,2027,278824.4107466778,-0.022067231457071457,0.2,2030,High
1006354,Minerals,2028,272671.5279388493,-0.022067231457071457,0.2,2030,High
1006361,Chemicals,2024,35034.10205459852,-0.045845005236247904,0.28,2030,Medium
1006361,Chemicals,2025,33427.96346245821,-0.045845005236247904,0.28,2030,Medium
1006361,Chemicals,2026,31895.458302484712,-0.045845005236247904,0.28,2030,Medium
1006361,Chemicals,2027,30433.210849594772,-0.045845005236247904,0.28,2030,Medium
1006361,Chemicals,2028,29038.000138839267,-0.045845005236247904,0.28,2030,Medium
1006368,Petroleum and Natural Gas Systems,2024,87334.48042611583,-0.12944943670387588,0.75,2030,High
1006368,Petroleum and Natural Gas Systems,2025,76029.08113012946,-0.12944943670387588,0.75,2030,High
1006368,Petroleum and Natural Gas Systems,2026,66187.15940472092,-0.12944943670387588,0.75,2030,High
1006368,Petroleum and Natural Gas Systems,2027,57619.268902750155,-0.12944943670387588,0.75,2030,High
1006368,Petroleum and Natural Gas Systems,2028,50160.486999999994,-0.12944943670387588,0.75,2030,High
1006369,Waste,2024,67361.08742317202,-0.038541867469075175,0.325,2030,High
1006369,Waste,2025,64764.86531913534,-0.038541867469075175,0.325,2030,High
1006369,Waste,2026,62268.706463352726,-0.038541867469075175,0.325,2030,High
1006369,Waste,2027,59868.75423137144,-0.038541867469075175,0.325,2030,High
1006369,Waste,2028,57561.30064024729,-0.038541867469075175,0.325,2030,High
1006386,Petroleum and Natural Gas Systems,2024,2367582.75675168,-0.12944943670387588,0.75,2030,High
1006386,Petroleum and Natural Gas Systems,2025,2061100.5025403653,-0.12944943670387588,0.75,2030,High
1006386,Petroleum and Natural Gas Systems,2026,1794292.2034964396,-0.12944943670387588,0.75,2030,High
1006386,Petroleum and Natural Gas Systems,2027,1562022.0884716692,-0.12944943670387588,0.75,2030,High
1006386,Petroleum and Natural Gas Systems,2028,1359819.2089999998,-0.12944943670387588,0.75,2030,High
1006388,Petroleum Product Suppliers,2024,903200.7169507676,-0.027507527533926934,0.2,2030,Low
1006388,Petroleum Product Suppliers,2025,878355.8983605817,-0.027507527533926934,0.2,2030,Low
1006388,Petroleum Product Suppliers,2026,854194.4993018409,-0.027507527533926934,0.2,2030,Low
1006388,Petroleum Product Suppliers,2027,830697.7205929665,-0.027507527533926934,0.2,2030,Low
1006388,Petroleum Product Suppliers,2028,807847.2801713852,-0.027507527533926934,0.2,2030,Low
1006391,Metals,2024,24506.048706310197,-0.029125207089559013,0.6,2050,Medium
1006391,Metals,2025,23792.304962792092,-0.029125207089559013,0.6,2050,Medium
1006391,Metals,2026,23099.349153612828,-0.029125207089559013,0.6,2050,Medium
1006391,Metals,2027,22426.575825879827,-0.029125207089559013,0.6,2050,Medium
1006391,Metals,2028,21773.397160641376,-0.029125207089559013,0.6,2050,Medium
1006397,Minerals,2024,196148.25482045033,-0.022067231457071457,0.2,2030,High
1006397,Minerals,2025,191819.8058814268,-0.022067231457071457,0.2,2030,High
1006397,Minerals,2026,187586.87382699084,-0.022067231457071457,0.2,2030,High
1006397,Minerals,2027,183447.35086394218,-0.022067231457071457,0.2,2030,High
1006397,Minerals,2028,179399.17571224098,-0.022067231457071457,0.2,2030,High
1006402,Chemicals,2024,2227981.7530166674,-0.045845005236247904,0.28,2030,Medium
1006402,Chemicals,2025,2125839.917883354,-0.045845005236247904,0.28,2030,Medium
1006402,Chemicals,2026,2028380.7757165667,-0.045845005236247904,0.28,2030,Medium
1006402,Chemicals,2027,1935389.6484327358,-0.045845005236247904,0.28,2030,Medium
1006402,Chemicals,2028,1846661.6998661573,-0.045845005236247904,0.28,2030,Medium
1006412,Minerals,2024,276622.00397911004,-0.022067231457071457,0.2,2030,High
1006412,Minerals,2025,270517.72219118406,-0.022067231457071457,0.2,2030,High
1006412,Minerals,2026,264548.14500235143,-0.022067231457071457,0.2,2030,High
1006412,Minerals,2027,258710.29985504565,-0.022067231457071457,0.2,2030,High
1006412,Minerals,2028,253001.27978781602,-0.022067231457071457,0.2,2030,High
1006417,Waste,2024,92401.84721211043,-0.038541867469075175,0.325,2030,High
1006417,Waste,2025,88840.50746296353,-0.038541867469075175,0.325,2030,High
1006417,Waste,2026,85416.42839844062,-0.038541867469075175,0.325,2030,High
1006417,Waste,2027,82124.31973542616,-0.038541867469075175,0.325,2030,High
1006417,Waste,2028,78959.09508819542,-0.038541867469075175,0.325,2030,High
1006430,Chemicals,2024,589436.1179312702,-0.045845005236247904,0.28,2030,Medium
1006430,Chemicals,2025,562413.4160182774,-0.045845005236247904,0.28,2030,Medium
1006430,Chemicals,2026,536629.5700159834,-0.045845005236247904,0.28,2030,Medium
1006430,Chemicals,2027,512027.78456867515,-0.045845005236247904,0.28,2030,Medium
1006430,Chemicals,2028,488553.8681040199,-0.045845005236247904,0.28,2030,Medium
1006431,Petroleum and Natural Gas Systems,2024,48853.90124907496,-0.12944943670387588,0.75,2030,High
1006431,Petroleum and Natural Gas Systems,2025,42529.79125159542,-0.12944943670387588,0.75,2030,High
1006431,Petroleum and Natural Gas Systems,2026,37024.33373094297,-0.12944943670387588,0.75,2030,High
1006431,Petroleum and Natural Gas Systems,2027,32231.55458513609,-0.12944943670387588,0.75,2030,High
1006431,Petroleum and Natural Gas Systems,2028,28059.197999999997,-0.12944943670387588,0.75,2030,High
1006434,Petroleum and Natural Gas Systems,2024,37804.74117603493,-0.12944943670387588,0.75,2030,High
1006434,Petroleum and Natural Gas Systems,2025,32910.93872606139,-0.12944943670387588,0.75,2030,High
1006434,Petroleum and Natural Gas Systems,2026,28650.636246576963,-0.12944943670387588,0.75,2030,High
1006434,Petroleum and Natural Gas Systems,2027,24941.827523249925,-0.12944943670387588,0.75,2030,High
1006434,Petroleum and Natural Gas Systems,2028,21713.121999999996,-0.12944943670387588,0.75,2030,High
1006435,Chemicals,2024,341263.6479202004,-0.045845005236247904,0.28,2030,Medium
1006435,Chemicals,2025,325618.41419435776,-0.045845005236247904,0.28,2030,Medium
1006435,Chemicals,2026,310690.4362905987,-0.045845005236247904,0.28,2030,Medium
1006435,Chemicals,2027,296446.831612004,-0.045845005236247904,0.28,2030,Medium
1006435,Chemicals,2028,282856.22506448266,-0.045845005236247904,0.28,2030,Medium
1006440,Petroleum and Natural Gas Systems,2024,59254.243469492634,-0.12944943670387588,0.75,2030,High
1006440,Petroleum and Natural Gas Systems,2025,51583.815030052494,-0.12944943670387588,0.75,2030,High
1006440,Petroleum and Natural Gas Systems,2026,44906.31923137527,-0.12944943670387588,0.75,2030,High
1006440,Petroleum and Natural Gas Systems,2027,39093.22150242932,-0.12944943670387588,0.75,2030,High
1006440,Petroleum and Natural Gas Systems,2028,34032.62599999999,-0.12944943670387588,0.75,2030,High
1006444,Petroleum Product Suppliers,2024,428159.9688271579,-0.027507527533926934,0.2,2030,Low
1006444,Petroleum Product Suppliers,2025,416382.3466957196,-0.027507527533926934,0.2,2030,Low
1006444,Petroleum Product Suppliers,2026,404928.697829346,-0.027507527533926934,0.2,2030,Low
1006444,Petroleum Product Suppliers,2027,393790.1105245281,-0.027507527533926934,0.2,2030,Low
1006444,Petroleum Product Suppliers,2028,382957.91821668646,-0.027507527533926934,0.2,2030,Low
1006459,Waste,2024,75552.10114787947,-0.038541867469075175,0.325,2030,High
1006459,Waste,2025,72640.18207842774,-0.038541867469075175,0.325,2030,High
1006459,Waste,2026,69840.49380783149,-0.038541867469075175,0.325,2030,High
1006459,Waste,2027,67148.71075151529,-0.038541867469075175,0.325,2030,High
1006459,Waste,2028,64560.674041011116,-0.038541867469075175,0.325,2030,High
1006468,Chemicals,2024,2079439.8270538815,-0.045845005236247904,0.28,2030,Medium
1006468,Chemicals,2025,1984107.8972941337,-0.045845005236247904,0.28,2030,Medium
1006468,Chemicals,2026,1893146.4603534036,-0.045845005236247904,0.28,2030,Medium
1006468,Chemicals,2027,1806355.1509655174,-0.045845005236247904,0.28,2030,Medium
1006468,Chemicals,2028,1723542.78961098,-0.045845005236247904,0.28,2030,Medium
1006473,Metals,2024,285317.85889487306,-0.029125207089559013,0.6,2050,Medium
1006473,Metals,2025,277007.91716821026,-0.029125207089559013,0.6,2050,Medium
1006473,Metals,2026,268940.0042152388,-0.029125207089559013,0.6,2050,Medium
1006473,Metals,2027,261107.07089780306,-0.029125207089559013,0.6,2050,Medium
1006473,Metals,2028,253502.27338535638,-0.029125207089559013,0.6,2050,Medium
1006493,Power Plants,2024,21301.301959561115,-0.11644604222876276,0.8,2035,Medium
1006493,Power Plants,2025,18820.849652050434,-0.11644604222876276,0.8,2035,Medium
1006493,Power Plants,2026,16629.236198686576,-0.11644604222876276,0.8,2035,Medium
1006493,Power Plants,2027,14692.827458062247,-0.11644604222876276,0.8,2035,Medium
1006493,Power Plants,2028,12981.905851420806,-0.11644604222876276,0.8,2035,Medium
1006499,Chemicals,2024,87236.2863053314,-0.045845005236247904,0.28,2030,Medium
1006499,Chemicals,2025,83236.93830287266,-0.045845005236247904,0.28,2030,Medium
1006499,Chemicals,2026,79420.94043052822,-0.045845005236247904,0.28,2030,Medium
1006499,Chemicals,2027,75779.88700062293,-0.045845005236247904,0.28,2030,Medium
1006499,Chemicals,2028,72305.7576842771,-0.045845005236247904,0.28,2030,Medium
1006505,Petroleum and Natural Gas Systems,2024,86605.00432270297,-0.12944943670387588,0.75,2030,High
1006505,Petroleum and Natural Gas Systems,2025,75394.03529739233,-0.12944943670387588,0.75,2030,High
1006505,Petroleum and Natural Gas Systems,2026,65634.31989731276,-0.12944943670387588,0.75,2030,High
1006505,Petroleum and Natural Gas Systems,2027,57137.99415816362,-0.12944943670387588,0.75,2030,High
1006505,Petroleum and Natural Gas Systems,2028,49741.51299999999,-0.12944943670387588,0.75,2030,High
1006510,Power Plants,2024,6374053.000153921,-0.11644604222876276,0.8,2035,Medium
1006510,Power Plants,2025,5631819.755329625,-0.11644604222876276,0.8,2035,Medium
1006510,Power Plants,2026,4976016.634275732,-0.11644604222876276,0.8,2035,Medium
1006510,Power Plants,2027,4396579.191149834,-0.11644604222876276,0.8,2035,Medium
1006510,Power Plants,2028,3884614.9449951,-0.11644604222876276,0.8,2035,Medium
1006512,Power Plants,2024,8550922.544879096,-0.11644604222876276,0.8,2035,Medium
1006512,Power Plants,2025,7555201.457123225,-0.11644604222876276,0.8,2035,Medium
1006512,Power Plants,2026,6675428.149200244,-0.11644604222876276,0.8,2035,Medium
1006512,Power Plants,2027,5898100.9610434,-0.11644604222876276,0.8,2035,Medium
1006512,Power Plants,2028,5211290.447464234,-0.11644604222876276,0.8,2035,Medium
1006529,Waste,2024,45184.92676095648,-0.038541867469075175,0.325,2030,High
1006529,Waste,2025,43443.41530213582,-0.038541867469075175,0.325,2030,High
1006529,Waste,2026,41769.02494715691,-0.038541867469075175,0.325,2030,High
1006529,Waste,2027,40159.168723331095,-0.038541867469075175,0.325,2030,High
1006529,Waste,2028,38611.35936472824,-0.038541867469075175,0.325,2030,High
1006532,Waste,2024,33606.326835419684,-0.038541867469075175,0.325,2030,High
1006532,Waste,2025,32311.07624040651,-0.038541867469075175,0.325,2030,High
1006532,Waste,2026,31065.74702216558,-0.038541867469075175,0.325,2030,High
1006532,Waste,2027,29868.415117609457,-0.038541867469075175,0.325,2030,High
1006532,Waste,2028,28717.230620635233,-0.038541867469075175,0.325,2030,High
1006535,Metals,2024,36659.85159737943,-0.029125207089559013,0.6,2050,Medium
1006535,Metals,2025,35592.12582773325,-0.029125207089559013,0.6,2050,Medium
1006535,Metals,2026,34555.49779224288,-0.029125207089559013,0.6,2050,Medium
1006535,Metals,2027,33549.061762961006,-0.029125207089559013,0.6,2050,Medium
1006535,Metals,2028,32571.93839145436,-0.029125207089559013,0.6,2050,Medium
1006542,Power Plants,2024,6179967.204841282,-0.11644604222876276,0.8,2035,Medium
1006542,Power Plants,2025,5460334.482733965,-0.11644604222876276,0.8,2035,Medium
1006542,Power Plants,2026,4824500.142974357,-0.11644604222876276,0.8,2035,Medium
1006542,Power Plants,2027,4262706.195592892,-0.11644604222876276,0.8,2035,Medium
1006542,Power Plants,2028,3766330.929932074,-0.11644604222876276,0.8,2035,Medium
1006544,Waste,2024,36503.44055326849,-0.038541867469075175,0.325,2030,High
1006544,Waste,2025,35096.52978529915,-0.038541867469075175,0.325,2030,High
1006544,Waste,2026,33743.8439856897,-0.038541867469075175,0.325,2030,High
1006544,Waste,2027,32443.293222896104,-0.038541867469075175,0.325,2030,High
1006544,Waste,2028,31192.868115238896,-0.038541867469075175,0.325,2030,High
1006551,Minerals,2024,66155.9900078001,-0.022067231457071457,0.2,2030,High
1006551,Minerals,2025,64696.11046402626,-0.022067231457071457,0.2,2030,High
1006551,Minerals,2026,63268.44642004433,-0.022067231457071457,0.2,2030,High
1006551,Minerals,2027,61872.28696896389,-0.022067231457071457,0.2,2030,High
1006551,Minerals,2028,60506.93689164142,-0.022067231457071457,0.2,2030,High
1006565,Chemicals,2024,297374.66310149606,-0.045845005236247904,0.28,2030,Medium
1006565,Chemicals,2025,283741.5201144805,-0.045845005236247904,0.28,2030,Medium
1006565,Chemicals,2026,270733.3886390912,-0.045845005236247904,0.28,2030,Medium
1006565,Chemicals,2027,258321.61501930494,-0.045845005236247904,0.28,2030,Medium
1006565,Chemicals,2028,246478.8592261089,-0.045845005236247904,0.28,2030,Medium
1006572,Minerals,2024,54416.61905649773,-0.022067231457071457,0.2,2030,High
1006572,Minerals,2025,53215.794928666706,-0.022067231457071457,0.2,2030,High
1006572,Minerals,2026,52041.46966480377,-0.022067231457071457,0.2,2030,High
1006572,Minerals,2027,50893.05850834438,-0.022067231457071457,0.2,2030,High
1006572,Minerals,2028,49769.98960668247,-0.022067231457071457,0.2,2030,High
1006577,Power Plants,2024,342343.7708993982,-0.11644604222876276,0.8,2035,Medium
1006577,Power Plants,2025,302479.19369649293,-0.11644604222876276,0.8,2035,Medium
1006577,Power Plants,2026,267256.688733989,-0.11644604222876276,0.8,2035,Medium
1006577,Power Plants,2027,236135.70507175164,-0.11644604222876276,0.8,2035,Medium
1006577,Power Plants,2028,208638.6367872478,-0.11644604222876276,0.8,2035,Medium
1006578,Petroleum and Natural Gas Systems,2024,245525.09609951338,-0.12944943670387588,0.75,2030,High
1006578,Petroleum and Natural Gas Systems,2025,213742.01071276638,-0.12944943670387588,0.75,2030,High
1006578,Petroleum and Natural Gas Systems,2026,186073.22782604498,-0.12944943670387588,0.75,2030,High
1006578,Petroleum and Natural Gas Systems,2027,161986.1532982915,-0.12944943670387588,0.75,2030,High
1006578,Petroleum and Natural Gas Systems,2028,141017.13699999996,-0.12944943670387588,0.75,2030,High
1006589,Power Plants,2024,6353035.667135064,-0.11644604222876276,0.8,2035,Medium
1006589,Power Plants,2025,5613249.807559018,-0.11644604222876276,0.8,2035,Medium
1006589,Power Plants,2026,4959609.083427406,-0.11644604222876276,0.8,2035,Medium
1006589,Power Plants,2027,4382082.2346604625,-0.11644604222876276,0.8,2035,Medium
1006589,Power Plants,2028,3871806.1017132793,-0.11644604222876276,0.8,2035,Medium
1006621,Chemicals,2024,467479.6274815176,-0.045845005236247904,0.28,2030,Medium
1006621,Chemicals,2025,446048.0215117882,-0.045845005236247904,0.28,2030,Medium
1006621,Chemicals,2026,425598.9476299623,-0.045845005236247904,0.28,2030,Medium
1006621,Chemicals,2027,406087.36164732504,-0.045845005236247904,0.28,2030,Medium
1006621,Chemicals,2028,387470.28442622937,-0.045845005236247904,0.28,2030,Medium
1006627,Chemicals,2024,5838384.985736669,-0.045845005236247904,0.28,2030,Medium
1006627,Chemicals,2025,5570724.195494341,-0.045845005236247904,0.28,2030,Medium
1006627,Chemicals,2026,5315334.31558221,-0.045845005236247904,0.28,2030,Medium
1006627,Chemicals,2027,5071652.7860519355,-0.045845005236247904,0.28,2030,Medium
1006627,Chemicals,2028,4839142.837518953,-0.045845005236247904,0.28,2030,Medium
1006630,Power Plants,2024,2787006.9368326473,-0.11644604222876276,0.8,2035,Medium
1006630,Power Plants,2025,2462471.009374378,-0.11644604222876276,0.8,2035,Medium
1006630,Power Plants,2026,2175726.006229665,-0.11644604222876276,0.8,2035,Medium
1006630,Power Plants,2027,1922371.323830028,-0.11644604222876276,0.8,2035,Medium
1006630,Power Plants,2028,1698518.791475954,-0.11644604222876276,0.8,2035,Medium
1006634,Waste,2024,140717.0893609611,-0.038541867469075175,0.325,2030,High
1006634,Waste,2025,135293.58995217693,-0.038541867469075175,0.325,2030,High
1006634,Waste,2026,130079.12233882472,-0.038541867469075175,0.325,2030,High
1006634,Waste,2027,125065.63004514812,-0.038541867469075175,0.325,2030,High
1006634,Waste,2028,120245.36710701164,-0.038541867469075175,0.325,2030,High
1006647,Waste,2024,165187.69486272737,-0.038541867469075175,0.325,2030,High
1006647,Waste,2025,158821.05261980608,-0.038541867469075175,0.325,2030,High
1006647,Waste,2026,152699.7926584345,-0.038541867469075175,0.325,2030,High
1006647,Waste,2027,146814.45748723787,-0.038541867469075175,0.325,2030,High
1006647,Waste,2028,141155.9541242206,-0.038541867469075175,0.325,2030,High
1006652,Power Plants,2024,111080.64743189228,-0.11644604222876276,0.8,2035,Medium
1006652,Power Plants,2025,98145.74567023985,-0.11644604222876276,0.8,2035,Medium
1006652,Power Plants,2026,86717.06202534969,-0.11644604222876276,0.8,2035,Medium
1006652,Power Plants,2027,76619.20335879158,-0.11644604222876276,0.8,2035,Medium
1006652,Power Plants,2028,67697.20036893958,-0.11644604222876276,0.8,2035,Medium
1006654,Power Plants,2024,969860.0155263034,-0.11644604222876276,0.8,2035,Medium
1006654,Power Plants,2025,856923.655202339,-0.11644604222876276,0.8,2035,Medium
1006654,Power Plants,2026,757138.2870618218,-0.11644604222876276,0.8,2035,Medium
1006654,Power Plants,2027,668972.5301136076,-0.11644604222876276,0.8,2035,Medium
1006654,Power Plants,2028,591073.3266221163,-0.11644604222876276,0.8,2035,Medium
1006663,Power Plants,2024,70676.17732264,-0.11644604222876276,0.8,2035,Medium
1006663,Power Plants,2025,62446.21619356033,-0.11644604222876276,0.8,2035,Medium
1006663,Power Plants,2026,55174.601465658554,-0.11644604222876276,0.8,2035,Medium
1006663,Power Plants,2027,48749.73749343332,-0.11644604222876276,0.8,2035,Medium
1006663,Power Plants,2028,43073.023502631884,-0.11644604222876276,0.8,2035,Medium
1006664,Chemicals,2024,31172.125363712432,-0.045845005236247904,0.28,2030,Medium
1006664,Chemicals,2025,29743.039113188057,-0.045845005236247904,0.28,2030,Medium
1006664,Chemicals,2026,28379.46932930203,-0.045845005236247904,0.28,2030,Medium
1006664,Chemicals,2027,27078.41240929824,-0.045845005236247904,0.28,2030,Medium
1006664,Chemicals,2028,25837.00245060468,-0.045845005236247904,0.28,2030,Medium
1006671,Chemicals,2024,875934.3510726644,-0.045845005236247904,0.28,2030,Medium
1006671,Chemicals,2025,835777.1361611286,-0.045845005236247904,0.28,2030,Medium
1006671,Chemicals,2026,797460.9289774854,-0.045845005236247904,0.28,2030,Medium
1006671,Chemicals,2027,760901.3285128095,-0.045845005236247904,0.28,2030,Medium
1006671,Chemicals,2028,726017.8031228718,-0.045845005236247904,0.28,2030,Medium
1006673,Chemicals,2024,21117.469026090756,-0.045845005236247904,0.28,2030,Medium
1006673,Chemicals,2025,20149.338548013322,-0.045845005236247904,0.28,2030,Medium
1006673,Chemicals,2026,19225.59201677272,-0.045845005236247904,0.28,2030,Medium
1006673,Chemicals,2027,18344.194650093807,-0.045845005236247904,0.28,2030,Medium
1006673,Chemicals,2028,17503.20495030551,-0.045845005236247904,0.28,2030,Medium
1006682,Petroleum and Natural Gas Systems,2024,283321.60883162403,-0.12944943670387588,0.75,2030,High
1006682,Petroleum and Natural Gas Systems,2025,246645.78616233447,-0.12944943670387588,0.75,2030,High
1006682,Petroleum and Natural Gas Systems,2026,214717.62807823563,-0.12944943670387588,0.75,2030,High
1006682,Petroleum and Natural Gas Systems,2027,186922.55207311572,-0.12944943670387588,0.75,2030,High
1006682,Petroleum and Natural Gas Systems,2028,162725.53299999997,-0.12944943670387588,0.75,2030,High
1006693,Waste,2024,29091.319445054458,-0.038541867469075175,0.325,2030,High
1006693,Waste,2025,27970.085666502637,-0.038541867469075175,0.325,2030,High
1006693,Waste,2026,26892.066331645616,-0.038541867469075175,0.325,2030,High
1006693,Waste,2027,25855.59587512175,-0.038541867469075175,0.325,2030,High
1006693,Waste,2028,24859.072925568842,-0.038541867469075175,0.325,2030,High
1006695,Power Plants,2024,2911193.368393887,-0.11644604222876276,0.8,2035,Medium
1006695,Power Plants,2025,2572196.422481798,-0.11644604222876276,0.8,2035,Medium
1006695,Power Plants,2026,2272674.32924881,-0.11644604222876276,0.8,2035,Medium
1006695,Power Plants,2027,2008030.3983328782,-0.11644604222876276,0.8,2035,Medium
1006695,Power Plants,2028,1774203.2057719685,-0.11644604222876276,0.8,2035,Medium
1006704,Minerals,2024,31228.307539225967,-0.022067231457071457,0.2,2030,High
1006704,Minerals,2025,30539.185248745256,-0.022067231457071457,0.2,2030,High
1006704,Minerals,2026,29865.26997935081,-0.022067231457071457,0.2,2030,High
1006704,Minerals,2027,29206.22615418855,-0.022067231457071457,0.2,2030,High
1006704,Minerals,2028,28561.7256016565,-0.022067231457071457,0.2,2030,High
1006708,Metals,2024,73424.34407993875,-0.029125207089559013,0.6,2050,Medium
1006708,Metals,2025,71285.8448531955,-0.029125207089559013,0.6,2050,Medium
1006708,Metals,2026,69209.629859292,-0.029125207089559013,0.6,2050,Medium
1006708,Metals,2027,67193.88505704839,-0.029125207089559013,0.6,2050,Medium
1006708,Metals,2028,65236.84923960984,-0.029125207089559013,0.6,2050,Medium
1006715,Power Plants,2024,420646.89112844045,-0.11644604222876276,0.8,2035,Medium
1006715,Power Plants,2025,371664.2254807003,-0.11644604222876276,0.8,2035,Medium
1006715,Power Plants,2026,328385.3973854543,-0.11644604222876276,0.8,2035,Medium
1006715,Power Plants,2027,290146.2175341986,-0.11644604222876276,0.8,2035,Medium
1006715,Power Plants,2028,256359.83883469555,-0.11644604222876276,0.8,2035,Medium
1006721,Power Plants,2024,1888919.4141468944,-0.11644604222876276,0.8,2035,Medium
1006721,Power Plants,2025,1668962.2242804153,-0.11644604222876276,0.8,2035,Medium
1006721,Power Plants,2026,1474618.1786336482,-0.11644604222876276,0.8,2035,Medium
1006721,Power Plants,2027,1302904.727933173,-0.11644604222876276,0.8,2035,Medium
1006721,Power Plants,2028,1151186.6289642123,-0.11644604222876276,0.8,2035,Medium
1006730,Petroleum and Natural Gas Systems,2024,20689.356693699927,-0.12944943670387588,0.75,2030,High
1006730,Petroleum and Natural Gas Systems,2025,18011.13112393491,-0.12944943670387588,0.75,2030,High
1006730,Petroleum and Natural Gas Systems,2026,15679.600345541887,-0.12944943670387588,0.75,2030,High
1006730,Petroleum and Natural Gas Systems,2027,13649.884913069593,-0.12944943670387588,0.75,2030,High
1006730,Petroleum and Natural Gas Systems,2028,11882.914999999999,-0.12944943670387588,0.75,2030,High
1006733,Power Plants,2024,53780.169370051335,-0.11644604222876276,0.8,2035,Medium
1006733,Power Plants,2025,47517.68149651632,-0.11644604222876276,0.8,2035,Medium
1006733,Power Plants,2026,41984.43555036008,-0.11644604222876276,0.8,2035,Medium
1006733,Power Plants,2027,37095.514195312084,-0.11644604222876276,0.8,2035,Medium
1006733,Power Plants,2028,32775.8883828271,-0.11644604222876276,0.8,2035,Medium
1006738,Minerals,2024,744755.1989700703,-0.022067231457071457,0.2,2030,High
1006738,Minerals,2025,728320.5136155405,-0.022067231457071457,0.2,2030,High
1006738,Minerals,2026,712248.4962666532,-0.022067231457071457,0.2,2030,High
1006738,Minerals,2027,696531.1438445859,-0.022067231457071457,0.2,2030,High
1006738,Minerals,2028,681160.6298763087,-0.022067231457071457,0.2,2030,High
1006748,Waste,2024,62295.516416543076,-0.038541867469075175,0.325,2030,High
1006748,Waste,2025,59894.53087889907,-0.038541867469075175,0.325,2030,High
1006748,Waste,2026,57586.08380764212,-0.038541867469075175,0.325,2030,High
1006748,Waste,2027,55366.608597464925,-0.038541867469075175,0.325,2030,High
1006748,Waste,2028,53232.67610668927,-0.038541867469075175,0.325,2030,High
1006749,Waste,2024,73550.87411792298,-0.038541867469075175,0.325,2030,High
1006749,Waste,2025,70716.08607543536,-0.038541867469075175,0.325,2030,High
1006749,Waste,2026,67990.55605798423,-0.038541867469075175,0.325,2030,High
1006749,Waste,2027,65370.073057248665,-0.038541867469075175,0.325,2030,High
1006749,Waste,2028,62850.58836503243,-0.038541867469075175,0.325,2030,High
1006757,Petroleum and Natural Gas Systems,2024,106014.55940999788,-0.12944943670387588,0.75,2030,High
1006757,Petroleum and Natural Gas Systems,2025,92291.03441196406,-0.12944943670387588,0.75,2030,High
1006757,Petroleum and Natural Gas Systems,2026,80344.01199451729,-0.12944943670387588,0.75,2030,High
1006757,Petroleum and Natural Gas Systems,2027,69943.52489929758,-0.12944943670387588,0.75,2030,High
1006757,Petroleum and Natural Gas Systems,2028,60889.37499999999,-0.12944943670387588,0.75,2030,High
1006772,Waste,2024,172464.3561346491,-0.038541867469075175,0.325,2030,High
1006772,Waste,2025,165817.25777736807,-0.038541867469075175,0.325,2030,High
1006772,Waste,2026,159426.35100402727,-0.038541867469075175,0.325,2030,High
1006772,Waste,2027,153281.76171255182,-0.038541867469075175,0.325,2030,High
1006772,Waste,2028,147373.99636720028,-0.038541867469075175,0.325,2030,High
1006774,Power Plants,2024,90850.8136858412,-0.11644604222876276,0.8,2035,Medium
1006774,Power Plants,2025,80271.59599886228,-0.11644604222876276,0.8,2035,Medium
1006774,Power Plants,2026,70924.28634140857,-0.11644604222876276,0.8,2035,Medium
1006774,Power Plants,2027,62665.43389905205,-0.11644604222876276,0.8,2035,Medium
1006774,Power Plants,2028,55368.292136959295,-0.11644604222876276,0.8,2035,Medium
1006775,Power Plants,2024,86329.13088311945,-0.11644604222876276,0.8,2035,Medium
1006775,Power Plants,2025,76276.44526273133,-0.11644604222876276,0.8,2035,Medium
1006775,Power Plants,2026,67394.35509660741,-0.11644604222876276,0.8,2035,Medium
1006775,Power Plants,2027,59546.54917704763,-0.11644604222876276,0.8,2035,Medium
1006775,Power Plants,2028,52612.58919700004,-0.11644604222876276,0.8,2035,Medium
1006785,Minerals,2024,180488.0638878254,-0.022067231457071457,0.2,2030,High
1006785,Minerals,2025,176505.19200677404,-0.022067231457071457,0.2,2030,High
1006785,Minerals,2026,172610.21108138573,-0.022067231457071457,0.2,2030,High
1006785,Minerals,2027,168801.18160159883,-0.022067231457071457,0.2,2030,High
1006785,Minerals,2028,165076.20685696922,-0.022067231457071457,0.2,2030,High
1006797,Chemicals,2024,78081.2626377627,-0.045845005236247904,0.28,2030,Medium
1006797,Chemicals,2025,74501.62674328161,-0.045845005236247904,0.28,2030,Medium
1006797,Chemicals,2026,71086.0992751269,-0.045845005236247904,0.28,2030,Medium
1006797,Chemicals,2027,67827.15668163425,-0.045845005236247904,0.28,2030,Medium
1006797,Chemicals,2028,64717.620328404926,-0.045845005236247904,0.28,2030,Medium
1006798,Petroleum and Natural Gas Systems,2024,480202.5245360639,-0.12944943670387588,0.75,2030,High
1006798,Petroleum and Natural Gas Systems,2025,418040.5782310913,-0.12944943670387588,0.75,2030,High
1006798,Petroleum and Natural Gas Systems,2026,363925.46085971396,-0.12944943670387588,0.75,2030,High
1006798,Petroleum and Natural Gas Systems,2027,316815.5149492256,-0.12944943670387588,0.75,2030,High
1006798,Petroleum and Natural Gas Systems,2028,275803.92499999993,-0.12944943670387588,0.75,2030,High
1006799,Petroleum and Natural Gas Systems,2024,121392.47644379182,-0.12944943670387588,0.75,2030,High
1006799,Petroleum and Natural Gas Systems,2025,105678.28874805445,-0.12944943670387588,0.75,2030,High
1006799,Petroleum and Natural Gas Systems,2026,91998.29379778926,-0.12944943670387588,0.75,2030,High
1006799,Petroleum and Natural Gas Systems,2027,80089.16648794776,-0.12944943670387588,0.75,2030,High
1006799,Petroleum and Natural Gas Systems,2028,69721.66899999998,-0.12944943670387588,0.75,2030,High
1006800,Petroleum and Natural Gas Systems,2024,243240.08890978276,-0.12944943670387588,0.75,2030,High
1006800,Petroleum and Natural Gas Systems,2025,211752.79641661068,-0.12944943670387588,0.75,2030,High
1006800,Petroleum and Natural Gas Systems,2026,184341.51620000994,-0.12944943670387588,0.75,2030,High
1006800,Petroleum and Natural Gas Systems,2027,160478.6107667802,-0.12944943670387588,0.75,2030,High
1006800,Petroleum and Natural Gas Systems,2028,139704.74499999997,-0.12944943670387588,0.75,2030,High
1006802,Power Plants,2024,2674646.7230248945,-0.11644604222876276,0.8,2035,Medium
1006802,Power Plants,2025,2363194.697768516,-0.11644604222876276,0.8,2035,Medium
1006802,Power Plants,2026,2088010.0281973751,-0.11644604222876276,0.8,2035,Medium
1006802,Power Plants,2027,1844869.5242798233,-0.11644604222876276,0.8,2035,Medium
1006802,Power Plants,2028,1630041.7697489774,-0.11644604222876276,0.8,2035,Medium
1006806,Waste,2024,79487.00700523336,-0.038541867469075175,0.325,2030,High
1006806,Waste,2025,76423.4293157242,-0.038541867469075175,0.325,2030,High
1006806,Waste,2026,73477.92763150533,-0.038541867469075175,0.325,2030,High
1006806,Waste,2027,70645.95108282956,-0.038541867469075175,0.325,2030,High
1006806,Waste,2028,67923.12419896838,-0.038541867469075175,0.325,2030,High
1006815,Minerals,2024,1178713.3930946898,-0.022067231457071457,0.2,2030,High
1006815,Minerals,2025,1152702.4518277193,-0.022067231457071457,0.2,2030,High
1006815,Minerals,2026,1127265.5000221033,-0.022067231457071457,0.2,2030,High
1006815,Minerals,2027,1102389.871319544,-0.022067231457071457,0.2,2030,High
1006815,Minerals,2028,1078063.1788732046,-0.022067231457071457,0.2,2030,High
1006818,Metals,2024,89805.74747025223,-0.029125207089559013,0.6,2050,Medium
1006818,Metals,2025,87190.1364773485,-0.029125207089559013,0.6,2050,Medium
1006818,Metals,2026,84650.7056962788,-0.029125207089559013,0.6,2050,Medium
1006818,Metals,2027,82185.23636259738,-0.029125207089559013,0.6,2050,Medium
1006818,Metals,2028,79791.57433383237,-0.029125207089559013,0.6,2050,Medium
1006827,Chemicals,2024,24753.022828409423,-0.045845005236247904,0.28,2030,Medium
1006827,Chemicals,2025,23618.220367228027,-0.045845005236247904,0.28,2030,Medium
1006827,Chemicals,2026,22535.442930821606,-0.045845005236247904,0.28,2030,Medium
1006827,Chemicals,2027,21502.30543165692,-0.045845005236247904,0.28,2030,Medium
1006827,Chemicals,2028,20516.53212655121,-0.045845005236247904,0.28,2030,Medium
1006828,Chemicals,2024,51087.22169808161,-0.045845005236247904,0.28,2030,Medium
1006828,Chemicals,2025,48745.1277518277,-0.045845005236247904,0.28,2030,Medium
1006828,Chemicals,2026,46510.40711480359,-0.045845005236247904,0.28,2030,Medium
1006828,Chemicals,2027,44378.13725708539,-0.045845005236247904,0.28,2030,Medium
1006828,Chemicals,2028,42343.621322159386,-0.045845005236247904,0.28,2030,Medium
1006834,Waste,2024,49463.41545071909,-0.038541867469075175,0.325,2030,High
1006834,Waste,2025,47557.00304784967,-0.038541867469075175,0.325,2030,High
1006834,Waste,2026,45724.06733915304,-0.038541867469075175,0.325,2030,High
1006834,Waste,2027,43961.77639562034,-0.038541867469075175,0.325,2030,High
1006834,Waste,2028,42267.40743607523,-0.038541867469075175,0.325,2030,High
1006842,Minerals,2024,969609.6766314055,-0.022067231457071457,0.2,2030,High
1006842,Minerals,2025,948213.075474164,-0.022067231457071457,0.2,2030,High
1006842,Minerals,2026,927288.6380670541,-0.022067231457071457,0.2,2030,High
1006842,Minerals,2027,906825.9450633158,-0.022067231457071457,0.2,2030,High
1006842,Minerals,2028,886814.8070423262,-0.022067231457071457,0.2,2030,High
1006843,Chemicals,2024,1741951.3334449735,-0.045845005236247904,0.28,2030,Medium
1006843,Chemicals,2025,1662091.5654418995,-0.045845005236247904,0.28,2030,Medium
1006843,Chemicals,2026,1585892.9689210923,-0.045845005236247904,0.28,2030,Medium
1006843,Chemicals,2027,1513187.697456776,-0.045845005236247904,0.28,2030,Medium
1006843,Chemicals,2028,1443815.5995434443,-0.045845005236247904,0.28,2030,Medium
1006844,Petroleum and Natural Gas Systems,2024,204408.15900759783,-0.12944943670387588,0.75,2030,High
1006844,Petroleum and Natural Gas Systems,2025,177947.637966388,-0.12944943670387588,0.75,2030,High
1006844,Petroleum and Natural Gas Systems,2026,154912.41646885383,-0.12944943670387588,0.75,2030,High
1006844,Petroleum and Natural Gas Systems,2027,134859.09141852448,-0.12944943670387588,0.75,2030,High
1006844,Petroleum and Natural Gas Systems,2028,117401.65799999998,-0.12944943670387588,0.75,2030,High
1006858,Waste,2024,22154.63938337697,-0.038541867469075175,0.325,2030,High
1006858,Waste,2025,21300.7582084377,-0.038541867469075175,0.325,2030,High
1006858,Waste,2026,20479.78720857728,-0.038541867469075175,0.325,2030,High
1006858,Waste,2027,19690.457964189434,-0.038541867469075175,0.325,2030,High
1006858,Waste,2028,18931.55094292825,-0.038541867469075175,0.325,2030,High
1006859,Waste,2024,409643.51309515233,-0.038541867469075175,0.325,2030,High
1006859,Waste,2025,393855.0871038726,-0.038541867469075175,0.325,2030,High
1006859,Waste,2026,378675.1765346941,-0.038541867469075175,0.325,2030,High
1006859,Waste,2027,364080.3280668653,-0.038541867469075175,0.325,2030,High
1006859,Waste,2028,350047.99231441476,-0.038541867469075175,0.325,2030,High
1006861,Petroleum and Natural Gas Systems,2024,21550.963220508747,-0.12944943670387588,0.75,2030,High
1006861,Petroleum and Natural Gas Systems,2025,18761.203171187943,-0.12944943670387588,0.75,2030,High
1006861,Petroleum and Natural Gas Systems,2026,16332.575988790693,-0.12944943670387588,0.75,2030,High
1006861,Petroleum and Natural Gas Systems,2027,14218.333227118488,-0.12944943670387588,0.75,2030,High
1006861,Petroleum and Natural Gas Systems,2028,12377.777999999998,-0.12944943670387588,0.75,2030,High
1006868,Power Plants,2024,8933579.230259534,-0.11644604222876276,0.8,2035,Medium
1006868,Power Plants,2025,7893299.285958733,-0.11644604222876276,0.8,2035,Medium
1006868,Power Plants,2026,6974155.82398172,-0.11644604222876276,0.8,2035,Medium
1006868,Power Plants,2027,6162042.980392372,-0.11644604222876276,0.8,2035,Medium
1006868,Power Plants,2028,5444497.463282151,-0.11644604222876276,0.8,2035,Medium
1006869,Power Plants,2024,314374.34023377503,-0.11644604222876276,0.8,2035,Medium
1006869,Power Plants,2025,277766.6925352734,-0.11644604222876276,0.8,2035,Medium
1006869,Power Plants,2026,245421.8605265672,-0.11644604222876276,0.8,2035,Medium
1006869,Power Plants,2027,216843.45619182903,-0.11644604222876276,0.8,2035,Medium
1006869,Power Plants,2028,191592.89393508443,-0.11644604222876276,0.8,2035,Medium
1006876,Waste,2024,72576.1709381583,-0.038541867469075175,0.325,2030,High
1006876,Waste,2025,69778.94977644687,-0.038541867469075175,0.325,2030,High
1006876,Waste,2026,67089.5387420318,-0.038541867469075175,0.325,2030,High
1006876,Waste,2027,64503.782631275026,-0.038541867469075175,0.325,2030,High
1006876,Waste,2028,62017.68638984639,-0.038541867469075175,0.325,2030,High
1006877,Minerals,2024,305930.3713194353,-0.022067231457071457,0.2,2030,High
1006877,Minerals,2025,299179.3350057815,-0.022067231457071457,0.2,2030,High
1006877,Minerals,2026,292577.27537303616,-0.022067231457071457,0.2,2030,High
1006877,Minerals,2027,286120.90491830005,-0.022067231457071457,0.2,2030,High
1006877,Minerals,2028,279807.00868476124,-0.022067231457071457,0.2,2030,High
1006878,Minerals,2024,361907.9510141569,-0.022067231457071457,0.2,2030,High
1006878,Minerals,2025,353921.64449297305,-0.022067231457071457,0.2,2030,High
1006878,Minerals,2026,346111.5736462792,-0.022067231457071457,0.2,2030,High
1006878,Minerals,2027,338473.84944065555,-0.022067231457071457,0.2,2030,High
1006878,Minerals,2028,331004.6686628827,-0.022067231457071457,0.2,2030,High
1006890,Chemicals,2024,360393.6464417781,-0.045845005236247904,0.28,2030,Medium
1006890,Chemicals,2025,343871.3978335443,-0.045845005236247904,0.28,2030,Medium
1006890,Chemicals,2026,328106.61179926957,-0.045845005236247904,0.28,2030,Medium
1006890,Chemicals,2027,313064.56246328447,-0.045845005236247904,0.28,2030,Medium
1006890,Chemicals,2028,298712.11595787155,-0.045845005236247904,0.28,2030,Medium
1006891,Chemicals,2024,1079563.61416794,-0.045845005236247904,0.28,2030,Medium
1006891,Chemicals,2025,1030071.014623548,-0.045845005236247904,0.28,2030,Medium
1006891,Chemicals,2026,982847.4035644244,-0.045845005236247904,0.28,2030,Medium
1006891,Chemicals,2027,937788.7592015807,-0.045845005236247904,0.28,2030,Medium
1006891,Chemicals,2028,894795.8286254898,-0.045845005236247904,0.28,2030,Medium
1006899,Waste,2024,202677.05688925087,-0.038541867469075175,0.325,2030,High
1006899,Waste,2025,194865.50462360316,-0.038541867469075175,0.325,2030,High
1006899,Waste,2026,187355.0241701058,-0.038541867469075175,0.325,2030,High
1006899,Waste,2027,180134.0116588762,-0.038541867469075175,0.325,2030,High
1006899,Waste,2028,173191.31045484697,-0.038541867469075175,0.325,2030,High
1006901,Metals,2024,139078.5325317674,-0.029125207089559013,0.6,2050,Medium
1006901,Metals,2025,135027.8414700677,-0.029125207089559013,0.6,2050,Medium
1006901,Metals,2026,131095.12762439586,-0.029125207089559013,0.6,2050,Medium
1006901,Metals,2027,127276.95488390316,-0.029125207089559013,0.6,2050,Medium
1006901,Metals,2028,123569.98721518101,-0.029125207089559013,0.6,2050,Medium
1006905,Petroleum and Natural Gas Systems,2024,76751.42879457468,-0.12944943670387588,0.75,2030,High
1006905,Petroleum and Natural Gas Systems,2025,66815.99957089935,-0.12944943670387588,0.75,2030,High
1006905,Petroleum and Natural Gas Systems,2026,58166.70606364002,-0.12944943670387588,0.75,2030,High
1006905,Petroleum and Natural Gas Systems,2027,50637.05872878189,-0.12944943670387588,0.75,2030,High
1006905,Petroleum and Natural Gas Systems,2028,44082.119999999995,-0.12944943670387588,0.75,2030,High
1006910,Waste,2024,23335.515722165306,-0.038541867469075175,0.325,2030,High
1006910,Waste,2025,22436.12136787909,-0.038541867469075175,0.325,2030,High
1006910,Waste,2026,21571.39135159821,-0.038541867469075175,0.325,2030,High
1006910,Waste,2027,20739.98964500136,-0.038541867469075175,0.325,2030,High
1006910,Waste,2028,19940.631712793722,-0.038541867469075175,0.325,2030,High
1006911,Minerals,2024,770043.6250195191,-0.022067231457071457,0.2,2030,High
1006911,Minerals,2025,753050.894114171,-0.022067231457071457,0.2,2030,High
1006911,Minerals,2026,736433.145734799,-0.022067231457071457,0.2,2030,High
1006911,Minerals,2027,720182.10505521,-0.022067231457071457,0.2,2030,High
1006911,Minerals,2028,704289.6798517158,-0.022067231457071457,0.2,2030,High
1006932,Chemicals,2024,592030.5836772522,-0.045845005236247904,0.28,2030,Medium
1006932,Chemicals,2025,564888.9384685496,-0.045845005236247904,0.28,2030,Medium
1006932,Chemicals,2026,538991.6021265605,-0.045845005236247904,0.28,2030,Medium
1006932,Chemicals,2027,514281.52930477465,-0.045845005236247904,0.28,2030,Medium
1006932,Chemicals,2028,490704.2899008917,-0.045845005236247904,0.28,2030,Medium
1006933,Power Plants,2024,1097005.6954819323,-0.11644604222876276,0.8,2035,Medium
1006933,Power Plants,2025,969263.7239406499,-0.11644604222876276,0.8,2035,Medium
1006933,Power Plants,2026,856396.7994118491,-0.11644604222876276,0.8,2035,Medium
1006933,Power Plants,2027,756672.7815429596,-0.11644604222876276,0.8,2035,Medium
1006933,Power Plants,2028,668561.2308700528,-0.11644604222876276,0.8,2035,Medium
1006935,Power Plants,2024,2791182.722397765,-0.11644604222876276,0.8,2035,Medium
1006935,Power Plants,2025,2466160.5412372416,-0.11644604222876276,0.8,2035,Medium
1006935,Power Plants,2026,2178985.9067094214,-0.11644604222876276,0.8,2035,Medium
1006935,Power Plants,2027,1925251.6218008571,-0.11644604222876276,0.8,2035,Medium
1006935,Power Plants,2028,1701063.6901476406,-0.11644604222876276,0.8,2035,Medium
1006947,Metals,2024,81793.99741692474,-0.029125207089559013,0.6,2050,Medium
1006947,Metals,2025,79411.73030347395,-0.029125207089559013,0.6,2050,Medium
1006947,Metals,2026,77098.84721304507,-0.029125207089559013,0.6,2050,Medium
1006947,Metals,2027,74853.32732159886,-0.029125207089559013,0.6,2050,Medium
1006947,Metals,2028,72673.20866201475,-0.029125207089559013,0.6,2050,Medium
1006954,Petroleum and Natural Gas Systems,2024,67635.96000814378,-0.12944943670387588,0.75,2030,High
1006954,Petroleum and Natural Gas Systems,2025,58880.52308416369,-0.12944943670387588,0.75,2030,High
1006954,Petroleum and Natural Gas Systems,2026,51258.47253808914,-0.12944943670387588,0.75,2030,High
1006954,Petroleum and Natural Gas Systems,2027,44623.092141732406,-0.12944943670387588,0.75,2030,High
1006954,Petroleum and Natural Gas Systems,2028,38846.657999999996,-0.12944943670387588,0.75,2030,High
1006956,Petroleum and Natural Gas Systems,2024,39661.057928578295,-0.12944943670387588,0.75,2030,High
1006956,Petroleum and Natural Gas Systems,2025,34526.95632064404,-0.12944943670387588,0.75,2030,High
1006956,Petroleum and Natural Gas Systems,2026,30057.461273837343,-0.12944943670387588,0.75,2030,High
1006956,Petroleum and Natural Gas Systems,2027,26166.539843190534,-0.12944943670387588,0.75,2030,High
1006956,Petroleum and Natural Gas Systems,2028,22779.295999999995,-0.12944943670387588,0.75,2030,High
1006957,Waste,2024,140898.80494800943,-0.038541867469075175,0.325,2030,High
1006957,Waste,2025,135468.30188115218,-0.038541867469075175,0.325,2030,High
1006957,Waste,2026,130247.10054378815,-0.038541867469075175,0.325,2030,High
1006957,Waste,2027,125227.13405639816,-0.038541867469075175,0.325,2030,High
1006957,Waste,2028,120400.64645206436,-0.038541867469075175,0.325,2030,High
1006959,Chemicals,2024,1017869.6448774765,-0.045845005236247904,0.28,2030,Medium
1006959,Chemicals,2025,971205.4056782507,-0.045845005236247904,0.28,2030,Medium
1006959,Chemicals,2026,926680.4887694592,-0.045845005236247904,0.28,2030,Medium
1006959,Chemicals,2027,884196.8169094945,-0.045845005236247904,0.28,2030,Medium
1006959,Chemicals,2028,843660.809208405,-0.045845005236247904,0.28,2030,Medium
1006963,Waste,2024,27946.6535424535,-0.038541867469075175,0.325,2030,High
1006963,Waste,2025,26869.537325416095,-0.038541867469075175,0.325,2030,High
1006963,Waste,2026,25833.935178864544,-0.038541867469075175,0.325,2030,High
1006963,Waste,2027,24838.247072996066,-0.038541867469075175,0.325,2030,High
1006963,Waste,2028,23880.93464614451,-0.038541867469075175,0.325,2030,High
1006965,Minerals,2024,79934.1630184229,-0.022067231457071457,0.2,2030,High
1006965,Minerals,2025,78170.23734176808,-0.022067231457071457,0.2,2030,High
1006965,Minerals,2026,76445.23662129306,-0.022067231457071457,0.2,2030,High
1006965,Minerals,2027,74758.3018909804,-0.022067231457071457,0.2,2030,High
1006965,Minerals,2028,73108.59313981452,-0.022067231457071457,0.2,2030,High
1006966,Power Plants,2024,1463077.9811853927,-0.11644604222876276,0.8,2035,Medium
1006966,Power Plants,2025,1292708.3408043054,-0.11644604222876276,0.8,2035,Medium
1006966,Power Plants,2026,1142177.5707615335,-0.11644604222876276,0.8,2035,Medium
1006966,Power Plants,2027,1009175.5131238903,-0.11644604222876276,0.8,2035,Medium
1006966,Power Plants,2028,891661.0187064324,-0.11644604222876276,0.8,2035,Medium
1006967,Chemicals,2024,956488.6651416352,-0.045845005236247904,0.28,2030,Medium
1006967,Chemicals,2025,912638.4372798052,-0.045845005236247904,0.28,2030,Medium
1006967,Chemicals,2026,870798.5233439115,-0.045845005236247904,0.28,2030,Medium
1006967,Chemicals,2027,830876.7604814928,-0.045845005236247904,0.28,2030,Medium
1006967,Chemicals,2028,792785.2110465422,-0.045845005236247904,0.28,2030,Medium
1006972,Metals,2024,53861.869430654195,-0.029125207089559013,0.6,2050,Medium
1006972,Metals,2025,52293.1313292556,-0.029125207089559013,0.6,2050,Medium
1006972,Metals,2026,50770.083049929526,-0.029125207089559013,0.6,2050,Medium
1006972,Metals,2027,49291.393867146224,-0.029125207089559013,0.6,2050,Medium
1006972,Metals,2028,47855.77181303257,-0.029125207089559013,0.6,2050,Medium
1006978,Waste,2024,211962.81953323455,-0.038541867469075175,0.325,2030,High
1006978,Waste,2025,203793.37663441311,-0.038541867469075175,0.325,2030,High
1006978,Waste,2026,195938.79932109427,-0.038541867469075175,0.325,2030,High
1006978,Waste,2027,188386.95208561094,-0.038541867469075175,0.325,2030,High
1006978,Waste,2028,181126.16714542432,-0.038541867469075175,0.325,2030,High
1006979,Waste,2024,3433.3669912679325,-0.038541867469075175,0.325,2030,High
1006979,Waste,2025,3301.0386157177863,-0.038541867469075175,0.325,2030,High
1006979,Waste,2026,3173.8104228804923,-0.038541867469075175,0.325,2030,High
1006979,Waste,2027,3051.485842189863,-0.038541867469075175,0.325,2030,High
1006979,Waste,2028,2933.875879276422,-0.038541867469075175,0.325,2030,High
1006980,Metals,2024,44298.49058429227,-0.029125207089559013,0.6,2050,Medium
1006980,Metals,2025,43008.28787226987,-0.029125207089559013,0.6,2050,Medium
1006980,Metals,2026,41755.66258142265,-0.029125207089559013,0.6,2050,Medium
1006980,Metals,2027,40539.52026157697,-0.029125207089559013,0.6,2050,Medium
1006980,Metals,2028,39358.79833864716,-0.029125207089559013,0.6,2050,Medium
1006983,Power Plants,2024,1859452.5998495254,-0.11644604222876276,0.8,2035,Medium
1006983,Power Plants,2025,1642926.7038850647,-0.11644604222876276,0.8,2035,Medium
1006983,Power Plants,2026,1451614.3915457025,-0.11644604222876276,0.8,2035,Medium
1006983,Power Plants,2027,1282579.6408078917,-0.11644604222876276,0.8,2035,Medium
1006983,Power Plants,2028,1133228.3177926247,-0.11644604222876276,0.8,2035,Medium
1006985,Chemicals,2024,3764860.2383836573,-0.045845005236247904,0.28,2030,Medium
1006985,Chemicals,2025,3592260.201041217,-0.045845005236247904,0.28,2030,Medium
1006985,Chemicals,2026,3427573.0133145177,-0.045845005236247904,0.28,2030,Medium
1006985,Chemicals,2027,3270435.9105714913,-0.045845005236247904,0.28,2030,Medium
1006985,Chemicals,2028,3120502.759126528,-0.045845005236247904,0.28,2030,Medium
1007000,Chemicals,2024,686771.3982485199,-0.045845005236247904,0.28,2030,Medium
1007000,Chemicals,2025,655286.3598997112,-0.045845005236247904,0.28,2030,Medium
1007000,Chemicals,2026,625244.7532988671,-0.045845005236247904,0.28,2030,Medium
1007000,Chemicals,2027,596580.404309944,-0.045845005236247904,0.28,2030,Medium
1007000,Chemicals,2028,569230.1725505118,-0.045845005236247904,0.28,2030,Medium
1007008,Chemicals,2024,596543.2730831573,-0.045845005236247904,0.28,2030,Medium
1007008,Chemicals,2025,569194.7436050114,-0.045845005236247904,0.28,2030,Medium
1007008,Chemicals,2026,543100.0076039949,-0.045845005236247904,0.28,2030,Medium
1007008,Chemicals,2027,518201.58491158346,-0.045845005236247904,0.28,2030,Medium
1007008,Chemicals,2028,494444.63053788,-0.045845005236247904,0.28,2030,Medium
1007018,Waste,2024,85571.69671151738,-0.038541867469075175,0.325,2030,High
1007018,Waste,2025,82273.60371775817,-0.038541867469075175,0.325,2030,High
1007018,Waste,2026,79102.62538706513,-0.038541867469075175,0.325,2030,High
1007018,Waste,2027,76053.86248294097,-0.038541867469075175,0.325,2030,High
1007018,Waste,2028,73122.60459461219,-0.038541867469075175,0.325,2030,High
1007019,Power Plants,2024,796790.8092800893,-0.11644604222876276,0.8,2035,Medium
1007019,Power Plants,2025,704007.67305517,-0.11644604222876276,0.8,2035,Medium
1007019,Power Plants,2026,622028.7658292147,-0.11644604222876276,0.8,2035,Medium
1007019,Power Plants,2027,549595.9778959607,-0.11644604222876276,0.8,2035,Medium
1007019,Power Plants,2028,485597.7014451295,-0.11644604222876276,0.8,2035,Medium
1007025,Power Plants,2024,597551.6872758577,-0.11644604222876276,0.8,2035,Medium
1007025,Power Plants,2025,527969.1582654647,-0.11644604222876276,0.8,2035,Medium
1007025,Power Plants,2026,466489.23936660006,-0.11644604222876276,0.8,2035,Medium
1007025,Power Plants,2027,412168.4137000535,-0.11644604222876276,0.8,2035,Medium
1007025,Power Plants,2028,364173.0331929749,-0.11644604222876276,0.8,2035,Medium
1007026,Waste,2024,4784.115675828099,-0.038541867469075175,0.325,2030,High
1007026,Waste,2025,4599.726923493607,-0.038541867469075175,0.325,2030,High
1007026,Waste,2026,4422.44485801438,-0.038541867469075175,0.325,2030,High
1007026,Waste,2027,4251.995574407496,-0.038541867469075175,0.325,2030,High
1007026,Waste,2028,4088.1157244995884,-0.038541867469075175,0.325,2030,High
1007046,Chemicals,2024,978230.9282164673,-0.045845005236247904,0.28,2030,Medium
1007046,Chemicals,2025,933383.9261901237,-0.045845005236247904,0.28,2030,Medium
1007046,Chemicals,2026,890592.9352065079,-0.045845005236247904,0.28,2030,Medium
1007046,Chemicals,2027,849763.6974286,-0.045845005236247904,0.28,2030,Medium
1007046,Chemicals,2028,810806.2762704126,-0.045845005236247904,0.28,2030,Medium
1007061,Waste,2024,33291.4492970158,-0.038541867469075175,0.325,2030,High
1007061,Waste,2025,32008.334670356784,-0.038541867469075175,0.325,2030,High
1007061,Waste,2026,30774.673677586088,-0.038541867469075175,0.325,2030,High
1007061,Waste,2027,29588.560283300532,-0.038541867469075175,0.325,2030,High
1007061,Waste,2028,28448.16191426082,-0.038541867469075175,0.325,2030,High
1007068,Power Plants,2024,536923.1441923588,-0.11644604222876276,0.8,2035,Medium
1007068,Power Plants,2025,474400.5690701353,-0.11644604222876276,0.8,2035,Medium
1007068,Power Plants,2026,419158.50037084526,-0.11644604222876276,0.8,2035,Medium
1007068,Power Plants,2027,370349.1519361169,-0.11644604222876276,0.8,2035,Medium
1007068,Power Plants,2028,327223.45895037736,-0.11644604222876276,0.8,2035,Medium
1007075,Waste,2024,53419.81374316758,-0.038541867469075175,0.325,2030,High
1007075,Waste,2025,51360.914361655734,-0.038541867469075175,0.325,2030,High
1007075,Waste,2026,49381.36880723828,-0.038541867469075175,0.325,2030,High
1007075,Waste,2027,47478.11863522818,-0.038541867469075175,0.325,2030,High
1007075,Waste,2028,45648.22327910819,-0.038541867469075175,0.325,2030,High
1007080,Petroleum and Natural Gas Systems,2024,44424.21962041699,-0.12944943670387588,0.75,2030,High
1007080,Petroleum and Natural Gas Systems,2025,38673.52941454473,-0.12944943670387588,0.75,2030,High
1007080,Petroleum and Natural Gas Systems,2026,33667.26281648115,-0.12944943670387588,0.75,2030,High
1007080,Petroleum and Natural Gas Systems,2027,29309.054609526313,-0.12944943670387588,0.75,2030,High
1007080,Petroleum and Natural Gas Systems,2028,25515.013999999996,-0.12944943670387588,0.75,2030,High
1007098,Minerals,2024,511056.73937564425,-0.022067231457071457,0.2,2030,High
1007098,Minerals,2025,499779.13202014565,-0.022067231457071457,0.2,2030,High
1007098,Minerals,2026,488750.39023644285,-0.022067231457071457,0.2,2030,High
1007098,Minerals,2027,477965.0222503613,-0.022067231457071457,0.2,2030,High
1007098,Minerals,2028,467417.65747597825,-0.022067231457071457,0.2,2030,High
1007128,Waste,2024,82481.81063809611,-0.038541867469075175,0.325,2030,High
1007128,Waste,2025,79302.80762387325,-0.038541867469075175,0.325,2030,High
1007128,Waste,2026,76246.32932250838,-0.038541867469075175,0.325,2030,High
1007128,Waste,2027,73307.6534027568,-0.038541867469075175,0.325,2030,High
1007128,Waste,2028,70482.23954083884,-0.038541867469075175,0.325,2030,High
1007171,Power Plants,2024,6315576.518842718,-0.11644604222876276,0.8,2035,Medium
1007171,Power Plants,2025,5580152.628830576,-0.11644604222876276,0.8,2035,Medium
1007171,Power Plants,2026,4930365.940170829,-0.11644604222876276,0.8,2035,Medium
1007171,Power Plants,2027,4356244.339698443,-0.11644604222876276,0.8,2035,Medium
1007171,Power Plants,2028,3848976.9273591097,-0.11644604222876276,0.8,2035,Medium
1007173,Power Plants,2024,1029631.1207399148,-0.11644604222876276,0.8,2035,Medium
1007173,Power Plants,2025,909734.6517741863,-0.11644604222876276,0.8,2035,Medium
1007173,Power Plants,2026,803799.6520967206,-0.11644604222876276,0.8,2035,Medium
1007173,Power Plants,2027,710200.3638652011,-0.11644604222876276,0.8,2035,Medium
1007173,Power Plants,2028,627500.3423036712,-0.11644604222876276,0.8,2035,Medium
1007188,Power Plants,2024,20661.08936440757,-0.11644604222876276,0.8,2035,Medium
1007188,Power Plants,2025,18255.187279787526,-0.11644604222876276,0.8,2035,Medium
1007188,Power Plants,2026,16129.442970911416,-0.11644604222876276,0.8,2035,Medium
1007188,Power Plants,2027,14251.233173594243,-0.11644604222876276,0.8,2035,Medium
1007188,Power Plants,2028,12591.733473649943,-0.11644604222876276,0.8,2035,Medium
1007189,Power Plants,2024,621749.0370152084,-0.11644604222876276,0.8,2035,Medium
1007189,Power Plants,2025,549348.8223952429,-0.11644604222876276,0.8,2035,Medium
1007189,Power Plants,2026,485379.3262242853,-0.11644604222876276,0.8,2035,Medium
1007189,Power Plants,2027,428858.82470580377,-0.11644604222876276,0.8,2035,Medium
1007189,Power Plants,2028,378919.9118939341,-0.11644604222876276,0.8,2035,Medium
1007192,Waste,2024,63342.62508535239,-0.038541867469075175,0.325,2030,High
1007192,Waste,2025,60901.28202416942,-0.038541867469075175,0.325,2030,High
1007192,Waste,2026,58554.03288369712,-0.038541867469075175,0.325,2030,High
1007192,Waste,2027,56297.251108513796,-0.038541867469075175,0.325,2030,High
1007192,Waste,2028,54127.44991741621,-0.038541867469075175,0.325,2030,High
1007193,Metals,2024,119385.8868737486,-0.029125207089559013,0.6,2050,Medium
1007193,Metals,2025,115908.74819498001,-0.029125207089559013,0.6,2050,Medium
1007193,Metals,2026,112532.88190030967,-0.029125207089559013,0.6,2050,Medium
1007193,Metals,2027,109255.33841057828,-0.029125207089559013,0.6,2050,Medium
1007193,Metals,2028,106073.25405373031,-0.029125207089559013,0.6,2050,Medium
1007202,Power Plants,2024,2856781.413766331,-0.11644604222876276,0.8,2035,Medium
1007202,Power Plants,2025,2524120.524620552,-0.11644604222876276,0.8,2035,Medium
1007202,Power Plants,2026,2230196.6794201005,-0.11644604222876276,0.8,2035,Medium
1007202,Power Plants,2027,1970499.102709901,-0.11644604222876276,0.8,2035,Medium
1007202,Power Plants,2028,1741042.2809840047,-0.11644604222876276,0.8,2035,Medium
1007207,Power Plants,2024,1338015.753270131,-0.11644604222876276,0.8,2035,Medium
1007207,Power Plants,2025,1182209.1143620876,-0.11644604222876276,0.8,2035,Medium
1007207,Power Plants,2026,1044545.5419078517,-0.11644604222876276,0.8,2035,Medium
1007207,Power Plants,2027,922912.3476249841,-0.11644604222876276,0.8,2035,Medium
1007207,Power Plants,2028,815442.8574199986,-0.11644604222876276,0.8,2035,Medium
1007208,Minerals,2024,769918.4887424563,-0.022067231457071457,0.2,2030,High
1007208,Minerals,2025,752928.5192482978,-0.022067231457071457,0.2,2030,High
1007208,Minerals,2026,736313.4713434156,-0.022067231457071457,0.2,2030,High
1007208,Minerals,2027,720065.0715463207,-0.022067231457071457,0.2,2030,High
1007208,Minerals,2028,704175.2289483553,-0.022067231457071457,0.2,2030,High
1007212,Waste,2024,39486.124044912554,-0.038541867469075175,0.325,2030,High
1007212,Waste,2025,37964.255085106066,-0.038541867469075175,0.325,2030,High
1007212,Waste,2026,36501.041797053746,-0.038541867469075175,0.325,2030,High
1007212,Waste,2027,35094.22348162853,-0.038541867469075175,0.325,2030,High
1007212,Waste,2028,33741.626571269495,-0.038541867469075175,0.325,2030,High
1007216,Minerals,2024,479716.7695170406,-0.022067231457071457,0.2,2030,High
1007216,Minerals,2025,469130.7485302694,-0.022067231457071457,0.2,2030,High
1007216,Minerals,2026,458778.3317188228,-0.022067231457071457,0.2,2030,High
1007216,Minerals,2027,448654.3640852944,-0.022067231457071457,0.2,2030,High
1007216,Minerals,2028,438753.80438879906,-0.022067231457071457,0.2,2030,High
1007219,Waste,2024,56498.35268770871,-0.038541867469075175,0.325,2030,High
1007219,Waste,2025,54320.800666197974,-0.038541867469075175,0.325,2030,High
1007219,Waste,2026,52227.175566107326,-0.038541867469075175,0.325,2030,High
1007219,Waste,2027,50214.2426871543,-0.038541867469075175,0.325,2030,High
1007219,Waste,2028,48278.89200044602,-0.038541867469075175,0.325,2030,High
1007227,Power Plants,2024,14630222.906027237,-0.11644604222876276,0.8,2035,Medium
1007227,Power Plants,2025,12926591.351695776,-0.11644604222876276,0.8,2035,Medium
1007227,Power Plants,2026,11421340.949282251,-0.11644604222876276,0.8,2035,Medium
1007227,Power Plants,2027,10091370.998793032,-0.11644604222876276,0.8,2035,Medium
1007227,Power Plants,2028,8916270.785321467,-0.11644604222876276,0.8,2035,Medium
1007253,Chemicals,2024,68963.07889454182,-0.045845005236247904,0.28,2030,Medium
1007253,Chemicals,2025,65801.46618151377,-0.045845005236247904,0.28,2030,Medium
1007253,Chemicals,2026,62784.79761986948,-0.045845005236247904,0.28,2030,Medium
1007253,Chemicals,2027,59906.42824422979,-0.045845005236247904,0.28,2030,Medium
1007253,Chemicals,2028,57160.01772768817,-0.045845005236247904,0.28,2030,Medium
1007287,Metals,2024,1034032.0331426237,-0.029125207089559013,0.6,2050,Medium
1007287,Metals,2025,1003915.636040107,-0.029125207089559013,0.6,2050,Medium
1007287,Metals,2026,974676.3852399925,-0.029125207089559013,0.6,2050,Medium
1007287,Metals,2027,946288.733674575,-0.029125207089559013,0.6,2050,Medium
1007287,Metals,2028,918727.8783397863,-0.029125207089559013,0.6,2050,Medium
1007288,Petroleum and Natural Gas Systems,2024,35956.72947586541,-0.12944943670387588,0.75,2030,High
1007288,Petroleum and Natural Gas Systems,2025,31302.151099500985,-0.12944943670387588,0.75,2030,High
1007288,Petroleum and Natural Gas Systems,2026,27250.105272050972,-0.12944943670387588,0.75,2030,High
1007288,Petroleum and Natural Gas Systems,2027,23722.594494462657,-0.12944943670387588,0.75,2030,High
1007288,Petroleum and Natural Gas Systems,2028,20651.717999999997,-0.12944943670387588,0.75,2030,High
1007293,Power Plants,2024,37196.33516760657,-0.11644604222876276,0.8,2035,Medium
1007293,Power Plants,2025,32864.96915192425,-0.11644604222876276,0.8,2035,Medium
1007293,Power Plants,2026,29037.97356621229,-0.11644604222876276,0.8,2035,Medium
1007293,Power Plants,2027,25656.616470083434,-0.11644604222876276,0.8,2035,Medium
1007293,Power Plants,2028,22669.00502516093,-0.11644604222876276,0.8,2035,Medium
1007298,Waste,2024,107445.49417438205,-0.038541867469075175,0.325,2030,High
1007298,Waste,2025,103304.34417776372,-0.038541867469075175,0.325,2030,High
1007298,Waste,2026,99322.80183548463,-0.038541867469075175,0.325,2030,High
1007298,Waste,2027,95494.71557048417,-0.038541867469075175,0.325,2030,High
1007298,Waste,2028,91814.17089896955,-0.038541867469075175,0.325,2030,High
1007303,Power Plants,2024,2106478.7959743757,-0.11644604222876276,0.8,2035,Medium
1007303,Power Plants,2025,1861187.67714435,-0.11644604222876276,0.8,2035,Medium
1007303,Power Plants,2026,1644459.7382959463,-0.11644604222876276,0.8,2035,Medium
1007303,Power Plants,2027,1452968.910166836,-0.11644604222876276,0.8,2035,Medium
1007303,Power Plants,2028,1283776.4310964693,-0.11644604222876276,0.8,2035,Medium
1007307,Power Plants,2024,1259924.013606392,-0.11644604222876276,0.8,2035,Medium
1007307,Power Plants,2025,1113210.8487129498,-0.11644604222876276,0.8,2035,Medium
1007307,Power Plants,2026,983581.8512142048,-0.11644604222876276,0.8,2035,Medium
1007307,Power Plants,2027,869047.6374322708,-0.11644604222876276,0.8,2035,Medium
1007307,Power Plants,2028,767850.4795450261,-0.11644604222876276,0.8,2035,Medium
1007308,Power Plants,2024,309137.4116666979,-0.11644604222876276,0.8,2035,Medium
1007308,Power Plants,2025,273139.58357326715,-0.11644604222876276,0.8,2035,Medium
1007308,Power Plants,2026,241333.5600901478,-0.11644604222876276,0.8,2035,Medium
1007308,Power Plants,2027,213231.22216067277,-0.11644604222876276,0.8,2035,Medium
1007308,Power Plants,2028,188401.29026046037,-0.11644604222876276,0.8,2035,Medium
1007323,Power Plants,2024,2553489.6622343487,-0.11644604222876276,0.8,2035,Medium
1007323,Power Plants,2025,2256145.8971950985,-0.11644604222876276,0.8,2035,Medium
1007323,Power Plants,2026,1993426.6367760682,-0.11644604222876276,0.8,2035,Medium
1007323,Power Plants,2027,1761299.9944501014,-0.11644604222876276,0.8,2035,Medium
1007323,Power Plants,2028,1556203.5809188453,-0.11644604222876276,0.8,2035,Medium
1007325,Chemicals,2024,154653.2963374878,-0.045845005236247904,0.28,2030,Medium
1007325,Chemicals,2025,147563.21515709267,-0.045845005236247904,0.28,2030,Medium
1007325,Chemicals,2026,140798.17878553818,-0.045845005236247904,0.28,2030,Medium
1007325,Chemicals,2027,134343.285541861,-0.045845005236247904,0.28,2030,Medium
1007325,Chemicals,2028,128184.31691273965,-0.045845005236247904,0.28,2030,Medium
1007328,Power Plants,2024,1413912.981695227,-0.11644604222876276,0.8,2035,Medium
1007328,Power Plants,2025,1249268.4109209487,-0.11644604222876276,0.8,2035,Medium
1007328,Power Plants,2026,1103796.0487877887,-0.11644604222876276,0.8,2035,Medium
1007328,Power Plants,2027,975263.3674787043,-0.11644604222876276,0.8,2035,Medium
1007328,Power Plants,2028,861697.8082051137,-0.11644604222876276,0.8,2035,Medium
1007330,Power Plants,2024,1644931.8537395387,-0.11644604222876276,0.8,2035,Medium
1007330,Power Plants,2025,1453386.0496355472,-0.11644604222876276,0.8,2035,Medium
1007330,Power Plants,2026,1284144.9963249918,-0.11644604222876276,0.8,2035,Medium
1007330,Power Plants,2027,1134611.3938550772,-0.11644604222876276,0.8,2035,Medium
1007330,Power Plants,2028,1002490.3875729935,-0.11644604222876276,0.8,2035,Medium
1007333,Minerals,2024,88782.51044339253,-0.022067231457071457,0.2,2030,High
1007333,Minerals,2025,86823.32623609832,-0.022067231457071457,0.2,2030,High
1007333,Minerals,2026,84907.37580017351,-0.022067231457071457,0.2,2030,High
1007333,Minerals,2027,83033.70508597854,-0.022067231457071457,0.2,2030,High
1007333,Minerals,2028,81201.38109710804,-0.022067231457071457,0.2,2030,High
1007339,Chemicals,2024,4980967.029466621,-0.045845005236247904,0.28,2030,Medium
1007339,Chemicals,2025,4752614.569919145,-0.045845005236247904,0.28,2030,Medium
1007339,Chemicals,2026,4534730.930075334,-0.045845005236247904,0.28,2030,Medium
1007339,Chemicals,2027,4326836.166841054,-0.045845005236247904,0.28,2030,Medium
1007339,Chemicals,2028,4128472.34011584,-0.045845005236247904,0.28,2030,Medium
1007341,Waste,2024,168985.20835294257,-0.038541867469075175,0.325,2030,High
1007341,Waste,2025,162472.2028483694,-0.038541867469075175,0.325,2030,High
1007341,Waste,2026,156210.22073877885,-0.038541867469075175,0.325,2030,High
1007341,Waste,2027,150189.58711374985,-0.038541867469075175,0.325,2030,High
1007341,Waste,2028,144400.99995197658,-0.038541867469075175,0.325,2030,High
1007348,Metals,2024,97425.33595197859,-0.029125207089559013,0.6,2050,Medium
1007348,Metals,2025,94587.80286660735,-0.029125207089559013,0.6,2050,Medium
1007348,Metals,2026,91832.91351997103,-0.029125207089559013,0.6,2050,Medium
1007348,Metals,2027,89158.26089606431,-0.029125207089559013,0.6,2050,Medium
1007348,Metals,2028,86561.5080837215,-0.029125207089559013,0.6,2050,Medium
1007355,Power Plants,2024,33566.858083010564,-0.11644604222876276,0.8,2035,Medium
1007355,Power Plants,2025,29658.130309189426,-0.11644604222876276,0.8,2035,Medium
1007355,Power Plants,2026,26204.558414779407,-0.11644604222876276,0.8,2035,Medium
1007355,Power Plants,2027,23153.141299025923,-0.11644604222876276,0.8,2035,Medium
1007355,Power Plants,2028,20457.049629591038,-0.11644604222876276,0.8,2035,Medium
1007370,Power Plants,2024,4485324.431894798,-0.11644604222876276,0.8,2035,Medium
1007370,Power Plants,2025,3963026.1536886743,-0.11644604222876276,0.8,2035,Medium
1007370,Power Plants,2026,3501547.442842552,-0.11644604222876276,0.8,2035,Medium
1007370,Power Plants,2027,3093806.1014472917,-0.11644604222876276,0.8,2035,Medium
1007370,Power Plants,2028,2733544.6255105566,-0.11644604222876276,0.8,2035,Medium
1007376,Power Plants,2024,4951796.519745464,-0.11644604222876276,0.8,2035,Medium
1007376,Power Plants,2025,4375179.413098943,-0.11644604222876276,0.8,2035,Medium
1007376,Power Plants,2026,3865707.08640281,-0.11644604222876276,0.8,2035,Medium
1007376,Power Plants,2027,3415560.795775521,-0.11644604222876276,0.8,2035,Medium
1007376,Power Plants,2028,3017832.2591157383,-0.11644604222876276,0.8,2035,Medium
1007383,Power Plants,2024,43026.529573845044,-0.11644604222876276,0.8,2035,Medium
1007383,Power Plants,2025,38016.26049413197,-0.11644604222876276,0.8,2035,Medium
1007383,Power Plants,2026,33589.41741925263,-0.11644604222876276,0.8,2035,Medium
1007383,Power Plants,2027,29678.062700010803,-0.11644604222876276,0.8,2035,Medium
1007383,Power Plants,2028,26222.169757577474,-0.11644604222876276,0.8,2035,Medium
1007393,Import and Export of Equipment Containing Fluorintaed GHGs,2024,27411.83998001197,-0.07917334800604625,0.85,2036,High
1007393,Import and Export of Equipment Containing Fluorintaed GHGs,2025,25241.55283378843,-0.07917334800604625,0.85,2036,High
1007393,Import and Export of Equipment Containing Fluorintaed GHGs,2026,23243.094587065894,-0.07917334800604625,0.85,2036,High
1007393,Import and Export of Equipment Containing Fluorintaed GHGs,2027,21402.860970586677,-0.07917334800604625,0.85,2036,High
1007393,Import and Export of Equipment Containing Fluorintaed GHGs,2028,19708.324810637394,-0.07917334800604625,0.85,2036,High
1007394,Petroleum and Natural Gas Systems,2024,81344.05659546817,-0.12944943670387588,0.75,2030,High
1007394,Petroleum and Natural Gas Systems,2025,70814.11428997661,-0.12944943670387588,0.75,2030,High
1007394,Petroleum and Natural Gas Systems,2026,61647.267084455256,-0.12944943670387588,0.75,2030,High
1007394,Petroleum and Natural Gas Systems,2027,53667.06308603913,-0.12944943670387588,0.75,2030,High
1007394,Petroleum and Natural Gas Systems,2028,46719.89199999999,-0.12944943670387588,0.75,2030,High
1007396,Petroleum and Natural Gas Systems,2024,169631.338924023,-0.12944943670387588,0.75,2030,High
1007396,Petroleum and Natural Gas Systems,2025,147672.65765298397,-0.12944943670387588,0.75,2030,High
1007396,Petroleum and Natural Gas Systems,2026,128556.51530324089,-0.12944943670387588,0.75,2030,High
1007396,Petroleum and Natural Gas Systems,2027,111914.94681262315,-0.12944943670387588,0.75,2030,High
1007396,Petroleum and Natural Gas Systems,2028,97427.61998898485,-0.12944943670387588,0.75,2030,High
1007404,Minerals,2024,73240.58092046752,-0.022067231457071457,0.2,2030,High
1007404,Minerals,2025,71624.36406924519,-0.022067231457071457,0.2,2030,High
1007404,Minerals,2026,70043.8126493636,-0.022067231457071457,0.2,2030,High
1007404,Minerals,2027,68498.13962349434,-0.022067231457071457,0.2,2030,High
1007404,Minerals,2028,66986.5753220439,-0.022067231457071457,0.2,2030,High
1007411,Power Plants,2024,174949.42143810674,-0.11644604222876276,0.8,2035,Medium
1007411,Power Plants,2025,154577.25372142735,-0.11644604222876276,0.8,2035,Medium
1007411,Power Plants,2026,136577.34430697587,-0.11644604222876276,0.8,2035,Medium
1007411,Power Plants,2027,120673.45310431346,-0.11644604222876276,0.8,2035,Medium
1007411,Power Plants,2028,106621.50708823795,-0.11644604222876276,0.8,2035,Medium
1007424,Waste,2024,45710.12326585149,-0.038541867469075175,0.325,2030,High
1007424,Waste,2025,43948.36975294395,-0.038541867469075175,0.325,2030,High
1007424,Waste,2026,42254.51751044408,-0.038541867469075175,0.325,2030,High
1007424,Waste,2027,40625.94949658683,-0.038541867469075175,0.325,2030,High
1007424,Waste,2028,39060.149535284036,-0.038541867469075175,0.325,2030,High
1007429,Power Plants,2024,6817808.975563911,-0.11644604222876276,0.8,2035,Medium
1007429,Power Plants,2025,6023902.103687758,-0.11644604222876276,0.8,2035,Medium
1007429,Power Plants,2026,5322442.5449398,-0.11644604222876276,0.8,2035,Medium
1007429,Power Plants,2027,4702665.175591577,-0.11644604222876276,0.8,2035,Medium
1007429,Power Plants,2028,4155058.427966908,-0.11644604222876276,0.8,2035,Medium
1007437,Petroleum and Natural Gas Systems,2024,74908.38793812158,-0.12944943670387588,0.75,2030,High
1007437,Petroleum and Natural Gas Systems,2025,65211.53931513634,-0.12944943670387588,0.75,2030,High
1007437,Petroleum and Natural Gas Systems,2026,56769.942284199285,-0.12944943670387588,0.75,2030,High
1007437,Petroleum and Natural Gas Systems,2027,49421.10523379814,-0.12944943670387588,0.75,2030,High
1007437,Petroleum and Natural Gas Systems,2028,43023.570999999996,-0.12944943670387588,0.75,2030,High
1007438,Chemicals,2024,2118298.376975112,-0.045845005236247904,0.28,2030,Medium
1007438,Chemicals,2025,2021184.9767907525,-0.045845005236247904,0.28,2030,Medium
1007438,Chemicals,2026,1928523.740946355,-0.045845005236247904,0.28,2030,Medium
1007438,Chemicals,2027,1840110.5599444408,-0.045845005236247904,0.28,2030,Medium
1007438,Chemicals,2028,1755750.681688513,-0.045845005236247904,0.28,2030,Medium
1007440,Waste,2024,152315.6395427479,-0.038541867469075175,0.325,2030,High
1007440,Waste,2025,146445.1103500239,-0.038541867469075175,0.325,2030,High
1007440,Waste,2026,140800.84231541917,-0.038541867469075175,0.325,2030,High
1007440,Waste,2027,135374.11491136416,-0.038541867469075175,0.325,2030,High
1007440,Waste,2028,130156.543715707,-0.038541867469075175,0.325,2030,High
1007457,Power Plants,2024,1073702.7550442778,-0.11644604222876276,0.8,2035,Medium
1007457,Power Plants,2025,948674.3186892528,-0.11644604222876276,0.8,2035,Medium
1007457,Power Plants,2026,838204.9489138214,-0.11644604222876276,0.8,2035,Medium
1007457,Power Plants,2027,740599.3000362446,-0.11644604222876276,0.8,2035,Medium
1007457,Power Plants,2028,654359.4426696319,-0.11644604222876276,0.8,2035,Medium
1007469,Power Plants,2024,1077815.7358269691,-0.11644604222876276,0.8,2035,Medium
1007469,Power Plants,2025,952308.359138037,-0.11644604222876276,0.8,2035,Medium
1007469,Power Plants,2026,841415.8197350453,-0.11644604222876276,0.8,2035,Medium
1007469,Power Plants,2027,743436.2776582291,-0.11644604222876276,0.8,2035,Medium
1007469,Power Plants,2028,656866.0654756448,-0.11644604222876276,0.8,2035,Medium
1007504,Power Plants,2024,11298842.804056779,-0.11644604222876276,0.8,2035,Medium
1007504,Power Plants,2025,9983137.2777594309,-0.11644604222876276,0.8,2035,Medium
1007504,Power Plants,2026,8820640.45273792,-0.11644604222876276,0.8,2035,Medium
1007504,Power Plants,2027,7793511.782093667,-0.11644604222876276,0.8,2035,Medium
1007504,Power Plants,2028,6885988.180005628,-0.11644604222876276,0.8,2035,Medium
1007505,Power Plants,2024,10848799.96584326,-0.11644604222876276,0.8,2035,Medium
1007505,Power Plants,2025,9585500.146889275,-0.11644604222876276,0.8,2035,Medium
1007505,Power Plants,2026,8469306.592000796,-0.11644604222876276,0.8,2035,Medium
1007505,Power Plants,2027,7483089.358940332,-0.11644604222876276,0.8,2035,Medium
1007505,Power Plants,2028,6611713.219447561,-0.11644604222876276,0.8,2035,Medium
1007506,Chemicals,2024,922710.6623382035,-0.045845005236247904,0.28,2030,Medium
1007506,Chemicals,2025,880408.9871917667,-0.045845005236247904,0.28,2030,Medium
1007506,Chemicals,2026,840046.6325639206,-0.045845005236247904,0.28,2030,Medium
1007506,Chemicals,2027,801534.6902953351,-0.045845005236247904,0.28,2030,Medium
1007506,Chemicals,2028,764788.3282217112,-0.045845005236247904,0.28,2030,Medium
1007514,Chemicals,2024,58870.85556646629,-0.045845005236247904,0.28,2030,Medium
1007514,Chemicals,2025,56171.920884759245,-0.045845005236247904,0.28,2030,Medium
1007514,Chemicals,2026,53596.718877667365,-0.045845005236247904,0.28,2030,Medium
1007514,Chemicals,2027,51139.57702007499,-0.045845005236247904,0.28,2030,Medium
1007514,Chemicals,2028,48795.08284381015,-0.045845005236247904,0.28,2030,Medium
1007518,Chemicals,2024,4004595.7035355084,-0.045845005236247904,0.28,2030,Medium
1007518,Chemicals,2025,3821004.992537867,-0.045845005236247904,0.28,2030,Medium
1007518,Chemicals,2026,3645830.9986472395,-0.045845005236247904,0.28,2030,Medium
1007518,Chemicals,2027,3478687.8574237814,-0.045845005236247904,0.28,2030,Medium
1007518,Chemicals,2028,3319207.3943849164,-0.045845005236247904,0.28,2030,Medium
1007520,Waste,2024,69966.6504998284,-0.038541867469075175,0.325,2030,High
1007520,Waste,2025,67270.00512900892,-0.038541867469075175,0.325,2030,High
1007520,Waste,2026,64677.29350668265,-0.038541867469075175,0.325,2030,High
1007520,Waste,2027,62184.509832089614,-0.038541867469075175,0.325,2030,High
1007520,Waste,2028,59787.80269551181,-0.038541867469075175,0.325,2030,High
1007539,Chemicals,2024,34166.68356547878,-0.045845005236247904,0.28,2030,Medium
1007539,Chemicals,2025,32600.311778514177,-0.045845005236247904,0.28,2030,Medium
1007539,Chemicals,2026,31105.750314324883,-0.045845005236247904,0.28,2030,Medium
1007539,Chemicals,2027,29679.707028287237,-0.045845005236247904,0.28,2030,Medium
1007539,Chemicals,2028,28319.04070416511,-0.045845005236247904,0.28,2030,Medium
1007543,Waste,2024,59990.18017926705,-0.038541867469075175,0.325,2030,High
1007543,Waste,2025,57678.0466053518,-0.038541867469075175,0.325,2030,High
1007543,Waste,2026,55455.026977213194,-0.038541867469075175,0.325,2030,High
1007543,Waste,2027,53317.68667696346,-0.038541867469075175,0.325,2030,High
1007543,Waste,2028,51262.72346330225,-0.038541867469075175,0.325,2030,High
1007546,Waste,2024,82597.28175981308,-0.038541867469075175,0.325,2030,High
1007546,Waste,2025,79413.8282729205,-0.038541867469075175,0.325,2030,High
1007546,Waste,2026,76353.07102841372,-0.038541867469075175,0.325,2030,High
1007546,Waste,2027,73410.2810839797,-0.038541867469075175,0.325,2030,High
1007546,Waste,2028,70580.9117595734,-0.038541867469075175,0.325,2030,High
1007552,Minerals,2024,598861.5595778205,-0.022067231457071457,0.2,2030,High
1007552,Minerals,2025,585646.3429318739,-0.022067231457071457,0.2,2030,High
1007552,Minerals,2026,572722.7495304088,-0.022067231457071457,0.2,2030,High
1007552,Minerals,2027,560084.3440557909,-0.022067231457071457,0.2,2030,High
1007552,Minerals,2028,547724.8332000298,-0.022067231457071457,0.2,2030,High
1007554,Waste,2024,47073.470897780346,-0.038541867469075175,0.325,2030,High
1007554,Waste,2025,45259.171421128725,-0.038541867469075175,0.325,2030,High
1007554,Waste,2026,43514.79843445543,-0.038541867469075175,0.325,2030,High
1007554,Waste,2027,41837.65684025113,-0.038541867469075175,0.325,2030,High
1007554,Waste,2028,40225.15541509753,-0.038541867469075175,0.325,2030,High
1007561,Minerals,2024,34196.204404628304,-0.022067231457071457,0.2,2030,High
1007561,Minerals,2025,33441.58884707804,-0.022067231457071457,0.2,2030,High
1007561,Minerals,2026,32703.625565697355,-0.022067231457071457,0.2,2030,High
1007561,Minerals,2027,31981.94709085371,-0.022067231457071457,0.2,2030,High
1007561,Minerals,2028,31276.194061952032,-0.022067231457071457,0.2,2030,High
1007562,Chemicals,2024,428658.0968657739,-0.045845005236247904,0.28,2030,Medium
1007562,Chemicals,2025,409006.2641704024,-0.045845005236247904,0.28,2030,Medium
1007562,Chemicals,2026,390255.36984785215,-0.045845005236247904,0.28,2030,Medium
1007562,Chemicals,2027,372364.1103737035,-0.045845005236247904,0.28,2030,Medium
1007562,Chemicals,2028,355293.07578383025,-0.045845005236247904,0.28,2030,Medium
1007563,Minerals,2024,2902358.453628934,-0.022067231457071457,0.2,2030,High
1007563,Minerals,2025,2838311.4378613164,-0.022067231457071457,0.2,2030,High
1007563,Minerals,2026,2775677.762414777,-0.022067231457071457,0.2,2030,High
1007563,Minerals,2027,2714426.238781324,-0.022067231457071457,0.2,2030,High
1007563,Minerals,2028,2654526.366696989,-0.022067231457071457,0.2,2030,High
1007579,Waste,2024,15547.979825690718,-0.038541867469075175,0.325,2030,High
1007579,Waste,2025,14948.73164783709,-0.038541867469075175,0.325,2030,High
1007579,Waste,2026,14372.579613835385,-0.038541867469075175,0.325,2030,High
1007579,Waste,2027,13818.63355517021,-0.038541867469075175,0.325,2030,High
1007579,Waste,2028,13286.037612083126,-0.038541867469075175,0.325,2030,High
1007581,Waste,2024,16756.73075865739,-0.038541867469075175,0.325,2030,High
1007581,Waste,2025,16110.89506254224,-0.038541867469075175,0.325,2030,High
1007581,Waste,2026,15489.95108023356,-0.038541867469075175,0.325,2030,High
1007581,Waste,2027,14892.939438596743,-0.038541867469075175,0.325,2030,High
1007581,Waste,2028,14318.937740529384,-0.038541867469075175,0.325,2030,High
1007585,Waste,2024,24157.30860053226,-0.038541867469075175,0.325,2030,High
1007585,Waste,2025,23226.240814040993,-0.038541867469075175,0.325,2030,High
1007585,Waste,2026,22331.058118781402,-0.038541867469075175,0.325,2030,High
1007585,Waste,2027,21470.377436323113,-0.038541867469075175,0.325,2030,High
1007585,Waste,2028,20642.868994661327,-0.038541867469075175,0.325,2030,High
1007593,Metals,2024,83043.5113336509,-0.029125207089559013,0.6,2050,Medium
1007593,Metals,2025,80624.85186861418,-0.029125207089559013,0.6,2050,Medium
1007593,Metals,2026,78276.63636137577,-0.029125207089559013,0.6,2050,Medium
1007593,Metals,2027,75996.8131170766,-0.029125207089559013,0.6,2050,Medium
1007593,Metals,2028,73783.39019689523,-0.029125207089559013,0.6,2050,Medium
1007597,Power Plants,2024,392393.11424457334,-0.11644604222876276,0.8,2035,Medium
1007597,Power Plants,2025,346700.48909297405,-0.11644604222876276,0.8,2035,Medium
1007597,Power Plants,2026,306328.5892993209,-0.11644604222876276,0.8,2035,Medium
1007597,Power Plants,2027,270657.83745389484,-0.11644604222876276,0.8,2035,Medium
1007597,Power Plants,2028,239140.803484193,-0.11644604222876276,0.8,2035,Medium
1007605,Waste,2024,180032.12193118976,-0.038541867469075175,0.325,2030,High
1007605,Waste,2025,173093.34774754144,-0.038541867469075175,0.325,2030,High
1007605,Waste,2026,166422.00687887718,-0.038541867469075175,0.325,2030,High
1007605,Waste,2027,160007.79194581398,-0.038541867469075175,0.325,2030,High
1007605,Waste,2028,153840.79283461906,-0.038541867469075175,0.325,2030,High
1007614,Waste,2024,17604.0580421081,-0.038541867469075175,0.325,2030,High
1007614,Waste,2025,16925.564770131263,-0.038541867469075175,0.325,2030,High
1007614,Waste,2026,16273.221895921617,-0.038541867469075175,0.325,2030,High
1007614,Waste,2027,15646.021534314154,-0.038541867469075175,0.325,2030,High
1007614,Waste,2028,15042.994645920322,-0.038541867469075175,0.325,2030,High
1007617,Waste,2024,39790.2986313851,-0.038541867469075175,0.325,2030,High
1007617,Waste,2025,38256.70621497933,-0.038541867469075175,0.325,2030,High
1007617,Waste,2026,36782.22131423825,-0.038541867469075175,0.325,2030,High
1007617,Waste,2027,35364.56581512669,-0.038541867469075175,0.325,2030,High
1007617,Waste,2028,34001.54940637869,-0.038541867469075175,0.325,2030,High
1007625,Petroleum Product Suppliers,2024,1525366.1265875997,-0.027507527533926934,0.2,2030,Low
1007625,Petroleum Product Suppliers,2025,1483407.0758611718,-0.027507527533926934,0.2,2030,Low
1007625,Petroleum Product Suppliers,2026,1442602.2148778986,-0.027507527533926934,0.2,2030,Low
1007625,Petroleum Product Suppliers,2027,1402919.7947316407,-0.027507527533926934,0.2,2030,Low
1007625,Petroleum Product Suppliers,2028,1364328.939850169,-0.027507527533926934,0.2,2030,Low
1007636,Waste,2024,56338.65833772785,-0.038541867469075175,0.325,2030,High
1007636,Waste,2025,54167.261234689635,-0.038541867469075175,0.325,2030,High
1007636,Waste,2026,52079.55383101946,-0.038541867469075175,0.325,2030,High
1007636,Waste,2027,50072.31056941574,-0.038541867469075175,0.325,2030,High
1007636,Waste,2028,48142.43021157895,-0.038541867469075175,0.325,2030,High
1007638,Waste,2024,84735.70886528173,-0.038541867469075175,0.325,2030,High
1007638,Waste,2025,81469.83640429791,-0.038541867469075175,0.325,2030,High
1007638,Waste,2026,78329.83676687622,-0.038541867469075175,0.325,2030,High
1007638,Waste,2027,75310.85857933298,-0.038541867469075175,0.325,2030,High
1007638,Waste,2028,72408.23744898607,-0.038541867469075175,0.325,2030,High
1007639,Power Plants,2024,8354432.151285504,-0.11644604222876276,0.8,2035,Medium
1007639,Power Plants,2025,7381591.592199579,-0.11644604222876276,0.8,2035,Medium
1007639,Power Plants,2026,6522034.465938827,-0.11644604222876276,0.8,2035,Medium
1007639,Power Plants,2027,5762569.365100668,-0.11644604222876276,0.8,2035,Medium
1007639,Power Plants,2028,5091540.96946598,-0.11644604222876276,0.8,2035,Medium
1007642,Metals,2024,364482.742906593,-0.029125207089559013,0.6,2050,Medium
1007642,Metals,2025,353867.107538868,-0.029125207089559013,0.6,2050,Medium
1007642,Metals,2026,343560.6547496152,-0.029125207089559013,0.6,2050,Medium
1007642,Metals,2027,333554.3795322082,-0.029125207089559013,0.6,2050,Medium
1007642,Metals,2028,323839.53915270325,-0.029125207089559013,0.6,2050,Medium
1007643,Chemicals,2024,5643695.011864646,-0.045845005236247904,0.28,2030,Medium
1007643,Chemicals,2025,5384959.784493926,-0.045845005236247904,0.28,2030,Medium
1007643,Chemicals,2026,5138086.274976818,-0.045845005236247904,0.28,2030,Medium
1007643,Chemicals,2027,4902530.682796212,-0.045845005236247904,0.28,2030,Medium
1007643,Chemicals,2028,4677774.137972553,-0.045845005236247904,0.28,2030,Medium
1007645,Waste,2024,46135.75885820667,-0.038541867469075175,0.325,2030,High
1007645,Waste,2025,44357.60055470845,-0.038541867469075175,0.325,2030,High
1007645,Waste,2026,42647.9757928827,-0.038541867469075175,0.325,2030,High
1007645,Waste,2027,41004.2431620491,-0.038541867469075175,0.325,2030,High
1007645,Waste,2028,39423.86305642767,-0.038541867469075175,0.325,2030,High
1007647,Waste,2024,5351.08561366532,-0.038541867469075175,0.325,2030,High
1007647,Waste,2025,5144.8447811277565,-0.038541867469075175,0.325,2030,High
1007647,Waste,2026,4946.5528554245675,-0.038541867469075175,0.325,2030,High
1007647,Waste,2027,4755.903470842019,-0.038541867469075175,0.325,2030,High
1007647,Waste,2028,4572.602069573111,-0.038541867469075175,0.325,2030,High
1007652,Waste,2024,13141.209755432681,-0.038541867469075175,0.325,2030,High
1007652,Waste,2025,12634.722990655475,-0.038541867469075175,0.325,2030,High
1007652,Waste,2026,12147.757171641157,-0.038541867469075175,0.325,2030,High
1007652,Waste,2027,11679.559924685256,-0.038541867469075175,0.325,2030,High
1007652,Waste,2028,11229.407873970915,-0.038541867469075175,0.325,2030,High
1007658,Petroleum Product Suppliers,2024,143940.47803525062,-0.027507527533926934,0.2,2030,Low
1007658,Petroleum Product Suppliers,2025,139981.03137244936,-0.027507527533926934,0.2,2030,Low
1007658,Petroleum Product Suppliers,2026,136130.49929774422,-0.027507527533926934,0.2,2030,Low
1007658,Petroleum Product Suppliers,2027,132385.88584010428,-0.027507527533926934,0.2,2030,Low
1007658,Petroleum Product Suppliers,2028,128744.27744025431,-0.027507527533926934,0.2,2030,Low
1007662,Waste,2024,70919.55550081235,-0.038541867469075175,0.325,2030,High
1007662,Waste,2025,68186.1833917343,-0.038541867469075175,0.325,2030,High
1007662,Waste,2026,65558.16054822803,-0.038541867469075175,0.325,2030,High
1007662,Waste,2027,63031.42661286188,-0.038541867469075175,0.325,2030,High
1007662,Waste,2028,60602.07772196222,-0.038541867469075175,0.325,2030,High
1007665,Waste,2024,29279.957530657026,-0.038541867469075175,0.325,2030,High
1007665,Waste,2025,28151.453288010292,-0.038541867469075175,0.325,2030,High
1007665,Waste,2026,27066.44370632194,-0.038541867469075175,0.325,2030,High
1007665,Waste,2027,26023.252420133696,-0.038541867469075175,0.325,2030,High
1007665,Waste,2028,25020.267674242616,-0.038541867469075175,0.325,2030,High
1007668,Waste,2024,98679.70924055002,-0.038541867469075175,0.325,2030,High
1007668,Waste,2025,94876.40896511386,-0.038541867469075175,0.325,2030,High
1007668,Waste,2026,91219.69498483867,-0.038541867469075175,0.325,2030,High
1007668,Waste,2027,87703.91759016356,-0.038541867469075175,0.325,2030,High
1007668,Waste,2028,84323.6448218848,-0.038541867469075175,0.325,2030,High
1007677,Waste,2024,154459.38928043825,-0.038541867469075175,0.325,2030,High
1007677,Waste,2025,148506.2359694373,-0.038541867469075175,0.325,2030,High
1007677,Waste,2026,142782.52830437204,-0.038541867469075175,0.325,2030,High
1007677,Waste,2027,137279.42302156545,-0.038541867469075175,0.325,2030,High
1007677,Waste,2028,131988.4176932372,-0.038541867469075175,0.325,2030,High
1007681,Waste,2024,15192.240316654275,-0.038541867469075175,0.325,2030,High
1007681,Waste,2025,14606.703003811446,-0.038541867469075175,0.325,2030,High
1007681,Waste,2026,14043.733392478403,-0.038541867469075175,0.325,2030,High
1007681,Waste,2027,13502.461681294475,-0.038541867469075175,0.325,2030,High
1007681,Waste,2028,12982.051592667758,-0.038541867469075175,0.325,2030,High
1007689,Waste,2024,39530.54341063548,-0.038541867469075175,0.325,2030,High
1007689,Waste,2025,38006.962445522244,-0.038541867469075175,0.325,2030,High
1007689,Waste,2026,36542.10313604481,-0.038541867469075175,0.325,2030,High
1007689,Waste,2027,35133.70223993409,-0.038541867469075175,0.325,2030,High
1007689,Waste,2028,33779.583744504605,-0.038541867469075175,0.325,2030,High
1007692,Waste,2024,17041.50888876426,-0.038541867469075175,0.325,2030,High
1007692,Waste,2025,16384.697311700438,-0.038541867469075175,0.325,2030,High
1007692,Waste,2026,15753.20047939197,-0.038541867469075175,0.325,2030,High
1007692,Waste,2027,15146.042714301473,-0.038541867469075175,0.325,2030,High
1007692,Waste,2028,14562.285943325915,-0.038541867469075175,0.325,2030,High
1007694,Chemicals,2024,135237.45969581875,-0.045845005236247904,0.28,2030,Medium
1007694,Chemicals,2025,129037.49764792706,-0.045845005236247904,0.28,2030,Medium
1007694,Chemicals,2026,123121.77289258553,-0.045845005236247904,0.28,2030,Medium
1007694,Chemicals,2027,117477.25456962881,-0.045845005236247904,0.28,2030,Medium
1007694,Chemicals,2028,112091.50921874416,-0.045845005236247904,0.28,2030,Medium
1007695,Metals,2024,184695.80312401126,-0.029125207089559013,0.6,2050,Medium
1007695,Metals,2025,179316.499609452,-0.029125207089559013,0.6,2050,Medium
1007695,Metals,2026,174093.8694237519,-0.029125207089559013,0.6,2050,Medium
1007695,Metals,2027,169023.34942376247,-0.029125207089559013,0.6,2050,Medium
1007695,Metals,2028,164100.50936882448,-0.029125207089559013,0.6,2050,Medium
1007704,Waste,2024,17052.55411979077,-0.038541867469075175,0.325,2030,High
1007704,Waste,2025,16395.316838896564,-0.038541867469075175,0.325,2030,High
1007704,Waste,2026,15763.410710178316,-0.038541867469075175,0.325,2030,High
1007704,Waste,2027,15155.859423726024,-0.038541867469075175,0.325,2030,High
1007704,Waste,2028,14571.72429843684,-0.038541867469075175,0.325,2030,High
1007709,Waste,2024,42163.08884832323,-0.038541867469075175,0.325,2030,High
1007709,Waste,2025,40538.0446658443,-0.038541867469075175,0.325,2030,High
1007709,Waste,2026,38975.63272087789,-0.038541867469075175,0.325,2030,High
1007709,Waste,2027,37473.43905002646,-0.038541867469075175,0.325,2030,High
1007709,Waste,2028,36029.14272854988,-0.038541867469075175,0.325,2030,High
1007711,Waste,2024,24509.00998541207,-0.038541867469075175,0.325,2030,High
1007711,Waste,2025,23564.386970756077,-0.038541867469075175,0.325,2030,High
1007711,Waste,2026,22656.171491139197,-0.038541867469075175,0.325,2030,High
1007711,Waste,2027,21782.96033217107,-0.038541867469075175,0.325,2030,High
1007711,Waste,2028,20943.40436196441,-0.038541867469075175,0.325,2030,High
1007717,Chemicals,2024,29223.462251146375,-0.045845005236247904,0.28,2030,Medium
1007717,Chemicals,2025,27883.712471221275,-0.045845005236247904,0.28,2030,Medium
1007717,Chemicals,2026,26605.38352697211,-0.045845005236247904,0.28,2030,Medium
1007717,Chemicals,2027,25385.659579865685,-0.045845005236247904,0.28,2030,Medium
1007717,Chemicals,2028,24221.85388350114,-0.045845005236247904,0.28,2030,Medium
1007723,Waste,2024,32338.68274600296,-0.038541867469075175,0.325,2030,High
1007723,Waste,2025,31092.289521482042,-0.038541867469075175,0.325,2030,High
1007723,Waste,2026,29893.93461943497,-0.038541867469075175,0.325,2030,High
1007723,Waste,2027,28741.76655320351,-0.038541867469075175,0.325,2030,High
1007723,Waste,2028,27634.00519588284,-0.038541867469075175,0.325,2030,High
1007724,Waste,2024,105478.72580389546,-0.038541867469075175,0.325,2030,High
1007724,Waste,2025,101413.37873315481,-0.038541867469075175,0.325,2030,High
1007724,Waste,2026,97504.71773043044,-0.038541867469075175,0.325,2030,High
1007724,Waste,2027,93746.7038220546,-0.038541867469075175,0.325,2030,High
1007724,Waste,2028,90133.53078768232,-0.038541867469075175,0.325,2030,High
1007725,Waste,2024,28370.92386426048,-0.038541867469075175,0.325,2030,High
1007725,Waste,2025,27277.45547670893,-0.038541867469075175,0.325,2030,High
1007725,Waste,2026,26226.131402832016,-0.038541867469075175,0.325,2030,High
1007725,Waste,2027,25215.327322077515,-0.038541867469075175,0.325,2030,High
1007725,Waste,2028,24243.481518240653,-0.038541867469075175,0.325,2030,High
1007726,Waste,2024,21576.820351972267,-0.038541867469075175,0.325,2030,High
1007726,Waste,2025,20745.209401562508,-0.038541867469075175,0.325,2030,High
1007726,Waste,2026,19945.650290189275,-0.038541867469075175,0.325,2030,High
1007726,Waste,2027,19176.90768012028,-0.038541867469075175,0.325,2030,High
1007726,Waste,2028,18437.793845846394,-0.038541867469075175,0.325,2030,High
1007739,Chemicals,2024,407778.5044048077,-0.045845005236247904,0.28,2030,Medium
1007739,Chemicals,2025,389083.89673513995,-0.045845005236247904,0.28,2030,Medium
1007739,Chemicals,2026,371246.34345197777,-0.045845005236247904,0.28,2030,Medium
1007739,Chemicals,2027,354226.5528924839,-0.045845005236247904,0.28,2030,Medium
1007739,Chemicals,2028,337987.03472030995,-0.045845005236247904,0.28,2030,Medium
1007741,Chemicals,2024,520282.7270980927,-0.045845005236247904,0.28,2030,Medium
1007741,Chemicals,2025,496430.3627499513,-0.045845005236247904,0.28,2030,Medium
1007741,Chemicals,2026,473671.5101702474,-0.045845005236247904,0.28,2030,Medium
1007741,Chemicals,2027,451956.0373062309,-0.045845005236247904,0.28,2030,Medium
1007741,Chemicals,2028,431236.11040937295,-0.045845005236247904,0.28,2030,Medium
1007750,Chemicals,2024,63848.743240068456,-0.045845005236247904,0.28,2030,Medium
1007750,Chemicals,2025,60921.59727189967,-0.045845005236247904,0.28,2030,Medium
1007750,Chemicals,2026,58128.646325968846,-0.045845005236247904,0.28,2030,Medium
1007750,Chemicals,2027,55463.7382307788,-0.045845005236247904,0.28,2030,Medium
1007750,Chemicals,2028,52921.00286116687,-0.045845005236247904,0.28,2030,Medium
1007755,Waste,2024,55453.780345453015,-0.038541867469075175,0.325,2030,High
1007755,Waste,2025,53316.48809271936,-0.038541867469075175,0.325,2030,High
1007755,Waste,2026,51261.57107473325,-0.038541867469075175,0.325,2030,High
1007755,Waste,2027,49285.8543961143,-0.038541867469075175,0.325,2030,High
1007755,Waste,2028,47386.28552787913,-0.038541867469075175,0.325,2030,High
1007770,Chemicals,2024,463254.766563023,-0.045845005236247904,0.28,2030,Medium
1007770,Chemicals,2025,442016.84936422436,-0.045845005236247904,0.28,2030,Medium
1007770,Chemicals,2026,421752.58459061175,-0.045845005236247904,0.28,2030,Medium
1007770,Chemicals,2027,402417.335141654,-0.045845005236247904,0.28,2030,Medium
1007770,Chemicals,2028,383968.510304928,-0.045845005236247904,0.28,2030,Medium
1007785,Waste,2024,136519.36315433108,-0.038541867469075175,0.325,2030,High
1007785,Waste,2025,131257.6519526743,-0.038541867469075175,0.325,2030,High
1007785,Waste,2026,126198.73692681234,-0.038541867469075175,0.325,2030,High
1007785,Waste,2027,121334.80193341446,-0.038541867469075175,0.325,2030,High
1007785,Waste,2028,116658.33207791031,-0.038541867469075175,0.325,2030,High
1007786,Chemicals,2024,838798.7455418184,-0.045845005236247904,0.28,2030,Medium
1007786,Chemicals,2025,800344.0126602956,-0.045845005236247904,0.28,2030,Medium
1007786,Chemicals,2026,763652.2372090848,-0.045845005236247904,0.28,2030,Medium
1007786,Chemicals,2027,728642.5963955618,-0.045845005236247904,0.28,2030,Medium
1007786,Chemicals,2028,695237.9727484541,-0.045845005236247904,0.28,2030,Medium
1007792,Minerals,2024,1292130.117991628,-0.022067231457071457,0.2,2030,High
1007792,Minerals,2025,1263616.3836052536,-0.022067231457071457,0.2,2030,High
1007792,Minerals,2026,1235731.868395289,-0.022067231457071457,0.2,2030,High
1007792,Minerals,2027,1208462.6872365307,-0.022067231457071457,0.2,2030,High
1007792,Minerals,2028,1181795.2614100478,-0.022067231457071457,0.2,2030,High
1007793,Power Plants,2024,9878096.55035235,-0.11644604222876276,0.8,2035,Medium
1007793,Power Plants,2025,8727831.302310225,-0.11644604222876276,0.8,2035,Medium
1007793,Power Plants,2026,7711509.889915891,-0.11644604222876276,0.8,2035,Medium
1007793,Power Plants,2027,6813535.083627223,-0.11644604222876276,0.8,2035,Medium
1007793,Power Plants,2028,6020125.889552011,-0.11644604222876276,0.8,2035,Medium
1007795,Waste,2024,46879.29865916693,-0.038541867469075175,0.325,2030,High
1007795,Waste,2025,45072.48294320212,-0.038541867469075175,0.325,2030,High
1007795,Waste,2026,43335.30527910308,-0.038541867469075175,0.325,2030,High
1007795,Waste,2027,41665.08168630397,-0.038541867469075175,0.325,2030,High
1007795,Waste,2028,40059.23162986225,-0.038541867469075175,0.325,2030,High
1007798,Waste,2024,46705.12859554269,-0.038541867469075175,0.325,2030,High
1007798,Waste,2025,44905.02571908716,-0.038541867469075175,0.325,2030,High
1007798,Waste,2026,43174.3021691267,-0.038541867469075175,0.325,2030,High
1007798,Waste,2027,41510.283936854416,-0.038541867469075175,0.325,2030,High
1007798,Waste,2028,39910.40007475649,-0.038541867469075175,0.325,2030,High
1007799,Waste,2024,82962.05897529531,-0.038541867469075175,0.325,2030,High
1007799,Waste,2025,79764.54629330788,-0.038541867469075175,0.325,2030,High
1007799,Waste,2026,76690.2717213403,-0.038541867469075175,0.325,2030,High
1007799,Waste,2027,73734.48543248903,-0.038541867469075175,0.325,2030,High
1007799,Waste,2028,70892.62066704959,-0.038541867469075175,0.325,2030,High
1007803,Power Plants,2024,733353.9411879443,-0.11644604222876276,0.8,2035,Medium
1007803,Power Plants,2025,647957.7771837433,-0.11644604222876276,0.8,2035,Medium
1007803,Power Plants,2026,572505.65849935,-0.11644604222876276,0.8,2035,Medium
1007803,Power Plants,2027,505839.64041352895,-0.11644604222876276,0.8,2035,Medium
1007803,Power Plants,2028,446936.61628495296,-0.11644604222876276,0.8,2035,Medium
1007806,Metals,2024,21284.845366899386,-0.029125207089559013,0.6,2050,Medium
1007806,Metals,2025,20664.9198377192,-0.029125207089559013,0.6,2050,Medium
1007806,Metals,2026,20063.049767956494,-0.029125207089559013,0.6,2050,Medium
1007806,Metals,2027,19478.709288616632,-0.029125207089559013,0.6,2050,Medium
1007806,Metals,2028,18911.387846748356,-0.029125207089559013,0.6,2050,Medium
1007810,Waste,2024,76411.11399347296,-0.038541867469075175,0.325,2030,High
1007810,Waste,2025,73466.08696477213,-0.038541867469075175,0.325,2030,High
1007810,Waste,2026,70634.56677750434,-0.038541867469075175,0.325,2030,High
1007810,Waste,2027,67912.17866603023,-0.038541867469075175,0.325,2030,High
1007810,Waste,2028,65294.71647634794,-0.038541867469075175,0.325,2030,High
1007811,Waste,2024,28348.256527327932,-0.038541867469075175,0.325,2030,High
1007811,Waste,2025,27255.661781272313,-0.038541867469075175,0.325,2030,High
1007811,Waste,2026,26205.177677116582,-0.038541867469075175,0.325,2030,High
1007811,Waste,2027,25195.181192081585,-0.038541867469075175,0.325,2030,High
1007811,Waste,2028,24224.111857717042,-0.038541867469075175,0.325,2030,High
1007813,Waste,2024,12932.813705206603,-0.038541867469075175,0.325,2030,High
1007813,Waste,2025,12434.35891337829,-0.038541867469075175,0.325,2030,High
1007813,Waste,2026,11955.115500075952,-0.038541867469075175,0.325,2030,High
1007813,Waste,2027,11494.343022894538,-0.038541867469075175,0.325,2030,High
1007813,Waste,2028,11051.329577462047,-0.038541867469075175,0.325,2030,High
1007818,Waste,2024,41170.83905763987,-0.038541867469075175,0.325,2030,High
1007818,Waste,2025,39584.03803508968,-0.038541867469075175,0.325,2030,High
1007818,Waste,2026,38058.39528725043,-0.038541867469075175,0.325,2030,High
1007818,Waste,2027,36591.55366000355,-0.038541867469075175,0.325,2030,High
1007818,Waste,2028,35181.24684835214,-0.038541867469075175,0.325,2030,High
1007821,Petroleum and Natural Gas Systems,2024,32471.42806267558,-0.12944943670387588,0.75,2030,High
1007821,Petroleum and Natural Gas Systems,2025,28268.019990991797,-0.12944943670387588,0.75,2030,High
1007821,Petroleum and Natural Gas Systems,2026,24608.740726424006,-0.12944943670387588,0.75,2030,High
1007821,Petroleum and Natural Gas Systems,2027,21423.15310139669,-0.12944943670387588,0.75,2030,High
1007821,Petroleum and Natural Gas Systems,2028,18649.937999999995,-0.12944943670387588,0.75,2030,High
1007823,Minerals,2024,52818.63388365677,-0.022067231457071457,0.2,2030,High
1007823,Minerals,2025,51653.072864499794,-0.022067231457071457,0.2,2030,High
1007823,Minerals,2026,50513.2325501299,-0.022067231457071457,0.2,2030,High
1007823,Minerals,2027,49398.54535580131,-0.022067231457071457,0.2,2030,High
1007823,Minerals,2028,48308.4562217922,-0.022067231457071457,0.2,2030,High
1007825,Power Plants,2024,472901.619610817,-0.11644604222876276,0.8,2035,Medium
1007825,Power Plants,2025,417834.0976435655,-0.11644604222876276,0.8,2035,Medium
1007825,Power Plants,2026,369178.9706647459,-0.11644604222876276,0.8,2035,Medium
1007825,Power Plants,2027,326189.5406567477,-0.11644604222876276,0.8,2035,Medium
1007825,Power Plants,2028,288206.0596308513,-0.11644604222876276,0.8,2035,Medium
1007831,Waste,2024,50253.20138785409,-0.038541867469075175,0.325,2030,High
1007831,Waste,2025,48316.349160066675,-0.038541867469075175,0.325,2030,High
1007831,Waste,2026,46454.146834149826,-0.038541867469075175,0.325,2030,High
1007831,Waste,2027,44663.71726347906,-0.038541867469075175,0.325,2030,High
1007831,Waste,2028,42942.29419203381,-0.038541867469075175,0.325,2030,High
1007837,Waste,2024,61646.96483324434,-0.038541867469075175,0.325,2030,High
1007837,Waste,2025,59270.975684770696,-0.038541867469075175,0.325,2030,High
1007837,Waste,2026,56986.56159516549,-0.038541867469075175,0.325,2030,High
1007837,Waste,2027,54790.19309064634,-0.038541867469075175,0.325,2030,High
1007837,Waste,2028,52678.476729941605,-0.038541867469075175,0.325,2030,High
1007841,Waste,2024,22285.974564280692,-0.038541867469075175,0.325,2030,High
1007841,Waste,2025,21427.031486205004,-0.038541867469075175,0.325,2030,High
1007841,Waste,2026,20601.19367840799,-0.038541867469075175,0.325,2030,High
1007841,Waste,2027,19807.18520195004,-0.038541867469075175,0.325,2030,High
1007841,Waste,2028,19043.779294961056,-0.038541867469075175,0.325,2030,High
1007854,Waste,2024,15707.34151115772,-0.038541867469075175,0.325,2030,High
1007854,Waste,2025,15101.951236343175,-0.038541867469075175,0.325,2030,High
1007854,Waste,2026,14519.8938332676,-0.038541867469075175,0.325,2030,High
1007854,Waste,2027,13960.270009480759,-0.038541867469075175,0.325,2030,High
1007854,Waste,2028,13422.215132942847,-0.038541867469075175,0.325,2030,High
1007856,Waste,2024,218659.7677012305,-0.038541867469075175,0.325,2030,High
1007856,Waste,2025,210232.2119136709,-0.038541867469075175,0.325,2030,High
1007856,Waste,2026,202129.4698643637,-0.038541867469075175,0.325,2030,High
1007856,Waste,2027,194339.02262525697,-0.038541867469075175,0.325,2030,High
1007856,Waste,2028,186848.8337711647,-0.038541867469075175,0.325,2030,High
1007859,Waste,2024,22143.101885786597,-0.038541867469075175,0.325,2030,High
1007859,Waste,2025,21289.66538755038,-0.038541867469075175,0.325,2030,High
1007859,Waste,2026,20469.12192572246,-0.038541867469075175,0.325,2030,High
1007859,Waste,2027,19680.203741252924,-0.038541867469075175,0.325,2030,High
1007859,Waste,2028,18921.691936893156,-0.038541867469075175,0.325,2030,High
1007861,Chemicals,2024,680164.6229672969,-0.045845005236247904,0.28,2030,Medium
1007861,Chemicals,2025,648982.4722658505,-0.045845005236247904,0.28,2030,Medium
1007861,Chemicals,2026,619229.8674265896,-0.045845005236247904,0.28,2030,Medium
1007861,Chemicals,2027,590841.2709119765,-0.045845005236247904,0.28,2030,Medium
1007861,Chemicals,2028,563754.1497532255,-0.045845005236247904,0.28,2030,Medium
1007865,Petroleum and Natural Gas Systems,2024,31576.32971459563,-0.12944943670387588,0.75,2030,High
1007865,Petroleum and Natural Gas Systems,2025,27488.79161986537,-0.12944943670387588,0.75,2030,High
1007865,Petroleum and Natural Gas Systems,2026,23930.383029003573,-0.12944943670387588,0.75,2030,High
1007865,Petroleum and Natural Gas Systems,2027,20832.60842579107,-0.12944943670387588,0.75,2030,High
1007865,Petroleum and Natural Gas Systems,2028,18135.838999999996,-0.12944943670387588,0.75,2030,High
1007866,Metals,2024,96712.95851443014,-0.029125207089559013,0.6,2050,Medium
1007866,Metals,2025,93896.17356945343,-0.029125207089559013,0.6,2050,Medium
1007866,Metals,2026,91161.42806932592,-0.029125207089559013,0.6,2050,Medium
1007866,Metals,2027,88506.33259822687,-0.029125207089559013,0.6,2050,Medium
1007866,Metals,2028,85928.56733256612,-0.029125207089559013,0.6,2050,Medium
1007868,Chemicals,2024,386238.31990800676,-0.045845005236247904,0.28,2030,Medium
1007868,Chemicals,2025,368531.2221093846,-0.045845005236247904,0.28,2030,Medium
1007868,Chemicals,2026,351635.906302059,-0.045845005236247904,0.28,2030,Medium
1007868,Chemicals,2027,335515.1563363883,-0.045845005236247904,0.28,2030,Medium
1007868,Chemicals,2028,320133.4622373061,-0.045845005236247904,0.28,2030,Medium
1007874,Power Plants,2024,177059.6151225597,-0.11644604222876276,0.8,2035,Medium
1007874,Power Plants,2025,156441.72370298964,-0.11644604222876276,0.8,2035,Medium
1007874,Power Plants,2026,138224.70413833088,-0.11644604222876276,0.8,2035,Medium
1007874,Power Plants,2027,122128.98440318054,-0.11644604222876276,0.8,2035,Medium
1007874,Power Plants,2028,107907.54752801187,-0.11644604222876276,0.8,2035,Medium
1007875,Waste,2024,249611.5970868805,-0.038541867469075175,0.325,2030,High
1007875,Waste,2025,239991.09999321375,-0.038541867469075175,0.325,2030,High
1007875,Waste,2026,230741.39482351777,-0.038541867469075175,0.325,2030,High
1007875,Waste,2027,221848.1905646002,-0.038541867469075175,0.325,2030,High
1007875,Waste,2028,213297.74700560526,-0.038541867469075175,0.325,2030,High
1007884,Waste,2024,166442.61693813445,-0.038541867469075175,0.325,2030,High
1007884,Waste,2025,160027.6076548988,-0.038541867469075175,0.325,2030,High
1007884,Waste,2026,153859.84480927055,-0.038541867469075175,0.325,2030,High
1007884,Waste,2027,147929.79906181918,-0.038541867469075175,0.325,2030,High
1007884,Waste,2028,142228.30835165162,-0.038541867469075175,0.325,2030,High
1007885,Minerals,2024,102921.1201345172,-0.022067231457071457,0.2,2030,High
1007885,Minerals,2025,100649.93595468775,-0.022067231457071457,0.2,2030,High
1007885,Minerals,2026,98428.87052183624,-0.022067231457071457,0.2,2030,High
1007885,Minerals,2027,96256.81785397277,-0.022067231457071457,0.2,2030,High
1007885,Minerals,2028,94132.69637506799,-0.022067231457071457,0.2,2030,High
1007887,Power Plants,2024,150494.30366711575,-0.11644604222876276,0.8,2035,Medium
1007887,Power Plants,2025,132969.83762710652,-0.11644604222876276,0.8,2035,Medium
1007887,Power Plants,2026,117486.02629962876,-0.11644604222876276,0.8,2035,Medium
1007887,Power Plants,2027,103805.24351985265,-0.11644604222876276,0.8,2035,Medium
1007887,Power Plants,2028,91717.53374937289,-0.11644604222876276,0.8,2035,Medium
1007897,Waste,2024,58499.13552400798,-0.038541867469075175,0.325,2030,High
1007897,Waste,2025,56244.46959558619,-0.038541867469075175,0.325,2030,High
1007897,Waste,2026,54076.70270256468,-0.038541867469075175,0.325,2030,High
1007897,Waste,2027,51992.48559383786,-0.038541867469075175,0.325,2030,High
1007897,Waste,2028,49988.59810469236,-0.038541867469075175,0.325,2030,High
1007898,Waste,2024,64632.64422842938,-0.038541867469075175,0.325,2030,High
1007898,Waste,2025,62141.581420401366,-0.038541867469075175,0.325,2030,High
1007898,Waste,2026,59746.52882497751,-0.038541867469075175,0.325,2030,High
1007898,Waste,2027,57443.786029267954,-0.038541867469075175,0.325,2030,High
1007898,Waste,2028,55229.795241206,-0.038541867469075175,0.325,2030,High
1007899,Waste,2024,46589.37672805102,-0.038541867469075175,0.325,2030,High
1007899,Waste,2025,44793.73514473166,-0.038541867469075175,0.325,2030,High
1007899,Waste,2026,43067.300941338566,-0.038541867469075175,0.325,2030,High
1007899,Waste,2027,41407.406736206714,-0.038541867469075175,0.325,2030,High
1007899,Waste,2028,39811.48795354175,-0.038541867469075175,0.325,2030,High
1007902,Waste,2024,8488.713852115536,-0.038541867469075175,0.325,2030,High
1007902,Waste,2025,8161.542967844395,-0.038541867469075175,0.325,2030,High
1007902,Waste,2026,7846.981860434575,-0.038541867469075175,0.325,2030,High
1007902,Waste,2027,7544.544525537469,-0.038541867469075175,0.325,2030,High
1007902,Waste,2028,7253.763690319667,-0.038541867469075175,0.325,2030,High
1007903,Petroleum and Natural Gas Systems,2024,40838.07069567163,-0.12944943670387588,0.75,2030,High
1007903,Petroleum and Natural Gas Systems,2025,35551.60544804388,-0.12944943670387588,0.75,2030,High
1007903,Petroleum and Natural Gas Systems,2026,30949.470148876157,-0.12944943670387588,0.75,2030,High
1007903,Petroleum and Natural Gas Systems,2027,26943.078671820716,-0.12944943670387588,0.75,2030,High
1007903,Petroleum and Natural Gas Systems,2028,23455.31231468531,-0.12944943670387588,0.75,2030,High
1007909,Chemicals,2024,1154904.1333740933,-0.045845005236247904,0.28,2030,Medium
1007909,Chemicals,2025,1101957.5473321935,-0.045845005236247904,0.28,2030,Medium
1007909,Chemicals,2026,1051438.2978046264,-0.045845005236247904,0.28,2030,Medium
1007909,Chemicals,2027,1003235.1035361816,-0.045845005236247904,0.28,2030,Medium
1007909,Chemicals,2028,957241.7849613777,-0.045845005236247904,0.28,2030,Medium
1007913,Petroleum Product Suppliers,2024,2176902.6488486654,-0.027507527533926934,0.2,2030,Low
1007913,Petroleum Product Suppliers,2025,2117021.439296782,-0.027507527533926934,0.2,2030,Low
1007913,Petroleum Product Suppliers,2026,2058787.4137654125,-0.027507527533926934,0.2,2030,Low
1007913,Petroleum Product Suppliers,2027,2002155.262294758,-0.027507527533926934,0.2,2030,Low
1007913,Petroleum Product Suppliers,2028,1947080.9212899883,-0.027507527533926934,0.2,2030,Low
1007916,Chemicals,2024,94160.3429303433,-0.045845005236247904,0.28,2030,Medium
1007916,Chemicals,2025,89843.56151565482,-0.045845005236247904,0.28,2030,Medium
1007916,Chemicals,2026,85724.68296752646,-0.045845005236247904,0.28,2030,Medium
1007916,Chemicals,2027,81794.63442800452,-0.045845005236247904,0.28,2030,Medium
1007916,Chemicals,2028,78044.75898435566,-0.045845005236247904,0.28,2030,Medium
1007925,Waste,2024,32394.168494831316,-0.038541867469075175,0.325,2030,High
1007925,Waste,2025,31145.636745932636,-0.038541867469075175,0.325,2030,High
1007925,Waste,2026,29945.225742230945,-0.038541867469075175,0.325,2030,High
1007925,Waste,2027,28791.080820342344,-0.038541867469075175,0.325,2030,High
1007925,Waste,2028,27681.418799073275,-0.038541867469075175,0.325,2030,High
1007927,Minerals,2024,1392723.040334361,-0.022067231457071457,0.2,2030,High
1007927,Minerals,2025,1361989.4986477064,-0.022067231457071457,0.2,2030,High
1007927,Minerals,2026,1331934.1611389467,-0.022067231457071457,0.2,2030,High
1007927,Minerals,2027,1302542.0617195133,-0.022067231457071457,0.2,2030,High
1007927,Minerals,2028,1273798.5645609777,-0.022067231457071457,0.2,2030,High
1007929,Metals,2024,779563.9887539229,-0.029125207089559013,0.6,2050,Medium
1007929,Metals,2025,756859.0261419022,-0.029125207089559013,0.6,2050,Medium
1007929,Metals,2026,734815.3502679174,-0.029125207089559013,0.6,2050,Medium
1007929,Metals,2027,713413.7010187774,-0.029125207089559013,0.6,2050,Medium
1007929,Metals,2028,692635.3792360767,-0.029125207089559013,0.6,2050,Medium
1007932,Waste,2024,10380.142363336998,-0.038541867469075175,0.325,2030,High
1007932,Waste,2025,9980.072292059129,-0.038541867469075175,0.325,2030,High
1007932,Waste,2026,9595.421668446797,-0.038541867469075175,0.325,2030,High
1007932,Waste,2027,9225.59619819163,-0.038541867469075175,0.325,2030,High
1007932,Waste,2028,8870.024492197725,-0.038541867469075175,0.325,2030,High
1007936,Chemicals,2024,1303500.8717247085,-0.045845005236247904,0.28,2030,Medium
1007936,Chemicals,2025,1243741.8674350355,-0.045845005236247904,0.28,2030,Medium
1007936,Chemicals,2026,1186722.5150099357,-0.045845005236247904,0.28,2030,Medium
1007936,Chemicals,2027,1132317.215095332,-0.045845005236247904,0.28,2030,Medium
1007936,Chemicals,2028,1080406.1264401928,-0.045845005236247904,0.28,2030,Medium
1007937,Metals,2024,261342.8301565452,-0.029125207089559013,0.6,2050,Medium
1007937,Metals,2025,253731.16610686437,-0.029125207089559013,0.6,2050,Medium
1007937,Metals,2026,246341.19334892667,-0.029125207089559013,0.6,2050,Medium
1007937,Metals,2027,239166.4550779501,-0.029125207089559013,0.6,2050,Medium
1007937,Metals,2028,232200.68254492906,-0.029125207089559013,0.6,2050,Medium
1007942,Chemicals,2024,1191601.6863468431,-0.045845005236247904,0.28,2030,Medium
1007942,Chemicals,2025,1136972.7007967504,-0.045845005236247904,0.28,2030,Medium
1007942,Chemicals,2026,1084848.1813752525,-0.045845005236247904,0.28,2030,Medium
1007942,Chemicals,2027,1035113.31081957,-0.045845005236247904,0.28,2030,Medium
1007942,Chemicals,2028,987658.5356649369,-0.045845005236247904,0.28,2030,Medium
1007946,Metals,2024,180043.45266986702,-0.029125207089559013,0.6,2050,Medium
1007946,Metals,2025,174799.64982573793,-0.029125207089559013,0.6,2050,Medium
1007946,Metals,2026,169708.5738253809,-0.029125207089559013,0.6,2050,Medium
1007946,Metals,2027,164765.77646784298,-0.029125207089559013,0.6,2050,Medium
1007946,Metals,2028,159966.93910694506,-0.029125207089559013,0.6,2050,Medium
1007952,Minerals,2024,22733.834865881272,-0.022067231457071457,0.2,2030,High
1007952,Minerals,2025,22232.162069989026,-0.022067231457071457,0.2,2030,High
1007952,Minerals,2026,21741.559803799457,-0.022067231457071457,0.2,2030,High
1007952,Minerals,2027,21261.78377137125,-0.022067231457071457,0.2,2030,High
1007952,Minerals,2028,20792.5950676982,-0.022067231457071457,0.2,2030,High
1007957,Metals,2024,25413.766152192224,-0.029125207089559013,0.6,2050,Medium
1007957,Metals,2025,24673.584950083998,-0.029125207089559013,0.6,2050,Medium
1007957,Metals,2026,23954.96167877098,-0.029125207089559013,0.6,2050,Medium
1007957,Metals,2027,23257.26845905432,-0.029125207089559013,0.6,2050,Medium
1007957,Metals,2028,22579.895698846896,-0.029125207089559013,0.6,2050,Medium
1007959,Chemicals,2024,5705691.030368563,-0.045845005236247904,0.28,2030,Medium
1007959,Chemicals,2025,5444113.595204903,-0.045845005236247904,0.28,2030,Medium
1007959,Chemicals,2026,5194528.178926006,-0.045845005236247904,0.28,2030,Medium
1007959,Chemicals,2027,4956385.007363305,-0.045845005236247904,0.28,2030,Medium
1007959,Chemicals,2028,4729159.510747875,-0.045845005236247904,0.28,2030,Medium
1007965,Petroleum Product Suppliers,2024,1034136.9575697287,-0.027507527533926934,0.2,2030,Low
1007965,Petroleum Product Suppliers,2025,1005690.4067355279,-0.027507527533926934,0.2,2030,Low
1007965,Petroleum Product Suppliers,2026,978026.3501816442,-0.027507527533926934,0.2,2030,Low
1007965,Petroleum Product Suppliers,2027,951123.2634251165,-0.027507527533926934,0.2,2030,Low
1007965,Petroleum Product Suppliers,2028,924960.2140682917,-0.027507527533926934,0.2,2030,Low
1007968,Minerals,2024,109147.97208349223,-0.022067231457071457,0.2,2030,High
1007968,Minerals,2025,106739.37852045584,-0.022067231457071457,0.2,2030,High
1007968,Minerals,2026,104383.93594906098,-0.022067231457071457,0.2,2030,High
1007968,Minerals,2027,102080.47147407293,-0.022067231457071457,0.2,2030,High
1007968,Minerals,2028,99827.83808280759,-0.022067231457071457,0.2,2030,High
1007970,Waste,2024,63068.6249009112,-0.038541867469075175,0.325,2030,High
1007970,Waste,2025,60637.842318523464,-0.038541867469075175,0.325,2030,High
1007970,Waste,2026,58300.74663627226,-0.038541867469075175,0.325,2030,High
1007970,Waste,2027,56053.72698606893,-0.038541867469075175,0.325,2030,High
1007970,Waste,2028,53893.31166942413,-0.038541867469075175,0.325,2030,High
1007972,Chemicals,2024,741701.6986436613,-0.045845005236247904,0.28,2030,Medium
1007972,Chemicals,2025,707698.3803856088,-0.045845005236247904,0.28,2030,Medium
1007972,Chemicals,2026,675253.9444311464,-0.045845005236247904,0.28,2030,Medium
1007972,Chemicals,2027,644296.9238129033,-0.045845005236247904,0.28,2030,Medium
1007972,Chemicals,2028,614759.1279670025,-0.045845005236247904,0.28,2030,Medium
1007978,Chemicals,2024,3101604.2724109683,-0.045845005236247904,0.28,2030,Medium
1007978,Chemicals,2025,2959411.2083015186,-0.045845005236247904,0.28,2030,Medium
1007978,Chemicals,2026,2823736.985960725,-0.045845005236247904,0.28,2030,Medium
1007978,Chemicals,2027,2694282.7490535686,-0.045845005236247904,0.28,2030,Medium
1007978,Chemicals,2028,2570763.3423152757,-0.045845005236247904,0.28,2030,Medium
1007979,Power Plants,2024,367480.19536011864,-0.11644604222876276,0.8,2035,Medium
1007979,Power Plants,2025,324688.58101298026,-0.11644604222876276,0.8,2035,Medium
1007979,Power Plants,2026,286879.8807971457,-0.11644604222876276,0.8,2035,Medium
1007979,Power Plants,2027,253473.85408325883,-0.11644604222876276,0.8,2035,Medium
1007979,Power Plants,2028,223957.82696679243,-0.11644604222876276,0.8,2035,Medium
1007985,Minerals,2024,875599.0671962231,-0.022067231457071457,0.2,2030,High
1007985,Minerals,2025,856277.0199168081,-0.022067231457071457,0.2,2030,High
1007985,Minerals,2026,837381.3567269326,-0.022067231457071457,0.2,2030,High
1007985,Minerals,2027,818902.6685102028,-0.022067231457071457,0.2,2030,High
1007985,Minerals,2028,800831.7537833748,-0.022067231457071457,0.2,2030,High
1007987,Waste,2024,6589.399461291055,-0.038541867469075175,0.325,2030,High
1007987,Waste,2025,6335.431700553179,-0.038541867469075175,0.325,2030,High
1007987,Waste,2026,6091.252331591081,-0.038541867469075175,0.325,2030,High
1007987,Waste,2027,5856.484091506203,-0.038541867469075175,0.325,2030,High
1007987,Waste,2028,5630.764257816623,-0.038541867469075175,0.325,2030,High
1007989,Waste,2024,250584.10621918674,-0.038541867469075175,0.325,2030,High
1007989,Waste,2025,240926.12680743018,-0.038541867469075175,0.325,2030,High
1007989,Waste,2026,231640.38395818064,-0.038541867469075175,0.325,2030,High
1007989,Waste,2027,222712.53097917876,-0.038541867469075175,0.325,2030,High
1007989,Waste,2028,214128.77412647696,-0.038541867469075175,0.325,2030,High
1007992,Waste,2024,61996.40294568018,-0.038541867469075175,0.325,2030,High
1007992,Waste,2025,59606.94579978839,-0.038541867469075175,0.325,2030,High
1007992,Waste,2026,57309.5827945366,-0.038541867469075175,0.325,2030,High
1007992,Waste,2027,55100.764449761584,-0.038541867469075175,0.325,2030,High
1007992,Waste,2028,52977.078088894144,-0.038541867469075175,0.325,2030,High
1007997,Minerals,2024,1291718.5823681043,-0.022067231457071457,0.2,2030,High
1007997,Minerals,2025,1263213.929433587,-0.022067231457071457,0.2,2030,High
1007997,Minerals,2026,1235338.2952729794,-0.022067231457071457,0.2,2030,High
1007997,Minerals,2027,1208077.7991834064,-0.022067231457071457,0.2,2030,High
1007997,Minerals,2028,1181418.8667706768,-0.022067231457071457,0.2,2030,High
1008000,Waste,2024,27802.48481839675,-0.038541867469075175,0.325,2030,High
1008000,Waste,2025,26730.92513321513,-0.038541867469075175,0.325,2030,High
1008000,Waste,2026,25700.665359404982,-0.038541867469075175,0.325,2030,High
1008000,Waste,2027,24710.113721255744,-0.038541867469075175,0.325,2030,High
1008000,Waste,2028,23757.73979306533,-0.038541867469075175,0.325,2030,High
1008001,Power Plants,2024,216633.2794453197,-0.11644604222876276,0.8,2035,Medium
1008001,Power Plants,2025,191407.19143887464,-0.11644604222876276,0.8,2035,Medium
1008001,Power Plants,2026,169118.58154169456,-0.11644604222876276,0.8,2035,Medium
1008001,Power Plants,2027,149425.39205382194,-0.11644604222876276,0.8,2035,Medium
1008001,Power Plants,2028,132025.39654067316,-0.11644604222876276,0.8,2035,Medium
1008002,Chemicals,2024,106120.76738858644,-0.045845005236247904,0.28,2030,Medium
1008002,Chemicals,2025,101255.66025198204,-0.045845005236247904,0.28,2030,Medium
1008002,Chemicals,2026,96613.5939775302,-0.045845005236247904,0.28,2030,Medium
1008002,Chemicals,2027,92184.34325573758,-0.045845005236247904,0.28,2030,Medium
1008002,Chemicals,2028,87958.15155647823,-0.045845005236247904,0.28,2030,Medium
1008004,Waste,2024,51872.589166308455,-0.038541867469075175,0.325,2030,High
1008004,Waste,2025,49873.32270938281,-0.038541867469075175,0.325,2030,High
1008004,Waste,2026,47951.111715275365,-0.038541867469075175,0.325,2030,High
1008004,Waste,2027,46102.9863225504,-0.038541867469075175,0.325,2030,High
1008004,Waste,2028,44326.09113377808,-0.038541867469075175,0.325,2030,High
1008009,Petroleum and Natural Gas Systems,2024,52204.88019255045,-0.12944943670387588,0.75,2030,High
1008009,Petroleum and Natural Gas Systems,2025,45446.98785843147,-0.12944943670387588,0.75,2030,High
1008009,Petroleum and Natural Gas Systems,2026,39563.90088026963,-0.12944943670387588,0.75,2030,High
1008009,Petroleum and Natural Gas Systems,2027,34442.37619751075,-0.12944943670387588,0.75,2030,High
1008009,Petroleum and Natural Gas Systems,2028,29983.829999999998,-0.12944943670387588,0.75,2030,High
1008013,Power Plants,2024,351125.93321541365,-0.11644604222876276,0.8,2035,Medium
1008013,Power Plants,2025,310238.7079685978,-0.11644604222876276,0.8,2035,Medium
1008013,Power Plants,2026,274112.6382794897,-0.11644604222876276,0.8,2035,Medium
1008013,Power Plants,2027,242193.30642695868,-0.11644604222876276,0.8,2035,Medium
1008013,Power Plants,2028,213990.85443924138,-0.11644604222876276,0.8,2035,Medium
1008024,Waste,2024,36312.88916598218,-0.038541867469075175,0.325,2030,High
1008024,Waste,2025,34913.32260432768,-0.038541867469075175,0.325,2030,High
1008024,Waste,2026,33567.69795160662,-0.038541867469075175,0.325,2030,High
1008024,Waste,2027,32273.93618591385,-0.038541867469075175,0.325,2030,High
1008024,Waste,2028,31030.03841473097,-0.038541867469075175,0.325,2030,High
1008036,Chemicals,2024,26476.175224583043,-0.045845005236247904,0.28,2030,Medium
1008036,Chemicals,2025,25262.374832776215,-0.045845005236247904,0.28,2030,Medium
1008036,Chemicals,2026,24104.221126287535,-0.045845005236247904,0.28,2030,Medium
1008036,Chemicals,2027,22999.162982537204,-0.045845005236247904,0.28,2030,Medium
1008036,Chemicals,2028,21944.76623517347,-0.045845005236247904,0.28,2030,Medium
1008037,Petroleum and Natural Gas Systems,2024,221224.80361753103,-0.12944943670387588,0.75,2030,High
1008037,Petroleum and Natural Gas Systems,2025,192587.37740431607,-0.12944943670387588,0.75,2030,High
1008037,Petroleum and Natural Gas Systems,2026,167657.04988305058,-0.12944943670387588,0.75,2030,High
1008037,Petroleum and Natural Gas Systems,2027,145953.93921625608,-0.12944943670387588,0.75,2030,High
1008037,Petroleum and Natural Gas Systems,2028,127060.28399999999,-0.12944943670387588,0.75,2030,High
1008038,Chemicals,2024,25025.531403223944,-0.045845005236247904,0.28,2030,Medium
1008038,Chemicals,2025,23878.235785003253,-0.045845005236247904,0.28,2030,Medium
1008038,Chemicals,2026,22783.53794040742,-0.045845005236247904,0.28,2030,Medium
1008038,Chemicals,2027,21739.026524229186,-0.045845005236247904,0.28,2030,Medium
1008038,Chemicals,2028,20742.40073939497,-0.045845005236247904,0.28,2030,Medium
1008044,Chemicals,2024,21409.917531985844,-0.045845005236247904,0.28,2030,Medium
1008044,Chemicals,2025,20428.379750624317,-0.045845005236247904,0.28,2030,Medium
1008044,Chemicals,2026,19491.840573988888,-0.045845005236247904,0.28,2030,Medium
1008044,Chemicals,2027,18598.237040810258,-0.045845005236247904,0.28,2030,Medium
1008044,Chemicals,2028,17745.60076628933,-0.045845005236247904,0.28,2030,Medium
1008110,Chemicals,2024,2626614.966134853,-0.045845005236247904,0.28,2030,Medium
1008110,Chemicals,2025,2506197.7892587935,-0.045845005236247904,0.28,2030,Medium
1008110,Chemicals,2026,2391301.1384871514,-0.045845005236247904,0.28,2030,Medium
1008110,Chemicals,2027,2281671.925271762,-0.045845005236247904,0.28,2030,Medium
1008110,Chemicals,2028,2177068.6639102786,-0.045845005236247904,0.28,2030,Medium
1008158,Petroleum and Natural Gas Systems,2024,48710.25866502997,-0.12944943670387588,0.75,2030,High
1008158,Petroleum and Natural Gas Systems,2025,42404.74311914175,-0.12944943670387588,0.75,2030,High
1008158,Petroleum and Natural Gas Systems,2026,36915.473008796296,-0.12944943670387588,0.75,2030,High
1008158,Petroleum and Natural Gas Systems,2027,32136.78582215048,-0.12944943670387588,0.75,2030,High
1008158,Petroleum and Natural Gas Systems,2028,27976.696999999996,-0.12944943670387588,0.75,2030,High
1008180,Waste,2024,305405.2855717597,-0.038541867469075175,0.325,2030,High
1008180,Waste,2025,293634.3955308979,-0.038541867469075175,0.325,2030,High
1008180,Waste,2026,282317.177573984,-0.038541867469075175,0.325,2030,High
1008180,Waste,2027,271436.1463316842,-0.038541867469075175,0.325,2030,High
1008180,Waste,2028,260974.4903534519,-0.038541867469075175,0.325,2030,High
1008217,Petroleum and Natural Gas Systems,2024,37808.427087119926,-0.12944943670387588,0.75,2030,High
1008217,Petroleum and Natural Gas Systems,2025,32914.14749803269,-0.12944943670387588,0.75,2030,High
1008217,Petroleum and Natural Gas Systems,2026,28653.429644824075,-0.12944943670387588,0.75,2030,High
1008217,Petroleum and Natural Gas Systems,2027,24944.25931766746,-0.12944943670387588,0.75,2030,High
1008217,Petroleum and Natural Gas Systems,2028,21715.238999999998,-0.12944943670387588,0.75,2030,High
1008239,Petroleum and Natural Gas Systems,2024,38693.04574751892,-0.12944943670387588,0.75,2030,High
1008239,Petroleum and Natural Gas Systems,2025,33684.25277114529,-0.12944943670387588,0.75,2030,High
1008239,Petroleum and Natural Gas Systems,2026,29323.845224129564,-0.12944943670387588,0.75,2030,High
1008239,Petroleum and Natural Gas Systems,2027,25527.88997787435,-0.12944943670387588,0.75,2030,High
1008239,Petroleum and Natural Gas Systems,2028,22223.318999999996,-0.12944943670387588,0.75,2030,High
1008247,Petroleum and Natural Gas Systems,2024,56163.23529963315,-0.12944943670387588,0.75,2030,High
1008247,Petroleum and Natural Gas Systems,2025,48892.936126628396,-0.12944943670387588,0.75,2030,High
1008247,Petroleum and Natural Gas Systems,2026,42563.773086237765,-0.12944943670387588,0.75,2030,High
1008247,Petroleum and Natural Gas Systems,2027,37053.916636232694,-0.12944943670387588,0.75,2030,High
1008247,Petroleum and Natural Gas Systems,2028,32257.307999999997,-0.12944943670387588,0.75,2030,High
1008271,Chemicals,2024,1146140.668200036,-0.045845005236247904,0.28,2030,Medium
1008271,Chemicals,2025,1093595.8432649286,-0.045845005236247904,0.28,2030,Medium
1008271,Chemicals,2026,1043459.936104109,-0.045845005236247904,0.28,2030,Medium
1008271,Chemicals,2027,995622.5098696012,-0.045845005236247904,0.28,2030,Medium
1008271,Chemicals,2028,949978.1906913031,-0.045845005236247904,0.28,2030,Medium
1008304,Petroleum and Natural Gas Systems,2024,21148.690510715238,-0.12944943670387588,0.75,2030,High
1008304,Petroleum and Natural Gas Systems,2025,18411.004437078547,-0.12944943670387588,0.75,2030,High
1008304,Petroleum and Natural Gas Systems,2026,16027.71028354617,-0.12944943670387588,0.75,2030,High
1008304,Petroleum and Natural Gas Systems,2027,13952.932215688199,-0.12944943670387588,0.75,2030,High
1008304,Petroleum and Natural Gas Systems,2028,12146.732999999998,-0.12944943670387588,0.75,2030,High
1008310,Petroleum Product Suppliers,2024,649941.5840366127,-0.027507527533926934,0.2,2030,Low
1008310,Petroleum Product Suppliers,2025,632063.2980182813,-0.027507527533926934,0.2,2030,Low
1008310,Petroleum Product Suppliers,2026,614676.7994448588,-0.027507527533926934,0.2,2030,Low
1008310,Petroleum Product Suppliers,2027,597768.5604596633,-0.027507527533926934,0.2,2030,Low
1008310,Petroleum Product Suppliers,2028,581325.4253239032,-0.027507527533926934,0.2,2030,Low
1008459,Chemicals,2024,2566311.6701160176,-0.045845005236247904,0.28,2030,Medium
1008459,Chemicals,2025,2448659.0981617044,-0.045845005236247904,0.28,2030,Medium
1008459,Chemicals,2026,2336400.3089846955,-0.045845005236247904,0.28,2030,Medium
1008459,Chemicals,2027,2229288.0245853206,-0.045845005236247904,0.28,2030,Medium
1008459,Chemicals,2028,2127086.303425102,-0.045845005236247904,0.28,2030,Medium
1008504,Chemicals,2024,2859406.0855098832,-0.045845005236247904,0.28,2030,Medium
1008504,Chemicals,2025,2728316.5985471234,-0.045845005236247904,0.28,2030,Medium
1008504,Chemicals,2026,2603236.9098005886,-0.045845005236247904,0.28,2030,Medium
1008504,Chemicals,2027,2483891.500039587,-0.045845005236247904,0.28,2030,Medium
1008504,Chemicals,2028,2370017.4812140004,-0.045845005236247904,0.28,2030,Medium
1008938,Petroleum Product Suppliers,2024,2100450.440983517,-0.027507527533926934,0.2,2030,Low
1008938,Petroleum Product Suppliers,2025,2042672.242644514,-0.027507527533926934,0.2,2030,Low
1008938,Petroleum Product Suppliers,2026,1986483.3796871817,-0.027507527533926934,0.2,2030,Low
1008938,Petroleum Product Suppliers,2027,1931840.1334247482,-0.027507527533926934,0.2,2030,Low
1008938,Petroleum Product Suppliers,2028,1878699.9877634218,-0.027507527533926934,0.2,2030,Low
1008964,Petroleum and Natural Gas Systems,2024,36814.12079684675,-0.12944943670387588,0.75,2030,High
1008964,Petroleum and Natural Gas Systems,2025,32048.553596946498,-0.12944943670387588,0.75,2030,High
1008964,Petroleum and Natural Gas Systems,2026,27899.8863866478,-0.12944943670387588,0.75,2030,High
1008964,Petroleum and Natural Gas Systems,2027,24288.261809794105,-0.12944943670387588,0.75,2030,High
1008964,Petroleum and Natural Gas Systems,2028,21144.159999999996,-0.12944943670387588,0.75,2030,High
1008991,Chemicals,2024,26657.56390570761,-0.045845005236247904,0.28,2030,Medium
1008991,Chemicals,2025,25435.447748864834,-0.045845005236247904,0.28,2030,Medium
1008991,Chemicals,2026,24269.359513631818,-0.045845005236247904,0.28,2030,Medium
1008991,Chemicals,2027,23156.73059964898,-0.045845005236247904,0.28,2030,Medium
1008991,Chemicals,2028,22095.110164053694,-0.045845005236247904,0.28,2030,Medium
1009033,Petroleum and Natural Gas Systems,2024,13714.383703492518,-0.12944943670387588,0.75,2030,High
1009033,Petroleum and Natural Gas Systems,2025,11939.064458334597,-0.12944943670387588,0.75,2030,High
1009033,Petroleum and Natural Gas Systems,2026,10393.559289431918,-0.12944943670387588,0.75,2030,High
1009033,Petroleum and Natural Gas Systems,2027,9048.11889406662,-0.12944943670387588,0.75,2030,High
1009033,Petroleum and Natural Gas Systems,2028,7876.844999999999,-0.12944943670387588,0.75,2030,High
1009064,Chemicals,2024,60044.08073140782,-0.045845005236247904,0.28,2030,Medium
1009064,Chemicals,2025,57291.35953587073,-0.045845005236247904,0.28,2030,Medium
1009064,Chemicals,2026,54664.83685795699,-0.045845005236247904,0.28,2030,Medium
1009064,Chemicals,2027,52158.727125965306,-0.045845005236247904,0.28,2030,Medium
1009064,Chemicals,2028,49767.5100077594,-0.045845005236247904,0.28,2030,Medium
1009067,Refineries,2024,520302.11934001616,-0.027507527533926934,0.2,2030,Low
1009067,Refineries,2025,505989.8944663101,-0.027507527533926934,0.2,2030,Low
1009067,Refineries,2026,492071.3635123893,-0.027507527533926934,0.2,2030,Low
1009067,Refineries,2027,478535.6969319153,-0.027507527533926934,0.2,2030,Low
1009067,Refineries,2028,465372.3630725937,-0.027507527533926934,0.2,2030,Low
1009130,Petroleum and Natural Gas Systems,2024,31655.461019698123,-0.12944943670387588,0.75,2030,High
1009130,Petroleum and Natural Gas Systems,2025,27557.679422096702,-0.12944943670387588,0.75,2030,High
1009130,Petroleum and Natural Gas Systems,2026,23990.353344040293,-0.12944943670387588,0.75,2030,High
1009130,Petroleum and Natural Gas Systems,2027,20884.81561732733,-0.12944943670387588,0.75,2030,High
1009130,Petroleum and Natural Gas Systems,2028,18181.287999999997,-0.12944943670387588,0.75,2030,High
1009137,Waste,2024,15393.425430886371,-0.038541867469075175,0.325,2030,High
1009137,Waste,2025,14800.134068034058,-0.038541867469075175,0.325,2030,High
1009137,Waste,2026,14229.709262259345,-0.038541867469075175,0.325,2030,High
1009137,Waste,2027,13681.269693749875,-0.038541867469075175,0.325,2030,High
1009137,Waste,2028,13153.968010404693,-0.038541867469075175,0.325,2030,High
1009233,Petroleum and Natural Gas Systems,2024,27269.684738149426,-0.12944943670387588,0.75,2030,High
1009233,Petroleum and Natural Gas Systems,2025,23739.639409703705,-0.12944943670387588,0.75,2030,High
1009233,Petroleum and Natural Gas Systems,2026,20666.55646056443,-0.12944943670387588,0.75,2030,High
1009233,Petroleum and Natural Gas Systems,2027,17991.282368135515,-0.12944943670387588,0.75,2030,High
1009233,Petroleum and Natural Gas Systems,2028,15662.320999999998,-0.12944943670387588,0.75,2030,High
1009333,Petroleum and Natural Gas Systems,2024,28583.812153265208,-0.12944943670387588,0.75,2030,High
1009333,Petroleum and Natural Gas Systems,2025,24883.653771175625,-0.12944943670387588,0.75,2030,High
1009333,Petroleum and Natural Gas Systems,2026,21662.478807362662,-0.12944943670387588,0.75,2030,High
1009333,Petroleum and Natural Gas Systems,2027,18858.283128139916,-0.12944943670387588,0.75,2030,High
1009333,Petroleum and Natural Gas Systems,2028,16417.088999999996,-0.12944943670387588,0.75,2030,High
1009432,Petroleum and Natural Gas Systems,2024,43145.09356124909,-0.12944943670387588,0.75,2030,High
1009432,Petroleum and Natural Gas Systems,2025,37559.98550320937,-0.12944943670387588,0.75,2030,High
1009432,Petroleum and Natural Gas Systems,2026,32697.866537213176,-0.12944943670387588,0.75,2030,High
1009432,Petroleum and Natural Gas Systems,2027,28465.146132552418,-0.12944943670387588,0.75,2030,High
1009432,Petroleum and Natural Gas Systems,2028,24780.348999999995,-0.12944943670387588,0.75,2030,High
1009463,Petroleum and Natural Gas Systems,2024,19749.18820185701,-0.12944943670387588,0.75,2030,High
1009463,Petroleum and Natural Gas Systems,2025,17192.66691376779,-0.12944943670387588,0.75,2030,High
1009463,Petroleum and Natural Gas Systems,2026,14967.085866343185,-0.12944943670387588,0.75,2030,High
1009463,Petroleum and Natural Gas Systems,2027,13029.605031846517,-0.12944943670387588,0.75,2030,High
1009463,Petroleum and Natural Gas Systems,2028,11342.929999999998,-0.12944943670387588,0.75,2030,High
1009464,Petroleum and Natural Gas Systems,2024,41970.524106935314,-0.12944943670387588,0.75,2030,High
1009464,Petroleum and Natural Gas Systems,2025,36537.463403126094,-0.12944943670387588,0.75,2030,High
1009464,Petroleum and Natural Gas Systems,2026,31807.709347002943,-0.12944943670387588,0.75,2030,High
1009464,Petroleum and Natural Gas Systems,2027,27690.219289192806,-0.12944943670387588,0.75,2030,High
1009464,Petroleum and Natural Gas Systems,2028,24105.735999999997,-0.12944943670387588,0.75,2030,High
1009491,Minerals,2024,29578.6483988952,-0.022067231457071457,0.2,2030,High
1009491,Minerals,2025,28925.92951848944,-0.022067231457071457,0.2,2030,High
1009491,Minerals,2026,28287.614336693998,-0.022067231457071457,0.2,2030,High
1009491,Minerals,2027,27663.3850037578,-0.022067231457071457,0.2,2030,High
1009491,Minerals,2028,27052.9306839938,-0.022067231457071457,0.2,2030,High
1009505,Chemicals,2024,101806.1586512843,-0.045845005236247904,0.28,2030,Medium
1009505,Chemicals,2025,97138.85477483389,-0.045845005236247904,0.28,2030,Medium
1009505,Chemicals,2026,92685.52346903851,-0.045845005236247904,0.28,2030,Medium
1009505,Chemicals,2027,88436.35516027606,-0.045845005236247904,0.28,2030,Medium
1009505,Chemicals,2028,84381.98999487853,-0.045845005236247904,0.28,2030,Medium
1009530,Minerals,2024,27232.947566419534,-0.022067231457071457,0.2,2030,High
1009530,Minerals,2025,26631.991809213065,-0.022067231457071457,0.2,2030,High
1009530,Minerals,2026,26044.29748179633,-0.022067231457071457,0.2,2030,High
1009530,Minerals,2027,25469.571941128706,-0.022067231457071457,0.2,2030,High
1009530,Minerals,2028,24907.529001991286,-0.022067231457071457,0.2,2030,High
1009616,Minerals,2024,29502.506553536445,-0.022067231457071457,0.2,2030,High
1009616,Minerals,2025,28851.467912855787,-0.022067231457071457,0.2,2030,High
1009616,Minerals,2026,28214.79589254653,-0.022067231457071457,0.2,2030,High
1009616,Minerals,2027,27592.173461071678,-0.022067231457071457,0.2,2030,High
1009616,Minerals,2028,26983.290582902544,-0.022067231457071457,0.2,2030,High
1009669,Waste,2024,52593.68276570665,-0.038541867469075175,0.325,2030,High
1009669,Waste,2025,50566.6240148402,-0.038541867469075175,0.325,2030,High
1009669,Waste,2026,48617.691893701674,-0.038541867469075175,0.325,2030,High
1009669,Waste,2027,46743.8752560823,-0.038541867469075175,0.325,2030,High
1009669,Waste,2028,44942.27901097139,-0.038541867469075175,0.325,2030,High
1009679,Petroleum and Natural Gas Systems,2024,14426.506251976634,-0.12944943670387588,0.75,2030,High
1009679,Petroleum and Natural Gas Systems,2025,12559.003144053315,-0.12944943670387588,0.75,2030,High
1009679,Petroleum and Natural Gas Systems,2026,10933.247261493409,-0.12944943670387588,0.75,2030,High
1009679,Petroleum and Natural Gas Systems,2027,9517.944562148892,-0.12944943670387588,0.75,2030,High
1009679,Petroleum and Natural Gas Systems,2028,8285.851999999999,-0.12944943670387588,0.75,2030,High
1009709,Chemicals,2024,230349.9767951567,-0.045845005236247904,0.28,2030,Medium
1009709,Chemicals,2025,219789.58090281315,-0.045845005236247904,0.28,2030,Medium
1009709,Chemicals,2026,209713.32641545095,-0.045845005236247904,0.28,2030,Medium
1009709,Chemicals,2027,200099.01786782363,-0.045845005236247904,0.28,2030,Medium
1009709,Chemicals,2028,190925.4773459052,-0.045845005236247904,0.28,2030,Medium
1009733,Petroleum and Natural Gas Systems,2024,10990.625994265125,-0.12944943670387588,0.75,2030,High
1009733,Petroleum and Natural Gas Systems,2025,9567.895650284529,-0.12944943670387588,0.75,2030,High
1009733,Petroleum and Natural Gas Systems,2026,8329.336947913733,-0.12944943670387588,0.75,2030,High
1009733,Petroleum and Natural Gas Systems,2027,7251.108971889518,-0.12944943670387588,0.75,2030,High
1009733,Petroleum and Natural Gas Systems,2028,6312.456999999999,-0.12944943670387588,0.75,2030,High
1009781,Petroleum and Natural Gas Systems,2024,40776.919194004506,-0.12944943670387588,0.75,2030,High
1009781,Petroleum and Natural Gas Systems,2025,35498.36997382116,-0.12944943670387588,0.75,2030,High
1009781,Petroleum and Natural Gas Systems,2026,30903.125976804226,-0.12944943670387588,0.75,2030,High
1009781,Petroleum and Natural Gas Systems,2027,26902.733726718005,-0.12944943670387588,0.75,2030,High
1009781,Petroleum and Natural Gas Systems,2028,23420.189999999995,-0.12944943670387588,0.75,2030,High
1009794,Chemicals,2024,108160.38628018333,-0.045845005236247904,0.28,2030,Medium
1009794,Chemicals,2025,103201.77280481374,-0.045845005236247904,0.28,2030,Medium
1009794,Chemicals,2026,98470.48699018698,-0.045845005236247904,0.28,2030,Medium
1009794,Chemicals,2027,93956.10699850597,-0.045845005236247904,0.28,2030,Medium
1009794,Chemicals,2028,89648.688781182,-0.045845005236247904,0.28,2030,Medium
1009795,Chemicals,2024,775793.3760850017,-0.045845005236247904,0.28,2030,Medium
1009795,Chemicals,2025,740227.1246961384,-0.045845005236247904,0.28,2030,Medium
1009795,Chemicals,2026,706291.4082884312,-0.045845005236247904,0.28,2030,Medium
1009795,Chemicals,2027,673911.4749771312,-0.045845005236247904,0.28,2030,Medium
1009795,Chemicals,2028,643015.9998780371,-0.045845005236247904,0.28,2030,Medium
1009832,Chemicals,2024,22763.523790377472,-0.045845005236247904,0.28,2030,Medium
1009832,Chemicals,2025,21719.92992301216,-0.045845005236247904,0.28,2030,Medium
1009832,Chemicals,2026,20724.17962196073,-0.045845005236247904,0.28,2030,Medium
1009832,Chemicals,2027,19774.079498675,-0.045845005236247904,0.28,2030,Medium
1009832,Chemicals,2028,18867.536720516262,-0.045845005236247904,0.28,2030,Medium
1009840,Petroleum and Natural Gas Systems,2024,270788.17920027656,-0.12944943670387588,0.75,2030,High
1009840,Petroleum and Natural Gas Systems,2025,235734.80193673252,-0.12944943670387588,0.75,2030,High
1009840,Petroleum and Natural Gas Systems,2026,205219.06461452277,-0.12944943670387588,0.75,2030,High
1009840,Petroleum and Natural Gas Systems,2027,178653.57229927648,-0.12944943670387588,0.75,2030,High
1009840,Petroleum and Natural Gas Systems,2028,155526.96799999996,-0.12944943670387588,0.75,2030,High
1009930,Waste,2024,24420.315472686092,-0.038541867469075175,0.325,2030,High
1009930,Waste,2025,23479.11091018482,-0.038541867469075175,0.325,2030,High
1009930,Waste,2026,22574.18212919276,-0.038541867469075175,0.325,2030,High
1009930,Waste,2027,21704.130993346647,-0.038541867469075175,0.325,2030,High
1009930,Waste,2028,20867.613253069634,-0.038541867469075175,0.325,2030,High
1010034,Metals,2024,22657.287566404688,-0.029125207089559013,0.6,2050,Medium
1010034,Metals,2025,21997.38937394546,-0.029125207089559013,0.6,2050,Medium
1010034,Metals,2026,21356.710852999637,-0.029125207089559013,0.6,2050,Medium
1010034,Metals,2027,20734.692226654188,-0.029125207089559013,0.6,2050,Medium
1010034,Metals,2028,20130.790021614615,-0.029125207089559013,0.6,2050,Medium
1010060,Petroleum and Natural Gas Systems,2024,34574.74786764408,-0.12944943670387588,0.75,2030,High
1010060,Petroleum and Natural Gas Systems,2025,30099.06623199902,-0.12944943670387588,0.75,2030,High
1010060,Petroleum and Natural Gas Systems,2026,26202.759062954094,-0.12944943670387588,0.75,2030,High
1010060,Petroleum and Natural Gas Systems,2027,22810.826662167306,-0.12944943670387588,0.75,2030,High
1010060,Petroleum and Natural Gas Systems,2028,19857.977999999996,-0.12944943670387588,0.75,2030,High
1010064,Petroleum and Natural Gas Systems,2024,30897.76863142771,-0.12944943670387588,0.75,2030,High
1010064,Petroleum and Natural Gas Systems,2025,26898.069886682708,-0.12944943670387588,0.75,2030,High
1010064,Petroleum and Natural Gas Systems,2026,23416.129891430144,-0.12944943670387588,0.75,2030,High
1010064,Petroleum and Natural Gas Systems,2027,20384.92506719972,-0.12944943670387588,0.75,2030,High
1010064,Petroleum and Natural Gas Systems,2028,17746.107999999997,-0.12944943670387588,0.75,2030,High
1010127,Waste,2024,30231.128061169868,-0.038541867469075175,0.325,2030,High
1010127,Waste,2025,29065.963929995618,-0.038541867469075175,0.325,2030,High
1010127,Waste,2026,27945.70740034481,-0.038541867469075175,0.325,2030,High
1010127,Waste,2027,26868.62764939117,-0.038541867469075175,0.325,2030,High
1010127,Waste,2028,25833.060563452404,-0.038541867469075175,0.325,2030,High
1010184,Waste,2024,17408.641676671192,-0.038541867469075175,0.325,2030,High
1010184,Waste,2025,16737.68011635231,-0.038541867469075175,0.325,2030,High
1010184,Waste,2026,16092.578667568085,-0.038541867469075175,0.325,2030,High
1010184,Waste,2027,15472.34063332701,-0.038541867469075175,0.325,2030,High
1010184,Waste,2028,14876.007731200934,-0.038541867469075175,0.325,2030,High
1010234,Petroleum and Natural Gas Systems,2024,51638.81687647503,-0.12944943670387588,0.75,2030,High
1010234,Petroleum and Natural Gas Systems,2025,44954.201119760735,-0.12944943670387588,0.75,2030,High
1010234,Petroleum and Natural Gas Systems,2026,39134.90510733497,-0.12944943670387588,0.75,2030,High
1010234,Petroleum and Natural Gas Systems,2027,34068.91368573082,-0.12944943670387588,0.75,2030,High
1010234,Petroleum and Natural Gas Systems,2028,29658.711999999996,-0.12944943670387588,0.75,2030,High
1010287,Waste,2024,47092.940424964094,-0.038541867469075175,0.325,2030,High
1010287,Waste,2025,45277.89055637608,-0.038541867469075175,0.325,2030,High
1010287,Waste,2026,43532.79609927294,-0.038541867469075175,0.325,2030,High
1010287,Waste,2027,41854.960841456494,-0.038541867469075175,0.325,2030,High
1010287,Waste,2028,40241.79248778174,-0.038541867469075175,0.325,2030,High
1010378,Waste,2024,43249.03081110546,-0.038541867469075175,0.325,2030,High
1010378,Waste,2025,41582.13239741788,-0.038541867469075175,0.325,2030,High
1010378,Waste,2026,39979.47936147507,-0.038541867469075175,0.325,2030,High
1010378,Waste,2027,38438.59556644247,-0.038541867469075175,0.325,2030,High
1010378,Waste,2028,36957.100310423266,-0.038541867469075175,0.325,2030,High
1010632,Minerals,2024,133125.37363997023,-0.022067231457071457,0.2,2030,High
1010632,Minerals,2025,130187.66520704787,-0.022067231457071457,0.2,2030,High
1010632,Minerals,2026,127314.78386606822,-0.022067231457071457,0.2,2030,High
1010632,Minerals,2027,124505.29906258867,-0.022067231457071457,0.2,2030,High
1010632,Minerals,2028,121757.81181054263,-0.022067231457071457,0.2,2030,High
1010661,Waste,2024,195279.59801755796,-0.038541867469075175,0.325,2030,High
1010661,Waste,2025,187753.15763135094,-0.038541867469075175,0.325,2030,High
1010661,Waste,2026,180516.80031302304,-0.038541867469075175,0.325,2030,High
1010661,Waste,2027,173559.345719417,-0.038541867469075175,0.325,2030,High
1010661,Waste,2028,166870.04441867984,-0.038541867469075175,0.325,2030,High
1010761,Chemicals,2024,24289.450440823435,-0.045845005236247904,0.28,2030,Medium
1010761,Chemicals,2025,23175.9004581783,-0.045845005236247904,0.28,2030,Medium
1010761,Chemicals,2026,22113.401180318357,-0.045845005236247904,0.28,2030,Medium
1010761,Chemicals,2027,21099.61218741541,-0.045845005236247904,0.28,2030,Medium
1010761,Chemicals,2028,20132.30035620055,-0.045845005236247904,0.28,2030,Medium
1010774,Petroleum Product Suppliers,2024,15874.683152734216,-0.027507527533926934,0.2,2030,Low
1010774,Petroleum Product Suppliers,2025,15438.009868818013,-0.027507527533926934,0.2,2030,Low
1010774,Petroleum Product Suppliers,2026,15013.348387282467,-0.027507527533926934,0.2,2030,Low
1010774,Petroleum Product Suppliers,2027,14600.368293142858,-0.027507527533926934,0.2,2030,Low
1010774,Petroleum Product Suppliers,2028,14198.748260313756,-0.027507527533926934,0.2,2030,Low
1010845,Waste,2024,23738.930094161424,-0.038541867469075175,0.325,2030,High
1010845,Waste,2025,22823.987396614615,-0.038541867469075175,0.325,2030,High
1010845,Waste,2026,21944.308299258453,-0.038541867469075175,0.325,2030,High
1010845,Waste,2027,21098.533677087908,-0.038541867469075175,0.325,2030,High
1010845,Waste,2028,20285.356788313766,-0.038541867469075175,0.325,2030,High
1010937,Power Plants,2024,27578.581736863496,-0.11644604222876276,0.8,2035,Medium
1010937,Power Plants,2025,24367.1650433233,-0.11644604222876276,0.8,2035,Medium
1010937,Power Plants,2026,21529.705113693246,-0.11644604222876276,0.8,2035,Medium
1010937,Power Plants,2027,19022.656162851312,-0.11644604222876276,0.8,2035,Medium
1010937,Power Plants,2028,16807.543140008693,-0.11644604222876276,0.8,2035,Medium
1010957,Waste,2024,120537.76571086892,-0.038541867469075175,0.325,2030,High
1010957,Waste,2025,115892.01511982216,-0.038541867469075175,0.325,2030,High
1010957,Waste,2026,111425.32043234992,-0.038541867469075175,0.325,2030,High
1010957,Waste,2027,107130.78049954707,-0.038541867469075175,0.325,2030,High
1010957,Waste,2028,103001.76015567494,-0.038541867469075175,0.325,2030,High
1010979,Waste,2024,50027.791374514745,-0.038541867469075175,0.325,2030,High
1010979,Waste,2025,48099.62686958765,-0.038541867469075175,0.325,2030,High
1010979,Waste,2026,46245.77742546804,-0.038541867469075175,0.325,2030,High
1010979,Waste,2027,44463.37880093131,-0.038541867469075175,0.325,2030,High
1010979,Waste,2028,42749.67714795852,-0.038541867469075175,0.325,2030,High
1011009,Waste,2024,38216.0378518392,-0.038541867469075175,0.325,2030,High
1011009,Waste,2025,36743.12038576045,-0.038541867469075175,0.325,2030,High
1011009,Waste,2026,35326.9719094522,-0.038541867469075175,0.325,2030,High
1011009,Waste,2027,33965.404440034356,-0.038541867469075175,0.325,2030,High
1011009,Waste,2028,32656.314323573013,-0.038541867469075175,0.325,2030,High
1011214,Power Plants,2024,17366.707186727963,-0.11644604222876276,0.8,2035,Medium
1011214,Power Plants,2025,15344.422868287678,-0.11644604222876276,0.8,2035,Medium
1011214,Power Plants,2026,13557.62555499106,-0.11644604222876276,0.8,2035,Medium
1011214,Power Plants,2027,11978.893717092817,-0.11644604222876276,0.8,2035,Medium
1011214,Power Plants,2028,10583.998953458366,-0.11644604222876276,0.8,2035,Medium
1011217,Waste,2024,124030.9834708869,-0.038541867469075175,0.325,2030,High
1011217,Waste,2025,119250.59774389291,-0.038541867469075175,0.325,2030,High
1011217,Waste,2026,114654.45701003981,-0.038541867469075175,0.325,2030,High
1011217,Waste,2027,110235.46012322008,-0.038541867469075175,0.325,2030,High
1011217,Waste,2028,105986.7796287584,-0.038541867469075175,0.325,2030,High
1011227,Waste,2024,42148.786197143694,-0.038541867469075175,0.325,2030,High
1011227,Waste,2025,40524.293265550994,-0.038541867469075175,0.325,2030,High
1011227,Waste,2026,38962.4113252322,-0.038541867469075175,0.325,2030,High
1011227,Waste,2027,37460.727231659504,-0.038541867469075175,0.325,2030,High
1011227,Waste,2028,36016.92084740171,-0.038541867469075175,0.325,2030,High
1011233,Waste,2024,30177.478697374645,-0.038541867469075175,0.325,2030,High
1011233,Waste,2025,29014.38231286959,-0.038541867469075175,0.325,2030,High
1011233,Waste,2026,27896.113835069893,-0.038541867469075175,0.325,2030,High
1011233,Waste,2027,26820.945512736394,-0.038541867469075175,0.325,2030,High
1011233,Waste,2028,25787.216185389225,-0.038541867469075175,0.325,2030,High
1011302,Waste,2024,74298.35974305915,-0.038541867469075175,0.325,2030,High
1011302,Waste,2025,71434.76220867249,-0.038541867469075175,0.325,2030,High
1011302,Waste,2026,68681.53307094093,-0.038541867469075175,0.325,2030,High
1011302,Waste,2027,66034.41852574782,-0.038541867469075175,0.325,2030,High
1011302,Waste,2028,63489.32871853101,-0.038541867469075175,0.325,2030,High
1011449,Waste,2024,256023.80173726237,-0.038541867469075175,0.325,2030,High
1011449,Waste,2025,246156.16630177601,-0.038541867469075175,0.325,2030,High
1011449,Waste,2026,236668.84796347737,-0.038541867469075175,0.325,2030,High
1011449,Waste,2027,227547.18859121032,-0.038541867469075175,0.325,2030,High
1011449,Waste,2028,218777.09500556724,-0.038541867469075175,0.325,2030,High
1011451,Power Plants,2024,359682.4623572331,-0.11644604222876276,0.8,2035,Medium
1011451,Power Plants,2025,317798.86315663735,-0.11644604222876276,0.8,2035,Medium
1011451,Power Plants,2026,280792.4433172468,-0.11644604222876276,0.8,2035,Medium
1011451,Power Plants,2027,248095.27460520918,-0.11644604222876276,0.8,2035,Medium
1011451,Power Plants,2028,219205.56178177448,-0.11644604222876276,0.8,2035,Medium
1011466,Waste,2024,28129.380583457267,-0.038541867469075175,0.325,2030,High
1011466,Waste,2025,27045.22172502248,-0.038541867469075175,0.325,2030,High
1011466,Waste,2026,26002.84837362491,-0.038541867469075175,0.325,2030,High
1011466,Waste,2027,25000.650037790205,-0.038541867469075175,0.325,2030,High
1011466,Waste,2028,24037.078297392967,-0.038541867469075175,0.325,2030,High
1011696,Waste,2024,112174.52214504866,-0.038541867469075175,0.325,2030,High
1011696,Waste,2025,107851.10657912736,-0.038541867469075175,0.325,2030,High
1011696,Waste,2026,103694.32352296154,-0.038541867469075175,0.325,2030,High
1011696,Waste,2027,99697.75064844414,-0.038541867469075175,0.325,2030,High
1011696,Waste,2028,95855.21315598692,-0.038541867469075175,0.325,2030,High
1012095,Power Plants,2024,20000.80242333346,-0.11644604222876276,0.8,2035,Medium
1012095,Power Plants,2025,17671.788139736833,-0.11644604222876276,0.8,2035,Medium
1012095,Power Plants,2026,15613.97835175929,-0.11644604222876276,0.8,2035,Medium
1012095,Power Plants,2027,13795.79236925134,-0.11644604222876276,0.8,2035,Medium
1012095,Power Plants,2028,12189.326948442254,-0.11644604222876276,0.8,2035,Medium
